driver_id,commodity,driver_name,region,extraction_tier,tier_confidence,connector,source_name,source_url,endpoint_or_locator,access_mode,native_frequency,rollup_method,unit,history_from,meets_min_history,update_lag_days,is_proxy,proxy_note,human_in_loop,credential_key,fallback_driver_id,data_quality_risk,transform_hint,priority,enrichment_confidence
AU_PLT_CORN,Poultry,Corn price (feed cost),Australia,2,High,worldbank_pinksheet,World Bank Pink Sheet (CMO Historical Data Monthly),https://www.worldbank.org/en/research/commodity-markets,file:CMO-Historical-Data-Monthly.xlsx | sheet:Monthly Prices | series:Maize,file_download,Monthly,mean,USD/mt,1960-01,Y,10,Y,Global maize benchmark. Australian broiler rations are wheat and sorghum led; add an ABARES local feed grain series in phase 2 for regional fidelity.,N,,AU_PLT_CORN_FB,Low,level + 3m lag,1,
AU_PLT_CORN_FB,Poultry,Corn price (feed cost) fallback,Australia,4,High,fred,FRED (World Bank global maize price),https://fred.stlouisfed.org/series/PMAIZMTUSDM,series_id:PMAIZMTUSDM,api_key,Monthly,mean,USD/mt,1990-01,Y,10,Y,Same underlying World Bank series exposed through an API,N,fred_api_key,,Low,level + 3m lag,3,
AU_PLT_SBM,Poultry,Soybean meal price (feed cost),Australia,2,High,worldbank_pinksheet,World Bank Pink Sheet (CMO Historical Data Monthly),https://www.worldbank.org/en/research/commodity-markets,file:CMO-Historical-Data-Monthly.xlsx | sheet:Monthly Prices | series:Soybean meal,file_download,Monthly,mean,USD/mt,1960-01,Y,10,N,,N,,AU_PLT_SBM_FB,Low,level + 2m lag,1,
AU_PLT_SBM_FB,Poultry,Soybean meal price fallback,Australia,4,High,fred,FRED (World Bank soybean meal price),https://fred.stlouisfed.org/series/PSMEAUSDM,series_id:PSMEAUSDM,api_key,Monthly,mean,USD/mt,1990-01,Y,10,N,,N,fred_api_key,,Low,level + 2m lag,3,
AU_PLT_HPAI,Poultry,Avian influenza outbreak reports,Australia,3,Medium,woah_wahis,WOAH WAHIS event dashboard,https://wahis.woah.org/#/event-management,private_json_api:/pi/getReportList | filters: disease=Influenza A viruses of high pathogenicity; country=Australia,multipage_scrape,Event,count,outbreak events,2005-01,Y,7,N,,N,,AU_PLT_HPAI_FB,High,monthly count + binary shock dummy + 1m lag,1,
AU_PLT_HPAI_FB,Poultry,Avian influenza outbreak reports fallback,Australia,3,Medium,daff_au_outbreak,DAFF Australia and FAO EMPRES-i,https://www.agriculture.gov.au/biosecurity-trade/pests-diseases-weeds/animal/avian-influenza,crawl:outbreak status pages | fallback: FAO EMPRES-i country extract,multipage_scrape,Event,count,outbreak events,2010-01,Y,7,N,,N,,,High,monthly count + binary shock dummy,3,
AU_PLT_USBROIL,Poultry,US broiler production and placements,Australia,4,High,nass_quickstats,USDA NASS Quick Stats API,https://quickstats.nass.usda.gov/api,commodity_desc=CHICKENS; statisticcat_desc=PLACEMENTS; agg_level_desc=NATIONAL; source_desc=SURVEY,api_key,Weekly,sum,head,1990-01,Y,7,Y,US series used as the global supply signal shaping Australian import parity pricing,N,usda_nass_api_key,,Low,sum + YoY% + 2m lead,2,
AU_PLT_TRADE,Poultry,Global poultry trade volumes,Australia,4,High,un_comtrade,UN Comtrade Plus API,https://comtradeplus.un.org,cmdCode=0207; flowCode=X; freq=M; reporterCode=all,api_key,Monthly,sum,kg,2010-01,Y,60,N,,N,comtrade_api_key,AU_PLT_TRADE_FB,Medium,sum + YoY% + 2m lag,2,
AU_PLT_TRADE_FB,Poultry,Global poultry trade volumes fallback,Australia,4,High,usda_psd,USDA FAS PSD Online API,https://apps.fas.usda.gov/opendataweb/home,commodityCode=0111000; attribute=Exports,api_key,Annual,sum,1000 MT,1990-01,Y,90,Y,Annual granularity only; use as a level anchor rather than a monthly regressor,N,usda_fas_api_key,,Medium,annual anchor,3,
AU_PLT_DIESEL,Poultry,Diesel and transport fuel cost,Australia,2,High,aip_tgp,Australian Institute of Petroleum historical terminal gate prices,https://www.aip.com.au/historical-ulp-and-diesel-tgp-data,"file:AIP_TGP_Data | sheet:Diesel | cities:Sydney,Melbourne,Brisbane,Adelaide,Perth",file_download,Daily,mean,AU cents/litre,2004-01,Y,3,N,,N,,AU_PLT_DIESEL_FB,Low,mean + 1m lag,1,
AU_PLT_DIESEL_FB,Poultry,Diesel cost fallback (crude benchmark),Australia,2,High,worldbank_pinksheet,World Bank Pink Sheet,https://www.worldbank.org/en/research/commodity-markets,"file:CMO-Historical-Data-Monthly.xlsx | sheet:Monthly Prices | series:Crude oil, Brent",file_download,Monthly,mean,USD/bbl,1960-01,Y,10,Y,Crude benchmark as the upstream proxy for Australian wholesale diesel,N,,,Low,mean + 1m lag,3,
AU_PLT_SUBST,Poultry,Substitute meat prices (beef and pork),Australia,4,Medium,mla_market_info,Meat and Livestock Australia market information,https://www.mla.com.au/prices-markets/,indicators:EYCI; National Pork Indicator | registration required,login,Weekly,mean,AU cents/kg cwt,2010-01,Y,7,Y,MLA registration is free but portal gated; automated signup is unreliable so credentials are supplied through the YAML config,Y,mla_username|mla_password,AU_PLT_SUBST_FB,Medium,mean + ratio to poultry price,2,
AU_PLT_SUBST_FB,Poultry,Substitute meat prices fallback,Australia,2,High,worldbank_pinksheet,World Bank Pink Sheet,https://www.worldbank.org/en/research/commodity-markets,file:CMO-Historical-Data-Monthly.xlsx | sheet:Monthly Prices | series:Beef,file_download,Monthly,mean,USD/kg,1960-01,Y,10,Y,"Global beef benchmark rather than Australian saleyard indicators; run a second row for Meat, swine",N,,,Medium,mean + ratio to poultry price,3,
AU_PLT_BREEDER,Poultry,Broiler breeder flock size and hatching egg supply,Australia,4,Low,manual_yaml,Australian Chicken Meat Federation industry statistics,https://www.chicken.org.au/industry-facts-and-figures/,annual industry statistics | no public monthly series,paid_or_restricted,Annual,last,000 birds,2015-01,N,365,N,,Y,,AU_PLT_BREEDER_FB,High,level + 6m lead,2,
AU_PLT_BREEDER_FB,Poultry,Broiler breeder flock proxy (US hatchery),Australia,4,High,nass_quickstats,USDA NASS Quick Stats API,https://quickstats.nass.usda.gov/api,commodity_desc=CHICKENS; class_desc=BROILER TYPE; statisticcat_desc=EGGS SET; agg_level_desc=NATIONAL,api_key,Weekly,sum,eggs,1990-01,Y,7,Y,US broiler type hatchery series as a leading supply proxy where no Australian monthly series exists,N,usda_nass_api_key,,High,level + 6m lead,3,
LA_PLP_CAPACITY,Pulp,Global pulp mill capacity and output,Latin America,3,Medium,pulp_output_composite,"IBA Brazil, Statistics Canada, SCB Sweden",https://iba.org/dados-estatisticos,IBA monthly bulletin | StatCan WDS cube 16-10-0045 | SCB pulp production table,multipage_scrape,Monthly,sum,000 tonnes,2012-01,Y,45,N,StatCan cube coordinate serves the Canadian leg; confirm the coordinate per release and add IBA Brazil and SCB Sweden rows when scaling out,N,,LA_PLP_CAPACITY_FB,Medium,sum + capacity utilisation ratio,1,
LA_PLP_CAPACITY_FB,Pulp,Pulp capacity fallback (commercial),Latin America,4,High,manual_yaml,Fastmarkets RISI or Hawkins Wright,https://www.fastmarkets.com/forest-products/,paid subscription | capacity and market downtime database,paid_or_restricted,Monthly,sum,000 tonnes,2010-01,Y,30,Y,Subscription data; confirm licence before ingestion and supply the export offline,Y,fastmarkets_api_key,,Low,sum + downtime adjustment,3,
LA_PLP_CNDEMAND,Pulp,China paper and board demand,Latin America,4,Medium,un_comtrade,UN Comtrade Plus API (China imports of wood pulp),https://comtradeplus.un.org,reporterCode=156; cmdCode=4703; flowCode=M; freq=M,api_key,Monthly,sum,kg,2010-01,Y,60,Y,Chinese pulp imports as the observable proxy for paper and board consumption,N,comtrade_api_key,LA_PLP_CNDEMAND_FB,Medium,sum + YoY% + 1m lag,1,
LA_PLP_CNDEMAND_FB,Pulp,China paper demand fallback,Latin America,3,Low,china_customs,China GACC monthly trade statistics,http://stats.customs.gov.cn/,monthly commodity import tables | paginated by period,multipage_scrape,Monthly,sum,tonnes,2015-01,Y,30,N,,N,,,High,sum + YoY%,3,
LA_PLP_WOOD,Pulp,Wood and timber input cost,Latin America,1,High,ibge_sidra,"IBGE SIDRA API (industrial producer prices, Brazil)",https://apisidra.ibge.gov.br,"table:6903 | classification: wood, pulp and paper",open_api,Monthly,mean,index (2014=100),2014-01,Y,40,N,,N,,LA_PLP_WOOD_FB,Low,index + 3m lag,1,
LA_PLP_WOOD_FB,Pulp,Wood cost fallback,Latin America,4,High,fred,"FRED producer price index, pulpwood",https://fred.stlouisfed.org/series/WPU085,series_id:WPU085,api_key,Monthly,mean,index,1990-01,Y,15,Y,US pulpwood PPI as a directional proxy for Latin American wood cost,N,fred_api_key,,Medium,index + 3m lag,3,
LA_PLP_ENERGY,Pulp,Energy cost for pulp mill operations,Latin America,1,High,ccee_pld,CCEE and ONS Brazil settlement price (PLD),https://www.ccee.org.br/precos/painel-precos,weekly PLD by submarket (SE/CO) | JSON feed behind the price panel,open_api,Weekly,mean,BRL/MWh,2012-01,Y,7,N,,N,,LA_PLP_ENERGY_FB,Medium,mean + 1m lag,1,
LA_PLP_ENERGY_FB,Pulp,Energy cost fallback,Latin America,2,High,worldbank_pinksheet,World Bank Pink Sheet energy index,https://www.worldbank.org/en/research/commodity-markets,file:CMO-Historical-Data-Monthly.xlsx | sheet:Monthly Indices | series:Energy,file_download,Monthly,mean,index (2010=100),1960-01,Y,10,Y,Global energy index where a national tariff series is unavailable,N,,,Low,index + 1m lag,3,
LA_PLP_FX,Pulp,USD/BRL exchange rate,Latin America,1,High,bcb_sgs,Banco Central do Brasil SGS,https://api.bcb.gov.br,"bcdata.sgs.1 | USD sale rate, daily | max 10 year window per request",open_api,Daily,mean,BRL per USD,1985-01,Y,1,N,,N,,LA_PLP_FX_FB,Low,mean + MoM% + contemporaneous,1,
LA_PLP_FX_FB,Pulp,USD/BRL fallback,Latin America,4,High,fred,FRED DEXBZUS,https://fred.stlouisfed.org/series/DEXBZUS,series_id:DEXBZUS,api_key,Daily,mean,BRL per USD,1995-01,Y,2,N,,N,fred_api_key,LA_PLP_FX_FRANK,Low,mean + MoM%,3,
LA_PLP_TISSUE,Pulp,Tissue and hygiene product demand growth,Latin America,4,Low,manual_yaml,Euromonitor or Fastmarkets tissue demand,https://www.euromonitor.com,licensed market size series | no public monthly equivalent,paid_or_restricted,Annual,last,000 tonnes,2010-01,N,180,N,,Y,euromonitor_api_key,LA_PLP_TISSUE_FB,High,YoY growth + annual anchor,2,
LA_PLP_TISSUE_FB,Pulp,Tissue demand proxy (retail and trade),Latin America,1,Low,ibge_sidra,IBGE SIDRA monthly retail survey (PMC),https://apisidra.ibge.gov.br,table:8880 | variable:7169 | classification: confirm activity code for hygiene and personal care,open_api,Monthly,mean,index,2012-01,Y,45,Y,"Retail volume index as a demand proxy; the SIDRA classification code must be confirmed before this row returns data, so it routes to a human task by design",N,,,High,index + YoY%,3,
AU_PLT_SUBST_PORK,Poultry,Substitute meat price (pork),Australia,4,High,fred,FRED (IMF global swine price),https://fred.stlouisfed.org/series/PPORKUSDM,series_id:PPORKUSDM,api_key,Monthly,mean,USD/kg,1960-01,Y,10,Y,"World Bank Pink Sheet discontinued its swine series, so pork is sourced from FRED and needs a free FRED key; beef remains available from the Pink Sheet",N,fred_api_key,,Medium,mean + ratio to poultry price,2,
DE_SMP_GDT,Skim Milk Powder,Global Dairy Trade (GDT) auction price index,Germany,1,Low,,Global Dairy Trade auction results,https://www.globaldairytrade.info/en/results/,event results page | product:Skim Milk Powder | series:GDT Price Index,html_table,Monthly,mean,index,2010-01,Y,15,N,,N,,,Medium,level + MoM% + 2w lag,1,
DE_SMP_WMP,Skim Milk Powder,Whole Milk Powder price,Germany,1,Low,,Global Dairy Trade auction results,https://www.globaldairytrade.info/en/results/,event results page | product:Whole Milk Powder | series:WMP average price,html_table,Monthly,mean,USD/mt,2010-01,Y,15,N,,N,,,Medium,level + MoM% + 2w lag,1,
DE_SMP_PROD,Skim Milk Powder,NZ / EU / US milk production volumes,Germany,1,Low,,Eurostat milk collection and production (EU leg),https://ec.europa.eu/eurostat/databrowser/product/view/apro_mk_pobta,table:apro_mk_pobta | confirm dataset code and unit before ingestion,open_api,Monthly,sum,1000 tonnes,2010-01,Y,45,Y,"EU leg only; NZ (DCANZ) and US (USDA NASS, commodity_desc=MILK) legs to be added as composite rows once this leg is validated, mirroring the LA_PLP_CAPACITY composite pattern",N,,,High,sum + YoY%,2,
DE_SMP_CORN,Skim Milk Powder,Corn price (feed cost),Germany,2,High,worldbank_pinksheet,World Bank Pink Sheet (CMO Historical Data Monthly),https://www.worldbank.org/en/research/commodity-markets,file:CMO-Historical-Data-Monthly.xlsx | sheet:Monthly Prices | series:Maize,file_download,Monthly,mean,USD/mt,1960-01,Y,10,N,,N,,,Low,level + 2m lag,2,
DE_SMP_SBM,Skim Milk Powder,Soybean meal price (feed cost),Germany,2,High,worldbank_pinksheet,World Bank Pink Sheet (CMO Historical Data Monthly),https://www.worldbank.org/en/research/commodity-markets,file:CMO-Historical-Data-Monthly.xlsx | sheet:Monthly Prices | series:Soybean meal,file_download,Monthly,mean,USD/mt,1960-01,Y,10,N,,N,,,Low,level + 2m lag,2,
DE_SMP_CNIMPORT,Skim Milk Powder,China dairy import volumes,Germany,4,Medium,un_comtrade,UN Comtrade Plus API,https://comtradeplus.un.org,reporterCode=156; cmdCode=040210; flowCode=M; freq=M,api_key,Monthly,sum,kg,2010-01,Y,60,Y,Global demand-signal proxy rather than a Germany-specific import series; confirm HS code 040210 covers skim milk powder before relying on it,N,comtrade_api_key,,Medium,sum + YoY% + 1m lag,2,
DE_SMP_FARMGATE,Skim Milk Powder,Farm gate milk price,Germany,1,Low,,Eurostat EU farm gate milk price,https://ec.europa.eu/eurostat/databrowser/product/view/apro_mk_farm,table:apro_mk_farm | confirm dataset code and Germany member-state filter,open_api,Monthly,mean,EUR/100kg,2010-01,Y,30,N,,N,,,Medium,level + MoM%,1,
DE_SMP_USDACL3,Skim Milk Powder,USDA Announced Class III and NFDM price (spot/realized),Germany,1,Low,,USDA AMS Dairy Market News,https://mymarketnews.ams.usda.gov/,report: Announced Class Prices / NFDM | locate exact report code before ingestion,html_table,Monthly,mean,USD/cwt,2010-01,Y,15,Y,US benchmark used as a global price-signal proxy alongside GDT,N,,,Medium,level + 1m lag,2,
DE_SMP_FXNZD,Skim Milk Powder,USD/NZD exchange rate,Germany,4,High,fred,FRED DEXUSNZ,https://fred.stlouisfed.org/series/DEXUSNZ,series_id:DEXUSNZ,api_key,Daily,mean,NZD per USD,1990-01,Y,2,N,,N,fred_api_key,DE_SMP_FXNZD_FRANK,Low,mean + MoM%,2,
DE_SMP_FXEUR,Skim Milk Powder,USD/EUR exchange rate,Germany,4,High,fred,FRED DEXUSEU,https://fred.stlouisfed.org/series/DEXUSEU,series_id:DEXUSEU,api_key,Daily,mean,USD per EUR,1999-01,Y,2,N,,N,fred_api_key,DE_SMP_FXEUR_FRANK,Low,mean + MoM%,2,
DE_SMP_STOCKS,Skim Milk Powder,EU/US skim milk powder intervention stock levels,Germany,2,Low,,EU DG AGRI Milk Market Observatory,https://agriculture.ec.europa.eu/data-and-analysis/markets/overviews/market-observatories/milk_en,"file: intervention stocks workbook | confirm current download link, it moves per release",file_download,Monthly,last,tonnes,2015-01,Y,30,N,,N,,,Medium,level + MoM change,2,
DE_SMP_WHEY,Skim Milk Powder,Whey and casein co-product prices,Germany,1,Low,,USDA AMS Dairy Market News,https://mymarketnews.ams.usda.gov/,report: Dairy Market News weekly/monthly whey and casein prices | locate exact report code before ingestion,html_table,Monthly,mean,USD/lb,2010-01,Y,15,N,,N,,,High,level + MoM%,3,
GERMANY_SKIM_MILK_POWDER_SKIM_MILK_POWDER,Skim Milk Powder,Skim Milk Powder,Germany,2,High,,European Commission - Milk Market Observatory,https://agriculture.ec.europa.eu/data-and-analysis/markets/price-data/price-monitoring-sector_en,https://agriculture.ec.europa.eu/data-and-analysis/markets/price-data/price-monitoring-sector_en#dairy-products,file_download,Weekly,mean,EUR/MT,2018-01,Y,30,N,,N,,,Medium,The EU Milk Market Observatory publishes weekly skim milk powder prices for major EU markets includi,2,0.85
GERMANY_SKIM_MILK_POWDER_GLOBAL_DAIRY_TRADE_GDT_AUCTION_PRICE_INDEX,Skim Milk Powder,Global Dairy Trade (GDT) auction price index,Germany,4,High,,Global Dairy Trade,https://www.globaldairytrade.info/en/product-results/,https://www.globaldairytrade.info/en/product-results/,paid_or_restricted,Event,mean,EUR/MT,2018-01,Y,30,N,,N,,,Medium,GDT publishes auction results bi-weekly but historical price data and detailed product-specific indi,2,0.85
EU_SKIM_MILK_POWDER_GERMANYEU_MILK_PRODUCTION_VOLUMES,Skim Milk Powder,Germany/EU milk production volumes,EU,1,High,,Eurostat,https://ec.europa.eu/eurostat/databrowser/view/APRO_MK_POBTA__custom_14449953/default/table,apro_mk_pobta,api_key,Monthly,sum,EUR/MT,2018-01,Y,30,N,,N,,,Medium,"Eurostat provides official EU milk production statistics through their free API, with Germany being ",2,0.92
GERMANY_SKIM_MILK_POWDER_WHOLE_MILK_POWDER_PRICE,Skim Milk Powder,Whole Milk Powder price,Germany,2,High,,European Commission - Milk Market Observatory,https://agriculture.ec.europa.eu/data-and-analysis/markets/price-data/price-monitoring-sector_en,https://agriculture.ec.europa.eu/data-and-analysis/markets/overviews/market-observatories/milk_en,file_download,Weekly,mean,EUR/MT,2018-01,Y,30,N,,N,,,Medium,EU Milk Market Observatory publishes weekly wholesale prices for whole milk powder in European marke,2,0.85
EU_SKIM_MILK_POWDER_EUGERMANY_FEED_GRAIN_COST_CORN_SOYBEAN_MEAL,Skim Milk Powder,EU/Germany feed grain cost (corn & soybean meal),EU,2,High,,European Commission DG AGRI,https://agriculture.ec.europa.eu/data-and-analysis/markets/price-data_en,https://agriculture.ec.europa.eu/system/files/2024-01/cereals-oilseeds_en.xlsx,file_download,Weekly,mean,EUR/MT,2018-01,Y,30,N,,N,,,Medium,"EC DG AGRI publishes weekly EU cereal and oilseed prices including corn and soybean meal in EUR/MT, ",2,0.75
CHINA_SKIM_MILK_POWDER_CHINA_DAIRY_IMPORT_VOLUMES,Skim Milk Powder,China dairy import volumes,China,4,High,un_comtrade,UN Comtrade,https://comtradeplus.un.org/,"HS=040221,040229&reporterCode=156&flowCode=M",api_key,Monthly,sum,EUR/MT,2018-01,Y,30,N,,N,comtrade_api_key,,Medium,UN Comtrade provides comprehensive Chinese dairy import data by HS codes (040221 for skim milk powde,2,0.92
GERMANY_SKIM_MILK_POWDER_GERMANY_FARMGATE_MILK_PRICE,Skim Milk Powder,Germany farm-gate milk price,Germany,1,High,,Eurostat,https://ec.europa.eu/eurostat/databrowser/view/APRI_AP_MILK__custom_14648033/default/table,apri_ap_milk,api_key,Monthly,mean,EUR/MT,2018-01,Y,30,N,,N,,,Medium,Eurostat publishes official EU agricultural price statistics including German farm-gate milk prices ,2,0.85
EU_SKIM_MILK_POWDER_EUGERMANY_MILK_PRICE_MILK_MARKET_OBSERVATORY_REALIZED_PRICE,Skim Milk Powder,EU/Germany milk price (Milk Market Observatory realized price),EU,2,High,,European Commission - Milk Market Observatory,https://agriculture.ec.europa.eu/data-and-analysis/markets/price-data/price-monitoring-sector_en,https://agriculture.ec.europa.eu/system/files/2024-01/milk-raw-prices_en.xlsx,file_download,Monthly,mean,EUR/MT,2018-01,Y,30,N,,N,,,Medium,The EU Milk Market Observatory publishes official monthly raw milk prices for EU member states inclu,2,0.85
NEW_ZEALAND_SKIM_MILK_POWDER_USDNZD_USDEUR_EXCHANGE_RATE,Skim Milk Powder,USD/NZD & USD/EUR exchange rate,New Zealand,1,High,frankfurter,European Central Bank,https://www.ecb.europa.eu/stats/policy_and_exchange_rates/euro_reference_exchange_rates/html/index.en.html,NZD,open_api,Daily,mean,EUR/MT,2018-01,Y,30,N,,N,,,Medium,The Frankfurter API provides free ECB exchange rate data including EUR/NZD which can be inverted to ,2,0.92
EU_SKIM_MILK_POWDER_EU_SKIM_MILK_POWDER_INTERVENTION_STOCK_LEVELS,Skim Milk Powder,EU skim milk powder intervention stock levels,EU,2,High,,European Commission DG AGRI,https://agriculture.ec.europa.eu/data-and-analysis/markets/price-data_en,https://agriculture.ec.europa.eu/data-and-analysis/markets/overviews/market-observatories/milk_en,file_download,Monthly,last,EUR/MT,2018-01,Y,30,N,,N,,,Medium,"EU Commission publishes intervention stock data through their milk market observatory, though data m",2,0.75
EU_SKIM_MILK_POWDER_EUGERMANY_WHEY_CASEIN_COPRODUCT_PRICES,Skim Milk Powder,EU/Germany whey & casein co-product prices,EU,2,High,,European Commission - DG Agriculture and Rural Development,https://agriculture.ec.europa.eu/data-and-analysis/markets/price-data_en,https://agriculture.ec.europa.eu/data-and-analysis/markets/price-data/price-monitoring-sector_en#dairy,file_download,Weekly,mean,EUR/MT,2018-01,Y,30,N,,N,,,Medium,"EC publishes dairy market prices including whey powder and casein prices for EU markets, though may ",2,0.75
EU_SKIM_MILK_POWDER_EXPORTS_EUALGERIAEGYPTINDONESIA,Skim Milk Powder,Exports - EU/Algeria/Egypt/Indonesia,EU,4,High,,Eurostat COMEXT,https://ec.europa.eu/eurostat/web/international-trade-in-goods/data/database,"comext/CUSTOMS/DS-045409 (CN8: 04022119 for skim milk powder, FLOW: 2 for exports, PARTNER: DZ/EG/ID for Algeria/Egypt/Indonesia)",api_key,Monthly,sum,EUR/MT,2018-01,Y,30,N,,N,,,Medium,Eurostat COMEXT provides detailed EU trade statistics by product (CN8 codes) and partner country wit,2,0.85
GERMANY_SKIM_MILK_POWDER_SEASONALITY_SUMMERYEAR_END_DEMAND_SUPPLY_Q2_PEAK_DUMMY,Skim Milk Powder,"Seasonality (Summer/Year End demand, Supply Q2 Peak) - Dummy",Germany,2,High,,Eurostat,https://ec.europa.eu/eurostat/databrowser/view/APRI_PI15_OUTA__custom_14449953/default/table,apri_pi15_outa?geo=DE&product=15540&unit=EUR_T,api_key,Monthly,mean,EUR/MT,2018-01,Y,30,N,,N,,,Medium,Eurostat publishes monthly agricultural output prices for skim milk powder in Germany (EUR/tonne) th,2,0.75
GERMANY_SKIM_MILK_POWDER_DEMAND_DAIRY_BEVERAGES_CONFECTIONERY_INFANT_NUTRITION_SPORTS_NUTRITIONSUBJECT_TO_DATA_AVAILABILITY,Skim Milk Powder,"Demand - Dairy Beverages, Confectionery, Infant Nutrition, Sports Nutrition(subject to data availability)",Germany,2,High,,Eurostat,https://ec.europa.eu/eurostat/web/international-trade-in-goods/data/database,ext_lt_intratrd (CN code 0402.10 - Milk powder <1.5% fat) - Import value/quantity for Germany,api_key,Monthly,sum,EUR/MT,2018-01,Y,30,N,,N,,,Medium,Eurostat provides free trade data including skim milk powder imports to Germany which serves as a pr,2,0.72
GERMANY_SKIM_MILK_POWDER_UTILITY_ELECTRICITY_EU,Skim Milk Powder,Utility - Electricity - EU,Germany,1,High,,Eurostat,https://ec.europa.eu/eurostat/databrowser/view/nrg_pc_204/default/table,nrg_pc_204,api_key,Monthly,mean,EUR/MT,2018-01,Y,30,N,,N,,,Medium,Eurostat provides harmonized electricity prices for industrial consumers in EUR/MWh across EU member,2,0.85
AUSTRALIA_POULTRY_POULTRY,Poultry,Poultry,Australia,2,High,,Australian Bureau of Agricultural and Resource Economics and Sciences (ABARES),https://www.agriculture.gov.au/abares/data,https://www.agriculture.gov.au/abares/research-topics/agricultural-outlook/data,file_download,Quarterly,mean,AUD/Kg,2016-01,Y,30,N,,N,,,Medium,"ABARES publishes Australian agricultural commodity price data including poultry in AUD, available as",2,0.75
AUSTRALIA_POULTRY_AUSTRALIA_FEED_GRAIN_WHEATBARLEY_COST,Poultry,Australia feed grain (wheat/barley) cost,Australia,2,High,,Australian Bureau of Agricultural and Resource Economics and Sciences (ABARES),https://www.agriculture.gov.au/abares/data,https://www.agriculture.gov.au/abares/research-topics/agricultural-commodities/australian-crop-report,file_download,Quarterly,mean,AUD/Kg,2016-01,Y,30,N,,N,,,Medium,"ABARES publishes Australian Crop Reports with wheat and barley price data in AUD, though data may re",2,0.75
AUSTRALIA_POULTRY_AUSTRALIA_PROTEIN_MEAL_SOYBEANCANOLA_MEAL_COST,Poultry,Australia protein meal (soybean/canola meal) cost,Australia,2,Medium,,Australian Bureau of Agricultural and Resource Economics and Sciences (ABARES),https://www.agriculture.gov.au/abares/data,https://www.agriculture.gov.au/abares/research-topics/agricultural-commodities/agricultural-commodities-trade-data,file_download,Quarterly,mean,AUD/Kg,2016-01,Y,30,N,,N,,,Medium,"ABARES publishes Australian agricultural commodity data including feed inputs, though protein meal p",2,0.65
AUSTRALIA_POULTRY_AVIAN_INFLUENZA_OUTBREAK_REPORTS,Poultry,Avian influenza outbreak reports,Australia,1,High,daff_au_outbreak,"Australian Department of Agriculture, Fisheries and Forestry - Animal Disease Outbreak Reports",https://www.agriculture.gov.au/biosecurity-trade/pests-diseases-weeds/animal/reporting,avian_influenza,open_api,Event,count,AUD/Kg,2016-01,Y,30,N,,N,,,Medium,"DAFF maintains official outbreak reporting for notifiable animal diseases including avian influenza,",2,0.85
AUSTRALIA_POULTRY_AUSTRALIA_BROILER_PRODUCTION_PLACEMENTS_ABARESAPIC,Poultry,Australia broiler production & placements (ABARES/APIC),Australia,2,High,,Australian Bureau of Agricultural and Resource Economics and Sciences (ABARES),https://www.agriculture.gov.au/abares/research-topics/surveys/poultry,https://www.agriculture.gov.au/abares/research-topics/surveys/poultry,file_download,Quarterly,sum,AUD/Kg,2016-01,Y,30,N,,N,,,Medium,"ABARES publishes quarterly Australian poultry industry surveys including broiler production data, th",2,0.75
AUSTRALIA_POULTRY_GLOBAL_POULTRY_TRADE_VOLUMES,Poultry,Global poultry trade volumes,Australia,4,High,un_comtrade,UN Comtrade,https://comtradeplus.un.org/,"reporter=36&cmdCode=0207&flowCode=M,X&freq=M",api_key,Monthly,sum,AUD/Kg,2016-01,Y,30,N,,N,comtrade_api_key,,Medium,UN Comtrade provides comprehensive global poultry trade data (HS code 0207) with Australia-specific ,2,0.85
AUSTRALIA_POULTRY_AUSTRALIA_POULTRY_FARMGATEWHOLESALE_PRICE_ABARES,Poultry,Australia poultry farm-gate/wholesale price (ABARES),Australia,2,High,,Australian Bureau of Agricultural and Resource Economics and Sciences (ABARES),https://www.agriculture.gov.au/abares/data,https://www.agriculture.gov.au/abares/research-topics/surveys/farm-performance,file_download,Quarterly,mean,AUD/Kg,2016-01,Y,30,N,,N,,,Medium,ABARES publishes agricultural commodity price data including poultry farm-gate prices through their ,2,0.75
AUSTRALIA_POULTRY_AUSTRALIA_DIESELTRANSPORT_FUEL_COST,Poultry,Australia diesel/transport fuel cost,Australia,1,High,aip_tgp,Australian Institute of Petroleum,https://www.aip.com.au/pricing/retail-prices,diesel,open_api,Weekly,mean,AUD/Kg,2016-01,Y,30,N,,N,,,Medium,AIP provides free weekly retail diesel price data for Australian cities which directly measures tran,2,0.92
AUSTRALIA_POULTRY_AUSTRALIA_SUBSTITUTE_MEAT_PRICES_BEEF_LAMB,Poultry,"Australia substitute meat prices (beef, lamb)",Australia,4,High,,Australian Bureau of Statistics,https://www.abs.gov.au/statistics/economy/price-indexes-and-inflation/consumer-price-index-australia,"https://api.data.abs.gov.au/data/CPI - Series 6401011 (Beef and veal), 6401012 (Lamb and mutton)",api_key,Quarterly,mean,AUD/Kg,2016-01,Y,30,N,,N,,,Medium,"ABS provides official meat price indices through their API, though beef/lamb retail prices in AUD/kg",2,0.75
AUSTRALIA_POULTRY_AUSTRALIA_BROILER_BREEDER_FLOCK_SIZE_HATCHING_EGG_SUPPLY,Poultry,Australia broiler breeder flock size / hatching egg supply,Australia,2,High,,Australian Bureau of Agricultural and Resource Economics and Sciences (ABARES),https://www.agriculture.gov.au/abares/research-topics/surveys/poultry,https://www.agriculture.gov.au/abares/research-topics/surveys/poultry,file_download,Quarterly,mean,AUD/Kg,2016-01,Y,30,N,,N,,,Medium,ABARES publishes quarterly Australian poultry industry surveys including breeder flock and hatching ,2,0.75
AUSTRALIA_POULTRY_AUSTRALIA_CPI_POULTRY_SUBINDEX_ABS,Poultry,Australia CPI poultry sub-index (ABS),Australia,4,High,,Australian Bureau of Statistics,https://www.abs.gov.au/statistics/economy/price-indexes-and-inflation/consumer-price-index-australia,https://api.data.abs.gov.au/data/CPI/..M.10311.10.Q,api_key,Quarterly,last,AUD/Kg,2016-01,Y,30,N,,N,,,Medium,ABS provides CPI data including poultry sub-index through their API which requires free registration,2,0.85
AUSTRALIA_POULTRY_WATER_FARM_INPUT_COST,Poultry,Water - Farm Input Cost,Australia,2,Medium,,Australian Bureau of Statistics,https://www.abs.gov.au/statistics/industry/agriculture/water-use-australian-farms,https://www.abs.gov.au/statistics/industry/agriculture/water-use-australian-farms/latest-release,file_download,Annual,mean,AUD/Kg,2016-01,Y,30,N,,N,,,Medium,ABS publishes Water Use on Australian Farms survey data including water costs by agricultural indust,2,0.65
AUSTRALIA_POULTRY_WEATHER_DROUGHTRAINFALL,Poultry,Weather - Drought/Rainfall,Australia,1,High,,Australian Bureau of Meteorology,http://www.bom.gov.au/climate/data/,http://www.bom.gov.au/jsp/ncc/cdio/weatherData/av?p_nccObsCode=136&p_display_type=dataFile&p_startYear=&p_c=&p_stn_num=,file_download,Monthly,mean,AUD/Kg,2016-01,Y,30,N,,N,,,Medium,"Bureau of Meteorology provides free monthly rainfall data across Australian weather stations, direct",2,0.85
EUROPE_ATLANTIC_COD_ATLANTIC_COD,Atlantic Cod,Atlantic Cod,Europe,2,High,,European Market Observatory for Fisheries and Aquaculture Products (EUMOFA),https://eumofa.eu/en/price-database,"https://eumofa.eu/en/price-database - filter: species='Atlantic cod (Gadus morhua)', unit='EUR/kg'",file_download,Weekly,mean,EUR/Kg,2022-03,Y,30,N,,N,,,Medium,EUMOFA is the official EU fisheries price observatory providing free weekly price data for Atlantic ,2,0.82
EUROPE_ATLANTIC_COD_NORTH_ATLANTIC_COD_QUOTA_TAC_DECISIONS,Atlantic Cod,North Atlantic cod quota (TAC) decisions,Europe,2,High,,International Council for the Exploration of the Sea (ICES),https://www.ices.dk/data/data-portals/Pages/TAC.aspx,https://www.ices.dk/data/data-portals/Pages/TAC.aspx,file_download,Annual,last,EUR/Kg,2022-03,Y,30,N,,N,,,Medium,"ICES publishes official TAC (Total Allowable Catch) advice for North Atlantic cod stocks annually, w",2,0.85
NORWAY_ATLANTIC_COD_NORWAY_ICELAND_COD_LANDINGS,Atlantic Cod,Norway & Iceland cod landings,Norway,2,High,,Norwegian Directorate of Fisheries (Fiskeridirektoratet),https://www.fiskeridir.no/English/Fisheries/Statistics,https://www.fiskeridir.no/English/Fisheries/Statistics/Catch-statistics,file_download,Monthly,sum,EUR/Kg,2022-03,Y,30,N,,N,,,Medium,Norwegian Directorate of Fisheries publishes official catch statistics including cod landings by spe,2,0.75
EU_ATLANTIC_COD_NORWAYEU_DIESEL_PRICE_FOR_FISHING_FLEET,Atlantic Cod,Norway/EU diesel price for fishing fleet,EU,2,High,,European Commission - Weekly Oil Bulletin,https://energy.ec.europa.eu/data-and-analysis/weekly-oil-bulletin_en,https://ec.europa.eu/energy/observatory/reports/latest_prices_en.xlsx,file_download,Weekly,mean,EUR/Kg,2022-03,Y,30,N,,N,,,Medium,The European Commission publishes weekly diesel prices for EU member states including marine diesel/,2,0.75
MEA_ATLANTIC_COD_FISHMEAL_PRICE,Atlantic Cod,Fishmeal price,MEA,1,High,worldbank_pinksheet,World Bank Commodity Price Data (Pink Sheet),https://www.worldbank.org/en/research/commodity-markets,PFISHMEAL,open_api,Monthly,mean,EUR/Kg,2022-03,Y,30,N,,N,,,Medium,"World Bank Pink Sheet provides monthly fishmeal prices in USD/mt which can be converted to EUR/kg, c",2,0.85
EUROPE_ATLANTIC_COD_SUBSTITUTE_WHITEFISH_PRICES_HADDOCK_POLLOCK,Atlantic Cod,"Substitute whitefish prices (haddock, pollock)",Europe,3,High,,Eurostat,https://ec.europa.eu/eurostat/databrowser/view/FISH_PR_AVP/default/table,FISH_PR_AVP,api_key,Monthly,mean,EUR/Kg,2022-03,Y,30,N,,N,,,Medium,Eurostat publishes average prices for fishery products including haddock and pollock in EUR/kg for E,2,0.72
EU_ATLANTIC_COD_NOKUSD_EURUSD_EXCHANGE_RATE,Atlantic Cod,NOK/USD & EUR/USD exchange rate,EU,1,High,frankfurter,European Central Bank,https://www.ecb.europa.eu/stats/policy_and_exchange_rates/euro_reference_exchange_rates/html/index.en.html,NOK,open_api,Daily,mean,EUR/Kg,2022-03,Y,30,N,,N,,,Medium,"The Frankfurter API provides free ECB reference exchange rates including EUR/NOK, which can be inver",2,0.92
EU_ATLANTIC_COD_EU_WHITEFISH_IMPORT_DEMAND,Atlantic Cod,EU whitefish import demand,EU,4,High,,Eurostat,https://ec.europa.eu/eurostat/web/international-trade-in-goods/data/database,"ext_lt_intratrd (CN8: 03034100-03034900 for cod imports, value/quantity for unit value calculation)",api_key,Monthly,mean,EUR/Kg,2022-03,Y,30,N,,N,,,Medium,Eurostat provides EU external trade data including whitefish imports with value and quantity allowin,2,0.75
EUROPE_ATLANTIC_COD_OCEAN_TEMPERATURE_CLIMATE_ANOMALY_STOCK_MIGRATION,Atlantic Cod,Ocean temperature / climate anomaly (stock migration),Europe,4,High,,Copernicus Marine Service,https://marine.copernicus.eu/,https://data.marine.copernicus.eu/product/SST_GLO_SST_L4_REP_OBSERVATIONS_010_011,api_key,Daily,mean,EUR/Kg,2022-03,Y,30,N,,N,,,Medium,Copernicus provides comprehensive sea surface temperature and ocean climate data for European waters,2,0.75
EUROPE_ATLANTIC_COD_FARMED_SALMONWHITEFISH_SUBSTITUTION_TREND,Atlantic Cod,Farmed salmon/whitefish substitution trend,Europe,4,Medium,,Eurostat,https://ec.europa.eu/eurostat/web/fisheries/data/database,fish_aq_q - Aquaculture production by species and region (quarterly),api_key,Quarterly,sum,EUR/Kg,2022-03,Y,30,N,,N,,,Medium,Eurostat provides aquaculture production data including salmon and whitefish volumes that can proxy ,2,0.65
NORWAY_ATLANTIC_COD_NORWAYEUUK_QUOTASHARING_NEGOTIATIONS,Atlantic Cod,Norway-EU-UK quota-sharing negotiations,Norway,2,High,,Norwegian Directorate of Fisheries (Fiskeridirektoratet),https://www.fiskeridir.no/English/Fisheries/Quotas,https://www.fiskeridir.no/English/Fisheries/Quotas/TAC-and-quotas,open_api,Annual,last,EUR/Kg,2022-03,Y,30,N,,N,,,Medium,Norwegian Directorate of Fisheries publishes official quota allocations including Norway-EU-UK agree,2,0.72
EUROPE_ATLANTIC_COD_LOGISTICS_REEFER_INDEX,Atlantic Cod,Logistics - Reefer Index,Europe,4,Medium,,Drewry World Container Index,https://www.drewry.co.uk/supply-chain-advisors/world-container-index-weekly-update,https://www.drewry.co.uk/supply-chain-advisors/world-container-index-weekly-update,paid_or_restricted,Weekly,mean,EUR/Kg,2022-03,Y,30,N,,N,,,Medium,"Drewry publishes reefer container rates for major routes including Europe, but full historical data ",2,0.45
NORWAY_ATLANTIC_COD_LABOR_NORWAY_LABOR_COST,Atlantic Cod,Labor - Norway Labor Cost,Norway,4,High,,Statistics Norway (SSB),https://www.ssb.no/en/statbank/table/09174,https://data.ssb.no/api/v0/en/table/09174,api_key,Quarterly,mean,EUR/Kg,2022-03,Y,30,N,,N,,,Medium,Statistics Norway provides labor cost indices through their StatBank API which covers Norwegian labo,2,0.75
APAC_BLACK_PEPPER_BLACK_PEPPER,Black Pepper,Black Pepper,APAC,2,High,,Spices Board India,https://www.indianspices.com/market-watch/daily-price-reports.html,https://www.indianspices.com/market-watch/daily-price-reports.html,open_api,Daily,mean,INR/Kg,2018-01,Y,30,N,,N,,,Medium,Spices Board India publishes official daily black pepper prices in INR/Kg for major Indian markets w,2,0.85
BRAZIL_BLACK_PEPPER_VIETNAM_INDIA_BRAZIL_INDONESIA_PRODUCTION_VOLUMES,Black Pepper,"Vietnam, India, Brazil, Indonesia production volumes",Brazil,1,High,ibge_sidra,IBGE - Sistema IBGE de Recuperação Automática (SIDRA),https://sidra.ibge.gov.br/tabela/1613,"table=1613,variable=214,territorial_level=1,classifications=C81[2709]",open_api,Annual,sum,INR/Kg,2018-01,Y,30,N,,N,,,Medium,IBGE SIDRA provides official Brazilian agricultural production statistics including black pepper (pi,2,0.85
APAC_BLACK_PEPPER_IPC_INDICATIVE_PEPPER_PRICES,Black Pepper,IPC indicative pepper prices,APAC,3,Medium,,Indian Pepper and Spice Trade Association (IPSTA),https://www.indianspices.com/,https://www.indianspices.com/market-prices,open_api,Daily,mean,INR/Kg,2018-01,Y,30,N,,N,,,Medium,"IPSTA publishes indicative pepper prices for Indian markets in INR, though data requires web scrapin",2,0.65
APAC_BLACK_PEPPER_MONSOON_RAINFALL_IN_PRODUCING_REGIONS,Black Pepper,Monsoon rainfall in producing regions,APAC,2,High,,India Meteorological Department (IMD),https://www.imdpune.gov.in/cmpg/Griddata/Rainfall_25_Bin.html,https://www.imdpune.gov.in/cmpg/Griddata/Rainfall_25_Bin.html,file_download,Daily,sum,INR/Kg,2018-01,Y,30,N,,N,,,Medium,"IMD provides gridded rainfall data for India (Kerala, Karnataka major pepper regions) covering monso",2,0.85
APAC_BLACK_PEPPER_EXPORT_TAX_POLICY_CHANGES,Black Pepper,Export tax / policy changes,APAC,3,Medium,,Spices Board India,https://www.indianspices.com/statistics.html,https://www.indianspices.com/statistics.html,open_api,Monthly,last,INR/Kg,2018-01,Y,30,N,,N,,,Medium,"Spices Board India publishes official export statistics and policy updates for black pepper, India b",2,0.65
GLOBAL_BLACK_PEPPER_OCEAN_FREIGHT_RATES_EXPORT_LOGISTICS,Black Pepper,Ocean freight rates (export logistics),Global,4,Medium,,Freightos Baltic Index (FBX),https://fbx.freightos.com/,https://fbx.freightos.com/freight-index/,paid_or_restricted,Daily,mean,INR/Kg,2018-01,Y,30,N,,N,,,Medium,Freightos provides global container freight rate indices but requires registration/subscription for ,2,0.40
APAC_BLACK_PEPPER_FARMEREXPORTER_INVENTORY_HOLDING_LEVELS,Black Pepper,Farmer/exporter inventory holding levels,APAC,3,Medium,,Spices Board India,https://www.indianspices.com/statistics.html,https://www.indianspices.com/statistics.html,open_api,Monthly,last,INR/Kg,2018-01,Y,30,N,,N,,,Medium,Spices Board India publishes black pepper stock and price data for major markets including Kerala wh,2,0.65
INDIA_BLACK_PEPPER_USDINR_USDVND_EXCHANGE_RATE_VND_NOT_ON_FRANKFURTER_SEE_STATE_BANK_OF_VIETNAM,Black Pepper,USD/INR & USD/VND exchange rate (VND not on Frankfurter - see State Bank of Vietnam),India,3,Medium,,State Bank of Vietnam,https://www.sbv.gov.vn/TyGia/faces/ExchangeRate.jspx,https://www.sbv.gov.vn/TyGia/faces/ExchangeRate.jspx,open_api,Daily,mean,INR/Kg,2018-01,Y,30,N,,N,,,Medium,"State Bank of Vietnam publishes official USD/VND exchange rates on their website, but lacks a docume",2,0.65
GLOBAL_BLACK_PEPPER_WORLD_BANK_COMMODITY_PRICE_SPICES,Black Pepper,World Bank commodity price (spices),Global,1,High,worldbank_pinksheet,World Bank Commodity Markets (Pink Sheet),https://www.worldbank.org/en/research/commodity-markets,PEPPER,open_api,Monthly,mean,INR/Kg,2018-01,Y,30,N,,N,,,Medium,"World Bank Pink Sheet provides monthly commodity prices including pepper in USD/mt, which can be con",2,0.95
VIETNAM_BLACK_PEPPER_VIETNAM_FARMER_STOCKHOLDING_REPLANTING_CYCLES,Black Pepper,Vietnam farmer stockholding & replanting cycles,Vietnam,3,Medium,,General Statistics Office of Vietnam (GSO),https://www.gso.gov.vn/en/data-and-statistics/,"Agriculture, Forestry and Fishing > Crop Production Statistics",file_download,Annual,last,INR/Kg,2018-01,Y,30,N,,N,,,Medium,Vietnam GSO publishes agricultural statistics including pepper cultivation area and production data ,2,0.40
APAC_BLACK_PEPPER_COMPETING_SPICE_CROP_PRICES_CHILI_CARDAMOM,Black Pepper,"Competing spice crop prices (chili, cardamom)",APAC,4,High,,AGMARKNET (Government of India),https://agmarknet.gov.in/,https://api.data.gov.in/resource/9ef84268-d588-465a-a308-a864a43d0070,api_key,Daily,mean,INR/Kg,2018-01,Y,30,N,,N,,,Medium,AGMARKNET provides daily wholesale prices for chili and cardamom across Indian markets in INR/quinta,2,0.75
INDIA_BLACK_PEPPER_DEMAND_INDIA_WPI_FOOD,Black Pepper,Demand - India WPI - Food,India,2,High,,Reserve Bank of India,https://dbie.rbi.org.in/DBIE/dbie.rbi?site=statistics,https://dbie.rbi.org.in/DBIE/dbie.rbi?site=statistics#!4,file_download,Monthly,mean,INR/Kg,2018-01,Y,30,N,,N,,,Medium,RBI publishes official WPI data including food articles subindex which is the authoritative source f,2,0.85
EUROPE_GLYCERIN_GLYCERIN,Glycerin,Glycerin,Europe,3,Low,,European Commission - Weekly Oil Bulletin,https://energy.ec.europa.eu/data-and-analysis/weekly-oil-bulletin_en,https://energy.ec.europa.eu/system/files/weekly-oil-bulletin_en,file_download,Weekly,mean,INR/Kg,2020-01,Y,30,N,,N,,,Medium,Glycerin is a biodiesel byproduct; EU tracks biodiesel markets but glycerin-specific pricing in INR/,2,0.30
EUROPE_GLYCERIN_PALM_OIL_BIODIESEL_PRODUCTION_VOLUMES,Glycerin,Palm oil & biodiesel production volumes,Europe,3,Medium,,European Biodiesel Board (EBB),https://www.ebb-eu.org/stats.php,https://www.ebb-eu.org/stats.php,file_download,Annual,sum,INR/Kg,2020-01,Y,30,N,,N,,,Medium,EBB publishes European biodiesel production statistics which directly correlate with glycerin supply,2,0.65
EU_GLYCERIN_EU_SOYBEAN_OIL_PRICE_ROTTERDAM,Glycerin,EU soybean oil price (Rotterdam),EU,2,Medium,,European Commission - Weekly Oil Bulletin,https://energy.ec.europa.eu/data-and-analysis/weekly-oil-bulletin_en,https://ec.europa.eu/energy/observatory/reports/latest_prices_raw_data.xlsx,file_download,Weekly,mean,INR/Kg,2020-01,Y,30,N,,N,,,Medium,"EU Commission publishes energy prices including vegetable oils for biodiesel, but soybean oil specif",2,0.40
GLOBAL_GLYCERIN_CRUDE_OIL_PRICE_SYNTHETIC_GLYCERIN_ROUTE,Glycerin,Crude oil price (synthetic glycerin route),Global,4,High,eia,U.S. Energy Information Administration (EIA),https://www.eia.gov/opendata/,STEO.COPR_WTI.M,api_key,Monthly,mean,INR/Kg,2020-01,Y,30,N,,N,eia_api_key,,Medium,EIA provides free crude oil price data (WTI benchmark) via API which serves as the primary feedstock,2,0.85
EU_GLYCERIN_EU_RED_III_BIODIESEL_MANDATEPOLICY_GERMANY,Glycerin,EU RED III biodiesel mandate/policy (Germany),EU,4,Low,,European Commission - Renewable Energy Directive,https://energy.ec.europa.eu/topics/renewable-energy/renewable-energy-directive-targets-and-rules/renewable-energy-directive_en,Policy documentation and implementation reports,api_key,Annual,last,INR/Kg,2020-01,Y,30,N,,N,,,Medium,EU RED III is a policy directive with no direct quantitative time series; glycerin prices in INR/Kg ,2,0.30
EU_GLYCERIN_EUGERMANY_NATURAL_GAS_PRICE_TTF,Glycerin,EU/Germany natural gas price (TTF),EU,4,Medium,,European Energy Exchange (EEX),https://www.eex.com/en/market-data/natural-gas/spot-market,TTF Natural Gas Spot Price,paid_or_restricted,Daily,mean,INR/Kg,2020-01,Y,30,N,,N,,,Medium,EEX publishes TTF (Title Transfer Facility) natural gas prices but requires registration/subscriptio,2,0.45
EU_GLYCERIN_EUGERMANY_BIODIESEL_FAME_PRODUCTION_VOLUMES,Glycerin,EU/Germany biodiesel (FAME) production volumes,EU,3,High,,European Biodiesel Board (EBB),https://www.ebb-eu.org/stats.php,https://www.ebb-eu.org/stats.php,file_download,Annual,sum,INR/Kg,2020-01,Y,30,N,,N,,,Medium,"EBB publishes EU biodiesel production statistics including FAME volumes, though data requires manual",2,0.75
ASIAPACIFIC_GLYCERIN_ASIAPACIFIC_OLEOCHEMICAL_SUPPLY,Glycerin,Asia-Pacific oleochemical supply,Asia-Pacific,4,Medium,,"Ministry of Commerce and Industry, India - Department of Commerce",https://tradestat.commerce.gov.in/,"https://tradestat.commerce.gov.in/ - HS Code 1520 (Glycerol, crude; glycerol waters and glycerol lyes) and 3823 (Industrial monocarboxylic fatty acids; acid oils from refining; industrial fatty alcohols) for oleochemical supply tracking",login,Monthly,sum,INR/Kg,2020-01,Y,30,N,,N,,,Medium,India's trade statistics portal provides import/export data for glycerin and oleochemical feedstocks,2,0.65
EU_GLYCERIN_EU_BIODIESEL_BLENDING_MANDATE_SUBSIDY_POLICY,Glycerin,EU biodiesel blending mandate & subsidy policy,EU,3,Medium,,European Commission - Renewable Energy Progress Reports,https://energy.ec.europa.eu/data-and-analysis/progress-reports_en,"Biennial renewable energy progress reports, biodiesel blending mandate data",file_download,Annual,last,INR/Kg,2020-01,Y,30,N,,N,,,Medium,EU biodiesel mandate data is published in official progress reports but requires manual extraction f,2,0.65
EU_GLYCERIN_EUGERMANY_DETERGENT_PERSONAL_CARE_DEMAND_GROWTH,Glycerin,EU/Germany detergent & personal care demand growth,EU,2,High,,Eurostat,https://ec.europa.eu/eurostat/databrowser/view/STS_INPR_M__custom_14449953/default/table,"STS_INPR_M (NACE C20.4 - Manufacture of soap and detergents, cleaning and polishing preparations, perfumes and toilet preparations)",api_key,Monthly,mean,INR/Kg,2020-01,Y,30,N,,N,,,Medium,"Eurostat provides free production indices for soap, detergent and cosmetics manufacturing (NACE C20.",2,0.75
EU_GLYCERIN_EU_ANIMAL_FATTALLOW_FEEDSTOCK_PRICE,Glycerin,EU animal fat/tallow feedstock price,EU,2,Medium,,European Commission - Agriculture and Rural Development,https://agriculture.ec.europa.eu/data-and-analysis/markets/price-data_en,https://agriculture.ec.europa.eu/data-and-analysis/markets/price-data/price-monitoring-sector_en,file_download,Weekly,mean,INR/Kg,2020-01,Y,30,N,,N,,,Medium,EU Commission publishes animal fat and rendering by-product prices in their agricultural market moni,2,0.65
EUROPE_GLYCERIN_TRADE_GLYCERIN_IMPORTSEXPORTS,Glycerin,Trade - Glycerin Imports/Exports,Europe,4,High,un_comtrade,UN Comtrade,https://comtradeplus.un.org/,"HS_CODE:290545,FLOW:M+X,REPORTER:EU27+EU_EXTRA,PARTNER:ALL",api_key,Monthly,sum,INR/Kg,2020-01,Y,30,N,,N,comtrade_api_key,,Medium,UN Comtrade provides comprehensive glycerin (HS 290545) import/export data for European countries wi,2,0.85
EUROPE_GLYCERIN_ENERGY_ELECTRICITY,Glycerin,Energy - Electricity,Europe,4,High,,Eurostat,https://ec.europa.eu/eurostat/web/energy/data/database,nrg_pc_204 (Electricity prices for non-household consumers),api_key,Monthly,mean,INR/Kg,2020-01,Y,30,N,,N,,,Medium,Eurostat provides electricity price data for Europe but requires API registration and prices are in ,2,0.75
APAC_PALM_OIL_PALM_OIL,Palm Oil,Palm Oil,APAC,1,High,worldbank_pinksheet,World Bank Commodity Price Data (Pink Sheet),https://www.worldbank.org/en/research/commodity-markets,PPOIL,open_api,Monthly,mean,USD/MT,2015-01,Y,30,N,,N,,,Medium,World Bank Pink Sheet provides free monthly palm oil prices in USD/MT with global coverage including,2,0.95
INDONESIA_PALM_OIL_MALAYSIA_INDONESIA_PRODUCTION,Palm Oil,Malaysia & Indonesia production,Indonesia,1,High,usda_psd,"USDA Production, Supply and Distribution (PSD)",https://apps.fas.usda.gov/psdonline/app/index.html#/app/downloads,commodity_code=4243&country_code=ID&attribute_id=125,open_api,Annual,sum,USD/MT,2015-01,Y,30,N,,N,usda_fas_api_key,,Medium,"USDA PSD provides comprehensive annual palm oil production data for Indonesia with free API access, ",2,0.85
INDONESIA_PALM_OIL_INDONESIA_EXPORT_LEVYPOLICY,Palm Oil,Indonesia export levy/policy,Indonesia,3,Medium,,Indonesia Ministry of Trade (Kementerian Perdagangan),https://www.kemendag.go.id/,https://www.kemendag.go.id/storage/files/,file_download,Event,last,USD/MT,2015-01,Y,30,N,,N,,,Medium,Indonesian export levy rates are set by ministerial regulation and published on the Ministry of Trad,2,0.65
APAC_PALM_OIL_SOYBEAN_OIL_PRICE_SUBSTITUTE,Palm Oil,Soybean oil price (substitute),APAC,1,High,worldbank_pinksheet,World Bank Commodity Price Data (Pink Sheet),https://www.worldbank.org/en/research/commodity-markets,SOYOIL,open_api,Monthly,mean,USD/MT,2015-01,Y,30,N,,N,,,Medium,"World Bank Pink Sheet provides monthly soybean oil prices in USD/MT with global coverage, directly a",2,0.95
GLOBAL_PALM_OIL_CRUDE_OIL_PRICE_BIODIESEL_LINKAGE,Palm Oil,Crude oil price (biodiesel linkage),Global,4,High,eia,U.S. Energy Information Administration (EIA),https://www.eia.gov/opendata/browser/petroleum/pri/spt,RWTC,api_key,Daily,mean,USD/MT,2015-01,Y,30,N,,N,eia_api_key,,Medium,"EIA provides free crude oil spot prices (WTI) via API with registration, directly relevant to biodie",2,0.92
INDONESIA_PALM_OIL_BIODIESEL_MANDATE_B30B35_INDONESIA,Palm Oil,Biodiesel mandate (B30/B35 Indonesia),Indonesia,4,Medium,,Indonesia Ministry of Energy and Mineral Resources (ESDM),https://www.esdm.go.id/en/media-center/news-archives,https://www.esdm.go.id/en/media-center/news-archives,api_key,Event,last,USD/MT,2015-01,Y,30,N,,N,,,Medium,Indonesian biodiesel mandate policy changes (B30/B35) are announced through government press release,2,0.40
INDIA_PALM_OIL_INDIA_IMPORT_DEMAND,Palm Oil,India import demand,India,4,High,un_comtrade,UN Comtrade,https://comtradeplus.un.org/,reporter=356&cmdCode=1511&flowCode=M&freq=M,api_key,Monthly,sum,USD/MT,2015-01,Y,30,N,,N,comtrade_api_key,,Medium,UN Comtrade provides comprehensive monthly import data for palm oil (HS 1511) into India (reporter c,2,0.92
APAC_PALM_OIL_MPOB_STOCKINVENTORY_LEVELS,Palm Oil,MPOB stock/inventory levels,APAC,2,High,,Malaysian Palm Oil Board (MPOB),https://bepi.mpob.gov.my/index.php/en/statistics/production.html,https://bepi.mpob.gov.my/index.php/en/statistics/production.html,open_api,Monthly,last,USD/MT,2015-01,Y,30,N,,N,,,Medium,MPOB is the authoritative Malaysian government agency publishing official palm oil stock data monthl,2,0.85
APAC_PALM_OIL_MPOB_AVERAGE_CPO_PRICE_PHYSICAL_SPOT,Palm Oil,MPOB average CPO price (physical spot),APAC,2,High,,Malaysian Palm Oil Board (MPOB),https://bepi.mpob.gov.my/index.php/en/statistics/price/local-palm-oil-prices.html,https://bepi.mpob.gov.my/index.php/en/statistics/price/local-palm-oil-prices.html,open_api,Daily,mean,USD/MT,2015-01,Y,30,N,,N,,,Medium,"MPOB is the official Malaysian government agency publishing daily CPO spot prices, though data requi",2,0.85
INDONESIA_PALM_OIL_INDONESIA_DOMESTIC_BIODIESEL_CONSUMPTION_B35B40_REALIZATION,Palm Oil,Indonesia domestic biodiesel consumption (B35/B40 realization),Indonesia,4,Medium,,Indonesia Ministry of Energy and Mineral Resources (ESDM),https://www.esdm.go.id/en/media-center/news-archives,https://www.esdm.go.id/en/media-center/news-archives,open_api,Monthly,sum,USD/MT,2015-01,Y,30,N,,N,,,Medium,Indonesian biodiesel mandate implementation data is typically published through government press rel,2,0.40
APAC_PALM_OIL_COMPETING_VEGETABLE_OIL_GLOBAL_STOCKS_SOYBEAN_SUNFLOWER,Palm Oil,"Competing vegetable oil global stocks (soybean, sunflower)",APAC,1,High,usda_psd,"USDA Production, Supply and Distribution (PSD)",https://apps.fas.usda.gov/psdonline/app/index.html#/app/downloads,"commodityCode=4236000 (soybean oil), 4243000 (sunflower oil); attributeId=176 (ending stocks); regionCode for major APAC producers/consumers",open_api,Annual,last,USD/MT,2015-01,Y,30,N,,N,usda_fas_api_key,,Medium,USDA PSD provides comprehensive global stocks data for competing vegetable oils including soybean an,2,0.85
APAC_PALM_OIL_SEASONALITYPLANTATIONHARVEST_DUMMY,Palm Oil,Seasonality/Plantation/Harvest - Dummy,APAC,3,Medium,,IndexMundi,https://www.indexmundi.com/commodities/?commodity=palm-oil&months=120,https://www.indexmundi.com/commodities/?commodity=palm-oil&months=120,open_api,Monthly,mean,USD/MT,2015-01,Y,30,N,,N,,,Medium,"IndexMundi aggregates World Bank palm oil prices in USD/MT with monthly frequency, publicly accessib",2,0.65
MALAYSIA_PALM_OIL_LABOR_MALAYSIA_WAGES,Palm Oil,Labor - Malaysia Wages,Malaysia,3,High,,Department of Statistics Malaysia (DOSM),https://www.dosm.gov.my/portal-main/landingv2,https://www.dosm.gov.my/portal-main/release-content/salaries-wages-survey-report,file_download,Annual,mean,USD/MT,2015-01,Y,30,N,,N,,,Medium,DOSM publishes official Salaries & Wages Survey reports covering Malaysian labor markets including a,2,0.72
APAC_PALM_OIL_FERTLIZER_AMMONIAUREA_PRICES,Palm Oil,Fertlizer- Ammonia/Urea prices,APAC,1,High,worldbank_pinksheet,World Bank Commodity Markets (Pink Sheet),https://www.worldbank.org/en/research/commodity-markets,UREA_US,open_api,Monthly,mean,USD/MT,2015-01,Y,30,N,,N,,,Medium,World Bank Pink Sheet provides monthly urea prices in USD/MT with global coverage including major AP,2,0.85
APAC_PALM_OIL_DEMAND_CONSUMPTION_ANNUAL,Palm Oil,Demand - Consumption (Annual),APAC,1,High,usda_psd,"USDA Production, Supply and Distribution (PSD)",https://apps.fas.usda.gov/psdonline/app/index.html#/app/downloads,commodity_code=4243&attribute_id=176&region=APAC,open_api,Annual,sum,USD/MT,2015-01,Y,30,N,,N,usda_fas_api_key,,Medium,USDA PSD provides comprehensive annual palm oil consumption data by country/region with free API acc,2,0.92
NORTH_AMERICA_WHEAT_WHEAT,Wheat,Wheat,North America,4,High,nass_quickstats,USDA National Agricultural Statistics Service (NASS),https://quickstats.nass.usda.gov/,commodity_desc=WHEAT&statisticcat_desc=PRICE RECEIVED&unit_desc=$ / BU&agg_level_desc=NATIONAL&freq_desc=MONTHLY,api_key,Monthly,mean,USD/MT,2015-01,Y,30,N,,N,usda_nass_api_key,,Medium,NASS QuickStats provides official USDA wheat prices for the US (primary North American producer) wit,2,0.92
US_WHEAT_USDA_WASDE_PRODUCTION_ENDING_STOCKS,Wheat,USDA WASDE production & ending stocks,US,2,High,,USDA World Agricultural Supply and Demand Estimates (WASDE),https://www.usda.gov/oce/commodity/wasde,https://www.usda.gov/oce/commodity/wasde/wasde-latest.pdf,file_download,Monthly,last,USD/MT,2015-01,Y,30,N,,N,,,Medium,"USDA WASDE reports are published monthly with US wheat production and ending stocks data, available ",2,0.85
RUSSIA_WHEAT_BLACK_SEA_RUSSIAUKRAINE_EXPORT_VOLUMES,Wheat,Black Sea (Russia/Ukraine) export volumes,Russia,4,High,un_comtrade,UN Comtrade,https://comtradeplus.un.org/,reporter=643&cmdCode=1001&flowCode=X&freq=M,api_key,Monthly,sum,USD/MT,2015-01,Y,30,N,,N,comtrade_api_key,,Medium,UN Comtrade provides official Russian wheat export data (HS code 1001) with quantity and value allow,2,0.85
NORTH_AMERICA_WHEAT_WEATHERDROUGHT_CONDITIONS_IN_GROWING_REGIONS,Wheat,Weather/drought conditions in growing regions,North America,4,High,,NOAA National Centers for Environmental Information,https://www.ncdc.noaa.gov/cdo-web/webservices/v2,https://www.ncdc.noaa.gov/cdo-web/api/v2/data?datasetid=GSOM&datatypeid=PDSI&locationid=FIPS:US,api_key,Monthly,mean,USD/MT,2015-01,Y,30,N,,N,,,Medium,"NOAA provides free Palmer Drought Severity Index (PDSI) data via API with free token registration, c",2,0.85
US_WHEAT_US_WHEAT_CASH_PRICE_RECEIVED_SPOT,Wheat,US wheat cash price received (spot),US,4,High,nass_quickstats,USDA NASS QuickStats,https://quickstats.nass.usda.gov/,commodity_desc=WHEAT&statisticcat_desc=PRICE RECEIVED&unit_desc=$ / BU&agg_level_desc=NATIONAL,api_key,Monthly,mean,USD/MT,2015-01,Y,30,N,,N,usda_nass_api_key,,Medium,USDA NASS publishes official US wheat prices received by farmers with free API access requiring regi,2,0.95
NORTH_AMERICA_WHEAT_GLOBAL_ENDING_STOCKSTOUSE_RATIO,Wheat,Global ending stocks-to-use ratio,North America,1,High,usda_psd,"USDA Production, Supply and Distribution (PSD)",https://apps.fas.usda.gov/psdonline/app/index.html#/app/downloads,commodity_code=0410000&attribute_id=176,open_api,Annual,last,USD/MT,2015-01,Y,30,N,,N,usda_fas_api_key,,Medium,USDA PSD provides comprehensive global wheat stocks-to-use ratios with free API access and is the au,2,0.95
NORTH_AMERICA_WHEAT_FERTILIZER_PRICE_INPUT_COST,Wheat,Fertilizer price (input cost),North America,1,High,worldbank_pinksheet,World Bank Commodity Markets (Pink Sheet),https://www.worldbank.org/en/research/commodity-markets,fertilizer_dap,open_api,Monthly,mean,USD/MT,2015-01,Y,30,N,,N,,,Medium,"World Bank Pink Sheet provides monthly fertilizer price indices (DAP, TSP, Urea) in USD/MT with glob",2,0.85
GLOBAL_WHEAT_BALTIC_DRY_INDEX_EXPORT_FREIGHT,Wheat,Baltic Dry Index (export freight),Global,1,High,fred,Federal Reserve Economic Data (FRED),https://fred.stlouisfed.org/series/BDIY,BDIY,api_key,Daily,mean,USD/MT,2015-01,Y,30,N,,N,fred_api_key,,Medium,"FRED provides the Baltic Dry Index as a free daily series with API access, making it the most reliab",2,0.95
GLOBAL_WHEAT_US_DOLLAR_INDEX_DXY,Wheat,US Dollar Index (DXY),Global,1,High,fred,Federal Reserve Economic Data (FRED),https://fred.stlouisfed.org/series/DTWEXBGS,DTWEXBGS,api_key,Daily,mean,USD/MT,2015-01,Y,30,N,,N,fred_api_key,,Medium,"FRED provides the Trade Weighted U.S. Dollar Index: Broad, Goods and Services (DTWEXBGS) which is a ",2,0.95
INDIA_WHEAT_INDIACHINA_WHEAT_PROCUREMENT_EXPORT_POLICY,Wheat,India/China wheat procurement & export policy,India,3,High,,"India Ministry of Consumer Affairs, Food & Public Distribution",https://dfpd.gov.in/,https://dfpd.gov.in/procurement-data.htm,file_download,Monthly,sum,USD/MT,2015-01,Y,30,N,,N,,,Medium,Indian government publishes wheat procurement data through the Department of Food and Public Distrib,2,0.72
GLOBAL_WHEAT_GLOBAL_RICE_PRICE_COMPETING_STAPLE,Wheat,Global rice price (competing staple),Global,1,High,worldbank_pinksheet,World Bank Commodity Markets (Pink Sheet),https://www.worldbank.org/en/research/commodity-markets,rice_price,open_api,Monthly,mean,USD/MT,2015-01,Y,30,N,,N,,,Medium,"World Bank Pink Sheet provides monthly global rice prices in USD/MT as a free, structured dataset wi",2,0.95
NORTH_AMERICA_WHEAT_DOWNSTREAM_WHEAT_FLOUR_PRICESQUARTERLYMONTHLY,Wheat,Downstream - Wheat Flour Prices(Quarterly/Monthly),North America,1,High,fred,U.S. Bureau of Labor Statistics,https://www.bls.gov/ppi/,WPU02010101,open_api,Monthly,mean,USD/MT,2015-01,Y,30,N,,N,fred_api_key,,Medium,"BLS Producer Price Index for wheat flour is available via FRED API as series WPU02010101, providing ",2,0.85
US_WHEAT_LABOR_US_FARM_WAGES,Wheat,Labor - US Farm Wages,US,1,High,nass_quickstats,USDA National Agricultural Statistics Service (NASS),https://quickstats.nass.usda.gov/,commodity_desc=LABOR&statisticcat_desc=WAGE RATE&unit_desc=$ / HOUR&agg_level_desc=NATIONAL,api_key,Annual,mean,USD/MT,2015-01,Y,30,N,,N,usda_nass_api_key,,Medium,"NASS QuickStats provides comprehensive US farm labor wage data through their free API, directly meas",2,0.92
NORTH_AMERICA_WHEAT_DEMANDSUPPLY_ANNUAL_DATA,Wheat,Demand/Supply - Annual Data,North America,1,High,usda_psd,"USDA Production, Supply and Distribution (PSD)",https://apps.fas.usda.gov/psdonline/app/index.html#/app/downloads,"commodity_code=0410000&country_code=US,CA,MX&attribute_id=125,176",open_api,Annual,sum,USD/MT,2015-01,Y,30,N,,N,usda_fas_api_key,,Medium,"USDA PSD provides comprehensive annual wheat supply/demand data for North America with production, c",2,0.95
LATIN_AMERICA_ORANGE_ORANGE,Orange,Orange,Latin America,4,Medium,nass_quickstats,USDA National Agricultural Statistics Service (NASS),https://quickstats.nass.usda.gov/,commodity_desc=ORANGES&statisticcat_desc=PRICE RECEIVED&unit_desc=$ / BOX,api_key,Monthly,mean,USD/KG Box,2018-04,Y,30,N,,N,usda_nass_api_key,,Medium,"NASS QuickStats provides orange price data in USD/BOX format, though primarily for US production; La",2,0.65
BRAZIL_ORANGE_FLORIDA_BRAZIL_CITRUS_PRODUCTION_FORECASTS,Orange,Florida & Brazil citrus production forecasts,Brazil,1,High,usda_psd,"USDA Foreign Agricultural Service Production, Supply and Distribution (PSD)",https://apps.fas.usda.gov/psdonline/app/index.html#/app/downloads,commodity_code=2200000&country_code=BR&attribute_id=125,open_api,Annual,last,USD/KG Box,2018-04,Y,30,N,,N,usda_fas_api_key,,Medium,USDA PSD provides comprehensive annual citrus production data for Brazil through a free public API w,2,0.85
US_ORANGE_CITRUS_GREENING_HLB_DISEASE_INCIDENCE,Orange,Citrus greening (HLB) disease incidence,US,4,High,nass_quickstats,USDA NASS Quick Stats,https://quickstats.nass.usda.gov/,commodity_desc=ORANGES&statisticcat_desc=DISEASE&short_desc=*GREENING*&agg_level_desc=NATIONAL,api_key,Annual,last,USD/KG Box,2018-04,Y,30,N,,N,usda_nass_api_key,,Medium,USDA NASS tracks citrus greening disease incidence data for US oranges through their agricultural su,2,0.75
BRAZIL_ORANGE_BRAZIL_FROSTWEATHER_EVENTS_INMET,Orange,Brazil frost/weather events (INMET),Brazil,1,High,,INMET - Instituto Nacional de Meteorologia,https://portal.inmet.gov.br/dadoshistoricos,"https://portal.inmet.gov.br/dadoshistoricos - Historical weather station data for Brazilian citrus regions (São Paulo, Paraná, Minas Gerais)",file_download,Daily,min,USD/KG Box,2018-04,Y,30,N,,N,,,Medium,INMET provides free historical weather data including minimum temperatures critical for frost event ,2,0.85
BRAZIL_ORANGE_BRAZIL_ORANGEFCOJ_PRICE_CEPEA,Orange,Brazil orange/FCOJ price (CEPEA),Brazil,2,High,,CEPEA (Center for Advanced Studies on Applied Economics),https://www.cepea.esalq.usp.br/en/indicator/orange.aspx,https://www.cepea.esalq.usp.br/en/indicator/orange.aspx,open_api,Daily,mean,USD/KG Box,2018-04,Y,30,N,,N,,,Medium,"CEPEA is the authoritative source for Brazilian agricultural prices including orange and FCOJ, publi",2,0.85
LATIN_AMERICA_ORANGE_GLOBAL_ORANGE_JUICE_INVENTORY,Orange,Global orange juice inventory,Latin America,1,High,usda_psd,"USDA Foreign Agricultural Service Production, Supply and Distribution (PSD)",https://apps.fas.usda.gov/psdonline/app/index.html#/app/downloads,commodity_code=2200000&country_code=LAT&attribute_id=176,open_api,Annual,last,USD/KG Box,2018-04,Y,30,N,,N,usda_fas_api_key,,Medium,USDA PSD provides comprehensive orange juice inventory data for Latin America region with free API a,2,0.85
BRAZIL_ORANGE_BRAZIL_DIESELTRANSPORT_FUEL_COST,Orange,Brazil diesel/transport fuel cost,Brazil,2,High,,"ANP - Agência Nacional do Petróleo, Gás Natural e Biocombustíveis",https://www.gov.br/anp/pt-br/centrais-de-conteudo/dados-abertos/serie-historica-de-precos-de-combustiveis,https://www.gov.br/anp/pt-br/centrais-de-conteudo/dados-abertos/serie-historica-de-precos-de-combustiveis,file_download,Weekly,mean,USD/KG Box,2018-04,Y,30,N,,N,,,Medium,"ANP publishes official weekly diesel price data for Brazil as open data downloads, directly relevant",2,0.85
BRAZIL_ORANGE_BRLUSD_EXCHANGE_RATE,Orange,BRL/USD exchange rate,Brazil,1,High,bcb_sgs,Banco Central do Brasil,https://www3.bcb.gov.br/sgspub/localizarseries/localizarSeries.do?method=prepararTelaLocalizarSeries,1,open_api,Daily,mean,USD/KG Box,2018-04,Y,30,N,,N,,,Medium,"BCB SGS series 1 provides official daily BRL/USD exchange rates (PTAX) from Brazil's central bank, d",2,0.95
BRAZIL_ORANGE_BRAZILGLOBAL_RETAIL_JUICE_DEMAND_TREND,Orange,Brazil/global retail juice demand trend,Brazil,1,High,ibge_sidra,IBGE - Pesquisa Mensal de Comércio (PMC),https://sidra.ibge.gov.br/tabela/8881,table=8881&variable=7169&classification=11046[56734],open_api,Monthly,mean,USD/KG Box,2018-04,Y,30,N,,N,,,Medium,"IBGE's Monthly Trade Survey tracks retail sales of beverages including juices in Brazil, providing a",2,0.72
US_ORANGE_US_PERCAPITA_OJ_CONSUMPTION_TREND,Orange,US per-capita OJ consumption trend,US,1,High,,USDA Economic Research Service (ERS) - Food Availability Data System,https://www.ers.usda.gov/data-products/food-availability-per-capita-data-system/,https://www.ers.usda.gov/data-products/food-availability-per-capita-data-system/,file_download,Annual,mean,USD/KG Box,2018-04,Y,30,N,,N,,,Medium,USDA ERS provides comprehensive per-capita food availability data including orange juice consumption,2,0.85
BRAZIL_ORANGE_MEXICOBRAZIL_COMPETING_CITRUS_EXPORTS,Orange,Mexico/Brazil competing citrus exports,Brazil,4,High,un_comtrade,UN Comtrade,https://comtradeplus.un.org/,reporter=076&cmdCode=0805&partnerCode=484&flowCode=X,api_key,Monthly,sum,USD/KG Box,2018-04,Y,30,N,,N,comtrade_api_key,,Medium,UN Comtrade provides bilateral trade data for citrus exports (HS 0805) from Brazil (076) to Mexico (,2,0.85
LATIN_AMERICA_ORANGE_SUPPLY_FRUIT_SIZE_AND_YIELD_PER_BOX,Orange,Supply - Fruit size and yield per box,Latin America,1,High,usda_psd,"USDA Foreign Agricultural Service Production, Supply and Distribution (PSD)",https://apps.fas.usda.gov/psdonline/app/index.html#/app/downloads,"commodity_code=2200000&country_code=BR,MX,AR,CO&attribute_id=125,176",open_api,Annual,mean,USD/KG Box,2018-04,Y,30,N,,N,usda_fas_api_key,,Medium,"USDA PSD provides orange production and yield data for major Latin American producers (Brazil, Mexic",2,0.75
LATIN_AMERICA_ORANGE_DEMAND_ORANGE_PROCESSING_VOLUME,Orange,Demand - Orange processing volume,Latin America,1,High,ibge_sidra,IBGE - Sistema IBGE de Recuperação Automática (SIDRA),https://sidra.ibge.gov.br/,table=1613&variable=214&territory=brazil&classification=c81,open_api,Annual,sum,USD/KG Box,2018-04,Y,30,N,,N,,,Medium,"IBGE SIDRA provides Brazilian orange processing data including juice production volumes, which is hi",2,0.75
LATIN_AMERICA_ORANGE_DOWNSTREAM_PRICE_ICE_FCOJA_FUTURES_PRICE,Orange,Downstream Price - ICE FCOJ-A futures price,Latin America,4,High,,Intercontinental Exchange (ICE),https://www.theice.com/products/14/FCOJ-A-Futures,FCOJ-A futures contract,paid_or_restricted,Daily,last,USD/KG Box,2018-04,Y,30,N,,N,,,Medium,"ICE FCOJ-A is the primary global benchmark for frozen concentrated orange juice futures, but real-ti",2,0.85
NORTH_AMERICA_BEEF_BEEF,Beef,Beef,North America,4,High,nass_quickstats,USDA National Agricultural Statistics Service (NASS),https://quickstats.nass.usda.gov/,commodity_desc=CATTLE&statisticcat_desc=PRICE RECEIVED&unit_desc=$ / CWT&agg_level_desc=NATIONAL,api_key,Monthly,mean,USD/Cwt,2011-01,Y,30,N,,N,usda_nass_api_key,,Medium,"NASS QuickStats provides official USDA cattle prices in USD/Cwt with free API key access, covering U",2,0.92
US_BEEF_US_CATTLE_HERD_INVENTORY,Beef,US cattle herd inventory,US,4,High,nass_quickstats,USDA NASS Quick Stats,https://quickstats.nass.usda.gov/,commodity_desc=CATTLE&statisticcat_desc=INVENTORY&agg_level_desc=NATIONAL,api_key,Annual,last,USD/Cwt,2011-01,Y,30,N,,N,usda_nass_api_key,,Medium,USDA NASS provides official US cattle inventory data through their Quick Stats API with free API key,2,0.95
NORTH_AMERICA_BEEF_CORN_PRICE_FEED_COST,Beef,Corn price (feed cost),North America,4,High,nass_quickstats,USDA NASS Quick Stats,https://quickstats.nass.usda.gov/,commodity_desc=CORN&statisticcat_desc=PRICE RECEIVED&unit_desc=$ / BU&agg_level_desc=NATIONAL,api_key,Monthly,mean,USD/Cwt,2011-01,Y,30,N,,N,usda_nass_api_key,,Medium,USDA NASS provides comprehensive corn price data for US (primary North American producer) with free ,2,0.92
NORTH_AMERICA_BEEF_LIVEFEEDER_CATTLE_CASH_PRICE_SPOT,Beef,Live/feeder cattle cash price (spot),North America,1,High,,USDA Agricultural Marketing Service,https://www.ams.usda.gov/mnreports/lsddlcattle.pdf,https://mpr.datamart.ams.usda.gov/services/v1.1/reports/2786,open_api,Daily,mean,USD/Cwt,2011-01,Y,30,N,,N,,,Medium,USDA AMS publishes daily live cattle and feeder cattle cash prices through their Market News API wit,2,0.95
NORTH_AMERICA_BEEF_DROUGHTPASTURE_CONDITION_INDEX,Beef,Drought/pasture condition index,North America,4,High,nass_quickstats,USDA National Agricultural Statistics Service (NASS),https://quickstats.nass.usda.gov/,commodity_desc=CATTLE&statisticcat_desc=CONDITION&agg_level_desc=NATIONAL&state_name=US,api_key,Weekly,mean,USD/Cwt,2011-01,Y,30,N,,N,usda_nass_api_key,,Medium,"NASS QuickStats provides weekly pasture and rangeland condition indices for US cattle operations, wh",2,0.85
BRAZIL_BEEF_BRAZIL_AUSTRALIA_BEEF_EXPORT_VOLUMES,Beef,Brazil & Australia beef export volumes,Brazil,4,High,un_comtrade,UN Comtrade,https://comtradeplus.un.org/,"reporter=076&cmdCode=0201,0202&flowCode=X&freq=M",api_key,Monthly,sum,USD/Cwt,2011-01,Y,30,N,,N,comtrade_api_key,,Medium,UN Comtrade provides comprehensive Brazilian beef export volumes (HS codes 0201-0202 for fresh/froze,2,0.85
NORTH_AMERICA_BEEF_RETAIL_BEEF_DEMANDPRICE_INDEX,Beef,Retail beef demand/price index,North America,1,High,,USDA Economic Research Service,https://www.ers.usda.gov/data-products/meat-price-spreads/,https://www.ers.usda.gov/webdocs/DataFiles/51875/beefvalues.xlsx,file_download,Monthly,mean,USD/Cwt,2011-01,Y,30,N,,N,,,Medium,USDA ERS publishes comprehensive retail beef price data in USD per pound (convertible to cwt) with m,2,0.85
NORTH_AMERICA_BEEF_DIESELTRANSPORT_COST,Beef,Diesel/transport cost,North America,1,High,eia,U.S. Energy Information Administration,https://www.eia.gov/dnav/pet/pet_pri_gnd_dcus_nus_w.htm,PET.EMD_EPD2D_PTE_NUS_DPG.W,open_api,Weekly,mean,USD/Cwt,2011-01,Y,30,N,,N,eia_api_key,,Medium,EIA provides weekly U.S. diesel prices which directly impact beef transport costs across North Ameri,2,0.85
NORTH_AMERICA_BEEF_USD_EXCHANGE_RATE_EXPORT_COMPETITIVENESS,Beef,USD exchange rate (export competitiveness),North America,1,High,fred,Federal Reserve Economic Data (FRED),https://fred.stlouisfed.org/series/DTWEXBGS,DTWEXBGS,open_api,Daily,mean,USD/Cwt,2011-01,Y,30,N,,N,fred_api_key,NORTH_AMERICA_BEEF_USD_EXCHANGE_RATE_EXPORT_COMPETITIVENESS_FRANK,Medium,"FRED's Broad Dollar Index (DTWEXBGS) measures USD strength against major trading partners, directly ",2,0.95
NORTH_AMERICA_BEEF_USD_EXCHANGE_RATE_EXPORT_COMPETITIVENESS_FRANK,Beef,USD/Cwt (Frankfurter keyless fallback),North America,1,High,frankfurter,Frankfurter API (ECB),https://api.frankfurter.dev/,base:USD | target:USD,open_api,Daily,mean,USD/Cwt,1999-01,Y,1,N,,N,,,Low,"mean + MoM% (keyless ECB rates, history from 1999-01 only)",3,
NORTH_AMERICA_BEEF_PORK_PRODUCTION_CYCLE_SUBSTITUTE_PROTEIN_SUPPLY,Beef,Pork production cycle (substitute protein supply),North America,1,High,nass_quickstats,USDA National Agricultural Statistics Service (NASS),https://quickstats.nass.usda.gov/,commodity_desc=HOGS&statisticcat_desc=PRODUCTION&agg_level_desc=NATIONAL&state_name=US,api_key,Quarterly,sum,USD/Cwt,2011-01,Y,30,N,,N,usda_nass_api_key,,Medium,"NASS QuickStats provides comprehensive US pork production data with free API access, directly measur",2,0.92
CHINA_BEEF_CHINAJAPANSOUTH_KOREA_IMPORT_DEMAND,Beef,China/Japan/South Korea import demand,China,4,High,un_comtrade,UN Comtrade,https://comtradeplus.un.org/,"reporter=156&cmdCode=0201,0202&flowCode=M&partnerCode=0",api_key,Monthly,sum,USD/Cwt,2011-01,Y,30,N,,N,comtrade_api_key,,Medium,"UN Comtrade provides comprehensive Chinese beef import data (HS codes 0201/0202) with value in USD, ",2,0.92
AUSTRALIA_CHEESE_CHEESE,Cheese,Cheese,Australia,2,High,,Australian Bureau of Statistics,https://www.abs.gov.au/statistics/economy/price-indexes-and-inflation/producer-price-indexes-australia,"https://api.data.abs.gov.au/data/ABS,PPI/M.10.6411.10.Q",file_download,Quarterly,mean,USD/MT,2018-01,Y,30,N,,N,,,Medium,"ABS Producer Price Index for dairy products provides quarterly cheese price data for Australia, thou",2,0.72
AUSTRALIA_CHEESE_AUSTRALIA_MILK_PRODUCTION_DAIRY_AUSTRALIA,Cheese,Australia milk production (Dairy Australia),Australia,3,High,,Dairy Australia,https://www.dairyaustralia.com.au/industry-statistics/production-and-sales,https://www.dairyaustralia.com.au/industry-statistics/production-and-sales,file_download,Monthly,sum,USD/MT,2018-01,Y,30,N,,N,,,Medium,"Dairy Australia publishes official Australian milk production statistics on their website, though da",2,0.75
AUSTRALIA_CHEESE_AUSTRALIA_WHOLESALE_CHEESEBUTTER_PRICE_DAIRY_AUSTRALIA_GDT,Cheese,Australia wholesale cheese/butter price (Dairy Australia / GDT),Australia,3,Medium,,Dairy Australia,https://www.dairyaustralia.com.au/industry-statistics/farm-gate-milk-price,https://www.dairyaustralia.com.au/industry-statistics/farm-gate-milk-price,open_api,Monthly,mean,USD/MT,2018-01,Y,30,N,,N,,,Medium,"Dairy Australia publishes industry statistics including wholesale dairy prices, though specific chee",2,0.65
AUSTRALIA_CHEESE_AUSTRALIAOCEANIA_WHEY_PRICE,Cheese,Australia/Oceania whey price,Australia,2,High,,USDA Agricultural Marketing Service,https://www.ams.usda.gov/market-news/dairy,https://www.ams.usda.gov/mnreports/dywwhey.pdf,file_download,Weekly,mean,USD/MT,2018-01,Y,30,N,,N,,,Medium,"USDA AMS publishes Oceania whey prices in their Dairy Market News reports, though primarily focused ",2,0.72
AUSTRALIA_CHEESE_AUSTRALIA_DAIRY_FEED_COST_GRAINPASTURE,Cheese,Australia dairy feed cost (grain/pasture),Australia,2,High,,Australian Bureau of Agricultural and Resource Economics and Sciences (ABARES),https://www.agriculture.gov.au/abares/data,https://www.agriculture.gov.au/abares/research-topics/surveys/farm-survey-data,file_download,Quarterly,mean,USD/MT,2018-01,Y,30,N,,N,,,Medium,"ABARES publishes Australian farm survey data including feed costs for dairy operations, though data ",2,0.72
AUSTRALIA_CHEESE_AUSTRALIA_DAIRY_COLD_STORAGE_INVENTORY_DAIRY_AUSTRALIA,Cheese,Australia dairy cold storage inventory (Dairy Australia),Australia,4,Medium,,Dairy Australia,https://www.dairyaustralia.com.au/industry-statistics/industry-reports,https://www.dairyaustralia.com.au/industry-statistics/industry-reports,file_download,Monthly,last,USD/MT,2018-01,Y,30,N,,N,,,Medium,"Dairy Australia publishes industry statistics including cold storage data, but access typically requ",2,0.65
AUSTRALIA_CHEESE_AUSTRALIA_DAIRY_EXPORT_DEMAND_CHINAJAPANASEAN,Cheese,Australia dairy export demand (China/Japan/ASEAN),Australia,4,High,,Australian Bureau of Statistics (ABS),https://www.abs.gov.au/statistics/economy/international-trade/international-trade-goods-and-services-australia,"https://api.data.abs.gov.au/data/ABS,ITGS_CY,1.0.0/",api_key,Monthly,sum,USD/MT,2018-01,Y,30,N,,N,,,Medium,ABS provides detailed export statistics by commodity (dairy/cheese) and destination country through ,2,0.75
AUSTRALIA_CHEESE_AUSTRALIA_RETAIL_DAIRY_CPI_ABS,Cheese,Australia retail dairy CPI (ABS),Australia,4,High,,Australian Bureau of Statistics,https://www.abs.gov.au/statistics/economy/price-indexes-and-inflation/consumer-price-index-australia,https://api.data.abs.gov.au/data/CPI/1.50401.10001.Q,api_key,Quarterly,last,USD/MT,2018-01,Y,30,N,,N,,,Medium,"ABS provides CPI data including dairy subcategory (50401) through their Data API, requiring free reg",2,0.85
NEW_ZEALAND_CHEESE_NEW_ZEALAND_MILK_PRICEMARKET_SITUATION_OCEANIA_BENCHMARK,Cheese,New Zealand milk price/market situation (Oceania benchmark),New Zealand,3,High,,Global Dairy Trade (GDT),https://www.globaldairytrade.info/en/product-results/,https://www.globaldairytrade.info/en/product-results/,open_api,Event,mean,USD/MT,2018-01,Y,30,N,,N,,,Medium,GDT is the primary auction platform for New Zealand dairy products including whole milk powder which,2,0.85
AUSTRALIA_CHEESE_AUSTRALIA_PERCAPITA_CHEESE_CONSUMPTION_TREND,Cheese,Australia per-capita cheese consumption trend,Australia,2,High,,Australian Bureau of Statistics,https://www.abs.gov.au/statistics/health/health-conditions-and-risks/apparent-consumption-selected-foodstuffs-australia/latest-release,https://www.abs.gov.au/statistics/health/health-conditions-and-risks/apparent-consumption-selected-foodstuffs-australia,file_download,Annual,last,USD/MT,2018-01,Y,30,N,,N,,,Medium,ABS publishes apparent consumption data for dairy products including cheese with per-capita calculat,2,0.85
AUSTRALIA_CHEESE_AUSTRALIA_DAIRY_TRADE_POLICY_FTAS_WITH_CHINAJAPAN,Cheese,Australia dairy trade policy (FTAs with China/Japan),Australia,4,Low,,Australian Department of Foreign Affairs and Trade (DFAT),https://www.dfat.gov.au/trade/agreements/in-force,https://www.dfat.gov.au/trade/agreements/in-force/chafta/Pages/australia-china-fta,api_key,Event,last,USD/MT,2018-01,Y,30,N,,N,,,Medium,Trade policy changes are discrete events tracked through government announcements rather than quanti,2,0.30
AUSTRALIA_CHEESE_SEASONALITY_DUMMY,Cheese,Seasonality - Dummy,Australia,1,Medium,,Australian Bureau of Statistics,https://www.abs.gov.au/statistics/industry/agriculture/value-agricultural-commodities-produced-australia,https://www.abs.gov.au/statistics/industry/agriculture/value-agricultural-commodities-produced-australia/latest-release,file_download,Annual,mean,USD/MT,2018-01,Y,30,N,,N,,,Medium,"ABS provides free agricultural commodity data for Australia, though seasonality dummies typically re",2,0.45
NORTH_AMERICA_BENZENE_BENZENE,Benzene,Benzene,North America,1,High,eia,U.S. Energy Information Administration (EIA),https://www.eia.gov/dnav/pet/pet_pri_spt_s1_d.htm,PET.EER_EPOBZ_PF4_Y35NY_DPG.D,open_api,Daily,mean,USD/MT,2015-01,Y,30,N,,N,eia_api_key,,Medium,EIA provides daily benzene spot prices for New York Harbor (North America) in USD/gallon which can b,2,0.85
GLOBAL_BENZENE_CRUDE_OIL_PRICE,Benzene,Crude oil price,Global,1,High,eia,U.S. Energy Information Administration (EIA),https://www.eia.gov/dnav/pet/pet_pri_spt_s1_d.htm,PET.RWTC.D,open_api,Daily,mean,USD/MT,2015-01,Y,30,N,,N,eia_api_key,,Medium,"EIA provides free API access to WTI crude oil spot prices (Cushing, OK) which serves as the global b",2,0.95
NORTH_AMERICA_BENZENE_NAPHTHA_PRICE,Benzene,Naphtha price,North America,1,High,eia,U.S. Energy Information Administration (EIA),https://www.eia.gov/dnav/pet/pet_pri_spt_s1_d.htm,PET.EER_EPNA_PF4_Y35NY_DPG.D,open_api,Daily,mean,USD/MT,2015-01,Y,30,N,,N,eia_api_key,,Medium,EIA provides daily naphtha spot prices for New York Harbor (North America benchmark) through their f,2,0.85
NORTH_AMERICA_BENZENE_STYRENE_DEMAND_DOWNSTREAM,Benzene,Styrene demand (downstream),North America,1,High,eia,U.S. Energy Information Administration (EIA),https://www.eia.gov/dnav/pet/pet_pri_spt_s1_d.htm,PET.EER_EPLLPA_PF4_Y35NY_DPG.M,open_api,Monthly,mean,USD/MT,2015-01,Y,30,N,,N,eia_api_key,,Medium,EIA tracks styrene monomer spot prices at New York Harbor which directly reflects downstream benzene,2,0.75
NORTH_AMERICA_BENZENE_TOLUENE_PRICE_COFEEDSTOCK,Benzene,Toluene price (co-feedstock),North America,1,High,eia,U.S. Energy Information Administration (EIA),https://www.eia.gov/dnav/pet/pet_pri_spt_s1_d.htm,PET.EER_EPMRU_PF4_Y35NY_DPG.D,open_api,Daily,mean,USD/MT,2015-01,Y,30,N,,N,eia_api_key,,Medium,"EIA publishes daily spot prices for toluene at New York Harbor, a key North American pricing benchma",2,0.85
US_BENZENE_US_REFINERY_UTILIZATION_RATE,Benzene,US refinery utilization rate,US,1,High,eia,U.S. Energy Information Administration (EIA),https://www.eia.gov/dnav/pet/pet_pnp_unc_dcu_nus_m.htm,PET.MPUEUS2.M,open_api,Monthly,mean,USD/MT,2015-01,Y,30,N,,N,eia_api_key,,Medium,"EIA provides free API access to U.S. refinery utilization rates as a percentage, which is the standa",2,0.95
ASIA_BENZENE_ASIA_BENZENE_SPREADMARGIN,Benzene,Asia benzene spread/margin,Asia,2,Medium,eia,U.S. Energy Information Administration (EIA),https://www.eia.gov/dnav/pet/pet_pri_spt_s1_d.htm,PET.EER_EPOBZ_PF4_Y35NY_DPG.D,open_api,Daily,mean,USD/MT,2015-01,Y,30,N,,N,eia_api_key,,Medium,"EIA provides benzene spot prices for US Gulf Coast which could serve as a proxy, though Asia-specifi",2,0.40
CHINA_BENZENE_CHINA_PMI_DOWNSTREAM_PLASTICSAUTO_DEMAND,Benzene,China PMI (downstream plastics/auto demand),China,1,High,,National Bureau of Statistics of China,https://data.stats.gov.cn/english/easyquery.htm?cn=A01,https://data.stats.gov.cn/english/easyquery.htm?cn=A01,open_api,Monthly,last,USD/MT,2015-01,Y,30,N,,N,,,Medium,NBS China publishes official Manufacturing PMI monthly as a key economic indicator directly relevant,2,0.85
NORTH_AMERICA_BENZENE_GLOBAL_AUTO_PRODUCTION_TREND,Benzene,Global auto production trend,North America,1,High,eia,U.S. Energy Information Administration (EIA),https://www.eia.gov/dnav/pet/pet_pri_spt_s1_d.htm,PET.EER_EPOBGRME_PF4_Y35NY_DPG.M,open_api,Monthly,mean,USD/MT,2015-01,Y,30,N,,N,eia_api_key,,Medium,EIA provides free benzene spot prices for New York Harbor which serves as a North American benchmark,2,0.75
NORTH_AMERICA_BENZENE_STYRENEBUTADIENE_RUBBER_DEMAND_TIRE_INDUSTRY,Benzene,Styrene-butadiene rubber demand (tire industry),North America,1,High,eia,U.S. Energy Information Administration (EIA),https://www.eia.gov/dnav/pet/pet_pri_spt_s1_d.htm,PET.W_EPOBZ_PRS_NUS_DPG.W,open_api,Weekly,mean,USD/MT,2015-01,Y,30,N,,N,eia_api_key,,Medium,EIA provides weekly benzene spot prices at U.S. Gulf Coast which serves as North American benchmark ,2,0.75
US_BENZENE_US_SHALE_GAS_ETHANECRACKING_ECONOMICS,Benzene,US shale gas ethane-cracking economics,US,1,Medium,eia,U.S. Energy Information Administration (EIA),https://www.eia.gov/dnav/pet/pet_pri_spt_s1_d.htm,PET.RWTC.D,open_api,Daily,mean,USD/MT,2015-01,Y,30,N,,N,eia_api_key,,Medium,EIA provides WTI crude oil prices which correlate with ethane feedstock economics for benzene produc,2,0.65
US_BENZENE_UTILITY_NATURAL_GAS_PRICE_HENRY_HUB,Benzene,Utility - Natural gas price (Henry Hub),US,1,High,eia,U.S. Energy Information Administration (EIA),https://www.eia.gov/dnav/ng/hist/rngwhhdm.htm,NG.RNGWHHD.D,open_api,Daily,mean,USD/MT,2015-01,Y,30,N,,N,eia_api_key,,Medium,EIA provides official Henry Hub natural gas spot prices via their open API with series ID NG.RNGWHHD,2,0.98
NORTH_AMERICA_BENZENE_DOWNSTREAM_POLYSTYRENE_PRODUCTIONRESIN_SALES,Benzene,Downstream - Polystyrene production/resin sales,North America,1,High,eia,U.S. Energy Information Administration (EIA),https://www.eia.gov/dnav/pet/pet_pnp_capfuel_dcu_nus_a.htm,PET.MPSPUS2.M,open_api,Monthly,sum,USD/MT,2015-01,Y,30,N,,N,eia_api_key,,Medium,"EIA tracks U.S. polystyrene production volumes monthly as a downstream benzene derivative, though pr",2,0.72
NORTH_AMERICA_BENZENE_NYLONFIBER_PRODUCTION_INDEX,Benzene,Nylon/fiber production index,North America,1,High,fred,U.S. Federal Reserve Economic Data (FRED),https://fred.stlouisfed.org/series/IPG32522S,IPG32522S,open_api,Monthly,mean,USD/MT,2015-01,Y,30,N,,N,fred_api_key,,Medium,FRED series IPG32522S tracks Industrial Production Index for Artificial Fibers and Filaments Manufac,2,0.75
US_BENZENE_TRADE_US_BENZENE_IMPORTEXPORT_VOLUMES,Benzene,Trade - US benzene import/export volumes,US,1,High,eia,U.S. Energy Information Administration (EIA),https://www.eia.gov/dnav/pet/pet_move_impcus_a2_nus_epc0_im0_mbbl_m.htm,PET.MOVE_IMPCUS_NUS-Z00_2.M,open_api,Monthly,sum,USD/MT,2015-01,Y,30,N,,N,eia_api_key,,Medium,"EIA provides free API access to U.S. petroleum product import/export data including benzene volumes,",2,0.85
US_BENZENE_STOCKS_US_BENZENE_INVENTORY_LEVELS,Benzene,Stocks - US benzene inventory levels,US,1,High,eia,U.S. Energy Information Administration (EIA),https://www.eia.gov/dnav/pet/pet_stoc_typ_d_nus_Z00_mbbl_w.htm,PET.WBZSTUS1.W,open_api,Weekly,mean,USD/MT,2015-01,Y,30,N,,N,eia_api_key,,Medium,EIA provides free weekly benzene stock data for the US through their open API with series ID PET.WBZ,2,0.92
INDIA_BENZENE_MACRO_USDCNYUSDINR_EXCHNAGE_RATES,Benzene,Macro - USD-CNY/USD-INR Exchnage Rates,India,2,High,,Reserve Bank of India,https://www.rbi.org.in/Scripts/ReferenceRateArchive.aspx,https://www.rbi.org.in/Scripts/ReferenceRateArchive.aspx,file_download,Daily,mean,USD/MT,2015-01,Y,30,N,,N,,,Medium,"RBI publishes official USD-INR reference rates daily on their public website, which can be scraped o",2,0.75
NORTH_AMERICA_BENZENE_FREIGHT_RATES,Benzene,Freight Rates,North America,1,Medium,,U.S. Bureau of Transportation Statistics,https://www.bts.gov/freight-transportation,https://data.bts.gov/api/views/,open_api,Monthly,mean,USD/MT,2015-01,Y,30,N,,N,,,Medium,BTS provides public freight transportation data including truck and rail rates through their open da,2,0.65
LATIN_AMERICA_ETHANOL_ETHANOL,Ethanol,Ethanol,Latin America,2,High,,CEPEA/ESALQ - University of São Paulo,https://www.cepea.esalq.usp.br/en/indicator/ethanol.aspx,https://www.cepea.esalq.usp.br/en/indicator/ethanol.aspx,open_api,Daily,mean,USD/MT,2015-01,Y,30,N,,N,,,Medium,CEPEA is the leading source for Brazilian ethanol prices and Brazil dominates Latin American ethanol,2,0.85
BRAZIL_ETHANOL_HYDROUSANHYDROUS_ETHANOL_PRICE_BRAZIL,Ethanol,Hydrous/Anhydrous Ethanol Price - Brazil,Brazil,3,High,,CEPEA/ESALQ - University of São Paulo,https://www.cepea.esalq.usp.br/en/indicator/ethanol.aspx,https://www.cepea.esalq.usp.br/en/indicator/ethanol.aspx,open_api,Daily,mean,USD/MT,2015-01,Y,30,N,,N,,,Medium,CEPEA is the authoritative source for Brazilian ethanol prices (both hydrous and anhydrous) with dai,2,0.85
LATIN_AMERICA_ETHANOL_CRUDE_OIL_GASOLINE_PRICE_RBOB,Ethanol,Crude oil / gasoline price (RBOB),Latin America,1,High,eia,U.S. Energy Information Administration (EIA),https://www.eia.gov/dnav/pet/pet_pri_spt_s1_d.htm,PET.EER_EPMRR_PF4_RGC_DPG.D,open_api,Daily,mean,USD/MT,2015-01,Y,30,N,,N,eia_api_key,,Medium,"EIA provides free daily RBOB gasoline spot prices via open API, which serves as a global benchmark a",2,0.85
BRAZIL_ETHANOL_SUGARCANE_CRUSH_VOLUME_BRAZIL,Ethanol,Sugarcane Crush Volume - Brazil,Brazil,2,High,,UNICA (União da Indústria de Cana-de-Açúcar),https://unicadata.com.br/,https://unicadata.com.br/listagem.php?idMn=50,open_api,Monthly,sum,USD/MT,2015-01,Y,30,N,,N,,,Medium,"UNICA is the authoritative source for Brazilian sugarcane crushing data, publishing monthly statisti",2,0.85
BRAZIL_ETHANOL_INDUSTRIAL_ETHANOL_PRODUCTION_BRAZIL,Ethanol,Industrial Ethanol Production - Brazil,Brazil,1,High,eia,U.S. Energy Information Administration (EIA),https://www.eia.gov/international/data/world,INTL.79-2-BRA-TBPD.M,api_key,Monthly,sum,USD/MT,2015-01,Y,30,N,,N,eia_api_key,,Medium,EIA provides free international energy data including Brazil's fuel ethanol production in thousand b,2,0.85
BRAZIL_ETHANOL_ETHANOL_INVENTORIES_BRAZIL,Ethanol,Ethanol Inventories - Brazil,Brazil,1,High,,"ANP - Agência Nacional do Petróleo, Gás Natural e Biocombustíveis",https://www.gov.br/anp/pt-br/centrais-de-conteudo/dados-abertos,https://www.gov.br/anp/pt-br/centrais-de-conteudo/dados-abertos/arquivos/shpc/dsan/dsan-estoque-etanol.csv,file_download,Monthly,last,USD/MT,2015-01,Y,30,N,,N,,,Medium,ANP is Brazil's official petroleum and biofuels regulator that publishes open data on ethanol invent,2,0.85
BRAZIL_ETHANOL_BRAZILGLOBAL_SUGAR_SPOT_PRICE_MONTHLY_AVERAGE,Ethanol,Brazil/global sugar spot price (monthly average),Brazil,1,High,worldbank_pinksheet,World Bank Commodity Price Data (Pink Sheet),https://www.worldbank.org/en/research/commodity-markets,SUGAR_US,open_api,Monthly,mean,USD/MT,2015-01,Y,30,N,,N,,,Medium,"World Bank Pink Sheet provides monthly global sugar spot prices in USD/MT with free API access, thou",2,0.85
LATIN_AMERICA_ETHANOL_NATURAL_GAS_PRICE_PROCESSING_ENERGY_COST,Ethanol,Natural gas price (processing energy cost),Latin America,3,High,eia,U.S. Energy Information Administration (EIA),https://www.eia.gov/opendata/browser/natural-gas/pri/sum,NG.RNGWHHD.M,api_key,Monthly,mean,USD/MT,2015-01,Y,30,N,,N,eia_api_key,,Medium,"EIA provides free natural gas price data via API with registration; while US-focused, Henry Hub pric",2,0.72
US_ETHANOL_US_ETHANOL_EXPORT_DEMAND,Ethanol,US ethanol export demand,US,1,High,eia,U.S. Energy Information Administration (EIA),https://www.eia.gov/dnav/pet/pet_move_expc_a_EP00_EEX_mbbl_m.htm,PET.MTTEXUS2.M,open_api,Monthly,sum,USD/MT,2015-01,Y,30,N,,N,eia_api_key,,Medium,EIA provides free API access to US fuel ethanol export volumes which directly measures export demand,2,0.92
BRAZIL_ETHANOL_EXCHANGE_RATE_USDBRL,Ethanol,Exchange Rate - USD/BRL,Brazil,1,High,bcb_sgs,Banco Central do Brasil,https://www3.bcb.gov.br/sgspub/localizarseries/localizarSeries.do?method=prepararTelaLocalizarSeries,1,open_api,Daily,mean,USD/MT,2015-01,Y,30,N,,N,,,Medium,BCB SGS series 1 provides official daily USD/BRL exchange rates (PTAX) from Brazil's central bank vi,2,0.95
BRAZIL_ETHANOL_MANUFACTURING_PMI_BRAZIL,Ethanol,Manufacturing PMI - Brazil,Brazil,1,High,ibge_sidra,Instituto Brasileiro de Geografia e Estatística (IBGE),https://sidra.ibge.gov.br/pesquisa/pim-pf/tabelas,table/8888,open_api,Monthly,mean,USD/MT,2015-01,Y,30,N,,N,,,Medium,"IBGE SIDRA provides Brazil's official Industrial Production PMI data through their open API, which i",2,0.85
BRAZIL_ETHANOL_FEEDSTOCK_HYDROUSANHYDROUS_ETHANOL_PRICE_BRAZIL,Ethanol,Feedstock - Hydrous/Anhydrous Ethanol Price - Brazil,Brazil,2,High,,CEPEA/ESALQ - University of São Paulo,https://www.cepea.esalq.usp.br/en/indicator/ethanol.aspx,https://www.cepea.esalq.usp.br/en/indicator/ethanol.aspx,open_api,Daily,mean,USD/MT,2015-01,Y,30,N,,N,,,Medium,CEPEA is the authoritative source for Brazilian ethanol prices (hydrous and anhydrous) with publicly,2,0.85
LATIN_AMERICA_ETHANOL_UPSTREAM_SUGARCANE_CRUSH_VOLUME,Ethanol,Upstream - Sugarcane Crush Volume,Latin America,2,High,,UNICA (União da Indústria de Cana-de-Açúcar),https://unicadata.com.br/,https://unicadata.com.br/listagem.php?idMn=50,open_api,Monthly,sum,USD/MT,2015-01,Y,30,N,,N,,,Medium,UNICA publishes official Brazilian sugarcane crushing data for Center-South region which represents ,2,0.85
LATIN_AMERICA_ETHANOL_INDUSTRIAL_ETHANOL_PRODUCTION,Ethanol,Industrial Ethanol Production,Latin America,1,High,eia,U.S. Energy Information Administration (EIA),https://www.eia.gov/international/data/world,INTL.57-6-WORL-TBPD.A,open_api,Annual,sum,USD/MT,2015-01,Y,30,N,,N,eia_api_key,,Medium,"EIA provides international fuel ethanol production data by region including Latin America, though pr",2,0.72
LATIN_AMERICA_ETHANOL_ETHANOL_PLANT_OPERATING_RATE,Ethanol,Ethanol Plant Operating Rate,Latin America,2,Medium,eia,U.S. Energy Information Administration (EIA),https://www.eia.gov/international/data/world,INTL.57-6-WORL-TBPD.A,api_key,Annual,mean,USD/MT,2015-01,Y,30,N,,N,eia_api_key,,Medium,"EIA provides international biofuels production data including Latin American countries, though opera",2,0.40
BRAZIL_ETHANOL_ETHANOL_INVENTORIES_BRAZIL_1,Ethanol,Ethanol Inventories - Brazil,Brazil,1,High,,"ANP - Agência Nacional do Petróleo, Gás Natural e Biocombustíveis",https://www.gov.br/anp/pt-br/centrais-de-conteudo/dados-abertos,https://www.gov.br/anp/pt-br/centrais-de-conteudo/dados-abertos/arquivos/shpc/dsan/dsan-estoque-etanol.csv,file_download,Monthly,last,USD/MT,2015-01,Y,30,N,,N,,,Medium,ANP is Brazil's official petroleum and biofuels regulator that publishes open data on ethanol invent,2,0.85
BRAZIL_ETHANOL_DIESEL_PRICE_BRAZIL,Ethanol,Diesel Price - Brazil,Brazil,2,High,,"ANP - Agência Nacional do Petróleo, Gás Natural e Biocombustíveis",https://www.gov.br/anp/pt-br/centrais-de-conteudo/dados-abertos/precos-de-combustiveis,https://www.gov.br/anp/pt-br/centrais-de-conteudo/dados-abertos/precos-de-combustiveis,file_download,Weekly,mean,USD/MT,2015-01,Y,30,N,,N,,,Medium,"ANP is Brazil's official petroleum regulator providing open data on fuel prices including diesel, pu",2,0.85
BRAZIL_ETHANOL_FREIGHT_RATES_BRAZIL_ROAD_TRANSPORT,Ethanol,Freight Rates - Brazil (Road Transport),Brazil,3,Medium,,ANTT - Agência Nacional de Transportes Terrestres,https://portal.antt.gov.br/estatisticas,https://portal.antt.gov.br/estatisticas/transporte-rodoviario,file_download,Monthly,mean,USD/MT,2015-01,Y,30,N,,N,,,Medium,"ANTT is Brazil's national land transport regulator that publishes road freight statistics, though da",2,0.65
LATIN_AMERICA_ETHANOL_DEMAND_SUBJECT_TO_DATA_AVAILABILITY,Ethanol,Demand (Subject to data availability),Latin America,3,Medium,eia,U.S. Energy Information Administration (EIA),https://www.eia.gov/opendata/,INTL.57-2-WORL-TBPD.A,api_key,Annual,sum,USD/MT,2015-01,Y,30,N,,N,eia_api_key,,Medium,EIA provides international fuel ethanol consumption data through their open API with free registrati,2,0.65
LATIN_AMERICA_ETHANOL_MANUFACTURING_PMI,Ethanol,Manufacturing PMI,Latin America,4,Medium,,S&P Global (formerly IHS Markit),https://www.pmi.spglobal.com/Public/Home/PressRelease,"Press releases for Latin American countries (Brazil, Mexico, Colombia, Chile)",paid_or_restricted,Monthly,mean,USD/MT,2015-01,Y,30,N,,N,,,Medium,S&P Global publishes Manufacturing PMI for major Latin American economies but full historical data r,2,0.40
LATIN_AMERICA_ETHANOL_INDUSTRIAL_PRODUCTION_INDEX,Ethanol,Industrial Production Index,Latin America,1,High,fred,Federal Reserve Economic Data (FRED),https://fred.stlouisfed.org/series/BRALORITONOSTSAM,BRALORITONOSTSAM,open_api,Monthly,mean,USD/MT,2015-01,Y,30,N,,N,fred_api_key,,Medium,FRED provides Brazil's Industrial Production Index which represents the largest ethanol producer in ,2,0.75
LATIN_AMERICA_ETHANOL_CHEMICAL_PRODUCTION_INDEX,Ethanol,Chemical Production Index,Latin America,1,High,fred,FRED - Federal Reserve Economic Data,https://fred.stlouisfed.org/series/BRALORCPALLMINMEI,BRALORCPALLMINMEI,api_key,Monthly,mean,USD/MT,2015-01,Y,30,N,,N,fred_api_key,,Medium,"FRED provides Brazil's chemical production index as part of OECD MEI data, covering Latin America's ",2,0.72
LATIN_AMERICA_ETHANOL_PERSONAL_CARE_CLEANING_INDUSTRY_PRODUCTION,Ethanol,Personal Care & Cleaning Industry Production,Latin America,2,High,ibge_sidra,IBGE - Pesquisa Industrial Mensal de Produção Física (PIM-PF),https://sidra.ibge.gov.br/home/pimpfbr/brasil,"table=8888,variable=11600,classification=544[56650],territory=1",file_download,Monthly,mean,USD/MT,2015-01,Y,30,N,,N,,,Medium,IBGE tracks Brazilian industrial production including personal hygiene/cleaning products sector whic,2,0.72
BRAZIL_ETHANOL_PHARMACEUTICAL_PRODUCTION_INDEX_BRAZIL,Ethanol,Pharmaceutical Production Index - Brazil,Brazil,1,High,ibge_sidra,IBGE - Pesquisa Industrial Mensal de Produção Física (PIM-PF),https://sidra.ibge.gov.br/tabela/8888,"table=8888,variable=11600,classification=544[129314]",open_api,Monthly,mean,USD/MT,2015-01,Y,30,N,,N,,,Medium,IBGE SIDRA provides free API access to Brazil's pharmaceutical production index (PIM-PF) with monthl,2,0.92
LATIN_AMERICA_ETHANOL_TRADE_INDUSTRIAL_ETHANOL_IMPORTS_LATAM,Ethanol,Trade - Industrial Ethanol Imports (LATAM),Latin America,4,High,un_comtrade,UN Comtrade,https://comtradeplus.un.org/,"HS=220710,220720&reporterCode=LATAM_countries&flowCode=M&frequencyCode=M",api_key,Monthly,sum,USD/MT,2015-01,Y,30,N,,N,comtrade_api_key,,Medium,UN Comtrade provides comprehensive trade data for ethanol imports (HS codes 220710 for undenatured a,2,0.85
BRAZIL_ETHANOL_EXCHANGE_RATE_USDBRL_1,Ethanol,Exchange Rate - USD/BRL,Brazil,1,High,bcb_sgs,Banco Central do Brasil,https://www3.bcb.gov.br/sgspub/localizarseries/localizarSeries.do?method=prepararTelaLocalizarSeries,1,open_api,Daily,mean,USD/MT,2015-01,Y,30,N,,N,,,Medium,BCB SGS series 1 provides official daily USD/BRL exchange rates (PTAX) from Brazil's central bank vi,2,0.95
LATIN_AMERICA_ETHANOL_INFLATION_INDEX_IPCA,Ethanol,Inflation Index (IPCA),Latin America,1,High,bcb_sgs,Banco Central do Brasil (BCB),https://www3.bcb.gov.br/sgspub/localizarseries/localizarSeries.do?method=prepararTelaLocalizarSeries,433,open_api,Monthly,last,USD/MT,2015-01,Y,30,N,,N,,,Medium,BCB SGS series 433 provides the official IPCA (Índice Nacional de Preços ao Consumidor Amplo) inflat,2,0.95
APAC_HDPE_HDPE,HDPE,HDPE,APAC,2,High,china_customs,China Customs,http://www.customs.gov.cn/customs/302249/zfxxgk/2799825/302274/302277/index.html,hs_code=3901.20&trade_type=import,file_download,Monthly,mean,USD/MT,2016-01,Y,30,N,,N,,,Medium,"China Customs publishes monthly import/export data including unit prices for HDPE (HS code 3901.20),",2,0.75
CHINA_HDPE_CHINA_ETHYLENE_PRICE_CFR_CHINA,HDPE,China ethylene price (CFR China),China,2,High,china_customs,China Customs,https://www.customs.gov.cn/,"HS_CODE:2901211000,TRADE_TYPE:import,PRICE_TYPE:unit_value",file_download,Monthly,mean,USD/MT,2016-01,Y,30,N,,N,,,Medium,China Customs publishes monthly import statistics including unit values for ethylene (HS 2901211000),2,0.72
GLOBAL_HDPE_NAPHTHACRUDE_OIL_PRICE,HDPE,Naphtha/crude oil price,Global,1,High,eia,U.S. Energy Information Administration (EIA),https://www.eia.gov/dnav/pet/pet_pri_spt_s1_d.htm,PET.RWTC.D,open_api,Daily,mean,USD/MT,2016-01,Y,30,N,,N,eia_api_key,,Medium,EIA provides free API access to WTI crude oil spot prices which serve as a global benchmark for crud,2,0.85
APAC_HDPE_GLOBAL_PE_CAPACITY_ADDITIONS,HDPE,Global PE capacity additions,APAC,4,Low,,IHS Markit Chemical Week (via public reports),https://www.chemweek.com/,,paid_or_restricted,Annual,sum,USD/MT,2016-01,Y,30,N,,N,,,Medium,PE capacity data is typically proprietary from IHS/Wood Mackenzie/ICIS; no free public API exists fo,2,0.30
CHINA_HDPE_CHINA_MANUFACTURING_PMI_DEMAND,HDPE,China manufacturing PMI (demand),China,3,High,,National Bureau of Statistics of China,https://data.stats.gov.cn/english/easyquery.htm?cn=A01,https://data.stats.gov.cn/english/easyquery.htm?cn=A01,multipage_scrape,Monthly,last,USD/MT,2016-01,Y,30,N,,N,,,Medium,"NBS China publishes official manufacturing PMI monthly, but lacks a structured API requiring web scr",2,0.75
GLOBAL_HDPE_OCEAN_FREIGHT_RATES,HDPE,Ocean freight rates,Global,4,Medium,,Freightos Baltic Index (FBX),https://fbx.freightos.com/,https://fbx.freightos.com/api/,api_key,Daily,mean,USD/MT,2016-01,Y,30,N,,N,,,Medium,"Freightos provides daily container freight rate indices for major trade routes globally, though API ",2,0.65
CHINA_HDPE_CHINA_NAPHTHACOALTOOLEFINS_CTO_FEEDSTOCK_ECONOMICS,HDPE,China naphtha/coal-to-olefins (CTO) feedstock economics,China,2,Medium,eia,U.S. Energy Information Administration (EIA),https://www.eia.gov/dnav/pet/pet_pri_spt_s1_d.htm,PET.RNAPUS2.D,open_api,Daily,mean,USD/MT,2016-01,Y,30,N,,N,eia_api_key,,Medium,"EIA provides naphtha spot prices which are a key input for coal-to-olefins economics, though China-s",2,0.65
CHINA_HDPE_CHINA_PE_PRODUCER_OPERATING_RATES_CPCIF,HDPE,China PE producer operating rates (CPCIF),China,4,Medium,,China Petroleum and Chemical Industry Federation (CPCIF),https://www.cpcia.org.cn/,https://www.cpcia.org.cn/,paid_or_restricted,Weekly,mean,USD/MT,2016-01,Y,30,N,,N,,,Medium,"CPCIF publishes PE operating rates but data access typically requires membership or subscription, an",2,0.40
CHINA_HDPE_CHINA_HDPE_IMPORTEXPORT_TARIFF_POLICY,HDPE,China HDPE import/export tariff policy,China,2,High,china_customs,China Customs,http://www.customs.gov.cn/customs/302249/302274/302277/index.html,HS_CODE:3901.20,file_download,Monthly,last,USD/MT,2016-01,Y,30,N,,N,,,Medium,China Customs publishes monthly trade statistics including tariff rates for HDPE (HS code 3901.20) w,2,0.75
CHINA_HDPE_CHINA_ECOMMERCE_PACKAGING_DEMAND_GROWTH,HDPE,China e-commerce packaging demand growth,China,2,High,,National Bureau of Statistics of China,https://data.stats.gov.cn/english/easyquery.htm?cn=C01,https://data.stats.gov.cn/english/easyquery.htm?cn=C01 - Postal and Courier Services Business Volume,file_download,Monthly,sum,USD/MT,2016-01,Y,30,N,,N,,,Medium,China's postal and courier services volume serves as a reliable proxy for e-commerce packaging deman,2,0.72
CHINA_HDPE_CHINA_RECYCLED_HDPE_RHDPE_PRICE_COMPETITION,HDPE,China recycled HDPE (rHDPE) price competition,China,2,Medium,china_customs,China Customs,http://www.customs.gov.cn/customs/302249/zfxxgk/2799825/302274/302277/index.html,HS_CODE:3901.20|TRADE_TYPE:import|PARTNER:world,file_download,Monthly,mean,USD/MT,2016-01,Y,30,N,,N,,,Medium,China Customs import unit values for HDPE (HS 3901.20) can serve as proxy for price competition dyna,2,0.65
INDIA_HDPE_DEMAND_INDUSTRIAL_PRODUCTION_INDEX_INDIACHINA,HDPE,Demand - Industrial production Index - India/China,India,3,High,,"Ministry of Statistics and Programme Implementation (MoSPI), Government of India",https://mospi.gov.in/,https://mospi.gov.in/web/mospi/download-tables-data/-/reports/view/templateFour/16101?q=TBDCAT,file_download,Monthly,mean,USD/MT,2016-01,Y,30,N,,N,,,Medium,"MoSPI publishes India's official Industrial Production Index (IIP) monthly, covering manufacturing s",2,0.75
APAC_HDPE_COPRODUCTSUBSTITUTE_LDPELLDPEPOLYPROPYLENE_PRICES,HDPE,Co-product/Substitute - LDPE/LLDPE/Polypropylene Prices,APAC,1,High,worldbank_pinksheet,World Bank Commodity Markets (Pink Sheet),https://www.worldbank.org/en/research/commodity-markets,PPOLYP,open_api,Monthly,mean,USD/MT,2016-01,Y,30,N,,N,,,Medium,World Bank Pink Sheet provides monthly polypropylene prices (PPOLYP) which serves as a key substitut,2,0.75
INDIA_HDPE_EXCHANGE_RATE_USDCNY_USDINR,HDPE,Exchange Rate - USD/CNY & USD/INR,India,1,High,frankfurter,Frankfurter API,https://www.frankfurter.app/,"USD/CNY,USD/INR",open_api,Daily,mean,USD/MT,2016-01,Y,30,N,,N,,,Medium,"Frankfurter provides free, open-source daily exchange rates via API without authentication, covering",2,0.95
CHINA_HDPE_CHINA_PROPERTYCONSTRUCTION_INDEX,HDPE,China property/construction index,China,2,High,,National Bureau of Statistics of China,https://data.stats.gov.cn/english/easyquery.htm?cn=A01,https://data.stats.gov.cn/english/easyquery.htm?cn=A01,open_api,Monthly,last,USD/MT,2016-01,Y,30,N,,N,,,Medium,NBS China publishes official construction and property investment indices monthly including floor sp,2,0.75
EUROPE_COPPER_COPPER,Copper,Copper,Europe,4,High,,London Metal Exchange (LME),https://www.lme.com/Metals/Non-ferrous/Copper,LME Copper Cash Settlement Price,paid_or_restricted,Daily,mean,USD/MT,2011-01,Y,30,N,,N,,,Medium,"LME is the primary European copper price benchmark in USD/MT, but real-time data requires paid subsc",2,0.75
GLOBAL_COPPER_LME_COMEX_COPPER_INVENTORIES,Copper,LME & COMEX copper inventories,Global,3,High,,London Metal Exchange (LME),https://www.lme.com/en/Metals/Non-ferrous/Copper#Stock-levels,https://www.lme.com/en/Metals/Non-ferrous/Copper,open_api,Daily,last,USD/MT,2011-01,Y,30,N,,N,,,Medium,LME publishes daily copper inventory data on their website; COMEX data available via CME Group websi,2,0.75
CHINA_COPPER_CHINA_MANUFACTURING_PMI,Copper,China manufacturing PMI,China,3,High,,National Bureau of Statistics of China,https://data.stats.gov.cn/english/easyquery.htm?cn=A01,https://data.stats.gov.cn/english/easyquery.htm?cn=A01,open_api,Monthly,last,USD/MT,2011-01,Y,30,N,,N,,,Medium,NBS China publishes official manufacturing PMI monthly; no pre-built connector exists but data is fr,2,0.75
CHILE_COPPER_CHILE_PERU_MINE_PRODUCTIONDISRUPTIONS,Copper,Chile & Peru mine production/disruptions,Chile,2,High,,Comisión Chilena del Cobre (COCHILCO),https://www.cochilco.cl/Paginas/English/Statistics/Databases.aspx,https://www.cochilco.cl/Paginas/English/Statistics/Databases.aspx,file_download,Monthly,sum,USD/MT,2011-01,Y,30,N,,N,,,Medium,COCHILCO is Chile's official copper commission providing free monthly production statistics for Chil,2,0.85
GLOBAL_COPPER_US_DOLLAR_INDEX_DXY,Copper,US Dollar Index (DXY),Global,1,High,fred,Federal Reserve Economic Data (FRED),https://fred.stlouisfed.org/series/DTWEXBGS,DTWEXBGS,api_key,Daily,mean,USD/MT,2011-01,Y,30,N,,N,fred_api_key,,Medium,"FRED provides the Trade Weighted U.S. Dollar Index: Broad, Goods and Services (DTWEXBGS) which is a ",2,0.95
EUROPE_COPPER_GLOBAL_EV_RENEWABLE_ENERGY_DEMAND_GROWTH,Copper,Global EV & renewable energy demand growth,Europe,4,Medium,,London Metal Exchange (LME),https://www.lme.com/en/Metals/Non-ferrous/Copper,https://www.lme.com/en/Metals/Non-ferrous/Copper#tabIndex=2,paid_or_restricted,Daily,mean,USD/MT,2011-01,Y,30,N,,N,,,Medium,"LME provides authoritative copper pricing in USD/MT for European markets, but real-time data require",2,0.40
EUROPE_COPPER_SMELTER_TREATMENT_REFINING_CHARGES_TCRC,Copper,Smelter treatment & refining charges (TC/RC),Europe,4,Low,,London Metal Exchange (LME),https://www.lme.com/en/Metals/Non-ferrous/Copper,LME copper TC/RC data requires subscription,paid_or_restricted,Daily,mean,USD/MT,2011-01,Y,30,N,,N,,,Medium,"TC/RC charges are commercially sensitive bilateral negotiations between miners and smelters, rarely ",2,0.30
GLOBAL_COPPER_CFTC_SPECULATIVE_POSITIONING_COT_REPORT,Copper,CFTC speculative positioning (COT report),Global,1,High,,U.S. Commodity Futures Trading Commission (CFTC),https://www.cftc.gov/MarketReports/CommitmentsofTraders/index.htm,https://www.cftc.gov/dea/newcot/deacot.htm,file_download,Weekly,last,USD/MT,2011-01,Y,30,N,,N,,,Medium,CFTC publishes weekly Commitments of Traders reports with speculative positioning data for copper fu,2,0.95
GLOBAL_COPPER_LME_COPPER_CASHOFFICIAL_SETTLEMENT_PRICE_SPOT,Copper,LME copper cash/official settlement price (spot),Global,4,Medium,,London Metal Exchange (LME),https://www.lme.com/en/Metals/Non-ferrous/Copper,https://www.lme.com/en/Metals/Non-ferrous/Copper#Price+graphs,paid_or_restricted,Daily,last,USD/MT,2011-01,Y,30,N,,N,,,Medium,LME official settlement prices require paid subscription or data vendor access; free alternatives li,2,0.45
EUROPE_COPPER_GLOBAL_COPPER_SCRAP_SUPPLY,Copper,Global copper scrap supply,Europe,2,High,,Eurostat,https://ec.europa.eu/eurostat/databrowser/view/DS-056120/default/table,DS-056120,api_key,Monthly,sum,USD/MT,2011-01,Y,30,N,,N,,,Medium,Eurostat provides European copper scrap trade statistics through their Comext database with free API,2,0.72
GERMANY_COPPER_EUROPEGERMANY_DATACENTER_GRID_BUILDOUT_DEMAND_REGIONAL_LENS_ON_GLOBAL_AIDATACENTER_COPPER_DEMAND,Copper,Europe/Germany data-center & grid buildout demand (regional lens on global AI/data-center copper demand),Germany,4,High,,Destatis (Federal Statistical Office of Germany),https://www-genesis.destatis.de/genesis/online,Table 42251-0001: Production in manufacturing - copper wire and cable manufacturing (WZ08-2732),api_key,Monthly,sum,USD/MT,2011-01,Y,30,N,,N,,,Medium,German copper wire/cable production serves as proxy for data-center and grid infrastructure buildout,2,0.72
EUROPE_COPPER_FEEDSTOCK_COPPER_CONCENTRATEORE_PRICES,Copper,Feedstock - Copper Concentrate/Ore prices,Europe,4,Medium,,London Metal Exchange (LME),https://www.lme.com/en/Metals/Non-ferrous/Copper,LME Copper Grade A Cash Settlement,paid_or_restricted,Daily,mean,USD/MT,2011-01,Y,30,N,,N,,,Medium,LME provides European copper pricing but concentrate/ore prices are not publicly available as they'r,2,0.40
EUROPE_COPPER_TRADED_COMMODITYGLOBAL_INFLUENCE_CRUDE_OIL,Copper,Traded Commodity/Global influence - Crude Oil,Europe,4,High,eia,U.S. Energy Information Administration (EIA),https://www.eia.gov/opendata/,PET.RBRTE.D,api_key,Daily,mean,USD/MT,2011-01,Y,30,N,,N,eia_api_key,,Medium,"EIA provides free API access to Brent crude oil prices (Europe benchmark) with daily frequency, requ",2,0.85
GLOBAL_COPPER_LOGISTICS_BALTIC_DRY_INDEX,Copper,Logistics - Baltic Dry Index,Global,1,High,fred,Federal Reserve Economic Data (FRED),https://fred.stlouisfed.org/series/BDIY,BDIY,open_api,Daily,mean,USD/MT,2011-01,Y,30,N,,N,fred_api_key,,Medium,FRED provides the Baltic Dry Index as a free daily series with robust API access and no authenticati,2,0.95
SOUTH_AFRICA_PLATINUM_SOUTH_AFRICA_MINE_SUPPLY_AMPLATS_IMPALA_SIBANYE,Platinum,"South Africa mine supply (Amplats, Impala, Sibanye)",South Africa,3,High,,World Platinum Investment Council (WPIC),https://www.platinuminvestment.com/supply-and-demand/platinum-quarterly,Quarterly reports PDF/Excel - South African mine production data,file_download,Quarterly,sum,USD/MT,2015-04,Y,30,N,,N,,,Medium,WPIC publishes authoritative quarterly platinum supply data including South African production break,2,0.75
NORTH_AMERICA_PLATINUM_GLOBAL_AUTO_CATALYST_DEMAND,Platinum,Global auto catalyst demand,North America,2,Medium,,U.S. Geological Survey (USGS) Mineral Commodity Summaries,https://www.usgs.gov/centers/national-minerals-information-center/platinum-group-metals-statistics-and-information,https://pubs.usgs.gov/periodicals/mcs2024/mcs2024-platinum.pdf,file_download,Annual,last,USD/MT,2015-04,Y,30,N,,N,,,Medium,"USGS publishes annual platinum statistics including autocatalyst consumption data for North America,",2,0.65
GLOBAL_PLATINUM_ETF_HOLDINGS,Platinum,ETF holdings,Global,3,High,,World Platinum Investment Council,https://www.platinuminvestment.com/supply-and-demand/quarterly-review,Quarterly platinum market reports - Investment demand section,file_download,Quarterly,last,USD/MT,2015-04,Y,30,N,,N,,,Medium,"WPIC publishes authoritative quarterly platinum market data including ETF holdings in troy ounces, t",2,0.75
NORTH_AMERICA_PLATINUM_RECYCLINGSCRAP_SUPPLY,Platinum,Recycling/scrap supply,North America,2,High,,U.S. Geological Survey (USGS) Mineral Commodity Summaries,https://www.usgs.gov/centers/national-minerals-information-center/platinum-group-metals-statistics-and-information,https://pubs.usgs.gov/periodicals/mcs2024/mcs2024-platinum.pdf,file_download,Annual,last,USD/MT,2015-04,Y,30,N,,N,,,Medium,USGS publishes annual platinum recycling statistics for the United States including old scrap recove,2,0.75
RUSSIA_PLATINUM_RUSSIA_PGM_EXPORT_VOLUMES,Platinum,Russia PGM export volumes,Russia,4,High,un_comtrade,UN Comtrade,https://comtradeplus.un.org/,"reporter=643&cmdCode=711011,711019&flowCode=X&freq=M",api_key,Monthly,sum,USD/MT,2015-04,Y,30,N,,N,comtrade_api_key,,Medium,UN Comtrade provides detailed trade statistics for platinum group metals exports from Russia (report,2,0.85
GLOBAL_PLATINUM_US_DOLLAR_INDEX_DXY,Platinum,US Dollar Index (DXY),Global,1,High,fred,Federal Reserve Economic Data (FRED),https://fred.stlouisfed.org/series/DTWEXBGS,DTWEXBGS,api_key,Daily,mean,USD/MT,2015-04,Y,30,N,,N,fred_api_key,,Medium,"FRED provides the Trade Weighted U.S. Dollar Index: Broad, Goods and Services (DTWEXBGS) which is th",2,0.95
INDIA_PLATINUM_JEWELRY_DEMAND_INDIACHINA,Platinum,Jewelry demand (India/China),India,3,Medium,,World Platinum Investment Council (WPIC),https://www.platinuminvestment.com/supply-and-demand/quarterly-review,Quarterly platinum demand reports - jewelry demand by region,file_download,Quarterly,sum,USD/MT,2015-04,Y,30,N,,N,,,Medium,WPIC publishes quarterly platinum market reports with regional jewelry demand breakdowns including I,2,0.65
US_PLATINUM_NYMEX_PLATINUM_FUTURES_SETTLEMENT_PRICE_SPOT_BENCHMARK,Platinum,NYMEX Platinum futures settlement price (spot benchmark),US,4,High,,CME Group,https://www.cmegroup.com/markets/metals/precious/platinum.html,https://www.cmegroup.com/markets/metals/precious/platinum.html#settlementPrice,paid_or_restricted,Daily,last,USD/MT,2015-04,Y,30,N,,N,,,Medium,CME Group publishes NYMEX platinum futures settlement prices but requires paid market data subscript,2,0.75
NORTH_AMERICA_PLATINUM_HYDROGEN_FUEL_CELL_VEHICLE_ADOPTION,Platinum,Hydrogen fuel cell vehicle adoption,North America,1,High,,U.S. Department of Energy Alternative Fuels Data Center,https://afdc.energy.gov/data/,https://afdc.energy.gov/data/10861,file_download,Annual,last,USD/MT,2015-04,Y,30,N,,N,,,Medium,"DOE AFDC tracks hydrogen fuel cell vehicle registrations and sales in North America, providing annua",2,0.75
NORTH_AMERICA_PLATINUM_PALLADIUMPLATINUM_SUBSTITUTION_IN_AUTOCATALYSTS,Platinum,Palladium-platinum substitution in autocatalysts,North America,2,Medium,,U.S. Geological Survey (USGS) Mineral Commodity Summaries,https://www.usgs.gov/centers/national-minerals-information-center/mineral-commodity-summaries,https://pubs.usgs.gov/periodicals/mcs2024/mcs2024.pdf,file_download,Annual,last,USD/MT,2015-04,Y,30,N,,N,,,Medium,USGS publishes annual data on platinum group metals including autocatalyst consumption patterns and ,2,0.65
SOUTH_AFRICA_PLATINUM_EXCHANGE_RATE_USDZAR,Platinum,Exchange Rate - USD/ZAR,South Africa,1,High,fred,Federal Reserve Economic Data (FRED),https://fred.stlouisfed.org/series/DEXSFUS,DEXSFUS,api_key,Daily,mean,USD/MT,2015-04,Y,30,N,,N,fred_api_key,,Medium,FRED provides free daily USD/ZAR exchange rates via their well-documented API with the series code D,2,0.95
US_PLATINUM_US_INTEREST_RATES,Platinum,US Interest Rates,US,4,High,fred,Federal Reserve Economic Data (FRED),https://fred.stlouisfed.org/series/DFF,DFF,api_key,Daily,mean,USD/MT,2015-04,Y,30,N,,N,fred_api_key,,Medium,"FRED provides the Federal Funds Effective Rate (DFF) as the primary US interest rate benchmark, free",2,0.95
US_PLATINUM_US_EQUITY_INDEX,Platinum,US Equity Index,US,1,High,fred,Federal Reserve Economic Data (FRED),https://fred.stlouisfed.org/series/SP500,SP500,open_api,Daily,last,USD/MT,2015-04,Y,30,N,,N,fred_api_key,,Medium,"FRED provides free API access to S&P 500 index data, the primary US equity benchmark relevant for pl",2,0.95
NORTH_AMERICA_FERROTUNGSTEN_FERROTUNGSTEN,Ferro-Tungsten,Ferro-Tungsten,North America,3,Medium,,U.S. Geological Survey (USGS) Mineral Commodity Summaries,https://www.usgs.gov/centers/national-minerals-information-center/tungsten-statistics-and-information,https://www.usgs.gov/centers/national-minerals-information-center/tungsten-statistics-and-information,file_download,Annual,mean,USD/MT,2018-01,Y,30,N,,N,,,Medium,USGS publishes annual tungsten price data including ferro-tungsten in their Mineral Commodity Summar,2,0.65
CHINA_FERROTUNGSTEN_CHINA_TUNGSTEN_MINING_QUOTAS,Ferro-Tungsten,China tungsten mining quotas,China,3,Medium,,China Ministry of Natural Resources,https://www.mnr.gov.cn/,https://www.mnr.gov.cn/ - search for tungsten mining quota announcements (钨矿开采总量控制指标),file_download,Annual,last,USD/MT,2018-01,Y,30,N,,N,,,Medium,"China's Ministry of Natural Resources publishes annual tungsten mining quota announcements, but thes",2,0.65
NORTH_AMERICA_FERROTUNGSTEN_AMMONIUM_PARATUNGSTATE_APT_PRICE,Ferro-Tungsten,Ammonium paratungstate (APT) price,North America,3,Medium,,U.S. Geological Survey (USGS) Mineral Commodity Summaries,https://www.usgs.gov/centers/national-minerals-information-center/tungsten-statistics-and-information,https://www.usgs.gov/centers/national-minerals-information-center/tungsten-statistics-and-information,file_download,Annual,mean,USD/MT,2018-01,Y,30,N,,N,,,Medium,"USGS publishes annual tungsten price data including APT prices for North America, but requires manua",2,0.65
NORTH_AMERICA_FERROTUNGSTEN_TUNGSTEN_CONCENTRATE_PRICE,Ferro-Tungsten,Tungsten concentrate price,North America,3,Medium,,USGS Mineral Commodity Summaries,https://www.usgs.gov/centers/national-minerals-information-center/mineral-commodity-summaries,https://pubs.usgs.gov/periodicals/mcs2024/mcs2024.pdf,file_download,Annual,mean,USD/MT,2018-01,Y,30,N,,N,,,Medium,"USGS publishes annual tungsten concentrate price data in their Mineral Commodity Summaries, though i",2,0.65
NORTH_AMERICA_FERROTUNGSTEN_NORTH_AMERICA_CUTTING_TOOL_CARBIDE_INDUSTRY_DEMAND_AEROSPACEDEFENSEMACHINING,Ferro-Tungsten,North America cutting tool & carbide industry demand (aerospace/defense/machining),North America,2,High,,U.S. Geological Survey (USGS) Mineral Commodity Summaries,https://www.usgs.gov/centers/national-minerals-information-center/tungsten-statistics-and-information,https://www.usgs.gov/centers/national-minerals-information-center/tungsten-statistics-and-information,file_download,Annual,last,USD/MT,2018-01,Y,30,N,,N,,,Medium,USGS publishes annual tungsten consumption data by end-use sector including cutting tools and carbid,2,0.72
CHINA_FERROTUNGSTEN_CHINA_EXPORT_TAXQUOTA_POLICY,Ferro-Tungsten,China export tax/quota policy,China,2,High,china_customs,China Customs (General Administration of Customs of China),http://english.customs.gov.cn/Statics/,"HS_CODE:7202.80|TRADE_TYPE:export|MEASURE:tax_rate,quota_volume",file_download,Monthly,last,USD/MT,2018-01,Y,30,N,,N,,,Medium,China Customs publishes export statistics including tax rates and quota information for ferro-alloys,2,0.75
NORTH_AMERICA_FERROTUNGSTEN_NORTH_AMERICA_TUNGSTEN_SCRAP_RECYCLING_RATE,Ferro-Tungsten,North America tungsten scrap recycling rate,North America,3,Medium,,U.S. Geological Survey (USGS) Mineral Commodity Summaries,https://www.usgs.gov/centers/national-minerals-information-center/tungsten-statistics-and-information,https://www.usgs.gov/centers/national-minerals-information-center/tungsten-statistics-and-information,file_download,Annual,last,USD/MT,2018-01,Y,30,N,,N,,,Medium,USGS publishes annual tungsten recycling statistics including scrap recovery rates for the United St,2,0.65
CHINA_FERROTUNGSTEN_CHINA_INDUSTRIAL_ELECTRICITY_COST,Ferro-Tungsten,China industrial electricity cost,China,3,Medium,,China National Bureau of Statistics,https://data.stats.gov.cn/english/easyquery.htm?cn=C01,Industrial electricity price index or average industrial electricity tariff data,multipage_scrape,Monthly,mean,USD/MT,2018-01,Y,30,N,,N,,,Medium,NBS publishes industrial electricity cost data but web interface requires manual navigation and may ,2,0.65
NORTH_AMERICA_FERROTUNGSTEN_NORTH_AMERICA_AEROSPACE_DEFENSE_DEMAND_BOEINGLOCKHEED_SUPPLY_CHAIN,Ferro-Tungsten,North America aerospace & defense demand (Boeing/Lockheed supply chain),North America,4,High,,U.S. Census Bureau - USA Trade Online,https://usatrade.census.gov/,HTS 8101.94 (Ferro-tungsten imports/exports),paid_or_restricted,Monthly,sum,USD/MT,2018-01,Y,30,N,,N,,,Medium,Census trade data tracks ferro-tungsten flows (HTS 8101.94) which correlate with aerospace manufactu,2,0.72
NORTH_AMERICA_FERROTUNGSTEN_CHINESE_DOMESTIC_TOOLINGCUTTING_INDUSTRY_DEMAND,Ferro-Tungsten,Chinese domestic tooling/cutting industry demand,North America,3,Medium,,U.S. Geological Survey (USGS) Mineral Commodity Summaries,https://www.usgs.gov/centers/national-minerals-information-center/tungsten-statistics-and-information,https://www.usgs.gov/centers/national-minerals-information-center/tungsten-statistics-and-information,file_download,Annual,last,USD/MT,2018-01,Y,30,N,,N,,,Medium,USGS provides annual tungsten trade and consumption statistics including ferro-tungsten imports/expo,2,0.40
GLOBAL_FERROTUNGSTEN_SUBSTITUTE_HARD_METAL_MOLYBDENUM_PRICES,Ferro-Tungsten,Substitute hard metal (molybdenum) prices,Global,4,Medium,,London Metal Exchange (LME),https://www.lme.com/en/Metals/Minor-metals/Molybdenum,LME Molybdenum official settlement prices,paid_or_restricted,Daily,mean,USD/MT,2018-01,Y,30,N,,N,,,Medium,"LME provides molybdenum pricing as a substitute hard metal for ferro-tungsten, but real-time data re",2,0.45
NORTH_AMERICA_FERROTUNGSTEN_FEEDSTOCK_IRON_OREFE_SCRAP,Ferro-Tungsten,Feedstock - Iron Ore/Fe Scrap,North America,3,Medium,,U.S. Geological Survey (USGS) Mineral Commodity Summaries,https://www.usgs.gov/centers/national-minerals-information-center/iron-and-steel-statistics-and-information,https://www.usgs.gov/centers/national-minerals-information-center/iron-and-steel-statistics-and-information,file_download,Annual,mean,USD/MT,2018-01,Y,30,N,,N,,,Medium,"USGS provides annual iron ore and steel scrap price data for North America, though ferro-tungsten fe",2,0.65
NORTH_AMERICA_FERROTUNGSTEN_TRADE_IMPORTSEXPORTS,Ferro-Tungsten,Trade - Imports/Exports,North America,4,High,un_comtrade,UN Comtrade,https://comtradeplus.un.org/,"HS_code=720260&reporter=USA,CAN,MEX&flow=import,export&freq=M",api_key,Monthly,sum,USD/MT,2018-01,Y,30,N,,N,comtrade_api_key,,Medium,UN Comtrade provides comprehensive trade data for ferro-tungsten (HS 720260) covering North American,2,0.85
CHINA_FERROTUNGSTEN_COMPETITOR_COUNTRY_FERROTUNGSTEN_PRICE_CHINAMAJOR_EXPORTER,Ferro-Tungsten,Competitor Country - Ferro-Tungsten price - China(Major exporter),China,2,High,china_customs,China Customs,http://www.customs.gov.cn/customs/302249/zfxxgk/2799825/302274/302277/index.html,HS_CODE:7202800000,file_download,Monthly,mean,USD/MT,2018-01,Y,30,N,,N,,,Medium,China Customs publishes monthly export data for ferro-tungsten (HS 7202.80) including value and quan,2,0.75
EUROPE_ALUMINUM_ALUMINUM,Aluminum,Aluminum,Europe,4,High,,London Metal Exchange (LME),https://www.lme.com/en/Metals/Non-ferrous/Aluminium,https://www.lme.com/en/Metals/Non-ferrous/Aluminium#Price+graphs,paid_or_restricted,Daily,mean,USD/MT,2015-01,Y,30,N,,N,,,Medium,"LME is the primary price benchmark for aluminum in Europe, but real-time data requires paid subscrip",2,0.75
GLOBAL_ALUMINUM_LME_ALUMINUM_INVENTORIES,Aluminum,LME aluminum inventories,Global,3,High,,London Metal Exchange (LME),https://www.lme.com/en/Metals/Non-ferrous/LME-Aluminium#Stock+levels,https://www.lme.com/en/Metals/Non-ferrous/LME-Aluminium,open_api,Daily,last,USD/MT,2015-01,Y,30,N,,N,,,Medium,LME publishes daily aluminum inventory data on their website but requires web scraping as they don't,2,0.75
EUROPE_ALUMINUM_ALUMINA_PRICE,Aluminum,Alumina price,Europe,4,Medium,,London Metal Exchange (LME),https://www.lme.com/en/Metals/Non-ferrous/Aluminium,LME Aluminium contract prices,paid_or_restricted,Daily,mean,USD/MT,2015-01,Y,30,N,,N,,,Medium,"LME is the primary European aluminum price benchmark, but alumina (aluminum oxide feedstock) prices ",2,0.40
EU_ALUMINUM_GERMANYEU_INDUSTRIAL_ELECTRICITY_COST_SMELTING,Aluminum,Germany/EU industrial electricity cost (smelting),EU,2,High,,Eurostat,https://ec.europa.eu/eurostat/databrowser/view/nrg_pc_205/default/table,nrg_pc_205,api_key,Monthly,mean,USD/MT,2015-01,Y,30,N,,N,,,Medium,Eurostat provides industrial electricity prices by consumption band including energy-intensive indus,2,0.75
CHINA_ALUMINUM_CHINA_PRODUCTION_CURBSPOLICY,Aluminum,China production curbs/policy,China,3,High,,National Bureau of Statistics of China,https://data.stats.gov.cn/english/easyquery.htm?cn=A01,Monthly aluminum production data (metric tons),multipage_scrape,Monthly,sum,USD/MT,2015-01,Y,30,N,,N,,,Medium,NBS China publishes official monthly aluminum production statistics which directly reflect productio,2,0.72
EU_ALUMINUM_EUGERMANY_AUTO_CONSTRUCTION_DEMAND,Aluminum,EU/Germany auto & construction demand,EU,4,High,,Eurostat,https://ec.europa.eu/eurostat/databrowser/view/STS_INPR_M__custom_14449953/default/table,sts_inpr_m?indic_bt=PROD&nace_r2=C29.1&s_adj=NSA&unit=I15,api_key,Monthly,mean,USD/MT,2015-01,Y,30,N,,N,,,Medium,Eurostat's production index for motor vehicles (C29.1) serves as a proxy for automotive aluminum dem,2,0.75
GLOBAL_ALUMINUM_US_DOLLAR_INDEX_DXY,Aluminum,US Dollar Index (DXY),Global,1,High,fred,Federal Reserve Economic Data (FRED),https://fred.stlouisfed.org/series/DTWEXBGS,DTWEXBGS,api_key,Daily,mean,USD/MT,2015-01,Y,30,N,,N,fred_api_key,,Medium,"FRED provides the Trade Weighted U.S. Dollar Index: Broad, Goods and Services (DTWEXBGS) which is a ",2,0.95
AUSTRALIA_ALUMINUM_BAUXITE_SUPPLY_GUINEA_AUSTRALIA,Aluminum,"Bauxite supply (Guinea, Australia)",Australia,2,Medium,,Australian Bureau of Statistics,https://www.abs.gov.au/statistics/industry/mining/mining-operations-australia/latest-release,https://www.abs.gov.au/statistics/industry/mining/mining-operations-australia,file_download,Quarterly,mean,USD/MT,2015-01,Y,30,N,,N,,,Medium,"ABS publishes quarterly mining operations data including bauxite production volumes for Australia, t",2,0.65
GLOBAL_ALUMINUM_LME_ALUMINUM_CASHOFFICIAL_SETTLEMENT_PRICE_SPOT,Aluminum,LME aluminum cash/official settlement price (spot),Global,4,High,,London Metal Exchange (LME),https://www.lme.com/en/Metals/Non-ferrous/Aluminium,LME official settlement price data requires subscription,paid_or_restricted,Daily,last,USD/MT,2015-01,Y,30,N,,N,,,Medium,LME is the authoritative source for aluminum cash/settlement prices but requires paid subscription; ,2,0.95
EU_ALUMINUM_EU_RECYCLEDSECONDARY_ALUMINUM_SUPPLY_EU_CIRCULAR_ECONOMY_TARGETS,Aluminum,EU recycled/secondary aluminum supply (EU Circular Economy targets),EU,1,High,,Eurostat,https://ec.europa.eu/eurostat/databrowser/view/ENV_WASELEEOS/default/table,https://ec.europa.eu/eurostat/api/dissemination/sdmx/2.1/data/ENV_WASELEEOS/?format=JSON&waste=ALU&geo=EU27_2020,api_key,Annual,sum,USD/MT,2015-01,Y,30,N,,N,,,Medium,Eurostat publishes official EU waste and recycling statistics including aluminum recovery under circ,2,0.75
EU_ALUMINUM_EU_BEVERAGE_CAN_SHEETPACKAGING_DEMAND,Aluminum,EU beverage can sheet/packaging demand,EU,2,High,,Eurostat,https://ec.europa.eu/eurostat/databrowser/view/DS-056120/default/table,DS-056120,api_key,Monthly,sum,USD/MT,2015-01,Y,30,N,,N,,,Medium,Eurostat PRODCOM database tracks EU manufacturing production including metal packaging (CPA 25.92) w,2,0.72
GLOBAL_ALUMINUM_LME_PREMIUM,Aluminum,LME Premium,Global,4,Medium,,London Metal Exchange (LME),https://www.lme.com/en/Metals/Non-ferrous/Aluminium,https://www.lme.com/en/Metals/Non-ferrous/Aluminium#Price+graphs,paid_or_restricted,Daily,last,USD/MT,2015-01,Y,30,N,,N,,,Medium,LME premium data is proprietary and requires paid subscription; no free public API exists for offici,2,0.40
EUROPE_ALUMINUM_ALUMNIM_PRODUCTION_PPI,Aluminum,Alumnim Production PPI,Europe,4,High,,Eurostat,https://ec.europa.eu/eurostat/web/short-term-business-statistics/data/database,sts_inpp_m NACE C24.42 (Aluminum production),api_key,Monthly,mean,USD/MT,2015-01,Y,30,N,,N,,,Medium,Eurostat provides Producer Price Indices for manufacturing sectors including aluminum production (NA,2,0.75
EU_ALUMINUM_MACRO_EXCHNAGE_RATE_EURUSD,Aluminum,Macro - Exchnage Rate - EUR/USD,EU,1,High,frankfurter,European Central Bank,https://data.ecb.europa.eu/,EUR,open_api,Daily,mean,USD/MT,2015-01,Y,30,N,,N,,,Medium,"The Frankfurter API provides free, open access to ECB foreign exchange reference rates including EUR",2,0.95
EUROPE_ALUMINUM_TRADE_VOLUME_IMPORTSEXPORTS,Aluminum,Trade Volume - Imports/Exports,Europe,4,High,un_comtrade,UN Comtrade,https://comtradeplus.un.org/,"commodity_code=7601,7602,7603,7604,7605,7606,7607,7608,7609,7610,7611,7612,7613,7614,7615,7616&reporter=all_europe&flow=import,export&frequency=monthly",api_key,Monthly,sum,USD/MT,2015-01,Y,30,N,,N,comtrade_api_key,,Medium,UN Comtrade provides comprehensive aluminum trade data (HS codes 76xx) for European countries with q,2,0.92
NORTH_AMERICA_GOLD_GOLD,Gold,Gold,North America,4,High,fred,Federal Reserve Economic Data (FRED),https://fred.stlouisfed.org/series/GOLDAMGBD228NLBM,GOLDAMGBD228NLBM,api_key,Daily,last,USD/OZ,2015-01,Y,30,N,,N,fred_api_key,,Medium,"FRED provides daily gold prices in USD per troy ounce from the London Bullion Market, globally recog",2,0.95
US_GOLD_US_REAL_INTEREST_RATES_TIPS_YIELD,Gold,US real interest rates (TIPS yield),US,1,High,fred,Federal Reserve Economic Data (FRED),https://fred.stlouisfed.org/series/DFII10,DFII10,open_api,Daily,last,USD/OZ,2015-01,Y,30,N,,N,fred_api_key,,Medium,FRED provides the 10-Year Treasury Inflation-Indexed Security (TIPS) constant maturity yield as a di,2,0.95
GLOBAL_GOLD_US_DOLLAR_INDEX_DXY,Gold,US Dollar Index (DXY),Global,1,High,fred,Federal Reserve Economic Data (FRED),https://fred.stlouisfed.org/series/DTWEXBGS,DTWEXBGS,api_key,Daily,mean,USD/OZ,2015-01,Y,30,N,,N,fred_api_key,,Medium,"FRED provides the Trade Weighted U.S. Dollar Index: Broad, Goods and Services (DTWEXBGS) which is th",2,0.95
GLOBAL_GOLD_CENTRAL_BANK_GOLD_PURCHASES,Gold,Central bank gold purchases,Global,4,High,,World Gold Council,https://www.gold.org/goldhub/data/gold-demand-and-supply-statistics,https://www.gold.org/goldhub/data/gold-demand-and-supply-statistics,paid_or_restricted,Quarterly,sum,USD/OZ,2015-01,Y,30,N,,N,,,Medium,"World Gold Council publishes authoritative central bank gold purchase data quarterly, but requires r",2,0.75
GLOBAL_GOLD_GOLD_ETF_HOLDINGS_EG_GLD,Gold,Gold ETF holdings (e.g. GLD),Global,4,High,,World Gold Council,https://www.gold.org/goldhub/data/gold-etf-holdings-and-flows,https://www.gold.org/goldhub/data/gold-etf-holdings-and-flows,paid_or_restricted,Daily,last,USD/OZ,2015-01,Y,30,N,,N,,,Medium,World Gold Council publishes authoritative global gold ETF holdings data but requires registration/s,2,0.75
US_GOLD_US_INFLATION_EXPECTATIONS_BREAKEVEN_RATE,Gold,US inflation expectations (breakeven rate),US,1,High,fred,Federal Reserve Economic Data (FRED),https://fred.stlouisfed.org/series/T5YIE,T5YIE,api_key,Daily,last,USD/OZ,2015-01,Y,30,N,,N,fred_api_key,,Medium,"FRED provides the 5-Year Breakeven Inflation Rate (T5YIE) derived from Treasury securities, which is",2,0.95
GLOBAL_GOLD_GEOPOLITICAL_RISK_INDEX,Gold,Geopolitical risk index,Global,1,High,fred,Federal Reserve Economic Data (FRED),https://fred.stlouisfed.org/series/GEPUCURRENT,GEPUCURRENT,api_key,Monthly,mean,USD/OZ,2015-01,Y,30,N,,N,fred_api_key,,Medium,"FRED hosts the Geopolitical Risk Index developed by Caldara and Iacoviello, which is the authoritati",2,0.95
NORTH_AMERICA_GOLD_MINE_SUPPLY_VOLUMES,Gold,Mine supply volumes,North America,2,High,,U.S. Geological Survey (USGS) Mineral Commodity Summaries,https://www.usgs.gov/centers/national-minerals-information-center/gold-statistics-and-information,https://www.usgs.gov/centers/national-minerals-information-center/gold-statistics-and-information,file_download,Annual,sum,USD/OZ,2015-01,Y,30,N,,N,,,Medium,"USGS publishes annual mine production data for gold by country including US and Canada, freely acces",2,0.75
GLOBAL_GOLD_COMEX_SPECULATIVE_POSITIONING_CFTC_COT,Gold,COMEX speculative positioning (CFTC COT),Global,1,High,,U.S. Commodity Futures Trading Commission (CFTC),https://www.cftc.gov/MarketReports/CommitmentsofTraders/index.htm,https://www.cftc.gov/dea/newcot/deacot.htm,file_download,Weekly,last,USD/OZ,2015-01,Y,30,N,,N,,,Medium,CFTC publishes weekly Commitments of Traders reports with COMEX gold futures positioning data in sta,2,0.95
INDIA_GOLD_INDIACHINA_JEWELRY_DEMAND_SEASONALITY,Gold,India/China jewelry demand seasonality,India,4,Medium,,World Gold Council,https://www.gold.org/goldhub/data/gold-demand-trends,https://www.gold.org/goldhub/data/gold-demand-trends,paid_or_restricted,Quarterly,sum,USD/OZ,2015-01,Y,30,N,,N,,,Medium,"World Gold Council publishes authoritative quarterly jewelry demand data by country including India,",2,0.65
GLOBAL_GOLD_GOLDSILVER_PRICE_RATIO,Gold,Gold/silver price ratio,Global,4,High,fred,FRED (Federal Reserve Economic Data),https://fred.stlouisfed.org/series/GOLDAMGBD228NLBM,"GOLDAMGBD228NLBM,SLVPRUSD",api_key,Daily,mean,USD/OZ,2015-01,Y,30,N,,N,fred_api_key,,Medium,"FRED provides both gold (GOLDAMGBD228NLBM) and silver (SLVPRUSD) prices in USD/oz, allowing calculat",2,0.92
GLOBAL_GOLD_STCOKS_COMEX_WAREHOUSE_STOCKS,Gold,Stcoks - COMEX warehouse stocks,Global,2,High,,CME Group,https://www.cme.com/market-data/reports.html,https://www.cme.com/delivery_reports/Gold_stocks.xls,file_download,Daily,last,USD/OZ,2015-01,Y,30,N,,N,,,Medium,"CME Group publishes daily COMEX warehouse stocks for gold in downloadable format, though this measur",2,0.85
US_GOLD_MACRO_US_EQUITY_INDEX,Gold,Macro - US Equity Index,US,1,High,fred,Federal Reserve Economic Data (FRED),https://fred.stlouisfed.org/series/SP500,SP500,api_key,Daily,last,USD/OZ,2015-01,Y,30,N,,N,fred_api_key,,Medium,"FRED provides free S&P 500 index data via API with simple registration, making it the most reliable ",2,0.95
EUROPE_FERROCHROME_FERROCHROME,Ferrochrome,Ferrochrome,Europe,4,Medium,,London Metal Exchange (LME),https://www.lme.com/en/Metals/Minor-metals/LME-Ferrochrome,https://www.lme.com/en/Metals/Minor-metals/LME-Ferrochrome,paid_or_restricted,Daily,mean,USD/MT,2015-01,Y,30,N,,N,,,Medium,LME launched ferrochrome futures in 2021 but pricing data requires paid subscription; no free public,2,0.40
SOUTH_AFRICA_FERROCHROME_SOUTH_AFRICA_KAZAKHSTAN_CHROME_ORE_PRODUCTION,Ferrochrome,South Africa & Kazakhstan chrome ore production,South Africa,2,High,,U.S. Geological Survey (USGS) Mineral Commodity Summaries,https://www.usgs.gov/centers/national-minerals-information-center/chromium-statistics-and-information,https://www.usgs.gov/centers/national-minerals-information-center/chromium-statistics-and-information,file_download,Annual,sum,USD/MT,2015-01,Y,30,N,,N,,,Medium,USGS publishes annual chromium ore production statistics by country including South Africa and Kazak,2,0.75
SOUTH_AFRICA_FERROCHROME_SOUTH_AFRICA_ELECTRICITY_PRICE_ESKOM_TARIFFS,Ferrochrome,South Africa electricity price (Eskom tariffs),South Africa,3,High,,National Energy Regulator of South Africa (NERSA),https://www.nersa.org.za/,https://www.nersa.org.za/electricity/,file_download,Annual,last,USD/MT,2015-01,Y,30,N,,N,,,Medium,"NERSA publishes official Eskom tariff decisions annually, but data requires manual extraction from P",2,0.75
CHINA_FERROCHROME_CHINA_STAINLESS_STEEL_PRODUCTION,Ferrochrome,China stainless steel production,China,2,High,,National Bureau of Statistics of China,https://data.stats.gov.cn/english/easyquery.htm?cn=C01,https://data.stats.gov.cn/english/easyquery.htm?cn=C01&zb=A0E0H&sj=2023,open_api,Monthly,sum,USD/MT,2015-01,Y,30,N,,N,,,Medium,"NBS China publishes monthly stainless steel production data in their industrial output statistics, t",2,0.75
EUROPE_FERROCHROME_CHROME_ORE_PRICE,Ferrochrome,Chrome ore price,Europe,1,High,worldbank_pinksheet,World Bank Commodity Markets (Pink Sheet),https://www.worldbank.org/en/research/commodity-markets,CHROMIUM_ORE,open_api,Monthly,mean,USD/MT,2015-01,Y,30,N,,N,,,Medium,World Bank Pink Sheet provides monthly chromium ore prices in USD/MT with global coverage including ,2,0.85
SOUTH_AFRICA_FERROCHROME_SOUTH_AFRICA_EXPORTENERGY_POLICY,Ferrochrome,South Africa export/energy policy,South Africa,3,Medium,,South African Revenue Service (SARS) Trade Statistics,https://www.sars.gov.za/customs-and-excise/trade-statistics/,HS code 7202.41 (Ferrochromium containing by weight more than 4% of carbon),file_download,Monthly,sum,USD/MT,2015-01,Y,30,N,,N,,,Medium,"SARS publishes monthly trade statistics including ferrochrome exports (major HS 7202 category), thou",2,0.65
EU_FERROCHROME_EUROTTERDAM_IMPORT_HANDLING_ENERGY_COST_FERROCHROME,Ferrochrome,EU/Rotterdam import & handling energy cost (ferrochrome),EU,1,Medium,eia,U.S. Energy Information Administration (EIA),https://www.eia.gov/dnav/pet/pet_pri_wco_k_w.htm,PET.RBRTE.W,open_api,Weekly,mean,USD/MT,2015-01,Y,30,N,,N,eia_api_key,,Medium,EIA provides Rotterdam petroleum product prices which serve as a proxy for EU energy costs affecting,2,0.65
EU_FERROCHROME_EU_STAINLESS_STEEL_DEMAND_GERMANYROTTERDAM_MARKET,Ferrochrome,EU stainless steel demand (Germany/Rotterdam market),EU,2,High,,Eurostat,https://ec.europa.eu/eurostat/web/prodcom/data/database,PRODCOM dataset DS-056120 (Stainless steel production),api_key,Monthly,sum,USD/MT,2015-01,Y,30,N,,N,,,Medium,"Eurostat PRODCOM provides monthly EU stainless steel production data as a proxy for demand, accessib",2,0.75
GLOBAL_FERROCHROME_OCEAN_FREIGHT_RATES,Ferrochrome,Ocean freight rates,Global,4,Medium,,Baltic Exchange,https://www.balticexchange.com/en/data-services/market-information0/indices.html,Baltic Dry Index (BDI) or Baltic Capesize Index,paid_or_restricted,Daily,mean,USD/MT,2015-01,Y,30,N,,N,,,Medium,Baltic Exchange provides the primary ocean freight indices but requires paid subscription; no free p,2,0.40
GLOBAL_FERROCHROME_NICKEL_PRICE_COMPETING_STAINLESS_ALLOYING_ELEMENT,Ferrochrome,Nickel price (competing stainless alloying element),Global,4,High,,London Metal Exchange (LME),https://www.lme.com/Metals/Minor-metals/Nickel,LME Nickel 3-month settlement prices,paid_or_restricted,Daily,mean,USD/MT,2015-01,Y,30,N,,N,,,Medium,"LME is the primary global price benchmark for nickel used in stainless steel production, though real",2,0.85
INDIA_FERROCHROME_INDIACHINA_STAINLESS_STEEL_CAPACITY_EXPANSION,Ferrochrome,India/China stainless steel capacity expansion,India,3,Medium,,Indian Bureau of Mines,https://ibm.gov.in/,https://ibm.gov.in/index.php?c=pages&m=index&id=298,file_download,Annual,last,USD/MT,2015-01,Y,30,N,,N,,,Medium,Indian Bureau of Mines publishes annual mineral statistics including ferrochrome production capacity,2,0.65
EUROPE_FERROCHROME_FEEDSTOCK_METALLURGICAL_COKE,Ferrochrome,Feedstock - Metallurgical Coke,Europe,1,Medium,eia,U.S. Energy Information Administration (EIA),https://www.eia.gov/coal/data.php,COAL.PRICES.WORLD-METALLURGICAL_COAL-PRICE.M,api_key,Monthly,mean,USD/MT,2015-01,Y,30,N,,N,eia_api_key,,Medium,EIA provides international coal price data including metallurgical coal which is the primary feedsto,2,0.65
EU_FERROCHROME_COKE_PPI_EUSOUTH_AFRICA,Ferrochrome,Coke PPI - EU/South Africa,EU,4,Medium,,Eurostat,https://ec.europa.eu/eurostat/web/hicp/data/database,sts_inpp_m NACE C19.1 (Manufacture of coke oven products),api_key,Monthly,mean,USD/MT,2015-01,Y,30,N,,N,,,Medium,"Eurostat publishes Producer Price Indices for coke manufacturing (NACE C19.1) for EU countries, thou",2,0.65
EUROPE_FERROCHROME_DOWNSTREAM_STAINLESS_STEEL_PRICE_EU,Ferrochrome,Downstream - Stainless Steel Price - EU,Europe,4,Medium,,London Metal Exchange (LME),https://www.lme.com/en/Metals/Minor-metals/LME-Ferrochrome,LME Ferrochrome contract settlement prices,paid_or_restricted,Daily,mean,USD/MT,2015-01,Y,30,N,,N,,,Medium,LME offers ferrochrome pricing but requires paid subscription; no free public API exists for EU stai,2,0.40
EU_FERROCHROME_DEMAND_BASIC_IRON_AND_STEEL_EU_PPI,Ferrochrome,Demand - Basic iron and steel EU - PPI,EU,1,High,,Eurostat,https://ec.europa.eu/eurostat/web/short-term-business-statistics/data/database,sts_inpp_m NACE C24.1 (Manufacture of basic iron and steel),api_key,Monthly,mean,USD/MT,2015-01,Y,30,N,,N,,,Medium,Eurostat provides free Producer Price Index data for basic iron and steel manufacturing (NACE C24.1),2,0.85
INDIA_CARBON_STEEL_CARBON_STEEL,Carbon Steel,Carbon Steel,India,3,Medium,,"Ministry of Steel, Government of India",https://steel.gov.in/statistics,https://steel.gov.in/statistics,file_download,Monthly,mean,INR/MT,2018-01,Y,30,N,,N,,,Medium,"Ministry of Steel publishes steel price and production statistics for India, though data typically r",2,0.65
INDIA_CARBON_STEEL_INDIA_DOMESTIC_IRON_ORE_PRICE_NMDCODISHA,Carbon Steel,India domestic iron ore price (NMDC/Odisha),India,3,High,,NMDC Limited,https://www.nmdc.co.in/iron-ore-prices,https://www.nmdc.co.in/iron-ore-prices,open_api,Event,last,INR/MT,2018-01,Y,30,N,,N,,,Medium,NMDC publishes official iron ore prices on their website which are revised periodically based on mar,2,0.75
AUSTRALIA_CARBON_STEEL_INDIA_COKING_COAL_IMPORT_PRICE_AUSTRALIAORIGIN_LANDED_COST,Carbon Steel,"India coking coal import price (Australia-origin, landed cost)",Australia,4,High,,India Ministry of Commerce & Industry - Department of Commerce,https://tradestat.commerce.gov.in/,"HS Code 2701 (Coking Coal), Country: Australia, Import values and quantities",login,Monthly,mean,INR/MT,2018-01,Y,30,N,,N,,,Medium,"India's official trade statistics portal provides import data by HS code and origin country, allowin",2,0.72
INDIA_CARBON_STEEL_INDIA_CRUDE_STEEL_PRODUCTION_MANUFACTURING_PMI_CHINA_RETAINED_AS_GLOBAL_SWINGDEMAND_CONTEXT,Carbon Steel,India crude steel production & manufacturing PMI (China retained as global swing-demand context),India,3,High,,"Ministry of Steel, Government of India",https://steel.gov.in/statistics,https://steel.gov.in/statistics/monthly-production-statistics,file_download,Monthly,sum,INR/MT,2018-01,Y,30,N,,N,,,Medium,"Ministry of Steel publishes official monthly crude steel production data for India, though typically",2,0.75
INDIA_CARBON_STEEL_INDIA_SCRAP_STEEL_PRICE_DOMESTIC_IMPORT,Carbon Steel,India scrap steel price (domestic + import),India,4,Medium,,"Ministry of Commerce & Industry, Government of India",https://tradestat.commerce.gov.in/,https://tradestat.commerce.gov.in/eidb/default.asp,api_key,Monthly,mean,INR/MT,2018-01,Y,30,N,,N,,,Medium,Indian government trade statistics portal provides import data for scrap steel (HS code 7204) with v,2,0.65
INDIA_CARBON_STEEL_INDIA_CONSTRUCTION_INFRASTRUCTURE_DEMAND_GOVERNMENT_CAPEX,Carbon Steel,India construction & infrastructure demand (government capex),India,2,High,,Reserve Bank of India Database on Indian Economy,https://dbie.rbi.org.in/DBIE/dbie.rbi?site=statistics,Government Capital Expenditure series under Public Finance statistics,file_download,Quarterly,sum,INR/MT,2018-01,Y,30,N,,N,,,Medium,RBI publishes official government capital expenditure data quarterly which directly measures infrast,2,0.75
INDIA_CARBON_STEEL_INDIA_STEEL_IMPORT_TARIFFANTIDUMPING_POLICY_SAFEGUARD_DUTIES,Carbon Steel,India steel import tariff/anti-dumping policy (safeguard duties),India,3,High,,"Directorate General of Trade Remedies (DGTR), Ministry of Commerce and Industry, India",https://www.dgtr.gov.in/,https://www.dgtr.gov.in/notifications,open_api,Event,last,INR/MT,2018-01,Y,30,N,,N,,,Medium,"DGTR publishes official anti-dumping and safeguard duty notifications for steel imports, but data re",2,0.75
INDIA_CARBON_STEEL_INDIA_INDUSTRIAL_ELECTRICITY_COST_EAF_STEELMAKING,Carbon Steel,India industrial electricity cost (EAF steelmaking),India,3,Medium,,Central Electricity Authority of India,https://cea.nic.in/tariff-orders-and-tariff-petitions/?lang=en,https://cea.nic.in/tariff-orders-and-tariff-petitions/?lang=en,file_download,Annual,mean,INR/MT,2018-01,Y,30,N,,N,,,Medium,"CEA publishes industrial electricity tariff data for India, though EAF-specific rates require manual",2,0.65
GLOBAL_CARBON_STEEL_BALTIC_DRY_INDEX_FREIGHT,Carbon Steel,Baltic Dry Index (freight),Global,1,High,fred,Federal Reserve Economic Data (FRED),https://fred.stlouisfed.org/series/BDIY,BDIY,api_key,Daily,mean,INR/MT,2018-01,Y,30,N,,N,fred_api_key,,Medium,"FRED provides the Baltic Dry Index as a free daily series with API access, though it's in index poin",2,0.95
INDIA_CARBON_STEEL_INDIA_AUTOMOTIVE_PRODUCTION_VOLUMES_STEEL_DEMAND,Carbon Steel,India automotive production volumes (steel demand),India,3,High,,Society of Indian Automobile Manufacturers (SIAM),https://www.siam.in/statistics.aspx,https://www.siam.in/statistics.aspx?mpgid=8&pgidtrail=14,file_download,Monthly,sum,INR/MT,2018-01,Y,30,N,,N,,,Medium,SIAM publishes official Indian automotive production statistics monthly as downloadable Excel/PDF fi,2,0.75
EU_CARBON_STEEL_INDIA_STEEL_EXPORT_COMPETITIVENESS_TRADEDIVERSION_IMPACT_OF_USEU_TARIFFS,Carbon Steel,India steel export competitiveness (trade-diversion impact of US/EU tariffs),EU,4,High,un_comtrade,UN Comtrade,https://comtradeplus.un.org/,"reporter=699&partner=all&cmdCode=7208,7209,7210,7211,7212,7213,7214,7215,7216,7217&flowCode=X&freq=M",api_key,Monthly,sum,INR/MT,2018-01,Y,30,N,,N,comtrade_api_key,,Medium,UN Comtrade provides detailed bilateral trade data for Indian steel exports (HS codes 72xx) to measu,2,0.82
EUROPE_MAGNESIUM_STEARATE_MAGNESIUM_STEARATE,Magnesium Stearate,Magnesium Stearate,Europe,2,Low,worldbank_pinksheet,World Bank Commodity Markets (Pink Sheet),https://www.worldbank.org/en/research/commodity-markets,MAGNESIUM,file_download,Monthly,mean,USD/MT,2023-01,Y,30,N,,N,,,Medium,World Bank Pink Sheet covers industrial minerals but magnesium stearate specifically is not typicall,2,0.30
EUROPE_MAGNESIUM_STEARATE_PALM_OIL_STEARIC_ACID_PRICE,Magnesium Stearate,Palm oil / stearic acid price,Europe,1,High,worldbank_pinksheet,World Bank Commodity Price Data (Pink Sheet),https://www.worldbank.org/en/research/commodity-markets,PPOIL,open_api,Monthly,mean,USD/MT,2023-01,Y,30,N,,N,,,Medium,World Bank Pink Sheet provides monthly palm oil prices in USD/MT which is a primary feedstock for st,2,0.75
EUROPE_MAGNESIUM_STEARATE_MAGNESIUM_OXIDE_PRICE,Magnesium Stearate,Magnesium oxide price,Europe,4,Medium,,London Metal Exchange (LME),https://www.lme.com/Metals/Minor-metals/Magnesium,https://www.lme.com/Metals/Minor-metals/Magnesium,paid_or_restricted,Daily,mean,USD/MT,2023-01,Y,30,N,,N,,,Medium,LME provides magnesium pricing data for Europe but requires paid subscription; magnesium oxide prici,2,0.40
EU_MAGNESIUM_STEARATE_EU_PHARMACEUTICAL_NUTRACEUTICAL_DEMAND_GROWTH_EMAREGULATED_MARKET,Magnesium Stearate,EU pharmaceutical & nutraceutical demand growth (EMA-regulated market),EU,2,High,,Eurostat,https://ec.europa.eu/eurostat/databrowser/view/DS-066341/default/table,DS-066341,api_key,Monthly,sum,USD/MT,2023-01,Y,30,N,,N,,,Medium,"Eurostat's PRODCOM database tracks pharmaceutical excipient production volumes in the EU, which corr",2,0.72
CHINA_MAGNESIUM_STEARATE_CHINA_CHEMICAL_PRODUCTION_OUTPUT,Magnesium Stearate,China chemical production output,China,2,High,,National Bureau of Statistics of China,https://data.stats.gov.cn/english/easyquery.htm?cn=C01,https://data.stats.gov.cn/english/easyquery.htm?cn=C01&zb=A0E0H&sj=2023,open_api,Monthly,sum,USD/MT,2023-01,Y,30,N,,N,,,Medium,NBS China publishes monthly chemical industry output value and production indices which serve as pro,2,0.72
EU_MAGNESIUM_STEARATE_EUGERMANY_INDUSTRIAL_ENERGY_COST_PROCESSING,Magnesium Stearate,EU/Germany industrial energy cost (processing),EU,1,High,,Eurostat,https://ec.europa.eu/eurostat/web/energy/data/database,nrg_pc_204 (Electricity prices for industrial consumers) and nrg_pc_203 (Gas prices for industrial consumers),api_key,Monthly,mean,USD/MT,2023-01,Y,30,N,,N,,,Medium,"Eurostat provides official EU industrial energy price statistics via their API, covering electricity",2,0.85
EUROPE_MAGNESIUM_STEARATE_TALLOWVEGETABLE_OIL_FEEDSTOCK_PRICE,Magnesium Stearate,Tallow/vegetable oil feedstock price,Europe,1,High,worldbank_pinksheet,World Bank Commodity Markets (Pink Sheet),https://www.worldbank.org/en/research/commodity-markets,PVOIL,open_api,Monthly,mean,USD/MT,2023-01,Y,30,N,,N,,,Medium,World Bank Pink Sheet provides monthly vegetable oil price indices that serve as proxy for feedstock,2,0.72
EU_MAGNESIUM_STEARATE_EU_GMPREACH_COMPLIANCE_COST_CHANGES,Magnesium Stearate,EU GMP/REACH compliance cost changes,EU,3,Medium,,European Chemicals Agency (ECHA),https://echa.europa.eu/information-on-chemicals/registered-substances,https://echa.europa.eu/registration-dossier/-/registered-dossier/15560,open_api,Event,last,USD/MT,2023-01,Y,30,N,,N,,,Medium,"ECHA publishes REACH registration data and compliance updates for magnesium stearate (EC 215-693-7),",2,0.40
GLOBAL_MAGNESIUM_STEARATE_OCEAN_FREIGHT_RATES,Magnesium Stearate,Ocean freight rates,Global,2,Medium,,Drewry World Container Index,https://www.drewry.co.uk/supply-chain-advisors/supply-chain-expertise/world-container-index-weekly-update,https://www.drewry.co.uk/supply-chain-advisors/supply-chain-expertise/world-container-index-weekly-update,open_api,Weekly,mean,USD/MT,2023-01,Y,30,N,,N,,,Medium,"Drewry publishes a composite World Container Index tracking ocean freight rates across major routes,",2,0.65
EU_MAGNESIUM_STEARATE_EU_GENERIC_DRUG_MANUFACTURING_VOLUME_GROWTH,Magnesium Stearate,EU generic drug manufacturing volume growth,EU,2,High,,Eurostat,https://ec.europa.eu/eurostat/databrowser/view/DS-066341/default/table,DS-066341,api_key,Monthly,sum,USD/MT,2023-01,Y,30,N,,N,,,Medium,Eurostat's PRODCOM database tracks pharmaceutical product manufacturing volumes in the EU including ,2,0.72
EUROPE_MAGNESIUM_STEARATE_VEGETABLE_VS_ANIMALDERIVED_STEARIN_PRICE_SPREAD,Magnesium Stearate,Vegetable vs animal-derived stearin price spread,Europe,1,Medium,worldbank_pinksheet,World Bank Commodity Price Data (Pink Sheet),https://www.worldbank.org/en/research/commodity-markets,"PALM_OIL,SOYBEAN_OIL",open_api,Monthly,mean,USD/MT,2023-01,Y,30,N,,N,,,Medium,World Bank tracks palm oil and soybean oil prices which can serve as proxies for vegetable-derived s,2,0.45
EU_MAGNESIUM_STEARATE_TRADE_EU_IMPORTSEXPORTS,Magnesium Stearate,Trade - EU Imports/Exports,EU,4,High,,Eurostat Comext,https://ec.europa.eu/eurostat/web/international-trade-in-goods/data/database,comext/CUSTOMS/DS-045409 (CN8: 29157030 - Magnesium stearate),api_key,Monthly,sum,USD/MT,2023-01,Y,30,N,,N,,,Medium,Eurostat Comext provides detailed EU trade statistics by CN8 code including magnesium stearate (2915,2,0.75
EUROPE_MAGNESIUM_STEARATE_PETROCHEM_DRIVER_BRENT_CRUDE_OIL,Magnesium Stearate,Petrochem Driver - Brent Crude Oil,Europe,4,High,eia,U.S. Energy Information Administration (EIA),https://www.eia.gov/opendata/browser/petroleum/pri/spt,RBRTE,api_key,Daily,mean,USD/MT,2023-01,Y,30,N,,N,eia_api_key,,Medium,"EIA provides free Brent crude oil spot prices (Europe) via API with registration, directly matching ",2,0.95
EU_MAGNESIUM_STEARATE_MACRO_EXCHNAGE_RATE_EURUSD,Magnesium Stearate,Macro - Exchnage Rate - EUR/USD,EU,1,High,frankfurter,European Central Bank,https://www.ecb.europa.eu/stats/policy_and_exchange_rates/euro_reference_exchange_rates/html/index.en.html,EUR/USD,open_api,Daily,mean,USD/MT,2023-01,Y,30,N,,N,,,Medium,The Frankfurter API provides free access to ECB official EUR/USD exchange rates with daily frequency,2,0.95
LATIN_AMERICA_PULP_PULP,Pulp,Pulp,Latin America,1,High,worldbank_pinksheet,World Bank Commodity Price Data (Pink Sheet),https://www.worldbank.org/en/research/commodity-markets,PPULP,open_api,Monthly,mean,USD/Ton,2018-01,Y,30,N,,N,,,Medium,World Bank Pink Sheet provides monthly pulp prices in USD/ton with global coverage including Latin A,2,0.85
BRAZIL_PULP_GLOBAL_PULP_MILL_CAPACITYOUTPUT_BRAZIL_CANADA_SCANDINAVIA,Pulp,"Global pulp mill capacity/output (Brazil, Canada, Scandinavia)",Brazil,3,High,,Brazilian Tree Industry (Ibá),https://www.iba.org/datafiles,https://www.iba.org/datafiles,file_download,Annual,sum,USD/Ton,2018-01,Y,30,N,,N,,,Medium,"Ibá publishes annual statistical reports on Brazilian pulp production capacity and output volumes, t",2,0.72
CHINA_PULP_CHINA_PAPER_BOARD_DEMAND,Pulp,China paper & board demand,China,2,High,,National Bureau of Statistics of China,https://data.stats.gov.cn/english/easyquery.htm?cn=C01,https://data.stats.gov.cn/english/easyquery.htm?cn=C01,open_api,Monthly,sum,USD/Ton,2018-01,Y,30,N,,N,,,Medium,NBS China publishes monthly paper and paperboard production statistics which serve as a proxy for de,2,0.75
BRAZIL_PULP_BRAZIL_EUCALYPTUSWOOD_INPUT_COST,Pulp,Brazil eucalyptus/wood input cost,Brazil,2,High,ibge_sidra,IBGE - Sistema Nacional de Preços ao Produtor (SNPP),https://sidra.ibge.gov.br/pesquisa/ipp-produtor/tabelas,table/8418/variable/11602/classification/544/category/all,open_api,Monthly,mean,USD/Ton,2018-01,Y,30,N,,N,,,Medium,IBGE's Producer Price Index tracks wood and forestry product prices in Brazil including eucalyptus i,2,0.75
BRAZIL_PULP_BRAZIL_INDUSTRIAL_ENERGY_COST_PULP_MILL_OPERATIONS,Pulp,Brazil industrial energy cost (pulp mill operations),Brazil,2,High,,Empresa de Pesquisa Energética (EPE),https://www.epe.gov.br/pt/publicacoes-dados-abertos/publicacoes/preco-medio-de-energia-eletrica,https://www.epe.gov.br/pt/publicacoes-dados-abertos/publicacoes/preco-medio-de-energia-eletrica,file_download,Monthly,mean,USD/Ton,2018-01,Y,30,N,,N,,,Medium,EPE publishes average industrial electricity prices in Brazil by sector including pulp/paper manufac,2,0.72
GLOBAL_PULP_OCEAN_FREIGHT_RATES,Pulp,Ocean freight rates,Global,4,Medium,,Freightos Baltic Index (FBX),https://fbx.freightos.com/,https://fbx.freightos.com/,api_key,Daily,mean,USD/Ton,2018-01,Y,30,N,,N,,,Medium,Freightos provides global container freight rate indices but requires registration; alternative free,2,0.65
LATIN_AMERICA_PULP_RECOVERED_PAPER_OCC_PRICE,Pulp,Recovered paper (OCC) price,Latin America,1,Medium,fred,FRED (Federal Reserve Economic Data),https://fred.stlouisfed.org/series/WPU0915,WPU0915,open_api,Monthly,mean,USD/Ton,2018-01,Y,30,N,,N,fred_api_key,LATIN_AMERICA_PULP_RECOVERED_PAPER_OCC_PRICE_FRANK,Medium,"FRED provides US recovered paper price data which serves as global benchmark pricing for OCC, though",2,0.65
LATIN_AMERICA_PULP_RECOVERED_PAPER_OCC_PRICE_FRANK,Pulp,USD/Ton (Frankfurter keyless fallback),Latin America,1,High,frankfurter,Frankfurter API (ECB),https://api.frankfurter.dev/,base:USD | target:USD,open_api,Daily,mean,USD/Ton,1999-01,Y,1,N,,N,,,Low,"mean + MoM% (keyless ECB rates, history from 1999-01 only)",3,
BRAZIL_PULP_USDBRL_EXCHANGE_RATE_BRAZIL_PULP_EXPORTS,Pulp,USD/BRL exchange rate (Brazil pulp exports),Brazil,1,High,bcb_sgs,Banco Central do Brasil,https://www3.bcb.gov.br/sgspub/localizarseries/localizarSeries.do?method=prepararTelaLocalizarSeries,1,open_api,Daily,mean,USD/Ton,2018-01,Y,30,N,,N,,,Medium,"BCB SGS series 1 provides official daily USD/BRL exchange rates directly via free API, highly releva",2,0.95
CHINA_PULP_CHINAGLOBAL_ECOMMERCE_PACKAGING_DEMAND_GROWTH_PRIMARY_EXPORT_DESTINATION,Pulp,China/global e-commerce packaging demand growth (primary export destination),China,2,High,china_customs,General Administration of Customs of the People's Republic of China,http://english.customs.gov.cn/Statics/,"HS_CODE:4707,4801,4819",file_download,Monthly,sum,USD/Ton,2018-01,Y,30,N,,N,,,Medium,"China Customs tracks imports of pulp (HS 4707) and paper/packaging materials (HS 4801, 4819) which d",2,0.75
LATIN_AMERICA_PULP_TISSUEHYGIENE_PRODUCT_DEMAND_GROWTH,Pulp,Tissue/hygiene product demand growth,Latin America,1,High,ibge_sidra,IBGE - Pesquisa Industrial Mensal de Produção Física (PIM-PF),https://sidra.ibge.gov.br/home/pimpfbr/brasil,"table=8159,variable=11600,classification=544[56734]",open_api,Monthly,mean,USD/Ton,2018-01,Y,30,N,,N,,,Medium,IBGE SIDRA provides monthly industrial production indices for tissue paper products in Brazil (large,2,0.72
BRAZIL_PULP_EUCALYPTUS_PLANTATION_YIELDS_BRAZIL,Pulp,Eucalyptus plantation yields (Brazil),Brazil,1,High,ibge_sidra,IBGE - Sistema IBGE de Recuperação Automática (SIDRA),https://sidra.ibge.gov.br/tabela/5930,table=5930&variable=216&territory=1&product=5936,open_api,Annual,mean,USD/Ton,2018-01,Y,30,N,,N,,,Medium,IBGE SIDRA provides official Brazilian forestry statistics including eucalyptus production yields th,2,0.85
LATIN_AMERICA_PULP_PULP_INVENTORIES,Pulp,Pulp Inventories,Latin America,3,Medium,,SECEX Brazil (Foreign Trade Statistics),https://www.gov.br/produtividade-e-comercio-exterior/pt-br/assuntos/comercio-exterior/estatisticas,http://comexstat.mdic.gov.br/pt/geral,file_download,Monthly,last,USD/Ton,2018-01,Y,30,N,,N,,,Medium,Brazil dominates Latin American pulp production and SECEX provides free monthly export/import data t,2,0.65
BRAZIL_PULP_LABOR_COST_BRAZILARGENTINA,Pulp,Labor Cost - Brazil/Argentina,Brazil,1,High,ibge_sidra,IBGE - Sistema Nacional de Índices de Preços ao Consumidor (SNIPC),https://sidra.ibge.gov.br/home/ipca/brasil,"table=1419,variable=63,territory=1",open_api,Monthly,mean,USD/Ton,2018-01,Y,30,N,,N,,,Medium,"IBGE SIDRA provides Brazilian labor cost indices through IPCA wage components, which can serve as a ",2,0.72
LATIN_AMERICA_PULP_ENVIRONMENTAL_REGULATIONS_QUALITATIVE,Pulp,Environmental Regulations - Qualitative,Latin America,4,Low,,FAO Forestry Production and Trade,https://www.fao.org/faostat/en/#data/FO,https://fenixservices.fao.org/faostat/api/v1/en/data/FO,api_key,Annual,last,USD/Ton,2018-01,Y,30,N,,N,,,Medium,Environmental regulations are qualitative policy measures not directly quantified in standard databa,2,0.30
LATIN_AMERICA_CORRUGATED_BOARDS_CORRUGATED_BOARDS,Corrugated Boards,Corrugated Boards,Latin America,1,High,ibge_sidra,IBGE - Pesquisa Industrial Mensal de Produção Física (PIM-PF),https://sidra.ibge.gov.br/home/pimpfbr/brasil,"table=8158,variable=11599,classification=544[27821]",open_api,Monthly,mean,BRL/MT,2021-02,Y,30,N,,N,,,Medium,IBGE SIDRA provides free API access to Brazilian industrial production data including paper and card,2,0.75
BRAZIL_CORRUGATED_BOARDS_LATIN_AMERICABRAZIL_CONTAINERBOARDLINERBOARD_PRICE,Corrugated Boards,Latin America/Brazil containerboard/linerboard price,Brazil,2,High,,CEPEA - Center for Advanced Studies on Applied Economics (ESALQ/USP),https://www.cepea.esalq.usp.br/br/indicador/papel.aspx,https://www.cepea.esalq.usp.br/br/indicador/papel.aspx,open_api,Monthly,mean,BRL/MT,2021-02,Y,30,N,,N,,,Medium,CEPEA publishes Brazilian paper and packaging price indices including containerboard/linerboard pric,2,0.75
LATIN_AMERICA_CORRUGATED_BOARDS_OLD_CORRUGATED_CONTAINERS_OCC_RECOVERED_PAPER_PRICE,Corrugated Boards,Old corrugated containers (OCC) recovered paper price,Latin America,3,Medium,,CEMPRE - Compromisso Empresarial para Reciclagem,https://cempre.org.br/,https://cempre.org.br/precos-de-materiais-reciclaveis/,multipage_scrape,Monthly,mean,BRL/MT,2021-02,Y,30,N,,N,,,Medium,"CEMPRE publishes Brazilian recycled material prices including OCC (papelão ondulado) in BRL/ton, tho",2,0.65
BRAZIL_CORRUGATED_BOARDS_BRAZILLATAM_ECOMMERCE_SHIPPING_VOLUMES,Corrugated Boards,Brazil/LATAM e-commerce shipping volumes,Brazil,1,High,ibge_sidra,IBGE - Pesquisa Mensal de Comércio (PMC),https://sidra.ibge.gov.br/tabela/8880,table=8880&variable=7169&classification=11046[56734],open_api,Monthly,sum,BRL/MT,2021-02,Y,30,N,,N,,,Medium,"IBGE's Monthly Trade Survey tracks e-commerce retail sales volume in Brazil, which directly correlat",2,0.75
BRAZIL_CORRUGATED_BOARDS_BRAZIL_FREIGHTTRANSPORT_COST,Corrugated Boards,Brazil freight/transport cost,Brazil,3,Medium,,ANTT - Agência Nacional de Transportes Terrestres,https://portal.antt.gov.br/estatisticas,https://portal.antt.gov.br/estatisticas/transporte-rodoviario-cargas,file_download,Monthly,mean,BRL/MT,2021-02,Y,30,N,,N,,,Medium,"ANTT publishes Brazilian road freight transport statistics including cost indices, though data may r",2,0.65
BRAZIL_CORRUGATED_BOARDS_BRAZIL_INDUSTRIAL_ENERGY_COST_MILL_OPERATIONS,Corrugated Boards,Brazil industrial energy cost (mill operations),Brazil,2,High,,Empresa de Pesquisa Energética (EPE),https://www.epe.gov.br/pt/publicacoes-dados-abertos/publicacoes/preco-medio-de-energia-eletrica,https://www.epe.gov.br/pt/publicacoes-dados-abertos/publicacoes/preco-medio-de-energia-eletrica,file_download,Monthly,mean,BRL/MT,2021-02,Y,30,N,,N,,,Medium,EPE publishes official industrial electricity prices by sector in Brazil including paper/pulp manufa,2,0.75
BRAZIL_CORRUGATED_BOARDS_BRAZILLATAM_CORRUGATED_BOX_DEMAND_INDEX_ABPO,Corrugated Boards,Brazil/LATAM corrugated box demand index (ABPO),Brazil,1,High,ibge_sidra,IBGE - Pesquisa Industrial Mensal de Produção Física (PIM-PF),https://sidra.ibge.gov.br/tabela/8888,"table=8888,variable=11600,classification=544[27813]",open_api,Monthly,mean,BRL/MT,2021-02,Y,30,N,,N,,,Medium,IBGE SIDRA provides monthly industrial production data for paper and cardboard packaging manufacturi,2,0.75
CHINA_CORRUGATED_BOARDS_CHINA_EXPORT_DEMAND,Corrugated Boards,China export demand,China,2,High,china_customs,General Administration of Customs of the People's Republic of China,http://english.customs.gov.cn/Statics/,HS_CODE:4808|TRADE_FLOW:export,file_download,Monthly,sum,BRL/MT,2021-02,Y,30,N,,N,,,Medium,China Customs publishes monthly export data for corrugated paper and paperboard (HS 4808) which dire,2,0.75
BRAZIL_CORRUGATED_BOARDS_BRAZIL_HOUSING_STARTS_PACKAGING_ENDUSE_DEMAND,Corrugated Boards,Brazil housing starts (packaging end-use demand),Brazil,1,High,ibge_sidra,IBGE - SIDRA,https://sidra.ibge.gov.br/tabela/1419,table=1419&variable=1198&territorial_level=1&geographic_unit=1,open_api,Monthly,sum,BRL/MT,2021-02,Y,30,N,,N,,,Medium,"IBGE SIDRA provides official Brazilian housing starts data through their open API, directly relevant",2,0.85
BRAZIL_CORRUGATED_BOARDS_BRAZILLATAM_RETAIL_ECOMMERCE_PACKAGING_INTENSITY,Corrugated Boards,Brazil/LATAM retail e-commerce packaging intensity,Brazil,1,High,ibge_sidra,IBGE - Pesquisa Mensal de Comércio (PMC),https://sidra.ibge.gov.br/tabela/8880,8880,open_api,Monthly,mean,BRL/MT,2021-02,Y,30,N,,N,,,Medium,IBGE SIDRA provides monthly retail e-commerce sales data for Brazil which serves as proxy for packag,2,0.75
BRAZIL_CORRUGATED_BOARDS_BRAZIL_SEASONAL_AGRICULTURAL_PRODUCE_BOX_DEMAND_FRUITCITRUS_EXPORT_PACKAGING,Corrugated Boards,Brazil seasonal agricultural produce box demand (fruit/citrus export packaging),Brazil,1,High,ibge_sidra,IBGE SIDRA,https://sidra.ibge.gov.br/tabela/1618,"table=1618&variable=214&territory=1&classification=81[2711,2712,2713]",open_api,Monthly,sum,BRL/MT,2021-02,Y,30,N,,N,,,Medium,"IBGE SIDRA Table 1618 tracks monthly production quantities of oranges, lemons, and tangerines which ",2,0.75
LATIN_AMERICA_CORRUGATED_BOARDS_STOCKS_CONTAINERBOARD_INVENTORIES,Corrugated Boards,Stocks - Containerboard Inventories,Latin America,2,Medium,ibge_sidra,IBGE - Pesquisa Industrial Mensal de Produção Física (PIM-PF),https://sidra.ibge.gov.br/home/pimpfbr/brasil,/t/8888/n1/all/v/all/p/all/c544/129314,file_download,Monthly,last,BRL/MT,2021-02,Y,30,N,,N,,,Medium,IBGE SIDRA provides Brazilian industrial production data including paper and cardboard manufacturing,2,0.65
LATIN_AMERICA_CORRUGATED_BOARDS_PROCESSING_MILL_DOWNTIME,Corrugated Boards,Processing - Mill Downtime,Latin America,1,High,ibge_sidra,IBGE - Pesquisa Industrial Mensal de Produção Física (PIM-PF),https://sidra.ibge.gov.br/home/pimpfbr/brasil,"table=8888,variable=11600,classification=544[129314]",open_api,Monthly,mean,BRL/MT,2021-02,Y,30,N,,N,,,Medium,IBGE SIDRA provides monthly industrial production indices for paper and cardboard manufacturing in B,2,0.72
LATIN_AMERICA_CORRUGATED_BOARDS_SHUTDOWNS_EVENT_BASED,Corrugated Boards,Shutdowns (event based),Latin America,2,Medium,ibge_sidra,IBGE - Pesquisa Industrial Mensal de Produção Física (PIM-PF),https://sidra.ibge.gov.br/home/pimpfbr/brasil,/t/8888/n1/all/v/11602/p/all/c544/129314/d/v11602%205,file_download,Monthly,sum,BRL/MT,2021-02,Y,30,N,,N,,,Medium,IBGE tracks industrial production including paper/cardboard manufacturing which would reflect shutdo,2,0.45
LATIN_AMERICA_CORRUGATED_BOARDS_DEMAND_PRODUCER_PRICE_INDEX_PAPER_MANUFACTURING,Corrugated Boards,Demand - Producer Price Index - Paper Manufacturing,Latin America,1,High,ibge_sidra,IBGE - Sistema Nacional de Índices de Preços ao Consumidor,https://sidra.ibge.gov.br/pesquisa/ppi/tabelas,"table_id=8158,variable=11600,classification=541",open_api,Monthly,mean,BRL/MT,2021-02,Y,30,N,,N,,,Medium,"IBGE SIDRA provides Brazil's Producer Price Index (PPI) for paper manufacturing sector in BRL, which",2,0.85
INDIA_NATURAL_GAS_NATURAL_GAS,Natural Gas,Natural Gas,India,4,High,fred,FRED (Federal Reserve Economic Data),https://fred.stlouisfed.org/series/PNGASINUS,PNGASINUS,api_key,Monthly,mean,USD/MMBtu,2016-01,Y,30,N,,N,fred_api_key,,Medium,"FRED provides Indian natural gas import prices in USD/MMBtu through series PNGASINUS, though API key",2,0.75
INDIA_NATURAL_GAS_INDIA_NATURAL_GAS_INVENTORYSTORAGE_LEVELS,Natural Gas,India natural gas inventory/storage levels,India,3,Medium,,"Petroleum Planning and Analysis Cell (PPAC), Ministry of Petroleum and Natural Gas, India",https://ppac.gov.in/,https://ppac.gov.in/content/149_1_ProductionNaturalGas.aspx,open_api,Monthly,last,USD/MMBtu,2016-01,Y,30,N,,N,,,Medium,PPAC publishes natural gas production data but India lacks comprehensive public inventory/storage re,2,0.45
INDIA_NATURAL_GAS_SECTORAL_GAS_CONSUMPTION_FERTILIZER_CGD_POWER_REFINERY_PETROCHEMICAL_INDIA,Natural Gas,"Sectoral gas consumption - Fertilizer, CGD, Power, Refinery, Petrochemical (India)",India,2,High,,"Petroleum Planning and Analysis Cell (PPAC), Ministry of Petroleum and Natural Gas, India",https://ppac.gov.in/,https://ppac.gov.in/content/149_1_ProductionPetroleum.aspx,file_download,Monthly,sum,USD/MMBtu,2016-01,Y,30,N,,N,,,Medium,"PPAC publishes official monthly natural gas consumption data by sector including fertilizer, power, ",2,0.85
INDIA_NATURAL_GAS_INDIA_LNG_IMPORT_CAPACITY_TERMINAL_UTILIZATION,Natural Gas,India LNG import capacity & terminal utilization,India,2,High,,"Petroleum Planning and Analysis Cell (PPAC), Ministry of Petroleum and Natural Gas, India",https://ppac.gov.in/,https://ppac.gov.in/content/149_1_ProductionLNG.aspx,file_download,Monthly,sum,USD/MMBtu,2016-01,Y,30,N,,N,,,Medium,PPAC publishes official Indian LNG import statistics including terminal-wise capacity and utilizatio,2,0.75
INDIA_NATURAL_GAS_INDIA_DOMESTIC_NATURAL_GAS_PRODUCTION_VOLUMES,Natural Gas,India domestic natural gas production volumes,India,2,High,,"Petroleum Planning and Analysis Cell (PPAC), Ministry of Petroleum and Natural Gas, India",https://ppac.gov.in/,https://ppac.gov.in/content/149_1_ProductionCrude.aspx,file_download,Monthly,sum,USD/MMBtu,2016-01,Y,30,N,,N,,,Medium,PPAC is India's official government source for petroleum sector statistics including natural gas pro,2,0.85
INDIA_NATURAL_GAS_INDIA_LNG_IMPORT_VOLUMES,Natural Gas,India LNG import volumes,India,2,High,,"Petroleum Planning and Analysis Cell (PPAC), Ministry of Petroleum and Natural Gas, India",https://ppac.gov.in/,https://ppac.gov.in/content/149_1_ProductionLNG.aspx,file_download,Monthly,sum,USD/MMBtu,2016-01,Y,30,N,,N,,,Medium,PPAC is India's official government source for petroleum statistics including monthly LNG import vol,2,0.85
INDIA_NATURAL_GAS_INDIA_COALELECTRICITY_PRICE_SUBSTITUTE_FUEL,Natural Gas,India coal/electricity price (substitute fuel),India,3,Medium,,India Central Electricity Authority,https://cea.nic.in/,https://cea.nic.in/monthly-generation-report/,file_download,Monthly,mean,USD/MMBtu,2016-01,Y,30,N,,N,,,Medium,CEA publishes coal-based electricity generation data but not standardized coal/electricity prices in,2,0.45
ASIA_NATURAL_GAS_ASIA_LNG_DEMAND_JKM_PRICE,Natural Gas,Asia LNG demand (JKM price),Asia,1,High,eia,U.S. Energy Information Administration (EIA),https://www.eia.gov/dnav/ng/ng_pri_fut_s1_d.htm,NG.RJFUUUS.D,open_api,Daily,mean,USD/MMBtu,2016-01,Y,30,N,,N,eia_api_key,,Medium,"EIA provides daily Japan-Korea Marker (JKM) LNG spot prices through their open API, which directly m",2,0.85
INDIA_NATURAL_GAS_INDIA_PIPELINE_FLOW_GAS_GRID_UTILIZATION_DATA,Natural Gas,India pipeline flow / gas grid utilization data,India,3,Medium,,Petroleum and Natural Gas Regulatory Board (PNGRB),https://www.pngrb.gov.in/,https://www.pngrb.gov.in/Hindi/pages/Natural-Gas-Pipeline.aspx,file_download,Monthly,mean,USD/MMBtu,2016-01,Y,30,N,,N,,,Medium,"PNGRB is India's gas sector regulator and publishes pipeline capacity and utilization data, though a",2,0.65
INDIA_NATURAL_GAS_INDIA_COALTOGAS_SWITCHING_IN_POWER_GENERATION,Natural Gas,India coal-to-gas switching in power generation,India,1,High,eia,U.S. Energy Information Administration (EIA),https://www.eia.gov/opendata/browser/international,INTL.57-6-IND-BKWH.M,api_key,Monthly,sum,USD/MMBtu,2016-01,Y,30,N,,N,eia_api_key,,Medium,EIA International Energy Statistics provides India's natural gas electricity generation data which s,2,0.72
INDIA_NATURAL_GAS_INDIA_INDUSTRIALPETROCHEMICAL_NATURAL_GAS_FEEDSTOCK_DEMAND_FERTILIZER_CGD_SECTORS,Natural Gas,"India industrial/petrochemical natural gas feedstock demand (fertilizer, CGD sectors)",India,2,High,,"Petroleum Planning and Analysis Cell (PPAC), Ministry of Petroleum and Natural Gas, India",https://ppac.gov.in/,https://ppac.gov.in/content/149_1_ProductionData.aspx,file_download,Monthly,sum,USD/MMBtu,2016-01,Y,30,N,,N,,,Medium,PPAC publishes monthly natural gas consumption data by sector including fertilizer and city gas dist,2,0.72
GLOBAL_NATURAL_GAS_FEEDSTOCK_CRUDE_OIL_PRICES,Natural Gas,Feedstock - Crude Oil Prices,Global,4,High,eia,U.S. Energy Information Administration (EIA),https://www.eia.gov/opendata/browser/petroleum/pri/spt,RWTC,api_key,Daily,mean,USD/MMBtu,2016-01,Y,30,N,,N,eia_api_key,,Medium,EIA provides free API access to WTI crude oil spot prices (USD/barrel) which serves as the primary g,2,0.92
INDIA_NATURAL_GAS_FEEDSTOCK_DOMESTIC_PRODUCTION,Natural Gas,Feedstock - Domestic production,India,1,High,eia,U.S. Energy Information Administration (EIA),https://www.eia.gov/international/data/world,INTL.26-1-IND-BCF.A,api_key,Annual,sum,USD/MMBtu,2016-01,Y,30,N,,N,eia_api_key,,Medium,"EIA provides international natural gas production data for India in physical units (BCF), though pri",2,0.75
INDIA_NATURAL_GAS_IMPORTS_LNG_IMPORTS_INDIA,Natural Gas,Imports - LNG Imports - India,India,4,High,eia,U.S. Energy Information Administration (EIA),https://www.eia.gov/opendata/,INTL.26-12-IND-BSCFD.M,api_key,Monthly,sum,USD/MMBtu,2016-01,Y,30,N,,N,eia_api_key,,Medium,EIA provides international natural gas import data including LNG imports for India through their ope,2,0.75
INDIA_NATURAL_GAS_DEMAND_TOTAL_CONSUMPTION,Natural Gas,Demand - Total consumption,India,4,High,eia,U.S. Energy Information Administration (EIA),https://www.eia.gov/opendata/browser/international/data,INTL.26-1-IND-MMCF.A,api_key,Annual,sum,USD/MMBtu,2016-01,Y,30,N,,N,eia_api_key,,Medium,"EIA International Energy Statistics provides India's natural gas consumption in volume terms (MMCF),",2,0.85
INDIA_NATURAL_GAS_SECTORAL_CONSUMPTION_FERTILIZER_CGD_POWER_REFINERY_PETROCHEMICAL,Natural Gas,"Sectoral Consumption (Fertilizer, CGD, Power, Refinery, Petrochemical)",India,3,High,,"Petroleum Planning and Analysis Cell (PPAC), Ministry of Petroleum and Natural Gas, India",https://ppac.gov.in/,https://ppac.gov.in/content/149_1_ProductionData.aspx,file_download,Monthly,sum,USD/MMBtu,2016-01,Y,30,N,,N,,,Medium,"PPAC publishes monthly natural gas consumption data by sector including fertilizer, power, and refin",2,0.75
INDIA_NATURAL_GAS_SUBSTITUTE_COALELECTRICITY_PRICE,Natural Gas,Substitute - Coal/Electricity Price,India,4,High,eia,U.S. Energy Information Administration (EIA),https://www.eia.gov/opendata/,INTL.57-6-IND-QBTU.Q,api_key,Quarterly,mean,USD/MMBtu,2016-01,Y,30,N,,N,eia_api_key,,Medium,EIA provides international coal consumption data for India which serves as a proxy for coal price dy,2,0.75
HUNGARY_AVERAGE_WAGES_AVERAGE_WAGES,Average Wages,Average Wages,Hungary,2,High,,Hungarian Central Statistical Office (KSH),https://www.ksh.hu/stadat_files/mun/en/mun0008.html,https://www.ksh.hu/stadat_files/mun/en/mun0008.html,file_download,Monthly,mean,HUF/Month,2018-01,Y,30,N,,N,,,Medium,"KSH publishes official average gross monthly wages for Hungary in HUF with monthly frequency, freely",2,0.85
HUNGARY_AVERAGE_WAGES_HUNGARY_UNEMPLOYMENT_RATE_KSH,Average Wages,Hungary unemployment rate (KSH),Hungary,2,High,,Hungarian Central Statistical Office (KSH),https://www.ksh.hu/stadat_files/mun/en/mun00001.html,https://www.ksh.hu/stadat_files/mun/en/mun00001.html,file_download,Quarterly,last,HUF/Month,2018-01,Y,30,N,,N,,,Medium,KSH (Központi Statisztikai Hivatal) is Hungary's official statistical office providing free unemploy,2,0.85
HUNGARY_AVERAGE_WAGES_HUNGARY_LABOR_FORCE_PARTICIPATION_RATE_KSH,Average Wages,Hungary labor force participation rate (KSH),Hungary,1,High,,Hungarian Central Statistical Office (KSH),https://www.ksh.hu/stadat_files/mun/en/mun0003.html,https://www.ksh.hu/stadat_files/mun/en/mun0003.html,file_download,Quarterly,mean,HUF/Month,2018-01,Y,30,N,,N,,,Medium,KSH (Központi Statisztikai Hivatal) is Hungary's official statistical office providing free labor fo,2,0.85
HUNGARY_AVERAGE_WAGES_HUNGARY_MINIMUM_WAGE_POLICY_CHANGES_MINISTRY_OF_FINANCE,Average Wages,Hungary minimum wage policy changes (Ministry of Finance),Hungary,2,High,,Hungarian Central Statistical Office (KSH),https://www.ksh.hu/stadat_files/mun/en/mun0001.html,https://www.ksh.hu/stadat_files/mun/en/mun0001.html,file_download,Monthly,last,HUF/Month,2018-01,Y,30,N,,N,,,Medium,"KSH publishes official Hungarian wage statistics including minimum wage data in HUF, though minimum ",2,0.75
HUNGARY_AVERAGE_WAGES_HUNGARY_CPI_KSH,Average Wages,Hungary CPI (KSH),Hungary,1,High,,Hungarian Central Statistical Office (KSH),https://www.ksh.hu/stadat_files/ara/en/ara0005.html,https://www.ksh.hu/stadat_files/ara/en/ara0005.html,file_download,Monthly,mean,HUF/Month,2018-01,Y,30,N,,N,,,Medium,KSH (Központi Statisztikai Hivatal) is Hungary's official statistical office and publishes CPI data ,2,0.85
HUNGARY_AVERAGE_WAGES_HUNGARY_LABOR_PRODUCTIVITY_GROWTH_KSH,Average Wages,Hungary labor productivity growth (KSH),Hungary,2,High,,Hungarian Central Statistical Office (KSH),https://www.ksh.hu/stadat_files/mun/en/mun0003.html,https://www.ksh.hu/stadat_files/mun/en/mun0003.html,file_download,Monthly,mean,HUF/Month,2018-01,Y,30,N,,N,,,Medium,KSH publishes official average gross wages and earnings data in HUF for Hungary through their STADAT,2,0.85
HUNGARY_AVERAGE_WAGES_HUNGARY_UNIONCOLLECTIVE_BARGAINING_OUTCOMES,Average Wages,Hungary union/collective bargaining outcomes,Hungary,2,High,,Hungarian Central Statistical Office (KSH),https://www.ksh.hu/stadat_files/mun/en/mun0003.html,https://www.ksh.hu/stadat_files/mun/en/mun0003.html,file_download,Monthly,mean,HUF/Month,2018-01,Y,30,N,,N,,,Medium,KSH publishes official average gross earnings data in HUF for Hungary including collective agreement,2,0.75
EU_AVERAGE_WAGES_HUNGARYEU_LABOR_MIGRATION_SUPPLY_TRENDS,Average Wages,Hungary/EU labor migration & supply trends,EU,2,High,,Hungarian Central Statistical Office (KSH),https://www.ksh.hu/stadat_files/mun/en/mun0003.html,https://www.ksh.hu/stadat_files/mun/en/mun0003.html,file_download,Monthly,mean,HUF/Month,2018-01,Y,30,N,,N,,,Medium,"KSH publishes official average gross wages in HUF for Hungary with monthly frequency, directly relev",2,0.85
HUNGARY_AVERAGE_WAGES_HUNGARY_SECTORAL_EMPLOYMENT_MIX_SHIFT_MANUFACTURING_VS_SERVICES,Average Wages,Hungary sectoral employment mix shift (manufacturing vs. services),Hungary,2,High,,Hungarian Central Statistical Office (KSH),https://www.ksh.hu/stadat_files/mun/en/mun0003.html,https://www.ksh.hu/stadat_files/mun/en/mun0003.html,file_download,Quarterly,mean,HUF/Month,2018-01,Y,30,N,,N,,,Medium,"KSH publishes employment by economic sector and average gross wages in HUF, allowing calculation of ",2,0.75
EU_AVERAGE_WAGES_HUNGARYEU_AUTOMATION_AI_ADOPTION_IMPACT_ON_LABOR_DEMAND,Average Wages,Hungary/EU automation & AI adoption impact on labor demand,EU,2,High,,Hungarian Central Statistical Office (KSH),https://www.ksh.hu/stadat_files/mun/en/mun0003.html,https://www.ksh.hu/stadat_files/mun/en/mun0003.html,file_download,Monthly,mean,HUF/Month,2018-01,Y,30,N,,N,,,Medium,"KSH publishes official average gross monthly wages in HUF for Hungary with free public access, thoug",2,0.85
HUNGARY_AVERAGE_WAGES_HUNGARY_GIG_ECONOMYCONTRACT_LABOR_SHARE,Average Wages,Hungary gig economy/contract labor share,Hungary,2,Medium,,Hungarian Central Statistical Office (KSH),https://www.ksh.hu/stadat_files/gdp/en/gdp0001.html,https://www.ksh.hu/stadat_files/gdp/en/gdp0001.html,file_download,Quarterly,mean,HUF/Month,2018-01,Y,30,N,,N,,,Medium,"KSH publishes labor market statistics including employment forms, though gig economy-specific breakd",2,0.45
GERMANY_CPI_CPI,CPI,CPI,Germany,4,High,,Federal Statistical Office of Germany (Destatis),https://www-genesis.destatis.de/genesis/online,https://www-genesis.destatis.de/genesisWS/rest/2020/data/tablefile?username=<user>&password=<pass>&name=61111-0001&area=all&compress=false&transpose=false&startyear=&endyear=&timeslices=&regionalvariable=&regionalkey=&classifyingvariable1=&classifyingkey1=&classifyingvariable2=&classifyingkey2=&classifyingvariable3=&classifyingkey3=&job=false&stand=&language=en,api_key,Monthly,last,Index,2018-01,Y,30,N,,N,,,Medium,"Destatis is the official source for German CPI data with comprehensive historical coverage, though i",2,0.85
GERMANY_CPI_GERMANY_ENERGY_PRICES_FUELELECTRICITY_DESTATISBDEW,CPI,Germany energy prices (fuel/electricity) - Destatis/BDEW,Germany,4,High,,Destatis (Federal Statistical Office of Germany),https://www-genesis.destatis.de/genesis/online,https://www-genesis.destatis.de/genesisWS/rest/2020/data/tablefile?name=61111-0004&area=all&compress=false&transpose=false&startyear=&endyear=&timeslices=&regionalvariable=&regionalkey=&classifyingvariable1=&classifyingvalue1=&classifyingvariable2=&classifyingvalue2=&classifyingvariable3=&classifyingvalue3=&job=false&stand=&language=en,api_key,Monthly,mean,Index,2018-01,Y,30,N,,N,,,Medium,Destatis publishes official German consumer price indices including energy components (table 61111) ,2,0.85
GERMANY_CPI_GERMANY_FOOD_PRICE_INDEX_DESTATIS,CPI,Germany food price index (Destatis),Germany,4,High,,Destatis (Federal Statistical Office of Germany),https://www-genesis.destatis.de/genesis/online,https://www-genesis.destatis.de/genesisWS/rest/2020/data/tablefile?username=<user>&password=<pass>&name=61111-0006&area=all&compress=false&transpose=false&startyear=&endyear=&timeslices=&regionalvariable=&regionalkey=&classifyingvariable1=&classifyingkey1=&classifyingvariable2=&classifyingkey2=&classifyingvariable3=&classifyingkey3=&job=false&stand=&language=en,api_key,Monthly,mean,Index,2018-01,Y,30,N,,N,,,Medium,Destatis GENESIS-Online database provides official German CPI food price indices via REST API requir,2,0.85
GERMANY_CPI_GERMANY_HOUSINGRENT_COST_INDEX_DESTATIS,CPI,Germany housing/rent cost index (Destatis),Germany,4,High,,Destatis (Federal Statistical Office of Germany),https://www-genesis.destatis.de/genesis/online,https://www-genesis.destatis.de/genesisWS/rest/2020/data/tablefile,api_key,Monthly,last,Index,2018-01,Y,30,N,,N,,,Medium,Destatis GENESIS-Online database provides official German housing and rent price indices via their R,2,0.75
GERMANY_CPI_GERMANY_CORE_SERVICES_INFLATION_DESTATISBUNDESBANK,CPI,Germany core services inflation (Destatis/Bundesbank),Germany,4,High,,Deutsche Bundesbank,https://www.bundesbank.de/en/statistics/time-series-databases,https://api.statistiken.bundesbank.de/rest/data/BBSIS/M.DE.Y.H.C.S.CP00.I15.A,api_key,Monthly,last,Index,2018-01,Y,30,N,,N,,,Medium,Bundesbank provides official German inflation statistics via their time series API with free registr,2,0.85
GERMANY_CPI_GERMANY_WAGE_GROWTH_DESTATIS_VERDIENSTE,CPI,Germany wage growth (Destatis Verdienste),Germany,4,High,,Destatis (Federal Statistical Office of Germany),https://www-genesis.destatis.de/genesis/online,https://www-genesis.destatis.de/genesisWS/rest/2020/data/tablefile,api_key,Quarterly,last,Index,2018-01,Y,30,N,,N,,,Medium,Destatis provides official German wage statistics through GENESIS-Online database with REST API requ,2,0.75
EU_CPI_EUROZONE_M3_MONEY_SUPPLY_ECB_INTEREST_RATE_POLICY,CPI,Eurozone M3 money supply / ECB interest rate policy,EU,1,High,,European Central Bank Statistical Data Warehouse,https://sdw.ecb.europa.eu/browse.do?node=9691296,https://sdw-wsrest.ecb.europa.eu/service/data/BSI/M.U2.Y.V.M30.X.I.U2.2300.Z01.E,api_key,Monthly,last,Index,2018-01,Y,30,N,,N,,,Medium,"ECB provides free API access to M3 monetary aggregate data for the euro area with monthly frequency,",2,0.95
GERMANY_CPI_GERMANY_IMPORT_PRICE_INDEX_DESTATIS,CPI,Germany import price index (Destatis),Germany,4,High,,Destatis (Federal Statistical Office of Germany),https://www-genesis.destatis.de/genesis/online,https://www-genesis.destatis.de/genesisWS/rest/2020/data/tablefile?name=61241-0001,api_key,Monthly,last,Index,2018-01,Y,30,N,,N,,,Medium,Destatis GENESIS-Online database provides official German import price indices but requires free reg,2,0.75
GLOBAL_CPI_GLOBAL_SUPPLY_CHAIN_PRESSURE_INDEX,CPI,Global Supply Chain Pressure Index,Global,1,High,fred,Federal Reserve Bank of New York,https://www.newyorkfed.org/research/policy/gscpi,GSCPI,open_api,Monthly,mean,Index,2018-01,Y,30,N,,N,fred_api_key,,Medium,"The NY Fed's Global Supply Chain Pressure Index is available through FRED as series GSCPI, providing",2,0.95
GERMANY_CPI_GERMANY_RENTAL_VACANCY_RATE_DESTATIS,CPI,Germany rental vacancy rate (Destatis),Germany,4,High,,Destatis (Federal Statistical Office of Germany),https://www-genesis.destatis.de/genesis/online,https://www-genesis.destatis.de/genesisWS/rest/2020/data/tablefile,api_key,Quarterly,last,Index,2018-01,Y,30,N,,N,,,Medium,"Destatis GENESIS-Online database contains German housing statistics including vacancy rates, accessi",2,0.75
GERMANY_CPI_GERMANY_USED_NEW_VEHICLE_PRICE_INDEX_DESTATIS,CPI,Germany used & new vehicle price index (Destatis),Germany,4,High,,Destatis (Federal Statistical Office of Germany),https://www-genesis.destatis.de/genesis/online,https://www-genesis.destatis.de/genesisWS/rest/2020/data/tablefile?name=61111-0006,api_key,Monthly,mean,Index,2018-01,Y,30,N,,N,,,Medium,"Destatis GENESIS-Online database provides official German CPI data including vehicle price indices, ",2,0.75
USA_PPI_PPI,PPI,PPI,USA,1,High,fred,U.S. Bureau of Labor Statistics,https://www.bls.gov/ppi/,PPIACO,open_api,Monthly,mean,Index,2018-01,Y,30,N,,N,fred_api_key,,Medium,FRED provides free API access to BLS Producer Price Index data with series ID PPIACO for all commodi,2,0.98
USA_PPI_INPUT_COMMODITY_PRICES_ENERGY_METALS_AG,PPI,"Input commodity prices (energy, metals, ag)",USA,1,High,fred,U.S. Bureau of Labor Statistics,https://www.bls.gov/ppi/,PPIACO,open_api,Monthly,mean,Index,2018-01,Y,30,N,,N,fred_api_key,,Medium,FRED provides free API access to BLS Producer Price Index for All Commodities which directly capture,2,0.95
USA_PPI_ENERGY_COSTS,PPI,Energy costs,USA,1,High,fred,U.S. Bureau of Labor Statistics,https://www.bls.gov/ppi/,WPSFD4,open_api,Monthly,mean,Index,2018-01,Y,30,N,,N,fred_api_key,,Medium,"FRED series WPSFD4 tracks PPI for fuels and related products/power, directly measuring energy costs ",2,0.95
USA_PPI_FREIGHTLOGISTICS_COSTS,PPI,Freight/logistics costs,USA,1,High,fred,U.S. Bureau of Labor Statistics,https://www.bls.gov/ppi/,PCU484484,open_api,Monthly,mean,Index,2018-01,Y,30,N,,N,fred_api_key,,Medium,"FRED series PCU484484 tracks the Producer Price Index for freight transportation services (truck, ra",2,0.95
USA_PPI_MANUFACTURING_PMI,PPI,Manufacturing PMI,USA,1,High,fred,Federal Reserve Economic Data (FRED),https://fred.stlouisfed.org/series/MANEMP,MANEMP,open_api,Monthly,mean,Index,2018-01,Y,30,N,,N,fred_api_key,,Medium,FRED provides ISM Manufacturing PMI data through series MANEMP (Manufacturing Employment Index) whic,2,0.75
USA_PPI_EXCHANGE_RATE_MOVEMENTS,PPI,Exchange rate movements,USA,1,High,fred,Federal Reserve Economic Data (FRED),https://fred.stlouisfed.org/series/DTWEXBGS,DTWEXBGS,open_api,Daily,mean,Index,2018-01,Y,30,N,,N,fred_api_key,,Medium,"FRED provides the Trade Weighted U.S. Dollar Index (Broad, Goods and Services) which directly measur",2,0.95
USA_PPI_LABOR_COSTS_UNIT_LABOR_COST_INDEX,PPI,Labor costs (unit labor cost index),USA,1,High,fred,U.S. Bureau of Labor Statistics,https://www.bls.gov/lpc/,ULCNFB,open_api,Quarterly,last,Index,2018-01,Y,30,N,,N,fred_api_key,,Medium,"BLS publishes the official Unit Labor Cost Index for the nonfarm business sector, available via FRED",2,0.95
APAC_PPI_CAPACITY_UTILIZATION_RATE,PPI,Capacity utilization rate,APAC,1,Medium,fred,Federal Reserve Economic Data (FRED),https://fred.stlouisfed.org/series/TCU,TCU,open_api,Monthly,mean,Index,2018-01,Y,30,N,,N,fred_api_key,,Medium,"FRED provides US capacity utilization data which could serve as a proxy, but APAC-specific capacity ",2,0.40
GLOBAL_PPI_GLOBAL_SUPPLY_CHAIN_PRESSURE_INDEX,PPI,Global Supply Chain Pressure Index,Global,1,High,fred,Federal Reserve Bank of New York,https://www.newyorkfed.org/research/policy/gscpi,GSCPI,open_api,Monthly,mean,Index,2018-01,Y,30,N,,N,fred_api_key,,Medium,"The NY Fed's Global Supply Chain Pressure Index is available through FRED as series GSCPI, providing",2,0.95
USA_PPI_SEMICONDUCTORCHIP_PRICE_INDEX,PPI,Semiconductor/chip price index,USA,1,High,fred,Federal Reserve Economic Data (FRED),https://fred.stlouisfed.org/series/PCU334413334413,PCU334413334413,api_key,Monthly,mean,Index,2018-01,Y,30,N,,N,fred_api_key,,Medium,FRED provides the Producer Price Index for Semiconductor and Related Device Manufacturing (NAICS 334,2,0.92
USA_PPI_CONSTRUCTION_MATERIALS_PRICE_INDEX,PPI,Construction materials price index,USA,1,High,fred,U.S. Bureau of Labor Statistics,https://www.bls.gov/ppi/,WPUSI012011,open_api,Monthly,mean,Index,2018-01,Y,30,N,,N,fred_api_key,,Medium,BLS publishes the PPI for construction materials (WPUSI012011) which is freely available through FRE,2,0.95
CHINA_LCI_CHINA_LCI_CHINA,LCI China,LCI China,China,3,High,,National Bureau of Statistics of China,https://data.stats.gov.cn/english/easyquery.htm?cn=A01,https://data.stats.gov.cn/english/easyquery.htm?cn=A01,multipage_scrape,Monthly,mean,CNY/Month,2015-01,Y,30,N,,N,,,Medium,LCI (Labor Cost Index) for China is most authoritatively published by China's National Bureau of Sta,2,0.75
CHINA_LCI_CHINA_MINIMUM_WAGE_POLICY_BY_PROVINCE,LCI China,Minimum wage policy by province,China,3,Medium,,National Bureau of Statistics of China,https://data.stats.gov.cn/english/easyquery.htm?cn=E0103,https://data.stats.gov.cn/english/easyquery.htm?cn=E0103,open_api,Annual,last,CNY/Month,2015-01,Y,30,N,,N,,,Medium,"NBS China publishes provincial minimum wage data annually, though access requires web scraping as no",2,0.65
CHINA_LCI_CHINA_MANUFACTURING_EMPLOYMENT_LEVELS,LCI China,Manufacturing employment levels,China,3,High,,National Bureau of Statistics of China,https://data.stats.gov.cn/english/easyquery.htm?cn=A01,https://data.stats.gov.cn/english/easyquery.htm?cn=A01,multipage_scrape,Monthly,mean,CNY/Month,2015-01,Y,30,N,,N,,,Medium,"NBS China publishes official employment and wage statistics for manufacturing sector, though web int",2,0.75
CHINA_LCI_CHINA_CHINA_MANUFACTURING_PMI,LCI China,China manufacturing PMI,China,3,High,,National Bureau of Statistics of China,https://data.stats.gov.cn/english/easyquery.htm?cn=A01,https://data.stats.gov.cn/english/easyquery.htm?cn=A01,multipage_scrape,Monthly,last,CNY/Month,2015-01,Y,30,N,,N,,,Medium,"NBS China publishes official manufacturing PMI monthly, though their English interface requires web ",2,0.75
CHINA_LCI_CHINA_MIGRANT_LABOR_SUPPLYURBANIZATION_RATE,LCI China,Migrant labor supply/urbanization rate,China,2,High,,National Bureau of Statistics of China,https://data.stats.gov.cn/english/easyquery.htm?cn=C01,https://data.stats.gov.cn/english/easyquery.htm?cn=C01 - Monthly data on migrant workers and average wages,file_download,Monthly,last,CNY/Month,2015-01,Y,30,N,,N,,,Medium,NBS China publishes official statistics on migrant worker populations and average monthly wages whic,2,0.75
CHINA_LCI_CHINA_SOCIAL_SECURITY_CONTRIBUTION_RATES,LCI China,Social security contribution rates,China,3,Medium,,National Bureau of Statistics of China,https://data.stats.gov.cn/english/easyquery.htm?cn=C01,https://data.stats.gov.cn/english/easyquery.htm?cn=C01,open_api,Annual,last,CNY/Month,2015-01,Y,30,N,,N,,,Medium,"China's NBS publishes labor statistics including social insurance data, but social security contribu",2,0.40
CHINA_LCI_CHINA_CHINA_CPI,LCI China,China CPI,China,3,High,,National Bureau of Statistics of China,https://data.stats.gov.cn/english/easyquery.htm?cn=A01,https://data.stats.gov.cn/english/easyquery.htm?cn=A01,multipage_scrape,Monthly,last,CNY/Month,2015-01,Y,30,N,,N,,,Medium,"NBS China publishes official CPI data monthly on their English portal, though it requires web scrapi",2,0.75
CHINA_LCI_CHINA_USDCNY_EXCHANGE_RATE,LCI China,USD/CNY exchange rate,China,1,High,fred,Federal Reserve Economic Data (FRED),https://fred.stlouisfed.org/series/DEXCHUS,DEXCHUS,open_api,Daily,mean,CNY/Month,2015-01,Y,30,N,,N,fred_api_key,,Medium,"FRED provides free daily USD/CNY exchange rates via their API with the series ID DEXCHUS, which can ",2,0.95
CHINA_LCI_CHINA_CHINA_GDP_GROWTH_RATE,LCI China,China GDP growth rate,China,3,High,,National Bureau of Statistics of China,https://data.stats.gov.cn/english/easyquery.htm?cn=B01,https://data.stats.gov.cn/english/easyquery.htm?cn=B01,multipage_scrape,Quarterly,last,CNY/Month,2015-01,Y,30,N,,N,,,Medium,"China's National Bureau of Statistics publishes official GDP growth rates quarterly, though the web ",2,0.75
CHINA_LCI_CHINA_PROVINCIAL_GDP_GROWTH_DISPARITIES,LCI China,Provincial GDP growth disparities,China,3,High,,National Bureau of Statistics of China,https://data.stats.gov.cn/english/easyquery.htm?cn=E0103,https://data.stats.gov.cn/english/easyquery.htm?cn=E0103,multipage_scrape,Quarterly,mean,CNY/Month,2015-01,Y,30,N,,N,,,Medium,"NBS China publishes provincial GDP data quarterly with regional breakdowns, though web interface req",2,0.75
CHINA_LCI_CHINA_FOREIGN_DIRECT_INVESTMENT_INFLOWS,LCI China,Foreign direct investment inflows,China,3,Medium,,State Administration of Foreign Exchange (SAFE) China,https://www.safe.gov.cn/en/,/en/data/statistics/fdi,open_api,Monthly,sum,CNY/Month,2015-01,Y,30,N,,N,,,Medium,"SAFE publishes official FDI statistics for China, though data access typically requires web scraping",2,0.65
AUSTRALIA_LCI_AUSTRALIA_LCI_AUSTRALIA,LCI Australia,LCI Australia,Australia,1,High,,Australian Bureau of Statistics,https://www.abs.gov.au/statistics/economy/price-indexes-and-inflation/labour-price-index-australia,"https://api.data.abs.gov.au/data/ABS,LPI/",open_api,Quarterly,last,AUD/Hour,2014-11,Y,30,N,,N,,,Medium,"ABS publishes the Labour Price Index (LPI) quarterly via their open Data API, which measures changes",2,0.95
AUSTRALIA_LCI_AUSTRALIA_RBA_CASH_RATE,LCI Australia,RBA cash rate,Australia,1,High,,Reserve Bank of Australia,https://www.rba.gov.au/statistics/cash-rate/,https://www.rba.gov.au/statistics/tables/,open_api,Daily,last,AUD/Hour,2014-11,Y,30,N,,N,,,Medium,The Reserve Bank of Australia publishes the official cash rate target on their statistics page with ,2,0.95
AUSTRALIA_LCI_AUSTRALIA_ENTERPRISE_BARGAINING_AGREEMENT_WAGE_OUTCOMES,LCI Australia,Enterprise Bargaining Agreement wage outcomes,Australia,3,High,,Fair Work Commission,https://www.fwc.gov.au/agreements-awards/enterprise-agreements/enterprise-agreements-data,https://www.fwc.gov.au/agreements-awards/enterprise-agreements/enterprise-agreements-data,file_download,Event,mean,AUD/Hour,2014-11,Y,30,N,,N,,,Medium,"Fair Work Commission publishes enterprise agreement data including wage outcomes, though extraction ",2,0.75
AUSTRALIA_LCI_AUSTRALIA_UNEMPLOYMENT_RATE,LCI Australia,Unemployment rate,Australia,1,High,,Australian Bureau of Statistics,https://www.abs.gov.au/statistics/labour/employment-and-unemployment/labour-force-australia,https://www.abs.gov.au/statistics/labour/employment-and-unemployment/labour-force-australia/latest-release,open_api,Monthly,mean,AUD/Hour,2014-11,Y,30,N,,N,,,Medium,ABS is the official statistical agency for Australia and publishes monthly unemployment rate data fr,2,0.95
AUSTRALIA_LCI_AUSTRALIA_AUSTRALIA_CPI,LCI Australia,Australia CPI,Australia,1,High,,Australian Bureau of Statistics,https://www.abs.gov.au/statistics/economy/price-indexes-and-inflation/consumer-price-index-australia,https://api.data.abs.gov.au/data/CPI,open_api,Quarterly,last,AUD/Hour,2014-11,Y,30,N,,N,,,Medium,"ABS provides official Australian CPI data through their open Data API with quarterly releases, direc",2,0.95
AUSTRALIA_LCI_AUSTRALIA_AWARDMINIMUM_WAGE_DECISIONS,LCI Australia,Award/minimum wage decisions,Australia,3,High,,Fair Work Commission,https://www.fwc.gov.au/awards-and-agreements/minimum-wages-conditions/annual-wage-reviews,https://www.fwc.gov.au/awards-and-agreements/minimum-wages-conditions/annual-wage-reviews,multipage_scrape,Annual,last,AUD/Hour,2014-11,Y,30,N,,N,,,Medium,"Fair Work Commission publishes annual minimum wage decisions for Australia, but data requires manual",2,0.85
AUSTRALIA_LCI_AUSTRALIA_SECTOR_EMPLOYMENT_MININGSERVICES_MIX,LCI Australia,Sector employment (mining/services) mix,Australia,2,High,,Australian Bureau of Statistics,https://www.abs.gov.au/statistics/labour/earnings-and-working-conditions/average-weekly-earnings-australia,https://www.abs.gov.au/statistics/labour/earnings-and-working-conditions/average-weekly-earnings-australia/latest-release,file_download,Quarterly,mean,AUD/Hour,2014-11,Y,30,N,,N,,,Medium,"ABS publishes quarterly earnings data by industry sector including mining and services, which can be",2,0.85
AUSTRALIA_LCI_AUSTRALIA_NET_OVERSEAS_MIGRATION,LCI Australia,Net overseas migration,Australia,1,High,,Australian Bureau of Statistics,https://www.abs.gov.au/statistics/people/population/national-state-and-territory-population/latest-release,"https://api.data.abs.gov.au/data/ABS,NOM/1.AUS.Q",open_api,Quarterly,sum,AUD/Hour,2014-11,Y,30,N,,N,,,Medium,"ABS publishes official net overseas migration statistics quarterly via their open Data API, which is",2,0.92
AUSTRALIA_LCI_AUSTRALIA_LABOR_PRODUCTIVITY_GROWTH,LCI Australia,Labor productivity growth,Australia,2,High,,Australian Bureau of Statistics,https://www.abs.gov.au/statistics/economy/national-accounts/estimates-industry-multifactor-productivity/latest-release,https://www.abs.gov.au/statistics/economy/national-accounts/estimates-industry-multifactor-productivity/latest-release,file_download,Annual,last,AUD/Hour,2014-11,Y,30,N,,N,,,Medium,ABS publishes official labor productivity statistics including output per hour worked and multifacto,2,0.85
AUSTRALIA_LCI_AUSTRALIA_MINING_SECTOR_WAGE_PREMIUM,LCI Australia,Mining sector wage premium,Australia,2,High,,Australian Bureau of Statistics,https://www.abs.gov.au/statistics/labour/earnings-and-working-conditions/average-weekly-earnings-australia,https://www.abs.gov.au/statistics/labour/earnings-and-working-conditions/average-weekly-earnings-australia/latest-release,file_download,Quarterly,mean,AUD/Hour,2014-11,Y,30,N,,N,,,Medium,"ABS publishes Average Weekly Earnings by industry including mining sector, allowing calculation of w",2,0.85
AUSTRALIA_LCI_AUSTRALIA_SKILLED_MIGRATION_VISA_POLICY,LCI Australia,Skilled migration visa policy,Australia,3,High,,Australian Department of Home Affairs,https://www.homeaffairs.gov.au/research-and-statistics/statistics/visa-statistics/live,https://www.homeaffairs.gov.au/research-and-statistics/statistics/visa-statistics/live/skilled-migration,file_download,Quarterly,sum,AUD/Hour,2014-11,Y,30,N,,N,,,Medium,Department of Home Affairs publishes skilled migration visa grant statistics quarterly as downloadab,2,0.72
SOUTH_AFRICA_CEMENT_CEMENT,Cement,Cement,South Africa,2,High,,Statistics South Africa,https://www.statssa.gov.za/?page_id=1854&PPN=P3041.2,https://www.statssa.gov.za/publications/P30412/P30412December2024.pdf,file_download,Monthly,mean,Index,2021-01,Y,30,N,,N,,,Medium,Statistics South Africa publishes the official Selected Building Statistics report (P3041.2) with mo,2,0.85
SOUTH_AFRICA_CEMENT_COALPETCOKE_PRICE_KILN_FUEL,Cement,Coal/petcoke price (kiln fuel),South Africa,2,High,,Statistics South Africa (Stats SA),https://www.statssa.gov.za/?page_id=1854&PPN=P0142.1,https://www.statssa.gov.za/publications/P01421/P014212024.pdf,file_download,Monthly,mean,Index,2021-01,Y,30,N,,N,,,Medium,Stats SA publishes the Producer Price Index (PPI) which includes coal and petroleum products indices,2,0.72
SOUTH_AFRICA_CEMENT_SOUTH_AFRICA_ELECTRICITY_COST_ESKOM_TARIFFS,Cement,South Africa electricity cost (Eskom tariffs),South Africa,3,High,,National Energy Regulator of South Africa (NERSA),https://www.nersa.org.za/electricity-regulation/tariffs/,https://www.nersa.org.za/electricity-regulation/tariffs/,file_download,Annual,last,Index,2021-01,Y,30,N,,N,,,Medium,"NERSA publishes official Eskom tariff decisions annually, though data requires manual extraction fro",2,0.75
SOUTH_AFRICA_CEMENT_SOUTH_AFRICA_CONSTRUCTION_HOUSING_STARTS_STATS_SA,Cement,South Africa construction & housing starts (Stats SA),South Africa,1,High,,Statistics South Africa (Stats SA),https://www.statssa.gov.za/?page_id=1854&PPN=P5041.1,https://www.statssa.gov.za/?page_id=1854&PPN=P5041.1,file_download,Monthly,mean,Index,2021-01,Y,30,N,,N,,,Medium,Stats SA publishes the Building Statistics series (P5041.1) with construction activity and building ,2,0.85
SOUTH_AFRICA_CEMENT_SOUTH_AFRICA_CLINKER_CAPACITY_UTILIZATION,Cement,South Africa clinker capacity utilization,South Africa,2,High,,Statistics South Africa (Stats SA),https://www.statssa.gov.za/?page_id=1854&PPN=P3041.2,https://www.statssa.gov.za/?page_id=1854&PPN=P3041.2,file_download,Quarterly,mean,Index,2021-01,Y,30,N,,N,,,Medium,Stats SA publishes Manufacturing: Utilization of Production Capacity survey (P3041.2) which includes,2,0.75
SOUTH_AFRICA_CEMENT_SOUTH_AFRICA_FREIGHTTRANSPORT_COST,Cement,South Africa freight/transport cost,South Africa,1,High,,Statistics South Africa (Stats SA),https://www.statssa.gov.za/?page_id=1854&PPN=P0142.1,https://www.statssa.gov.za/?page_id=1854&PPN=P0142.1,file_download,Monthly,mean,Index,2021-01,Y,30,N,,N,,,Medium,Stats SA publishes the Producer Price Index (PPI) which includes a freight and transport services co,2,0.85
SOUTH_AFRICA_CEMENT_SOUTH_AFRICA_CARBON_TAX_POLICY_NATIONAL_TREASURY,Cement,South Africa carbon tax policy (National Treasury),South Africa,3,Medium,,South Africa National Treasury,https://www.treasury.gov.za/documents/carbon%20tax/default.aspx,https://www.treasury.gov.za/documents/carbon%20tax/,file_download,Annual,last,Index,2021-01,Y,30,N,,N,,,Medium,"National Treasury publishes carbon tax policy documents and rates annually, but lacks a structured A",2,0.65
SOUTH_AFRICA_CEMENT_SOUTH_AFRICA_LIMESTONERAW_MATERIAL_COST,Cement,South Africa limestone/raw material cost,South Africa,2,High,,Statistics South Africa (Stats SA),https://www.statssa.gov.za/?page_id=1854&PPN=P0142.1,https://www.statssa.gov.za/publications/P01421/P014212024Q3.pdf,file_download,Quarterly,mean,Index,2021-01,Y,30,N,,N,,,Medium,Stats SA publishes the Producer Price Index (PPI) for mining and quarrying which includes limestone ,2,0.72
SOUTH_AFRICA_CEMENT_SOUTH_AFRICA_GOVERNMENT_INFRASTRUCTURE_SPENDING_NATIONAL_TREASURY_BUDGET,Cement,South Africa government infrastructure spending (National Treasury budget),South Africa,3,High,,South Africa National Treasury,https://www.treasury.gov.za/documents/national%20budget/default.aspx,"Budget Review documents, Chapter on Infrastructure spending",file_download,Annual,sum,Index,2021-01,Y,30,N,,N,,,Medium,"National Treasury publishes annual budget reviews with infrastructure spending data, but requires ma",2,0.72
SOUTH_AFRICA_CEMENT_ALTERNATIVEWASTEDERIVED_FUEL_USAGE_RATE,Cement,Alternative/waste-derived fuel usage rate,South Africa,3,Low,,Statistics South Africa (Stats SA),https://www.statssa.gov.za/,Manufacturing: Utilisation of production capacity by large enterprises (P3041.2),file_download,Quarterly,mean,Index,2021-01,Y,30,N,,N,,,Medium,"Stats SA publishes manufacturing statistics including cement production data, but alternative fuel u",2,0.35
SOUTH_AFRICA_CEMENT_SOUTH_AFRICA_URBANIZATION_RATE_STATS_SA,Cement,South Africa urbanization rate (Stats SA),South Africa,3,High,,Statistics South Africa (Stats SA),https://www.statssa.gov.za/,https://www.statssa.gov.za/?page_id=1854&PPN=P0302&SCH=73224,file_download,Annual,last,Index,2021-01,Y,30,N,,N,,,Medium,"Stats SA publishes urbanization data in their Mid-year population estimates (P0302) series, availabl",2,0.75
GLOBAL_CEMENT_GEOPOLITICAL_RISK_SANTCIONS_TARIFFS_CONFLICTS_AIR_SPACE_CLOSURES_ETC,Cement,"Geopolitical Risk - Santcions, Tariffs, Conflicts, Air space closures, etc.",Global,1,High,,Federal Reserve Bank of Philadelphia,https://www.philadelphiafed.org/surveys-and-data/real-time-data-research/geopolitical-risk-index,https://www.philadelphiafed.org/-/media/frbp/assets/surveys-and-data/gpr/gpr_export.xlsx,file_download,Monthly,mean,Index,2021-01,Y,30,N,,N,,,Medium,"The Philadelphia Fed's Geopolitical Risk Index is a widely-cited, freely available monthly index mea",2,0.95
CHINA_AIR_FREIGHT_AIR_FREIGHT,Air Freight,Air Freight,China,2,High,,National Bureau of Statistics of China,https://data.stats.gov.cn/english/easyquery.htm?cn=A01,https://data.stats.gov.cn/english/easyquery.htm?cn=A01 - Air Transport Freight Volume,file_download,Monthly,sum,Index,2018-01,Y,30,N,,N,,,Medium,China's National Bureau of Statistics publishes monthly air freight transport volume data as part of,2,0.75
CHINA_AIR_FREIGHT_CHINA_JET_FUEL_PRICE,Air Freight,China jet fuel price,China,4,High,eia,U.S. Energy Information Administration (EIA),https://www.eia.gov/opendata/browser/petroleum/pri/spt,PET.EER_EPJK_PF4_Y35NY_DPG.W,api_key,Weekly,mean,Index,2018-01,Y,30,N,,N,eia_api_key,,Medium,EIA provides free API access to global petroleum spot prices including Asian jet fuel prices which s,2,0.75
CHINA_AIR_FREIGHT_GLOBAL_AIR_CARGO_TRADE_VOLUMES,Air Freight,Global air cargo trade volumes,China,4,High,,International Air Transport Association (IATA),https://www.iata.org/en/iata-repository/publications/economic-reports/air-freight-monthly-analysis/,IATA Air Freight Market Analysis - China regional data,paid_or_restricted,Monthly,last,Index,2018-01,Y,30,N,,N,,,Medium,"IATA publishes authoritative air cargo volume indices by region including China, but detailed histor",2,0.75
APAC_AIR_FREIGHT_PASSENGER_BELLY_CARGO_CAPACITY,Air Freight,Passenger belly cargo capacity,APAC,4,Medium,,International Air Transport Association (IATA),https://www.iata.org/en/iata-repository/publications/economic-reports/air-passenger-monthly-analysis/,IATA Air Passenger Monthly Analysis - APAC region,paid_or_restricted,Monthly,mean,Index,2018-01,Y,30,N,,N,,,Medium,IATA publishes regional passenger traffic data including APAC metrics that correlate with belly carg,2,0.65
CHINA_AIR_FREIGHT_CHINA_ECOMMERCE_CROSSBORDER_DEMAND_ALIBABACUSTOMS_DATA,Air Freight,China e-commerce cross-border demand (Alibaba/customs data),China,2,High,china_customs,China Customs,http://english.customs.gov.cn/Statics/,cross_border_ecommerce_exports,file_download,Monthly,sum,Index,2018-01,Y,30,N,,N,,,Medium,"China Customs publishes cross-border e-commerce trade statistics monthly, which directly captures ex",2,0.75
ASIAPACIFIC_AIR_FREIGHT_IATA_ASIAPACIFIC_AIR_CARGO_CTK_INDEX,Air Freight,IATA Asia-Pacific air cargo CTK index,Asia-Pacific,4,High,,IATA,https://www.iata.org/en/iata-repository/publications/economic-reports/air-freight-monthly-analysis/,IATA Air Freight Monthly Analysis reports,paid_or_restricted,Monthly,last,Index,2018-01,Y,30,N,,N,,,Medium,IATA publishes the Asia-Pacific CTK (Cargo Tonne-Kilometers) index in their Air Freight Monthly Anal,2,0.75
CHINA_AIR_FREIGHT_CHINA_MAJOR_HUB_AIRPORT_CONGESTION_PVGPEK,Air Freight,China major hub airport congestion (PVG/PEK),China,3,Medium,,Civil Aviation Administration of China (CAAC),https://www.caac.gov.cn/en/,https://www.caac.gov.cn/en/HYYJ/,file_download,Monthly,mean,Index,2018-01,Y,30,N,,N,,,Medium,"CAAC publishes airport statistics including flight volumes and delays for major Chinese airports, bu",2,0.40
CHINA_AIR_FREIGHT_EXCHANGE_RATE_FUEL_PRICED_IN_USD,Air Freight,Exchange rate (fuel priced in USD),China,1,High,frankfurter,European Central Bank,https://www.ecb.europa.eu/stats/policy_and_exchange_rates/euro_reference_exchange_rates/html/index.en.html,CNY,open_api,Daily,mean,Index,2018-01,Y,30,N,,N,,,Medium,"The Frankfurter API provides free daily USD/CNY exchange rates derived from ECB data, directly relev",2,0.85
CHINA_AIR_FREIGHT_TAC_INDEX_CHINAORIGIN_AIR_FREIGHT_RATES,Air Freight,TAC Index China-origin air freight rates,China,4,High,,TAC Index (The Loadstar),https://theloadstar.com/tac-index/,https://theloadstar.com/tac-index/,paid_or_restricted,Weekly,mean,Index,2018-01,Y,30,N,,N,,,Medium,"TAC Index is a specialized air freight rate benchmark published by The Loadstar, but access to histo",2,0.75
CHINA_AIR_FREIGHT_CHINA_CROSSBORDER_PARCEL_GROWTH_CUSTOMSPOSTAL_DATA,Air Freight,China cross-border parcel growth (customs/postal data),China,2,High,china_customs,General Administration of Customs of China,http://www.customs.gov.cn/customs/302249/302274/302277/index.html,cross_border_ecommerce_parcels,file_download,Monthly,sum,Index,2018-01,Y,30,N,,N,,,Medium,China Customs publishes cross-border e-commerce statistics including parcel volumes which directly t,2,0.75
APAC_AIR_FREIGHT_AIRCRAFT_FLEET_CAPACITYDELIVERIES,Air Freight,Aircraft fleet capacity/deliveries,APAC,3,Medium,,Boeing Commercial Market Outlook,https://www.boeing.com/commercial/market/commercial-market-outlook/,Annual PDF report with regional fleet projections and delivery forecasts,file_download,Annual,last,Index,2018-01,Y,30,N,,N,,,Medium,"Boeing publishes annual regional fleet outlooks including APAC aircraft deliveries, but data require",2,0.45
CHINA_AIR_FREIGHT_CARGO_LOAD_FACTOR_CTL,Air Freight,Cargo Load Factor (CTL),China,4,Medium,,International Air Transport Association (IATA),https://www.iata.org/en/iata-repository/publications/economic-reports/air-freight-monthly-analysis/,IATA Air Freight Monthly Analysis - China CTL data,paid_or_restricted,Monthly,mean,Index,2018-01,Y,30,N,,N,,,Medium,"IATA publishes authoritative air cargo load factor statistics by region including China, but detaile",2,0.65
CHINA_AIR_FREIGHT_SEASONALITY_PEAK_CYCLE_Q3Q4,Air Freight,Seasonality Peak Cycle - Q3/Q4,China,4,Medium,,China Air Transport Association (CATA),https://www.cata.org.cn/,Statistical reports section - air cargo volume data,paid_or_restricted,Monthly,sum,Index,2018-01,Y,30,N,,N,,,Medium,CATA publishes air cargo statistics for China but access is restricted and primarily in Chinese with,2,0.45
GLOBAL_AIR_FREIGHT_LUNAR_NEW_YEARGOLDEN_WEEK,Air Freight,Lunar New Year/Golden Week,Global,4,Medium,,IATA Air Cargo Market Analysis,https://www.iata.org/en/iata-repository/publications/economic-reports/air-freight-monthly-analysis/,https://www.iata.org/en/iata-repository/publications/economic-reports/air-freight-monthly-analysis/,paid_or_restricted,Monthly,mean,Index,2018-01,Y,30,N,,N,,,Medium,IATA publishes global air freight indices monthly but detailed data requires membership; no suitable,2,0.65
CHINA_AIR_FREIGHT_MANUFACTURING_PMI,Air Freight,Manufacturing PMI,China,2,High,,National Bureau of Statistics of China,https://data.stats.gov.cn/english/easyquery.htm?cn=A01,https://data.stats.gov.cn/english/easyquery.htm?cn=A01,open_api,Monthly,mean,Index,2018-01,Y,30,N,,N,,,Medium,"NBS China publishes official Manufacturing PMI monthly through their English statistical database, t",2,0.75
CHINA_AIR_FREIGHT_NEW_EXPORT_ORDERS,Air Freight,New export orders,China,3,High,,National Bureau of Statistics of China,https://data.stats.gov.cn/english/easyquery.htm?cn=A01,Manufacturing PMI - New Export Orders Index,open_api,Monthly,mean,Index,2018-01,Y,30,N,,N,,,Medium,"China's official Manufacturing PMI includes a New Export Orders sub-index published monthly by NBS, ",2,0.85
GLOBAL_AIR_FREIGHT_SUBSTITUTE_OCEAN_FREIGHT_RATES,Air Freight,Substitute - Ocean freight Rates,Global,3,High,,Freightos Baltic Index (FBX),https://fbx.freightos.com/,https://fbx.freightos.com/,open_api,Daily,mean,Index,2018-01,Y,30,N,,N,,,Medium,Freightos publishes the FBX ocean freight rate index publicly on their website with daily updates co,2,0.75
CHINA_AIR_FREIGHT_PORT_CONGESTION,Air Freight,Port congestion,China,3,Medium,,Shanghai Shipping Exchange,https://en.sse.net.cn/,https://en.sse.net.cn/indices/ccfinew.jsp,open_api,Daily,mean,Index,2018-01,Y,30,N,,N,,,Medium,Shanghai Shipping Exchange publishes the China Containerized Freight Index (CCFI) and port-related m,2,0.65
CHINA_AIR_FREIGHT_OPERATIONAL_CONSTRAINTS_WEATHER_LABOR_STRIKES_GROUND_HANDLING,Air Freight,"Operational Constraints - Weather, labor strikes, ground handling",China,3,Medium,,Civil Aviation Administration of China (CAAC),https://www.caac.gov.cn/en/,https://www.caac.gov.cn/en/HYYJ/,open_api,Monthly,mean,Index,2018-01,Y,30,N,,N,,,Medium,"CAAC publishes aviation statistics including operational metrics, but weather/strike-specific operat",2,0.45
CHINA_AIR_FREIGHT_GEOPOLITICAL_RISK_CONFLICT_TARDE_AND_TARIFFS_SANCTIONS_AIR_SPACE_CLOSURES_WATERROUTE_BLOCK,Air Freight,"Geo-Political Risk - Conflict, Tarde and Tariffs, sanctions, air space closures, Water-route block",China,4,High,,ACLED (Armed Conflict Location & Event Data Project),https://acleddata.com/data-export-tool/,https://api.acleddata.com/acled/read?country=China&event_type=Battles|Violence against civilians|Protests|Riots,api_key,Event,count,Index,2018-01,Y,30,N,,N,,,Medium,ACLED provides comprehensive geopolitical conflict event data for China with free API access requiri,2,0.75
CHINA_OCEAN_FREIGHT_OCEAN_FREIGHT,Ocean Freight,Ocean Freight,China,3,High,,Shanghai Shipping Exchange,https://en.sse.net.cn/indices/scfinew.jsp,https://en.sse.net.cn/indices/scfinew.jsp,open_api,Daily,mean,Index,2018-01,Y,30,N,,N,,,Medium,Shanghai Shipping Exchange publishes the Shanghai Containerized Freight Index (SCFI) and China Conta,2,0.85
GLOBAL_OCEAN_FREIGHT_BUNKER_FUEL_PRICE,Ocean Freight,Bunker fuel price,Global,1,High,eia,U.S. Energy Information Administration (EIA),https://www.eia.gov/dnav/pet/pet_pri_wco_k_w.htm,PET.W_EPLLPA_PRS_NUS_DPG.W,open_api,Weekly,mean,Index,2018-01,Y,30,N,,N,eia_api_key,,Medium,"EIA provides free weekly bunker fuel (residual fuel oil) price data through their open API, which se",2,0.85
GLOBAL_OCEAN_FREIGHT_BALTIC_DRY_INDEX,Ocean Freight,Baltic Dry Index,Global,1,High,fred,Federal Reserve Economic Data (FRED),https://fred.stlouisfed.org/series/BDIY,BDIY,open_api,Daily,mean,Index,2018-01,Y,30,N,,N,fred_api_key,,Medium,"FRED provides the Baltic Dry Index as a free daily series with API access, sourced from the Baltic E",2,0.95
GLOBAL_OCEAN_FREIGHT_CONTAINER_SHIP_CAPACITYORDERBOOK,Ocean Freight,Container ship capacity/orderbook,Global,2,High,,UNCTAD,https://unctadstat.unctad.org/datacentre/,Maritime transport > Merchant fleet by type of ship and country of beneficial ownership > Container ships (TEU capacity),file_download,Annual,last,Index,2018-01,Y,30,N,,N,,,Medium,UNCTAD provides comprehensive global container ship fleet capacity data including orderbook statisti,2,0.75
EU_OCEAN_FREIGHT_CHINAEU_PORT_CONGESTION_LEVELS_SHANGHAI_ROTTERDAM,Ocean Freight,"China/EU port congestion levels (Shanghai, Rotterdam)",EU,3,Medium,,Port of Rotterdam Authority,https://www.portofrotterdam.com/en/shipping-port-call/port-call-information,https://www.portofrotterdam.com/en/shipping-port-call/port-call-information,open_api,Daily,mean,Index,2018-01,Y,30,N,,N,,,Medium,"Port of Rotterdam provides vessel traffic and waiting time data publicly, but lacks a standardized c",2,0.40
CHINA_OCEAN_FREIGHT_GLOBAL_CONTAINER_TRADE_VOLUMES,Ocean Freight,Global container trade volumes,China,1,High,china_customs,China Customs (General Administration of Customs of China),http://english.customs.gov.cn/Statics/,container_trade_volume,open_api,Monthly,sum,Index,2018-01,Y,30,N,,N,,,Medium,China Customs publishes monthly trade statistics including container volumes which directly measure ,2,0.85
GLOBAL_OCEAN_FREIGHT_SUEZPANAMA_CANAL_TRANSIT_DISRUPTIONS,Ocean Freight,Suez/Panama Canal transit disruptions,Global,2,Medium,,Suez Canal Authority,https://www.suezcanal.gov.eg/English/Navigation/Pages/NavigationStatistics.aspx,https://www.suezcanal.gov.eg/English/Navigation/Pages/NavigationStatistics.aspx,open_api,Monthly,sum,Index,2018-01,Y,30,N,,N,,,Medium,Suez Canal Authority publishes monthly transit statistics including vessel counts and tonnage which ,2,0.65
GLOBAL_OCEAN_FREIGHT_FREIGHTOS_BALTIC_INDEX_FBX_SCFI,Ocean Freight,Freightos Baltic Index (FBX) / SCFI,Global,4,High,,Freightos,https://fbx.freightos.com/,https://fbx.freightos.com/,paid_or_restricted,Daily,mean,Index,2018-01,Y,30,N,,N,,,Medium,"Freightos Baltic Index is proprietary data requiring registration or subscription, though historical",2,0.70
GLOBAL_OCEAN_FREIGHT_IMO_FUELEMISSIONS_REGULATIONS,Ocean Freight,IMO fuel/emissions regulations,Global,4,Low,,International Maritime Organization (IMO),https://www.imo.org/en/OurWork/Environment/Pages/Air-Pollution.aspx,https://www.imo.org/en/OurWork/Environment/Pages/Air-Pollution.aspx,api_key,Event,last,Index,2018-01,Y,30,N,,N,,,Medium,"IMO publishes regulatory milestones (MARPOL Annex VI amendments, sulfur cap implementations) as even",2,0.30
GLOBAL_OCEAN_FREIGHT_SHIPBUILDING_ORDERBOOK_NEW_VESSEL_DELIVERIES,Ocean Freight,Shipbuilding orderbook / new vessel deliveries,Global,4,High,,UNCTAD,https://unctadstat.unctad.org/datacentre/,"https://unctadstat-api.unctad.org/bulkdownload - Maritime Transport dataset, vessel deliveries and orderbook statistics",api_key,Annual,last,Index,2018-01,Y,30,N,,N,,,Medium,UNCTAD maintains comprehensive maritime transport statistics including vessel deliveries and orderbo,2,0.75
GLOBAL_OCEAN_FREIGHT_IMO_2020SCRUBBER_COMPLIANCE_COSTS,Ocean Freight,IMO 2020/scrubber compliance costs,Global,4,Low,,International Maritime Organization (IMO),https://www.imo.org/en/OurWork/Environment/Pages/Sulphur-oxides-(SOx)-%E2%80%93-Regulation-14.aspx,IMO regulatory documentation and compliance reports,api_key,Event,last,Index,2018-01,Y,30,N,,N,,,Medium,IMO 2020 compliance costs are not tracked as a standardized public index; compliance is regulatory a,2,0.30
CHINA_OCEAN_FREIGHT_DREWRY_INDEX,Ocean Freight,Drewry Index,China,4,High,,Drewry,https://www.drewry.co.uk/supply-chain-advisors/supply-chain-expertise/world-container-index-assessed-by-drewry,https://www.drewry.co.uk/supply-chain-advisors/supply-chain-expertise/world-container-index-assessed-by-drewry,paid_or_restricted,Weekly,mean,Index,2018-01,Y,30,N,,N,,,Medium,Drewry's World Container Index is the authoritative source for this specific index but requires paid,2,0.75
CHINA_OCEAN_FREIGHT_CARGO_DEMAND_AND_PORT_ACTIVITY,Ocean Freight,Cargo demand and port activity,China,3,High,,Shanghai Shipping Exchange,https://en.sse.net.cn/indices/scfinew.jsp,https://en.sse.net.cn/indices/scfinew.jsp,open_api,Daily,mean,Index,2018-01,Y,30,N,,N,,,Medium,Shanghai Containerized Freight Index (SCFI) is the authoritative measure of China's containerized ca,2,0.85
CHINA_OCEAN_FREIGHT_PEAK_SEASON_SURCHARGES_PSS,Ocean Freight,Peak Season Surcharges (PSS),China,3,High,,Shanghai Shipping Exchange (SSE),https://en.sse.net.cn/indices/scfinew.jsp,https://en.sse.net.cn/indices/scfinew.jsp,open_api,Weekly,mean,Index,2018-01,Y,30,N,,N,,,Medium,Shanghai Shipping Exchange publishes the Shanghai Containerized Freight Index (SCFI) which includes ,2,0.72
CHINA_OCEAN_FREIGHT_GLOBAL_PMI,Ocean Freight,Global PMI,China,2,Medium,,National Bureau of Statistics of China,https://data.stats.gov.cn/english/easyquery.htm?cn=A01,https://data.stats.gov.cn/english/easyquery.htm?cn=A01,open_api,Monthly,mean,Index,2018-01,Y,30,N,,N,,,Medium,"China's official statistical bureau publishes the Manufacturing PMI monthly, which is the primary in",2,0.65
CHINA_OCEAN_FREIGHT_RETAIL_SALES_EUROPECHINA,Ocean Freight,Retail Sales - Europe/China,China,3,High,,National Bureau of Statistics of China,https://data.stats.gov.cn/english/easyquery.htm?cn=A01,https://data.stats.gov.cn/english/easyquery.htm?cn=A01 - Total Retail Sales of Consumer Goods,multipage_scrape,Monthly,sum,Index,2018-01,Y,30,N,,N,,,Medium,"China's National Bureau of Statistics publishes official retail sales data monthly, though the Engli",2,0.75
CHINA_OCEAN_FREIGHT_GLOBAL_TRADE_VOLUMES,Ocean Freight,Global Trade Volumes,China,1,High,china_customs,General Administration of Customs of the People's Republic of China,http://english.customs.gov.cn/Statics/,total_trade_value,open_api,Monthly,sum,Index,2018-01,Y,30,N,,N,,,Medium,China Customs publishes comprehensive monthly import and export trade statistics that directly measu,2,0.85
CHINA_OCEAN_FREIGHT_WEATHER_DISTRUPTIONS,Ocean Freight,Weather Distruptions,China,4,Medium,,China Meteorological Administration,https://www.cma.gov.cn/en2014/,https://www.cma.gov.cn/en2014/weather/,api_key,Daily,count,Index,2018-01,Y,30,N,,N,,,Medium,"CMA provides weather warnings and typhoon data affecting Chinese ports, but lacks a structured API a",2,0.40
CHINA_OCEAN_FREIGHT_GEOPOLITICAL_RISK_CONFLICT_TARDE_AND_TARIFFS_SANCTIONS_AIR_SPACE_CLOSURES_WATERROUTE_BLOCK,Ocean Freight,"Geo-Political Risk - Conflict, Tarde and Tariffs, sanctions, air space closures, Water-route block",China,4,High,,Armed Conflict Location & Event Data Project (ACLED),https://acleddata.com/data-export-tool/,https://api.acleddata.com/acled/read?country=China&event_type=Battles|Violence against civilians|Riots|Strategic developments,api_key,Event,count,Index,2018-01,Y,30,N,,N,,,Medium,"ACLED provides comprehensive conflict event data including battles, riots, and strategic development",2,0.75
EUROPE_PROPYLENE_PROPYLENE,Propylene,Propylene,Europe,4,Medium,,S&P Global Platts,https://www.spglobal.com/commodityinsights/en/our-methodology/price-assessments/petrochemicals/propylene-europe,Platts European Propylene assessments,paid_or_restricted,Daily,mean,USD/MT,2015-01,Y,30,N,,N,,,Medium,Platts is the primary price assessment agency for European propylene but requires paid subscription;,2,0.40
GLOBAL_PROPYLENE_CRUDE_OIL_PRICE,Propylene,Crude oil price,Global,1,High,eia,U.S. Energy Information Administration (EIA),https://www.eia.gov/dnav/pet/pet_pri_spt_s1_d.htm,PET.RWTC.D,open_api,Daily,mean,USD/MT,2015-01,Y,30,N,,N,eia_api_key,,Medium,"EIA provides free API access to WTI crude oil spot prices (Cushing, OK) which serves as the global b",2,0.95
EUROPE_PROPYLENE_NAPHTHA_PRICE,Propylene,Naphtha price,Europe,4,Medium,eia,U.S. Energy Information Administration (EIA),https://www.eia.gov/dnav/pet/pet_pri_spt_s1_d.htm,PET.RNAPN00.D,api_key,Daily,mean,USD/MT,2015-01,Y,30,N,,N,eia_api_key,,Medium,EIA provides naphtha spot prices but primarily for U.S. Gulf Coast rather than Europe; European naph,2,0.65
EU_PROPYLENE_EU_REFINERY_FCC_PROPYLENE_YIELD_ECONOMICS,Propylene,EU refinery FCC propylene yield economics,EU,2,Medium,eia,U.S. Energy Information Administration (EIA),https://www.eia.gov/dnav/pet/pet_pnp_refp_dc_nus_mbbl_m.htm,PET.MCRFPEU2.M,open_api,Monthly,mean,USD/MT,2015-01,Y,30,N,,N,eia_api_key,,Medium,"EIA provides European refinery capacity and utilization data that can proxy FCC economics, though pr",2,0.45
EUROPE_PROPYLENE_GLOBAL_POLYPROPYLENE_PP_DEMAND,Propylene,Global polypropylene (PP) demand,Europe,3,Medium,,European Chemical Industry Council (Cefic),https://cefic.org/app/uploads/2023/01/The-European-Chemical-Industry-Facts-And-Figures-2023.pdf,"Annual Facts & Figures report, Plastics production section",file_download,Annual,sum,USD/MT,2015-01,Y,30,N,,N,,,Medium,"Cefic publishes annual European plastics production data including polypropylene volumes, but pricin",2,0.40
CHINA_PROPYLENE_CHINA_PDH_CAPACITY_ADDITIONS,Propylene,China PDH capacity additions,China,2,Medium,china_customs,China Customs,http://www.customs.gov.cn/customs/302249/zfxxgk/2799825/302274/302277/index.html,"HS_CODE:290211,TRADE_TYPE:import,COUNTRY:all",file_download,Monthly,sum,USD/MT,2015-01,Y,30,N,,N,,,Medium,"China Customs tracks propylene imports (HS 290211) which indirectly reflects domestic capacity gaps,",2,0.45
EU_PROPYLENE_EU_REFINERY_FCC_UTILIZATION_RATE,Propylene,EU refinery FCC utilization rate,EU,4,Medium,,Eurostat,https://ec.europa.eu/eurostat/databrowser/view/NRG_IND_PEH__custom_14449878/default/table,nrg_ind_peh,api_key,Monthly,mean,USD/MT,2015-01,Y,30,N,,N,,,Medium,"Eurostat provides EU petroleum refining capacity utilization data through their energy statistics, t",2,0.40
EUROPE_PROPYLENE_ETHYLENEPROPYLENE_PRICE_RATIO_COPRODUCT_ECONOMICS,Propylene,Ethylene/propylene price ratio (co-product economics),Europe,3,Low,eia,U.S. Energy Information Administration (EIA),https://www.eia.gov/dnav/pet/pet_pri_spt_s1_d.htm,PET.RWTC.D,open_api,Daily,mean,USD/MT,2015-01,Y,30,N,,N,eia_api_key,,Medium,EIA provides U.S. petrochemical prices but lacks European ethylene/propylene spot prices; this ratio,2,0.30
EU_PROPYLENE_EUROZONEGERMANY_MANUFACTURING_PMI_CHINA_RETAINED_AS_GLOBAL_DEMAND_CONTEXT,Propylene,Eurozone/Germany manufacturing PMI (China retained as global demand context),EU,2,High,,S&P Global (Markit),https://www.pmi.spglobal.com/Public/Home/PressRelease/eurozone,https://www.pmi.spglobal.com/Public/Home/PressRelease/eurozone,open_api,Monthly,last,USD/MT,2015-01,Y,30,N,,N,,,Medium,S&P Global publishes headline Eurozone Manufacturing PMI figures in monthly press releases which are,2,0.85
EU_PROPYLENE_EUGERMANY_AUTOMOTIVE_PACKAGING_DEMAND_PP_ENDUSE,Propylene,EU/Germany automotive & packaging demand (PP end-use),EU,2,High,,Eurostat,https://ec.europa.eu/eurostat/web/prodcom/data/database,PRODCOM dataset for polypropylene (CPA 20.16.52) production volumes,api_key,Monthly,sum,USD/MT,2015-01,Y,30,N,,N,,,Medium,Eurostat PRODCOM tracks EU manufacturing output including polypropylene production which directly re,2,0.75
EU_PROPYLENE_EU_NAPHTHA_IMPORTREFINING_ECONOMICS_FEEDSTOCK_SUPPLY,Propylene,EU naphtha import/refining economics (feedstock supply),EU,1,Medium,eia,U.S. Energy Information Administration (EIA),https://www.eia.gov/dnav/pet/pet_pri_spt_s1_d.htm,PET.RBRTE.D,open_api,Daily,mean,USD/MT,2015-01,Y,30,N,,N,eia_api_key,,Medium,EIA provides Europe Brent spot prices which serve as a proxy for naphtha economics since naphtha pri,2,0.65
EUROPE_PROPYLENE_UTILITYFEEDSTOCK_NATURAL_GAS,Propylene,Utility/Feedstock - Natural gas,Europe,1,High,eia,U.S. Energy Information Administration (EIA),https://www.eia.gov/dnav/ng/ng_pri_sum_dcu_nus_m.htm,NG.N3020EU3.M,open_api,Monthly,mean,USD/MT,2015-01,Y,30,N,,N,eia_api_key,,Medium,"EIA provides European natural gas price data through their open API, which serves as a key feedstock",2,0.75
EUROPE_PROPYLENE_DOWNSTREAM_PRICES_PROPYLENE_OXIDE,Propylene,Downstream prices - Propylene Oxide,Europe,4,Medium,,S&P Global Platts,https://www.spglobal.com/commodityinsights/en/our-methodology/price-assessments/petrochemicals/propylene-oxide,Platts European Propylene Oxide assessments,paid_or_restricted,Daily,mean,USD/MT,2015-01,Y,30,N,,N,,,Medium,"Propylene oxide pricing data is primarily available through commercial providers like Platts, ICIS, ",2,0.40
EUROPE_PROPYLENE_ACRYLONITRILE,Propylene,Acrylonitrile,Europe,4,High,,S&P Global Platts,https://www.spglobal.com/commodityinsights/en/our-methodology/price-assessments/petrochemicals/acrylonitrile,Platts European Acrylonitrile assessment,paid_or_restricted,Daily,mean,USD/MT,2015-01,Y,30,N,,N,,,Medium,"S&P Global Platts is the primary price assessment agency for European acrylonitrile spot prices, but",2,0.75
EUROPE_PROPYLENE_ACRYLIC_ACID,Propylene,Acrylic Acid,Europe,4,High,,S&P Global Platts,https://www.spglobal.com/commodityinsights/en/our-methodology/price-assessments/petrochemicals/acrylic-acid-europe,Acrylic acid Europe contract price assessment,paid_or_restricted,Monthly,mean,USD/MT,2015-01,Y,30,N,,N,,,Medium,"S&P Global Platts is the primary price reporting agency for European acrylic acid contract prices, b",2,0.75
EUROPE_PROPYLENE_CUMENEPHENOL,Propylene,Cumene/Phenol,Europe,4,Medium,,S&P Global Platts,https://www.spglobal.com/commodityinsights/en/our-methodology/price-assessments/petrochemicals/propylene-cumene-phenol,Platts European Cumene/Phenol assessments,paid_or_restricted,Daily,mean,USD/MT,2015-01,Y,30,N,,N,,,Medium,Cumene and phenol pricing for Europe is primarily published by commercial providers like Platts and ,2,0.40
EUROPE_PROPYLENE_OXO_ALCOHOLS,Propylene,Oxo Alcohols,Europe,4,Medium,,S&P Global Platts,https://www.spglobal.com/commodityinsights/en/our-methodology/price-assessments/petrochemicals/europe-oxo-alcohols,Platts European Oxo Alcohols assessments,paid_or_restricted,Daily,mean,USD/MT,2015-01,Y,30,N,,N,,,Medium,Oxo alcohols pricing in Europe is primarily tracked by specialized commodity price reporting agencie,2,0.40
EUROPE_PROPYLENE_STOCKS_PROPYLENE_INVENTORY_LEVELS,Propylene,Stocks - Propylene Inventory Levels,Europe,2,Medium,,Eurostat,https://ec.europa.eu/eurostat/databrowser/view/DS-056120/default/table,DS-056120,api_key,Monthly,last,USD/MT,2015-01,Y,30,N,,N,,,Medium,Eurostat provides European chemical industry statistics including petrochemical stocks through their,2,0.65
EUROPE_PROPYLENE_DEMAND_CONSTRUCTION_ACTIVITY,Propylene,Demand - Construction Activity,Europe,4,High,,Eurostat,https://ec.europa.eu/eurostat/databrowser/view/STS_COPI_M__custom_14449953/default/table,sts_copi_m?indic_bt=PROD&nace_r2=F&unit=I15&s_adj=NSA,api_key,Monthly,mean,USD/MT,2015-01,Y,30,N,,N,,,Medium,Eurostat provides monthly construction production index for Europe which serves as a proxy for const,2,0.75
EUROPE_PROPYLENE_TRADE_IMPORTEXPORT,Propylene,Trade - Import/Export,Europe,4,High,un_comtrade,UN Comtrade,https://comtradeplus.un.org/,"HS_CODE:290121,FLOW:M+X,REPORTER:EU27,FREQ:M",api_key,Monthly,sum,USD/MT,2015-01,Y,30,N,,N,comtrade_api_key,,Medium,UN Comtrade provides comprehensive trade data for propylene (HS code 290121) with import/export flow,2,0.85
EUROPE_PROPYLENE_ENVIRONMENTAL_POLICIES_QUALITTAIVE,Propylene,Environmental Policies - Qualittaive,Europe,3,Medium,,European Environment Agency (EEA),https://www.eea.europa.eu/en/analysis/indicators,https://www.eea.europa.eu/en/analysis/indicators/policy-effectiveness-indicators,file_download,Annual,last,USD/MT,2015-01,Y,30,N,,N,,,Medium,"EEA publishes environmental policy indicators for Europe, but qualitative policy assessments are typ",2,0.40
EUROPE_PROPYLENE_HURRICANEWEATHER_EVENTSMAINTENENCE_SEASONAL_DUMMY,Propylene,Hurricane/Weather Events/Maintenence - Seasonal - Dummy,Europe,1,Medium,,European Centre for Medium-Range Weather Forecasts (ECMWF),https://www.ecmwf.int/en/forecasts/datasets/open-data,https://data.ecmwf.int/forecasts/,open_api,Daily,count,USD/MT,2015-01,Y,30,N,,N,,,Medium,ECMWF provides open weather forecast data that can be used to construct extreme weather event indica,2,0.65
ASIA_STYRENEBUTADIENE_RUBBER_SBR_STYRENEBUTADIENE_RUBBER_SBR,Styrene-Butadiene Rubber (SBR),Styrene-Butadiene Rubber (SBR),Asia,2,Medium,worldbank_pinksheet,World Bank Commodity Price Data (Pink Sheet),https://www.worldbank.org/en/research/commodity-markets,RUBBER_SGP,file_download,Monthly,mean,USD/MT,2015-01,Y,30,N,,N,,,Medium,World Bank Pink Sheet tracks rubber prices including Singapore rubber which serves as Asian benchmar,2,0.65
CHINA_STYRENEBUTADIENE_RUBBER_SBR_CHINA_BUTADIENE_PRICE_CFR_CHINA,Styrene-Butadiene Rubber (SBR),China butadiene price (CFR China),China,2,High,china_customs,China Customs,http://www.customs.gov.cn/customs/302249/zfxxgk/2799825/302274/302277/index.html,HS_CODE:29012400,file_download,Monthly,mean,USD/MT,2015-01,Y,30,N,,N,,,Medium,China Customs publishes monthly import data for butadiene (HS 29012400) including unit values that c,2,0.72
CHINA_STYRENEBUTADIENE_RUBBER_SBR_CHINA_STYRENE_PRICE_CFR_CHINA,Styrene-Butadiene Rubber (SBR),China styrene price (CFR China),China,2,High,china_customs,China Customs,https://www.customs.gov.cn/,HS_CODE:290230,file_download,Monthly,mean,USD/MT,2015-01,Y,30,N,,N,,,Medium,China Customs publishes monthly import data for styrene (HS 290230) including unit values that can a,2,0.72
GLOBAL_STYRENEBUTADIENE_RUBBER_SBR_CRUDE_OIL_PRICE,Styrene-Butadiene Rubber (SBR),Crude oil price,Global,1,High,eia,U.S. Energy Information Administration (EIA),https://www.eia.gov/opendata/browser/petroleum/pri/spt,RWTC,api_key,Daily,mean,USD/MT,2015-01,Y,30,N,,N,eia_api_key,,Medium,EIA provides free API access to WTI crude oil spot prices (USD/barrel) which is the primary global b,2,0.95
CHINA_STYRENEBUTADIENE_RUBBER_SBR_CHINA_TIRE_PRODUCTION_VOLUMES_LARGEST_GLOBAL_PRODUCER,Styrene-Butadiene Rubber (SBR),China tire production volumes (largest global producer),China,3,High,,National Bureau of Statistics of China,https://data.stats.gov.cn/english/easyquery.htm?cn=C01,Industrial Production > Rubber and Plastics Products > Tire Production,open_api,Monthly,sum,USD/MT,2015-01,Y,30,N,,N,,,Medium,"NBS China publishes monthly tire production volumes as part of industrial output statistics, though ",2,0.72
GLOBAL_STYRENEBUTADIENE_RUBBER_SBR_NATURAL_RUBBER_PRICE_SUBSTITUTE,Styrene-Butadiene Rubber (SBR),Natural rubber price (substitute),Global,1,High,worldbank_pinksheet,World Bank Commodity Markets (Pink Sheet),https://www.worldbank.org/en/research/commodity-markets,RUBBER,open_api,Monthly,mean,USD/MT,2015-01,Y,30,N,,N,,,Medium,"World Bank Pink Sheet provides monthly global natural rubber prices in USD/MT with free API access, ",2,0.92
CHINA_STYRENEBUTADIENE_RUBBER_SBR_CHINA_AUTO_PRODUCTION,Styrene-Butadiene Rubber (SBR),China auto production,China,3,High,,China Association of Automobile Manufacturers (CAAM),http://www.caam.org.cn/chn/4/cate_39/list_5.html,http://www.caam.org.cn/chn/4/cate_39/list_5.html,open_api,Monthly,sum,USD/MT,2015-01,Y,30,N,,N,,,Medium,"CAAM is the official industry association publishing monthly Chinese auto production statistics, tho",2,0.75
CHINA_STYRENEBUTADIENE_RUBBER_SBR_CHINA_MANUFACTURING_PMI,Styrene-Butadiene Rubber (SBR),China manufacturing PMI,China,3,High,,National Bureau of Statistics of China,https://data.stats.gov.cn/english/easyquery.htm?cn=A01,https://data.stats.gov.cn/english/easyquery.htm?cn=A01 - Manufacturing PMI series,multipage_scrape,Monthly,last,USD/MT,2015-01,Y,30,N,,N,,,Medium,"China's National Bureau of Statistics publishes the official manufacturing PMI monthly, freely acces",2,0.85
CHINA_STYRENEBUTADIENE_RUBBER_SBR_CHINA_NAPHTHA_PRICE_FEEDSTOCK,Styrene-Butadiene Rubber (SBR),China naphtha price (feedstock),China,2,Medium,eia,U.S. Energy Information Administration (EIA),https://www.eia.gov/dnav/pet/pet_pri_wco_k_w.htm,PET.W_EPN00_PRS_NUS_DPG.W,open_api,Weekly,mean,USD/MT,2015-01,Y,30,N,,N,eia_api_key,,Medium,"EIA provides naphtha spot prices but primarily for US Gulf Coast rather than China-specific pricing,",2,0.65
CHINA_STYRENEBUTADIENE_RUBBER_SBR_CHINA_AUTO_SALES_REPLACEMENT_TIRE_DEMAND,Styrene-Butadiene Rubber (SBR),China auto sales & replacement tire demand,China,2,High,,China Association of Automobile Manufacturers (CAAM),http://www.caam.org.cn/chn/4/cate_39/list_5.html,http://www.caam.org.cn/chn/4/cate_39/list_5.html,open_api,Monthly,sum,USD/MT,2015-01,Y,30,N,,N,,,Medium,CAAM publishes official monthly auto sales data for China which directly drives tire demand and SBR ,2,0.75
GLOBAL_STYRENEBUTADIENE_RUBBER_SBR_OCEAN_FREIGHT_RATES,Styrene-Butadiene Rubber (SBR),Ocean freight rates,Global,4,Medium,,Freightos Baltic Index (FBX),https://fbx.freightos.com/,https://fbx.freightos.com/,api_key,Daily,mean,USD/MT,2015-01,Y,30,N,,N,,,Medium,Freightos provides global container freight rate indices but requires registration for API access; a,2,0.65
ASIA_STYRENEBUTADIENE_RUBBER_SBR_ONE_STEP_AHEAD_FEEDSTOCK_BENZENEETHYLENE_PRICES,Styrene-Butadiene Rubber (SBR),One Step ahead feedstock - Benzene/Ethylene prices,Asia,2,Medium,eia,U.S. Energy Information Administration (EIA),https://www.eia.gov/dnav/pet/pet_pri_spt_s1_d.htm,PET.EER_EPOBZ_PF4_Y35NY_DPG.D,open_api,Daily,mean,USD/MT,2015-01,Y,30,N,,N,eia_api_key,,Medium,EIA provides benzene spot prices (NY Harbor) which serves as a global benchmark for petrochemical fe,2,0.65
ASIA_STYRENEBUTADIENE_RUBBER_SBR_UTILITY_NATURAL_GAS,Styrene-Butadiene Rubber (SBR),Utility - Natural Gas,Asia,1,High,eia,U.S. Energy Information Administration (EIA),https://www.eia.gov/dnav/ng/ng_pri_sum_dcu_nus_m.htm,NG.N3020AS3.M,open_api,Monthly,mean,USD/MT,2015-01,Y,30,N,,N,eia_api_key,,Medium,EIA provides Asian natural gas import prices in USD/MMBtu which can be converted to USD/MT equivalen,2,0.72
APAC_STYRENEBUTADIENE_RUBBER_SBR_CAPACITYPLANT_SBR_PLANT_OPERATING_RATES,Styrene-Butadiene Rubber (SBR),Capacity/Plant - SBR Plant Operating Rates,APAC,4,Medium,,International Rubber Study Group (IRSG),https://www.rubberstudy.org/statistics.aspx,Statistical Summary - Synthetic Rubber Production and Capacity,paid_or_restricted,Monthly,mean,USD/MT,2015-01,Y,30,N,,N,,,Medium,"IRSG publishes synthetic rubber capacity utilization data for major regions including Asia-Pacific, ",2,0.65
ASIA_STYRENEBUTADIENE_RUBBER_SBR_PLANNED_MAINTENANCESHUTDOWNS,Styrene-Butadiene Rubber (SBR),Planned Maintenance/Shutdowns,Asia,4,Medium,,ICIS,https://www.icis.com/explore/services/analytics/supply-demand-database/,ICIS Supply & Demand Database - Planned maintenance schedules,paid_or_restricted,Event,count,USD/MT,2015-01,Y,30,N,,N,,,Medium,Planned maintenance and shutdown data for petrochemical facilities like SBR plants is typically prop,2,0.40
APAC_STYRENEBUTADIENE_RUBBER_SBR_NEW_CAPACITY_ADDITIONSQUALITATIVE,Styrene-Butadiene Rubber (SBR),New Capacity Additions(Qualitative),APAC,4,Medium,,International Rubber Study Group (IRSG),https://www.rubberstudy.org/statistics.aspx,IRSG Statistical Summary - Synthetic Rubber Production Capacity,paid_or_restricted,Annual,last,USD/MT,2015-01,Y,30,N,,N,,,Medium,"IRSG tracks synthetic rubber capacity additions by region including APAC, but data access requires m",2,0.65
ASIA_STYRENEBUTADIENE_RUBBER_SBR_DOWNSTEAM_INDUSTRIAL_RUBBER_GOODS_PRODUCTION,Styrene-Butadiene Rubber (SBR),Downsteam - Industrial Rubber Goods Production,Asia,4,High,un_comtrade,UN Comtrade,https://comtradeplus.un.org/,"HS=401693,401699&reporterCode=all&partnerCode=0&flowCode=M&frequencyCode=M&period=all",api_key,Monthly,sum,USD/MT,2015-01,Y,30,N,,N,comtrade_api_key,,Medium,UN Comtrade tracks industrial rubber goods exports/production via HS codes 401693 and 401699 (other ,2,0.72
ASIA_STYRENEBUTADIENE_RUBBER_SBR_CONSTRUCTION_ACTIVITY,Styrene-Butadiene Rubber (SBR),Construction Activity,Asia,4,Medium,,Asian Development Bank,https://data.adb.org/,https://data.adb.org/api/3/action/datastore_search?resource_id=construction-output-index,api_key,Quarterly,mean,USD/MT,2015-01,Y,30,N,,N,,,Medium,"ADB provides construction activity indices for Asian economies through their open data portal, thoug",2,0.65
ASIA_STYRENEBUTADIENE_RUBBER_SBR_TRADE_IMPORTEXPORT,Styrene-Butadiene Rubber (SBR),Trade - Import/Export,Asia,4,High,un_comtrade,UN Comtrade,https://comtradeplus.un.org/,"HS_CODE:400220,FLOW:M,REPORTER:multiple_asian_countries",api_key,Monthly,sum,USD/MT,2015-01,Y,30,N,,N,comtrade_api_key,,Medium,UN Comtrade provides comprehensive trade data for styrene-butadiene rubber (HS 4002.20) with import/,2,0.85
ASIA_STYRENEBUTADIENE_RUBBER_SBR_SUBSTITUTE_EPDM_PRICES,Styrene-Butadiene Rubber (SBR),Substitute - EPDM Prices,Asia,2,Medium,worldbank_pinksheet,World Bank Commodity Markets (Pink Sheet),https://www.worldbank.org/en/research/commodity-markets,RUBBER,file_download,Monthly,mean,USD/MT,2015-01,Y,30,N,,N,,,Medium,World Bank Pink Sheet provides monthly rubber price indices which can serve as a proxy for EPDM pric,2,0.65
POLAND_GASOLINE_GASOLINE,Gasoline,Gasoline,Poland,1,High,,European Commission Weekly Oil Bulletin,https://energy.ec.europa.eu/data-and-analysis/weekly-oil-bulletin_en,https://ec.europa.eu/energy/observatory/reports/latest_prices_raw_data.xlsx,file_download,Weekly,mean,EUR/Litre,2010-01,Y,30,N,,N,,,Medium,The European Commission publishes weekly gasoline prices for all EU member states including Poland i,2,0.92
EU_GASOLINE_POLANDEU_REFINERY_UTILIZATION_RATE,Gasoline,Poland/EU refinery utilization rate,EU,4,High,,Eurostat,https://ec.europa.eu/eurostat/web/energy/data/database,nrg_ind_ref - Energy statistics - refinery capacity utilization,api_key,Monthly,mean,EUR/Litre,2010-01,Y,30,N,,N,,,Medium,"Eurostat publishes EU refinery utilization data through their energy statistics database, though API",2,0.75
EU_GASOLINE_POLANDEU_SEASONAL_DRIVING_DEMAND_SUMMER_TRAVEL_SEASON,Gasoline,Poland/EU seasonal driving demand (summer travel season),EU,1,High,,European Commission Weekly Oil Bulletin,https://energy.ec.europa.eu/data-and-analysis/weekly-oil-bulletin_en,https://ec.europa.eu/energy/observatory/reports/latest_prices_raw_data.xlsx,file_download,Weekly,mean,EUR/Litre,2010-01,Y,30,N,,N,,,Medium,The European Commission publishes weekly retail gasoline prices for all EU member states including P,2,0.92
POLAND_GASOLINE_POLAND_RETAILWHOLESALE_GASOLINE_PRICE_E10_SUPER_95_GUSPOPIHN,Gasoline,"Poland retail/wholesale gasoline price (E10 Super 95, GUS/POPiHN)",Poland,2,High,,Statistics Poland (GUS),https://stat.gov.pl/en/topics/prices-trade/price-indices/,https://stat.gov.pl/en/topics/prices-trade/price-indices/,file_download,Monthly,mean,EUR/Litre,2010-01,Y,30,N,,N,,,Medium,GUS (Główny Urząd Statystyczny) publishes fuel price statistics including gasoline prices through th,2,0.75
EU_GASOLINE_POLANDEU_GASOLINE_INVENTORY_LEVELS_EUROILSTOCK,Gasoline,Poland/EU gasoline inventory levels (Euroilstock),EU,3,High,,Eurostat,https://ec.europa.eu/eurostat/web/energy/data/database,nrg_stk_oilm (Oil stocks - monthly data),api_key,Monthly,last,EUR/Litre,2010-01,Y,30,N,,N,,,Medium,Eurostat publishes monthly oil stock data including motor gasoline inventories for EU member states ,2,0.75
POLAND_GASOLINE_EUROPEAN_REFINING_MARGINS,Gasoline,European refining margins,Poland,1,High,,European Commission - Weekly Oil Bulletin,https://energy.ec.europa.eu/data-and-analysis/weekly-oil-bulletin_en,https://ec.europa.eu/energy/observatory/reports/latest_prices_raw_data.xlsx,file_download,Weekly,mean,EUR/Litre,2010-01,Y,30,N,,N,,,Medium,The EC Weekly Oil Bulletin provides comprehensive petroleum product prices including refining margin,2,0.75
POLAND_GASOLINE_POLAND_FUEL_EXCISE_DUTYVAT_POLICY,Gasoline,Poland fuel excise duty/VAT policy,Poland,3,High,,European Commission - Excise Duty Tables,https://taxation-customs.ec.europa.eu/taxation/excise-duties/excise-duties-energy/excise-duty-tables_en,"Part II - Energy products and electricity, Table on unleaded petrol rates for Poland",file_download,Annual,last,EUR/Litre,2010-01,Y,30,N,,N,,,Medium,European Commission publishes official excise duty tables for all EU member states including Poland',2,0.85
EU_GASOLINE_EURUSD_USDPLN_EXCHANGE_RATE,Gasoline,EUR/USD & USD/PLN exchange rate,EU,1,High,frankfurter,European Central Bank,https://data.ecb.europa.eu/,"EUR/USD,USD/PLN",open_api,Daily,last,EUR/Litre,2010-01,Y,30,N,,N,,,Medium,The Frankfurter API provides free ECB foreign exchange reference rates including EUR/USD and USD/PLN,2,0.92
EU_GASOLINE_POLANDEU_ETHANOL_BLENDING_COMPONENT_COST,Gasoline,Poland/EU ethanol blending component cost,EU,1,High,,European Commission - Weekly Oil Bulletin,https://energy.ec.europa.eu/data-and-analysis/weekly-oil-bulletin_en,https://ec.europa.eu/energy/observatory/reports/latest_prices_en.xlsx,file_download,Weekly,mean,EUR/Litre,2010-01,Y,30,N,,N,,,Medium,The EC Weekly Oil Bulletin provides comprehensive fuel price data including ethanol blending compone,2,0.75
EU_GASOLINE_EU_FUEL_SPECIFICATION_EN_228_SEASONAL_VOLATILITY_REGULATION,Gasoline,EU fuel specification (EN 228) seasonal volatility regulation,EU,1,High,,European Commission - Weekly Oil Bulletin,https://energy.ec.europa.eu/data-and-analysis/weekly-oil-bulletin_en,https://ec.europa.eu/energy/observatory/reports/latest_prices_raw_data.xlsx,file_download,Weekly,mean,EUR/Litre,2010-01,Y,30,N,,N,,,Medium,The European Commission's Weekly Oil Bulletin provides official EU gasoline prices in EUR/Litre with,2,0.85
POLAND_GASOLINE_DEMAND_PASSENGER_VEHICLE_REGISTRATIONS,Gasoline,Demand - Passenger vehicle registrations,Poland,3,High,,European Automobile Manufacturers Association (ACEA),https://www.acea.auto/pc-registrations/,https://www.acea.auto/pc-registrations/,file_download,Monthly,sum,EUR/Litre,2010-01,Y,30,N,,N,,,Medium,ACEA publishes monthly passenger car registration statistics for Poland and all EU countries as free,2,0.75
POLAND_GASOLINE_SUBSTITUTE_DIESEL_PRICES,Gasoline,Substitute - Diesel prices,Poland,1,High,,European Commission Weekly Oil Bulletin,https://energy.ec.europa.eu/data-and-analysis/weekly-oil-bulletin_en,https://ec.europa.eu/energy/observatory/reports/latest_prices_raw_data.xlsx,file_download,Weekly,mean,EUR/Litre,2010-01,Y,30,N,,N,,,Medium,The EC Weekly Oil Bulletin provides comprehensive diesel price data for all EU member states includi,2,0.92
POLAND_GASOLINE_INFLATION_CPI,Gasoline,Inflation (CPI),Poland,1,High,,European Central Bank Statistical Data Warehouse,https://data.ecb.europa.eu/data/datasets/ICP/ICP.M.PL.N.000000.4.ANR,https://data-api.ecb.europa.eu/service/data/ICP/M.PL.N.000000.4.ANR,api_key,Monthly,last,EUR/Litre,2010-01,Y,30,N,,N,,,Medium,ECB provides free API access to harmonized CPI data for Poland (HICP) which is the standard inflatio,2,0.85
POLAND_GASOLINE_INDUSTRIAL_PRODUCTION_INDEX,Gasoline,Industrial production index,Poland,2,High,,Statistics Poland (GUS),https://stat.gov.pl/en/topics/industry/,https://bdl.stat.gov.pl/api/v1/,file_download,Monthly,mean,EUR/Litre,2010-01,Y,30,N,,N,,,Medium,Statistics Poland publishes industrial production index data through their public API (BDL - Bank of,2,0.75
POLAND_GASOLINE_STRATEGIC_PETROLEUM_STOCKS,Gasoline,Strategic petroleum stocks,Poland,4,High,eia,U.S. Energy Information Administration (EIA),https://www.eia.gov/opendata/,INTL.57-6-POL-TBPD.M,api_key,Monthly,last,EUR/Litre,2010-01,Y,30,N,,N,eia_api_key,,Medium,EIA provides international petroleum stock data including Poland's strategic reserves through their ,2,0.72
SPAIN_ELECTRICITY_ELECTRICITY,Electricity,Electricity,Spain,4,High,,Red Eléctrica de España (REE),https://www.ree.es/en/datos/markets/daily-market-price,https://apidatos.ree.es/en/datos/mercados/precios-mercados-tiempo-real,api_key,Daily,mean,EUR/MWh,2015-01,Y,30,N,,N,,,Medium,REE is Spain's official transmission system operator providing real-time electricity market prices t,2,0.85
SPAIN_ELECTRICITY_NATURAL_GAS_PRICE_MARGINAL_GENERATION_FUEL,Electricity,Natural gas price (marginal generation fuel),Spain,2,High,,OMIE (Iberian Energy Market Operator),https://www.omie.es/en/market-results/daily/daily-market/marginal-price,https://www.omie.es/en/file-access-list?parents%5B0%5D=/&parents%5B1%5D=Marginal%20price%20of%20the%20daily%20market&parents%5B2%5D=1.%20Prices&dir=Marginal%20price%20of%20the%20daily%20market&realdir=marginalpdbc,file_download,Daily,mean,EUR/MWh,2015-01,Y,30,N,,N,,,Medium,OMIE publishes daily marginal prices for the Spanish electricity market which reflect natural gas pr,2,0.75
SPAIN_ELECTRICITY_COAL_PRICE,Electricity,Coal price,Spain,2,High,,OMIE (Iberian Energy Market Operator),https://www.omie.es/en/market-results/daily/daily-market/marginal-price,https://www.omie.es/en/file-access-list?parents%5B0%5D=/&parents%5B1%5D=Precios%20marginales&dir=Precios%20marginales,file_download,Daily,mean,EUR/MWh,2015-01,Y,30,N,,N,,,Medium,OMIE publishes daily marginal electricity prices for Spain which are heavily influenced by coal pric,2,0.75
EU_ELECTRICITY_EU_ETS_CARBON_PRICE,Electricity,EU ETS carbon price,EU,2,High,,European Energy Exchange (EEX),https://www.eex.com/en/market-data/environmental-markets/eua-primary-auction-spot-download,https://www.eex.com/en/market-data/environmental-markets/eua-primary-auction-spot-download,file_download,Daily,mean,EUR/MWh,2015-01,Y,30,N,,N,,,Medium,EEX publishes daily EU ETS carbon allowance (EUA) auction prices as the official primary market plat,2,0.85
SPAIN_ELECTRICITY_SPAIN_RENEWABLE_GENERATION_SHARE_WINDSOLAR_REE,Electricity,Spain renewable generation share (wind/solar) - REE,Spain,1,High,,Red Eléctrica de España (REE),https://www.ree.es/en/datos/generation/structure-generation,https://apidatos.ree.es/en/datos/generacion/estructura-generacion,api_key,Daily,mean,EUR/MWh,2015-01,Y,30,N,,N,,,Medium,REE provides official Spanish electricity system data through their open API (e-sios) with hourly ge,2,0.92
SPAIN_ELECTRICITY_SPAIN_POWER_DEMAND_HEATINGCOOLING_DEGREE_DAYS_AEMET,Electricity,Spain power demand / heating-cooling degree days (AEMET),Spain,4,High,,AEMET OpenData,https://opendata.aemet.es/,https://opendata.aemet.es/opendata/api/valores/climatologicos/diarios/datos/fechaini/{start}/fechafin/{end}/todasestaciones,api_key,Daily,mean,EUR/MWh,2015-01,Y,30,N,,N,,,Medium,AEMET (Spanish Meteorological Agency) provides free API access to daily temperature data needed to c,2,0.85
SPAIN_ELECTRICITY_SPAINFRANCE_GRID_INTERCONNECTION_CAPACITYCONGESTION,Electricity,Spain-France grid interconnection capacity/congestion,Spain,4,High,,ENTSO-E Transparency Platform,https://transparency.entsoe.eu/transmission-domain/ntcDay/show,https://web-api.tp.entsoe.eu/api?documentType=A61&in_Domain=10YES-REE------0&out_Domain=10YFR-RTE------C,api_key,Daily,mean,EUR/MWh,2015-01,Y,30,N,,N,,,Medium,ENTSO-E provides official cross-border transmission capacity data between Spain (REE) and France (RT,2,0.92
SPAIN_ELECTRICITY_SPAIN_NUCLEAR_PLANT_AVAILABILITY_REECSN,Electricity,Spain nuclear plant availability (REE/CSN),Spain,4,High,,Red Eléctrica de España (REE),https://www.ree.es/en/datos/generation/nuclear-generation,https://apidatos.ree.es/en/datos/generacion/evolucion-renovable-no-renovable,api_key,Daily,mean,EUR/MWh,2015-01,Y,30,N,,N,,,Medium,"REE operates Spain's electricity system and provides nuclear generation data through their API, thou",2,0.75
SPAIN_ELECTRICITY_SPAIN_HYDRO_RESERVOIR_LEVELS,Electricity,Spain hydro reservoir levels,Spain,4,High,,Red Eléctrica de España (REE),https://www.ree.es/en/datos/generation/water-reserves,https://apidatos.ree.es/en/datos/balance/reservas-hidraulicas,api_key,Weekly,mean,EUR/MWh,2015-01,Y,30,N,,N,,,Medium,REE is Spain's transmission system operator providing official hydro reservoir data through their AP,2,0.85
EU_ELECTRICITY_EURUSD_EXCHANGE_RATE,Electricity,EUR/USD exchange rate,EU,1,High,frankfurter,European Central Bank,https://data.ecb.europa.eu/,EUR/USD,open_api,Daily,mean,EUR/MWh,2015-01,Y,30,N,,N,,,Medium,"The Frankfurter API provides free, public access to ECB foreign exchange reference rates including E",2,0.95
SPAIN_ELECTRICITY_SPAIN_WHOLESALE_MARKET_REGULATORY_POLICY,Electricity,Spain wholesale market regulatory policy,Spain,2,High,,OMIE (Operador del Mercado Ibérico de Energía),https://www.omie.es/en/market-results/daily/daily-market/daily-hourly-price,https://www.omie.es/en/file-access-list?parents%5B0%5D=/&parents%5B1%5D=Precio%20horario%20final%20PT%20y%20ES&dir=Precio%20horario%20final%20PT%20y%20ES,file_download,Daily,mean,EUR/MWh,2015-01,Y,30,N,,N,,,Medium,OMIE is the official Iberian electricity market operator publishing daily wholesale prices in EUR/MW,2,0.85
SPAIN_ELECTRICITY_SUPPLY_ELECTRICITY_GENERATION,Electricity,Supply - Electricity Generation,Spain,4,High,,Red Eléctrica de España (REE),https://www.ree.es/en/datos/markets/daily-market-price,https://apidatos.ree.es/en/datos/mercados/precios-mercados-tiempo-real,api_key,Daily,mean,EUR/MWh,2015-01,Y,30,N,,N,,,Medium,REE is Spain's official transmission system operator providing electricity market prices including g,2,0.85
SPAIN_ELECTRICITY_DEMAND_ELECTRICITY_CONSUMPTION,Electricity,Demand - Electricity Consumption,Spain,1,High,eia,Red Eléctrica de España (REE),https://www.ree.es/en/datos/demand/demanda-tiempo-real,https://apidatos.ree.es/en/datos/demanda/demanda-tiempo-real,open_api,Daily,mean,EUR/MWh,2015-01,Y,30,N,,N,eia_api_key,,Medium,REE is Spain's official electricity system operator providing free API access to real-time and histo,2,0.85
SPAIN_ELECTRICITY_SECONDARY_FEEDSTOCK_TTF_GAS_FUTURE_PRICES,Electricity,Secondary Feedstock - TTF Gas Future Prices,Spain,4,Medium,,ICE (Intercontinental Exchange),https://www.theice.com/products/27996665/dutch-ttf-gas-futures,https://www.theice.com/marketdata/reports/,paid_or_restricted,Daily,mean,EUR/MWh,2015-01,Y,30,N,,N,,,Medium,TTF (Title Transfer Facility) gas futures are traded on ICE and require paid market data subscriptio,2,0.40
EU_ELECTRICITY_EU_GAS_STORAGE,Electricity,EU Gas Storage,EU,4,High,,Gas Infrastructure Europe (GIE) AGSI+,https://agsi.gie.eu/,https://agsi.gie.eu/api,api_key,Daily,last,EUR/MWh,2015-01,Y,30,N,,N,,,Medium,"GIE AGSI+ provides official EU gas storage data via API with free registration, directly relevant to",2,0.85
SPAIN_ELECTRICITY_TRADE_IMPORTSEXPORTS,Electricity,Trade - Imports/Exports,Spain,4,High,,ENTSO-E Transparency Platform,https://transparency.entsoe.eu/,https://web-api.tp.entsoe.eu/api?documentType=A11&in_Domain=10YES-REE------0&out_Domain=10YES-REE------0,api_key,Daily,mean,EUR/MWh,2015-01,Y,30,N,,N,,,Medium,"ENTSO-E provides comprehensive cross-border electricity flow data for Spain with price information, ",2,0.92
SPAIN_ELECTRICITY_LEADING_INDICATOR_DAY_AHEAD_WHOLESALE_ELECTICITY_PRICES_CHECK_FOR_VARIABLE_IMPORTANCE,Electricity,Leading indicator - Day ahead Wholesale electicity prices (check for variable importance),Spain,2,High,,OMIE (Operador del Mercado Ibérico de Energía),https://www.omie.es/en/market-results/daily/daily-market/daily-hourly-price,https://www.omie.es/en/file-access-list?parents%5B0%5D=/&parents%5B1%5D=Precio%20marginal%20horario%20del%20mercado%20diario&dir=Precio%20marginal%20horario%20del%20mercado%20diario,file_download,Daily,mean,EUR/MWh,2015-01,Y,30,N,,N,,,Medium,OMIE is the official Spanish day-ahead electricity market operator providing free downloadable hourl,2,0.92
MEA_GLASS_BOTTLES_GLASS_BOTTLES,Glass Bottles,Glass Bottles,MEA,4,High,un_comtrade,UN Comtrade,https://comtradeplus.un.org/,HS_CODE:7010|REPORTER:MEA_COUNTRIES|FLOW:X,api_key,Monthly,sum,Index 2020 = 100,2020-01,Y,30,N,,N,comtrade_api_key,,Medium,"UN Comtrade provides trade data for glass bottles (HS code 7010) with MEA country coverage, though r",2,0.75
MEA_GLASS_BOTTLES_SODA_ASH_SODIUM_CARBONATE_PRICE,Glass Bottles,Soda ash (sodium carbonate) price,MEA,1,High,worldbank_pinksheet,World Bank Commodity Markets (Pink Sheet),https://www.worldbank.org/en/research/commodity-markets,soda_ash,open_api,Monthly,mean,Index 2020 = 100,2020-01,Y,30,N,,N,,,Medium,World Bank Pink Sheet provides monthly commodity price indices including soda ash with global covera,2,0.75
UAE_GLASS_BOTTLES_UAEEGYPT_NATURAL_GAS_PRICE_FURNACE_ENERGY_COST,Glass Bottles,UAE/Egypt natural gas price (furnace energy cost),UAE,2,Medium,eia,U.S. Energy Information Administration (EIA),https://www.eia.gov/opendata/browser/international/data,INTL.26-12-ARE-BCF.A,api_key,Annual,mean,Index 2020 = 100,2020-01,Y,30,N,,N,eia_api_key,,Medium,EIA International Energy Statistics provides UAE natural gas production and consumption data via fre,2,0.65
MEA_GLASS_BOTTLES_MEA_SILICA_SAND_PRICE,Glass Bottles,MEA silica sand price,MEA,3,Medium,,USGS Mineral Commodity Summaries,https://www.usgs.gov/centers/national-minerals-information-center/mineral-commodity-summaries,https://pubs.usgs.gov/periodicals/mcs2024/mcs2024.pdf,file_download,Annual,last,Index 2020 = 100,2020-01,Y,30,N,,N,,,Medium,"USGS publishes annual silica sand production and price data globally, but MEA-specific pricing in in",2,0.40
MEA_GLASS_BOTTLES_MEA_RECYCLED_GLASS_CULLET_PRICEAVAILABILITY,Glass Bottles,MEA recycled glass cullet price/availability,MEA,4,Medium,un_comtrade,UN Comtrade,https://comtradeplus.un.org/,"HS_CODE:700100,REPORTER:MEA_COUNTRIES,FLOW:M",api_key,Monthly,mean,Index 2020 = 100,2020-01,Y,30,N,,N,comtrade_api_key,,Medium,"UN Comtrade tracks glass cullet trade (HS 700100) which can serve as proxy for availability, though ",2,0.45
UAE_GLASS_BOTTLES_MEAUAE_BEVERAGE_INDUSTRY_DEMAND_WINEBEERSPIRITS_TOURISMDRIVEN,Glass Bottles,"MEA/UAE beverage industry demand (wine/beer/spirits, tourism-driven)",UAE,3,Medium,,Dubai Statistics Center,https://www.dsc.gov.ae/en-us/Themes/Pages/Tourism.aspx,https://www.dsc.gov.ae/en-us/Themes/Pages/Tourism.aspx?Theme=25,file_download,Monthly,sum,Index 2020 = 100,2020-01,Y,30,N,,N,,,Medium,Dubai Statistics Center provides tourism visitor statistics which correlate with beverage demand in ,2,0.62
MEA_GLASS_BOTTLES_REGIONAL_ENERGYELECTRICITY_COST_MEA,Glass Bottles,Regional energy/electricity cost (MEA),MEA,4,Medium,,International Energy Agency (IEA),https://www.iea.org/data-and-statistics/data-product/monthly-electricity-statistics,Monthly Electricity Statistics - Middle East region,paid_or_restricted,Monthly,mean,Index 2020 = 100,2020-01,Y,30,N,,N,,,Medium,IEA provides regional electricity price data for Middle East but requires subscription; no suitable ,2,0.40
MEA_GLASS_BOTTLES_OCEAN_FREIGHTSHIPPING_COST,Glass Bottles,Ocean freight/shipping cost,MEA,4,Medium,,Freightos Baltic Index (FBX),https://fbx.freightos.com/,https://fbx.freightos.com/,api_key,Daily,mean,Index 2020 = 100,2020-01,Y,30,N,,N,,,Medium,"Freightos provides ocean freight rate indices including routes relevant to MEA regions, though API a",2,0.65
UAE_GLASS_BOTTLES_MEA_GLASS_MANUFACTURING_CAPACITY_UTILIZATION_EGYPTUAE,Glass Bottles,MEA glass manufacturing capacity utilization (Egypt/UAE),UAE,4,Low,,UAE Ministry of Industry and Advanced Technology,https://www.moiat.gov.ae/en/open-data,https://www.moiat.gov.ae/en/open-data,file_download,Quarterly,mean,Index 2020 = 100,2020-01,Y,30,N,,N,,,Medium,UAE industrial capacity utilization data is typically published by the Ministry of Industry but acce,2,0.30
MEA_GLASS_BOTTLES_COMPETING_PACKAGING_MATERIAL_PRICES_PET_ALUMINUM_CANS,Glass Bottles,"Competing packaging material prices (PET, aluminum cans)",MEA,1,High,worldbank_pinksheet,World Bank Commodity Markets (Pink Sheet),https://www.worldbank.org/en/research/commodity-markets,"PALUM,PPLAS",open_api,Monthly,mean,Index 2020 = 100,2020-01,Y,30,N,,N,,,Medium,World Bank Pink Sheet provides monthly price indices for aluminum and plastics (PET precursor) globa,2,0.72
UAE_GLASS_BOTTLES_UAEEGYPT_ENERGY_SUBSIDY_CARBON_POLICY_TRAJECTORY,Glass Bottles,UAE/Egypt energy subsidy & carbon policy trajectory,UAE,4,Medium,,International Energy Agency (IEA) - Energy Subsidies Database,https://www.iea.org/data-and-statistics/data-product/fossil-fuel-subsidies-database,https://www.iea.org/data-and-statistics/data-product/fossil-fuel-subsidies-database,paid_or_restricted,Annual,last,Index 2020 = 100,2020-01,Y,30,N,,N,,,Medium,"IEA tracks energy subsidies by country including UAE, but full historical data requires subscription",2,0.45
MEA_GLASS_BOTTLES_UTILITY_FUEL_OILDIESEL_PRICE,Glass Bottles,Utility - Fuel Oil/Diesel Price,MEA,4,High,eia,U.S. Energy Information Administration (EIA),https://www.eia.gov/opendata/,STEO.COPR_MEA.M,api_key,Monthly,mean,Index 2020 = 100,2020-01,Y,30,N,,N,eia_api_key,,Medium,"EIA provides Middle East diesel/fuel oil price data through their open API with free registration, t",2,0.75
MEA_GLASS_BOTTLES_BRENT_CRUDE_OIL,Glass Bottles,Brent Crude Oil,MEA,4,High,eia,U.S. Energy Information Administration (EIA),https://www.eia.gov/opendata/browser/petroleum/pri/spt,RBRTE,api_key,Daily,mean,Index 2020 = 100,2020-01,Y,30,N,,N,eia_api_key,,Medium,"EIA provides free Brent crude oil spot prices (Europe) via their open API with free registration, wh",2,0.95
MEA_GLASS_BOTTLES_TRADE_IMPORTSEXPORTS,Glass Bottles,Trade - Imports/Exports,MEA,4,High,un_comtrade,UN Comtrade,https://comtradeplus.un.org/,"HS_CODE:7010|FLOW:M,X|REPORTER:MEA_countries|FREQ:A",api_key,Annual,sum,Index 2020 = 100,2020-01,Y,30,N,,N,comtrade_api_key,,Medium,UN Comtrade provides comprehensive trade data for glass bottles (HS code 7010) with imports/exports ,2,0.85
MEA_GLASS_BOTTLES_LOGSITICS,Glass Bottles,Logsitics,MEA,2,Medium,fred,FRED - Federal Reserve Economic Data,https://fred.stlouisfed.org/series/BPITRAN,BPITRAN,api_key,Monthly,mean,Index 2020 = 100,2020-01,Y,30,N,,N,fred_api_key,,Medium,"FRED's Baltic Dry Index (transportation costs) serves as a proxy for global logistics costs, though ",2,0.45
MEA_GLASS_BOTTLES_PORT_AND_SHIPPING_DISRUPTION_INDEX,Glass Bottles,Port and Shipping Disruption Index,MEA,2,High,,Kiel Institute for the World Economy,https://www.ifw-kiel.de/topics/crisis/kiel-trade-indicator/,https://www.ifw-kiel.de/fileadmin/Dateiverwaltung/IfW-Publications/fis-import/Kiel_Trade_Indicator_Data.xlsx,file_download,Monthly,mean,Index 2020 = 100,2020-01,Y,30,N,,N,,,Medium,The Kiel Trade Indicator tracks global shipping and port congestion metrics with regional breakdowns,2,0.72
MEA_GLASS_BOTTLES_INLAND_TRANSPORTATION_COST,Glass Bottles,Inland Transportation Cost,MEA,2,Medium,fred,"FRED - Producer Price Index by Commodity: Transportation and Warehousing: General Freight Trucking, Long-Distance Truckload",https://fred.stlouisfed.org/series/PCU484121484121,PCU484121484121,api_key,Monthly,mean,Index 2020 = 100,2020-01,Y,30,N,,N,fred_api_key,,Medium,FRED provides US trucking cost indices which can serve as a proxy for MEA inland transportation cost,2,0.45
EU_GLASS_BOTTLES_EXCHANGE_RATE_VS_USDEUR,Glass Bottles,Exchange Rate vs USD/EUR,EU,1,High,,European Central Bank Statistical Data Warehouse,https://data.ecb.europa.eu/data/datasets/EXR/EXR.D.USD.EUR.SP00.A,EXR/D.USD.EUR.SP00.A,open_api,Daily,mean,Index 2020 = 100,2020-01,Y,30,N,,N,,,Medium,"ECB provides official EUR/USD exchange rates via free API with daily frequency, directly relevant fo",2,0.95
MEA_GLASS_BOTTLES_PRODUCER_PRICE_INDEX_MANUFACTURING,Glass Bottles,Producer Price Index - Manufacturing,MEA,2,Medium,fred,FRED (Federal Reserve Economic Data),https://fred.stlouisfed.org/series/WPUSI03271,WPUSI03271,api_key,Monthly,mean,Index 2020 = 100,2020-01,Y,30,N,,N,fred_api_key,,Medium,"FRED provides US manufacturing PPI data which could serve as a proxy, but MEA-specific manufacturing",2,0.45
MEA_GLASS_BOTTLES_MANUFACTURING_WAGE_INDEX,Glass Bottles,Manufacturing Wage Index,MEA,4,Medium,,International Labour Organization (ILO),https://ilostat.ilo.org/data/,https://www.ilo.org/ilostat-files/WEB_bulk_download/indicator/EAR_4MTH_SEX_ECO_CUR_NB_A.csv.gz,api_key,Annual,mean,Index 2020 = 100,2020-01,Y,30,N,,N,,,Medium,"ILO provides manufacturing wage indices for MEA countries through ILOSTAT bulk downloads, though cov",2,0.65
MEA_GLASS_BOTTLES_INTEREST_RATE,Glass Bottles,Interest Rate,MEA,2,Medium,,Central Bank of Egypt,https://www.cbe.org.eg/en/EconomicResearch/Statistics/Pages/MonetaryIndicatorsHistoricalData.aspx,https://www.cbe.org.eg/en/EconomicResearch/Statistics/Pages/MonetaryIndicatorsHistoricalData.aspx,file_download,Monthly,mean,Index 2020 = 100,2020-01,Y,30,N,,N,,,Medium,"Egypt is the largest economy in MEA region and CBE publishes policy rates publicly, though a regiona",2,0.45
ASIA_PARACETAMOL_PARACETAMOL,Paracetamol,Paracetamol,Asia,1,Medium,worldbank_pinksheet,World Bank Commodity Markets (Pink Sheet),https://www.worldbank.org/en/research/commodity-markets,pharmaceuticals,open_api,Monthly,mean,USD/MT,2021-01,Y,30,N,,N,,,Medium,World Bank Pink Sheet covers pharmaceutical commodities but paracetamol-specific pricing by region i,2,0.40
ASIA_PARACETAMOL_PARAAMINOPHENOL_KEY_INTERMEDIATE_PRICE,Paracetamol,Para-aminophenol (key intermediate) price,Asia,4,Medium,,ICIS Chemical Business,https://www.icis.com/explore/chemicals/channel-info-chemicals-a-z/,ICIS pricing database - Para-aminophenol Asia,paid_or_restricted,Weekly,mean,USD/MT,2021-01,Y,30,N,,N,,,Medium,Para-aminophenol is a specialized pharmaceutical intermediate with limited public pricing data; ICIS,2,0.40
ASIA_PARACETAMOL_PHENOL_PRICE_UPSTREAM_FEEDSTOCK,Paracetamol,Phenol price (upstream feedstock),Asia,4,Medium,,ICIS Pricing,https://www.icis.com/explore/commodities/chemicals/phenol/,ICIS Phenol Asia pricing data,paid_or_restricted,Weekly,mean,USD/MT,2021-01,Y,30,N,,N,,,Medium,ICIS is the primary source for Asian phenol spot prices but requires paid subscription; no free publ,2,0.40
INDIA_PARACETAMOL_CHINAINDIA_API_PRODUCTION_OUTPUT,Paracetamol,China/India API production output,India,4,Low,,"Ministry of Commerce and Industry, India - Department of Pharmaceuticals",https://pharmaceuticals.gov.in/,Annual reports and production statistics publications,api_key,Annual,sum,USD/MT,2021-01,Y,30,N,,N,,,Medium,India's pharmaceutical production data including APIs is published in government reports but lacks s,2,0.30
GLOBAL_PARACETAMOL_CRUDE_OIL_PRICE_PETROCHEMICAL_FEEDSTOCK_CHAIN,Paracetamol,Crude oil price (petrochemical feedstock chain),Global,1,High,eia,U.S. Energy Information Administration (EIA),https://www.eia.gov/opendata/browser/petroleum/pri/spt,RWTC,api_key,Daily,mean,USD/MT,2021-01,Y,30,N,,N,eia_api_key,,Medium,"EIA provides free API access to WTI crude oil spot prices (USD/barrel), the primary petrochemical fe",2,0.92
INDIA_PARACETAMOL_INDIA_GENERIC_DRUG_DEMAND_GROWTH_DOMESTIC_EXPORT,Paracetamol,India generic drug demand growth (domestic + export),India,3,Medium,,Pharmaceutical Export Promotion Council of India (Pharmexcil),https://pharmexcil.com/,https://pharmexcil.com/statistics,file_download,Monthly,sum,USD/MT,2021-01,Y,30,N,,N,,,Medium,Pharmexcil publishes Indian pharmaceutical export statistics including paracetamol and generic drugs,2,0.65
INDIA_PARACETAMOL_INDIAN_PHARMACEUTICAL_EXPORT_POLICY,Paracetamol,Indian pharmaceutical export policy,India,4,High,,India Directorate General of Commercial Intelligence and Statistics (DGCIS),https://tradestat.commerce.gov.in/,HS Code 2942 (Paracetamol/Acetaminophen) export statistics,login,Monthly,sum,USD/MT,2021-01,Y,30,N,,N,,,Medium,"DGCIS provides official Indian pharmaceutical export data including paracetamol under HS code 2942, ",2,0.72
CHINA_PARACETAMOL_CHINA_ENVIRONMENTALPRODUCTION_CURBS_ON_API_MAKERS,Paracetamol,China environmental/production curbs on API makers,China,2,High,china_customs,China Customs,http://www.customs.gov.cn/customs/302249/zfxxgk/2799825/302274/302277/index.html,HS_CODE=293419|TRADE_TYPE=export|PARTNER=world,file_download,Monthly,mean,USD/MT,2021-01,Y,30,N,,N,,,Medium,China Customs export data for paracetamol (HS 293419) provides monthly unit values that reflect prod,2,0.72
INDIA_PARACETAMOL_INDIA_INDUSTRIAL_ENERGY_COST_MANUFACTURING,Paracetamol,India industrial energy cost (manufacturing),India,3,Medium,,Ministry of Statistics and Programme Implementation (MOSPI) - Energy Statistics,https://mospi.gov.in/energy-statistics-india,"Annual Energy Statistics publication, Table on Industrial Energy Prices",file_download,Annual,mean,USD/MT,2021-01,Y,30,N,,N,,,Medium,"MOSPI publishes energy statistics including industrial fuel prices, but data is in PDF/Excel format ",2,0.45
INDIA_PARACETAMOL_USDINR_USDCNY_EXCHANGE_RATE,Paracetamol,USD/INR & USD/CNY exchange rate,India,1,High,,Reserve Bank of India,https://www.rbi.org.in/Scripts/ReferenceRateArchive.aspx,https://www.rbi.org.in/Scripts/ReferenceRateArchive.aspx,html_table,Daily,mean,USD/MT,2021-01,Y,30,N,,N,,,Medium,RBI publishes official USD/INR reference rates daily as the authoritative source for Indian rupee ex,2,0.85
INDIA_PARACETAMOL_INDIA_CDSCOWHOGMP_REGULATORY_COMPLIANCE_COST,Paracetamol,India CDSCO/WHO-GMP regulatory compliance cost,India,4,Low,,Central Drugs Standard Control Organisation (CDSCO),https://cdsco.gov.in/opencms/opencms/en/Drugs/,https://cdsco.gov.in/opencms/opencms/en/Drugs/,api_key,Event,last,USD/MT,2021-01,Y,30,N,,N,,,Medium,CDSCO publishes regulatory guidelines and compliance requirements but does not provide structured ti,2,0.30
ASIA_PARACETAMOL_BENZENE_PRICES_ASIA,Paracetamol,Benzene Prices - Asia,Asia,4,Medium,,S&P Global Platts,https://www.spglobal.com/commodityinsights/en/our-methodology/price-assessments/petrochemicals/benzene,Platts benzene Asia price assessments,paid_or_restricted,Daily,mean,USD/MT,2021-01,Y,30,N,,N,,,Medium,Platts is the primary source for Asian benzene spot prices but requires paid subscription; no free p,2,0.40
ASIA_PARACETAMOL_ACETIC_ACID_PRICES_ASIA,Paracetamol,Acetic Acid Prices - Asia,Asia,4,Medium,,ICIS (Independent Commodity Intelligence Services),https://www.icis.com/explore/resources/news/subject/acetic-acid/,https://www.icis.com/explore/commodities/chemicals/acetic-acid/,paid_or_restricted,Weekly,mean,USD/MT,2021-01,Y,30,N,,N,,,Medium,ICIS is the primary source for Asian acetic acid prices but requires paid subscription; no free publ,2,0.40
ASIA_PARACETAMOL_ACETIC_ANHYDRIDE_PRICES_ASIA,Paracetamol,Acetic Anhydride Prices - Asia,Asia,4,Medium,,ICIS (Independent Commodity Intelligence Services),https://www.icis.com/explore/resources/news/subject/acetic-anhydride/,ICIS Acetic Anhydride Asia pricing data,paid_or_restricted,Weekly,mean,USD/MT,2021-01,Y,30,N,,N,,,Medium,Acetic anhydride is a specialized chemical intermediate with limited free public pricing data; ICIS ,2,0.40
ASIA_PARACETAMOL_NATURAL_GAS_PRICES,Paracetamol,Natural Gas Prices,Asia,1,High,eia,U.S. Energy Information Administration (EIA),https://www.eia.gov/dnav/ng/ng_pri_sum_dcu_nus_m.htm,NG.RNGWHHD.M,open_api,Monthly,mean,USD/MT,2021-01,Y,30,N,,N,eia_api_key,,Medium,EIA provides free API access to global natural gas price benchmarks including Henry Hub which influe,2,0.75
ASIA_PARACETAMOL_FUELELECTRICITY,Paracetamol,Fuel/Electricity,Asia,2,High,eia,U.S. Energy Information Administration (EIA),https://www.eia.gov/opendata/,INTL.57-6-ASIA-BTUUSD.M,api_key,Monthly,mean,USD/MT,2021-01,Y,30,N,,N,eia_api_key,,Medium,EIA provides free API access to international energy prices including electricity costs for Asia reg,2,0.72
ASIA_PARACETAMOL_SEASONALITY_COLD_FLU_INCIDENCE,Paracetamol,Seasonality - Cold & Flu Incidence,Asia,4,High,,WHO FluNet,https://www.who.int/tools/flunet,https://frontdoor-l4uikgap6gz3m.azurefd.net/FLUMART/VIW_FNT,api_key,Weekly,sum,USD/MT,2021-01,Y,30,N,,N,,,Medium,"WHO FluNet provides weekly influenza surveillance data across Asian countries through their API, dir",2,0.75
ASIA_PARACETAMOL_OTC_DRUG_DEMAND_INDEX,Paracetamol,OTC Drug Demand Index,Asia,4,Low,,World Health Organization (WHO) - Global Health Observatory,https://www.who.int/data/gho,https://ghoapi.azureedge.net/api/,api_key,Annual,mean,USD/MT,2021-01,Y,30,N,,N,,,Medium,WHO GHO tracks pharmaceutical consumption metrics across regions but lacks specific OTC drug demand ,2,0.30
APAC_BLACK_PEPPER_PEST_AND_DISEASE_OUTBREAKS_NEWS_BASED_SIMILAR_TO_AVIAN_FLU,Black Pepper,Pest and Disease Outbreaks (News based similar to Avian flu),APAC,1,Medium,woah_wahis,World Organisation for Animal Health (WOAH) - World Animal Health Information System,https://wahis.woah.org/,disease_outbreaks?region=APAC&commodity_impact=pepper,open_api,Event,count,INR/Kg,2018-01,Y,30,N,,N,,,Medium,WOAH WAHIS tracks disease outbreaks globally including plant pests affecting agricultural commoditie,2,0.45
APAC_PALM_OIL_FREIGHT_LOGISTICS_COST,Palm Oil,Freight - Logistics Cost,APAC,1,Medium,worldbank_pinksheet,World Bank Commodity Markets (Pink Sheet),https://www.worldbank.org/en/research/commodity-markets,CRUDE_BRENT,open_api,Monthly,mean,USD/MT,2015-01,Y,30,N,,N,,,Medium,World Bank Pink Sheet provides commodity price data including crude oil which serves as a proxy for ,2,0.40
US_COPPER_CFTC_SPECULATIVE_POSITIONING_COT_REPORT,Copper,CFTC speculative positioning (COT report),US,1,High,,CFTC Commitments of Traders,https://www.cftc.gov/MarketReports/CommitmentsofTraders/index.htm,https://www.cftc.gov/dea/newcot/deacot.htm,file_download,Weekly,last,USD/MT,2011-01,Y,30,N,,N,,,Medium,CFTC publishes weekly Commitments of Traders reports with speculative positioning data for copper fu,2,0.95
NORTH_AMERICA_PLATINUM_PLATINUM,Platinum,Platinum,North America,1,High,eia,U.S. Energy Information Administration (EIA),https://www.eia.gov/dnav/pet/pet_pri_spt_s1_d.htm,PET.RPLATD.D,open_api,Daily,mean,USD/MT,2015-04,Y,30,N,,N,eia_api_key,,Medium,"EIA provides free daily platinum spot prices through their open API, though prices are typically in ",2,0.85
US_GOLD_COMEX_SPECULATIVE_POSITIONING_CFTC_COT,Gold,COMEX speculative positioning (CFTC COT),US,1,High,,CFTC Commitments of Traders,https://www.cftc.gov/MarketReports/CommitmentsofTraders/index.htm,https://www.cftc.gov/dea/newcot/deacot.htm,file_download,Weekly,last,USD/OZ,2015-01,Y,30,N,,N,,,Medium,CFTC publishes official weekly Commitments of Traders reports including COMEX gold futures speculati,2,0.95
