driver_id,commodity,driver_name,region,extraction_tier,tier_confidence,connector,source_name,source_url,endpoint_or_locator,access_mode,native_frequency,rollup_method,unit,history_from,meets_min_history,update_lag_days,is_proxy,proxy_note,human_in_loop,credential_key,fallback_driver_id,data_quality_risk,transform_hint,priority,enrichment_confidence,min_history_years
AU_PLT_CORN,Poultry,Corn price (feed cost),Australia,2,High,worldbank_pinksheet,World Bank Pink Sheet (CMO Historical Data Monthly),https://www.worldbank.org/en/research/commodity-markets,file:CMO-Historical-Data-Monthly.xlsx | sheet:Monthly Prices | series:Maize,file_download,Monthly,mean,USD/mt,1960-01,Y,10,Y,"Global maize benchmark (not Australia-specific); World Bank does not publish an AU maize price. Verified live 2026-08-03: Australian Bureau of Statistics SDMX API (data.api.abs.gov.au) has a real candidate — dataflow AG_BROADACRE, data items BroadMaize_Prod_Levy (production volume) and BroadMaize_Val_Local (crop value); an implied price would need value/volume derivation, annual frequency only. Not yet wired in — needs a dedicated derived-ratio connector, flagged for follow-up rather than rushed",N,,AU_PLT_CORN_FB,Low,level + 3m lag,1,,
AU_PLT_CORN_FB,Poultry,Corn price (feed cost) fallback,Australia,4,High,fred,FRED (World Bank global maize price),https://fred.stlouisfed.org/series/PMAIZMTUSDM,series_id:PMAIZMTUSDM,api_key,Monthly,mean,USD/mt,1990-01,Y,10,Y,"Global maize benchmark (not Australia-specific); World Bank does not publish an AU maize price. Verified live 2026-08-03: Australian Bureau of Statistics SDMX API (data.api.abs.gov.au) has a real candidate — dataflow AG_BROADACRE, data items BroadMaize_Prod_Levy (production volume) and BroadMaize_Val_Local (crop value); an implied price would need value/volume derivation, annual frequency only. Not yet wired in — needs a dedicated derived-ratio connector, flagged for follow-up rather than rushed",N,fred_api_key,,Low,level + 3m lag,3,,
AU_PLT_SBM,Poultry,Soybean meal price (feed cost),Australia,2,High,worldbank_pinksheet,World Bank Pink Sheet (CMO Historical Data Monthly),https://www.worldbank.org/en/research/commodity-markets,file:CMO-Historical-Data-Monthly.xlsx | sheet:Monthly Prices | series:Soybean meal,file_download,Monthly,mean,USD/mt,1960-01,Y,10,N,,N,,AU_PLT_SBM_FB,Low,level + 2m lag,1,,
AU_PLT_SBM_FB,Poultry,Soybean meal price fallback,Australia,4,High,fred,FRED (World Bank soybean meal price),https://fred.stlouisfed.org/series/PSMEAUSDM,series_id:PSMEAUSDM,api_key,Monthly,mean,USD/mt,1990-01,Y,10,N,,N,fred_api_key,,Low,level + 2m lag,3,,
AU_PLT_HPAI,Poultry,Avian influenza outbreak reports,Australia,3,Medium,woah_wahis,WOAH WAHIS event dashboard,https://wahis.woah.org/#/event-management,private_json_api:/pi/getReportList | filters: disease=Influenza A viruses of high pathogenicity; country=Australia,multipage_scrape,Event,count,outbreak events,2005-01,Y,7,N,,N,,AU_PLT_HPAI_FB,High,monthly count + binary shock dummy + 1m lag,1,,
AU_PLT_HPAI_FB,Poultry,Avian influenza outbreak reports fallback,Australia,3,Medium,daff_au_outbreak,DAFF Australia and FAO EMPRES-i,https://www.agriculture.gov.au/biosecurity-trade/pests-diseases-weeds/animal/avian-influenza,crawl:outbreak status pages | fallback: FAO EMPRES-i country extract,multipage_scrape,Event,count,outbreak events,2010-01,Y,7,N,,N,,,High,monthly count + binary shock dummy,3,,
AU_PLT_USBROIL,Poultry,US broiler production and placements,Australia,4,High,nass_quickstats,USDA NASS Quick Stats API,https://quickstats.nass.usda.gov/api,commodity_desc=CHICKENS; statisticcat_desc=PLACEMENTS; agg_level_desc=NATIONAL; source_desc=SURVEY,api_key,Weekly,sum,head,1990-01,Y,7,Y,US series used as the global supply signal shaping Australian import parity pricing,N,usda_nass_api_key,,Low,sum + YoY% + 2m lead,2,,
AU_PLT_TRADE,Poultry,Global poultry trade volumes,Australia,4,High,un_comtrade,UN Comtrade Plus API,https://comtradeplus.un.org,cmdCode=0207; flowCode=X; freq=M; reporterCode=all,api_key,Monthly,sum,kg,2010-01,Y,60,N,,N,comtrade_api_key,AU_PLT_TRADE_FB,Medium,sum + YoY% + 2m lag,2,,
AU_PLT_TRADE_FB,Poultry,Global poultry trade volumes fallback,Australia,4,High,usda_psd,USDA FAS PSD Online API,https://apps.fas.usda.gov/opendataweb/home,commodityCode=0111000; attribute=Exports,api_key,Annual,sum,1000 MT,1990-01,Y,90,Y,Annual granularity only; use as a level anchor rather than a monthly regressor,N,usda_fas_api_key,,Medium,annual anchor,3,,
AU_PLT_DIESEL,Poultry,Diesel and transport fuel cost,Australia,2,High,aip_tgp,Australian Institute of Petroleum historical terminal gate prices,https://www.aip.com.au/historical-ulp-and-diesel-tgp-data,"file:AIP_TGP_Data | sheet:Diesel | cities:Sydney,Melbourne,Brisbane,Adelaide,Perth",file_download,Daily,mean,AU cents/litre,2004-01,Y,3,N,,N,,AU_PLT_DIESEL_FB,Low,mean + 1m lag,1,,
AU_PLT_DIESEL_FB,Poultry,Diesel cost fallback (crude benchmark),Australia,2,High,worldbank_pinksheet,World Bank Pink Sheet,https://www.worldbank.org/en/research/commodity-markets,"file:CMO-Historical-Data-Monthly.xlsx | sheet:Monthly Prices | series:Crude oil, Brent",file_download,Monthly,mean,USD/bbl,1960-01,Y,10,Y,Crude benchmark as the upstream proxy for Australian wholesale diesel,N,,,Low,mean + 1m lag,3,,
AU_PLT_SUBST,Poultry,Substitute meat prices (beef and pork),Australia,4,Medium,mla_market_info,Meat and Livestock Australia market information,https://www.mla.com.au/prices-markets/,indicators:EYCI; National Pork Indicator | registration required,login,Weekly,mean,AU cents/kg cwt,2010-01,Y,7,Y,MLA registration is free but portal gated; automated signup is unreliable so credentials are supplied through the YAML config,Y,mla_username|mla_password,AU_PLT_SUBST_FB,Medium,mean + ratio to poultry price,2,,
AU_PLT_SUBST_FB,Poultry,Substitute meat prices fallback,Australia,2,High,worldbank_pinksheet,World Bank Pink Sheet,https://www.worldbank.org/en/research/commodity-markets,file:CMO-Historical-Data-Monthly.xlsx | sheet:Monthly Prices | series:Beef,file_download,Monthly,mean,USD/kg,1960-01,Y,10,Y,"Global beef benchmark rather than Australian saleyard indicators; run a second row for Meat, swine",N,,,Medium,mean + ratio to poultry price,3,,
AU_PLT_BREEDER,Poultry,Broiler breeder flock size and hatching egg supply,Australia,4,Low,manual_yaml,Australian Chicken Meat Federation industry statistics,https://www.chicken.org.au/industry-facts-and-figures/,annual industry statistics | no public monthly series,paid_or_restricted,Annual,last,000 birds,2015-01,N,365,N,,Y,,AU_PLT_BREEDER_FB,High,level + 6m lead,2,,
AU_PLT_BREEDER_FB,Poultry,Broiler breeder flock proxy (US hatchery),Australia,4,High,nass_quickstats,USDA NASS Quick Stats API,https://quickstats.nass.usda.gov/api,commodity_desc=CHICKENS; class_desc=BROILER TYPE; statisticcat_desc=EGGS SET; agg_level_desc=NATIONAL,api_key,Weekly,sum,eggs,1990-01,Y,7,Y,US broiler type hatchery series as a leading supply proxy where no Australian monthly series exists,N,usda_nass_api_key,,High,level + 6m lead,3,,
LA_PLP_CAPACITY,Pulp,Global pulp mill capacity and output,Latin America,3,Medium,pulp_output_composite,"IBA Brazil, Statistics Canada, SCB Sweden",https://iba.org/dados-estatisticos,IBA monthly bulletin | StatCan WDS cube 16-10-0045 | SCB pulp production table,multipage_scrape,Monthly,sum,000 tonnes,2012-01,Y,45,N,StatCan cube coordinate serves the Canadian leg; confirm the coordinate per release and add IBA Brazil and SCB Sweden rows when scaling out,N,,LA_PLP_CAPACITY_FB,Medium,sum + capacity utilisation ratio,1,,
LA_PLP_CAPACITY_FB,Pulp,Pulp capacity fallback (commercial),Latin America,4,High,manual_yaml,Fastmarkets RISI or Hawkins Wright,https://www.fastmarkets.com/forest-products/,paid subscription | capacity and market downtime database,paid_or_restricted,Monthly,sum,000 tonnes,2010-01,Y,30,Y,Subscription data; confirm licence before ingestion and supply the export offline,Y,fastmarkets_api_key,,Low,sum + downtime adjustment,3,,
LA_PLP_CNDEMAND,Pulp,China paper and board demand,Latin America,4,Medium,un_comtrade,UN Comtrade Plus API (China imports of wood pulp),https://comtradeplus.un.org,reporterCode=156; cmdCode=4703; flowCode=M; freq=M,api_key,Monthly,sum,kg,2010-01,Y,60,Y,Chinese pulp imports as the observable proxy for paper and board consumption,N,comtrade_api_key,LA_PLP_CNDEMAND_FB,Medium,sum + YoY% + 1m lag,1,,
LA_PLP_CNDEMAND_FB,Pulp,China paper demand fallback,Latin America,3,Low,china_customs,China GACC monthly trade statistics,http://stats.customs.gov.cn/,monthly commodity import tables | paginated by period,multipage_scrape,Monthly,sum,tonnes,2015-01,Y,30,N,,N,,,High,sum + YoY%,3,,
LA_PLP_WOOD,Pulp,Wood and timber input cost,Latin America,1,High,ibge_sidra,"IBGE SIDRA API (industrial producer prices, Brazil)",https://apisidra.ibge.gov.br,"table:6903 | classification: wood, pulp and paper",open_api,Monthly,mean,index (2014=100),2014-01,Y,40,N,,N,,LA_PLP_WOOD_FB,Low,index + 3m lag,1,,
LA_PLP_WOOD_FB,Pulp,Wood cost fallback,Latin America,4,High,fred,"FRED producer price index, pulpwood",https://fred.stlouisfed.org/series/WPU085,series_id:WPU085,api_key,Monthly,mean,index,1990-01,Y,15,Y,US pulpwood PPI as a directional proxy for Latin American wood cost,N,fred_api_key,,Medium,index + 3m lag,3,,
LA_PLP_ENERGY,Pulp,Energy cost for pulp mill operations,Latin America,1,High,ccee_pld,CCEE and ONS Brazil settlement price (PLD),https://www.ccee.org.br/precos/painel-precos,weekly PLD by submarket (SE/CO) | JSON feed behind the price panel,open_api,Weekly,mean,BRL/MWh,2012-01,Y,7,N,,N,,LA_PLP_ENERGY_FB,Medium,mean + 1m lag,1,,
LA_PLP_ENERGY_FB,Pulp,Energy cost fallback,Latin America,2,High,worldbank_pinksheet,World Bank Pink Sheet energy index,https://www.worldbank.org/en/research/commodity-markets,file:CMO-Historical-Data-Monthly.xlsx | sheet:Monthly Indices | series:Energy,file_download,Monthly,mean,index (2010=100),1960-01,Y,10,Y,Global energy index where a national tariff series is unavailable,N,,,Low,index + 1m lag,3,,
LA_PLP_FX,Pulp,USD/BRL exchange rate,Latin America,1,High,bcb_sgs,Banco Central do Brasil SGS,https://api.bcb.gov.br,"bcdata.sgs.1 | USD sale rate, daily | max 10 year window per request",open_api,Daily,mean,BRL per USD,1985-01,Y,1,N,,N,,LA_PLP_FX_FB,Low,mean + MoM% + contemporaneous,1,,
LA_PLP_FX_FB,Pulp,USD/BRL fallback,Latin America,4,High,fred,FRED DEXBZUS,https://fred.stlouisfed.org/series/DEXBZUS,series_id:DEXBZUS,api_key,Daily,mean,BRL per USD,1995-01,Y,2,N,,N,fred_api_key,LA_PLP_FX_FB_BIS,Low,mean + MoM%,3,,
LA_PLP_TISSUE,Pulp,Tissue and hygiene product demand growth,Latin America,4,Low,manual_yaml,Euromonitor or Fastmarkets tissue demand,https://www.euromonitor.com,licensed market size series | no public monthly equivalent,paid_or_restricted,Annual,last,000 tonnes,2010-01,N,180,N,,Y,euromonitor_api_key,LA_PLP_TISSUE_FB,High,YoY growth + annual anchor,2,,
LA_PLP_TISSUE_FB,Pulp,Tissue demand proxy (retail and trade),Latin America,1,Low,ibge_sidra,IBGE SIDRA monthly retail survey (PMC),https://apisidra.ibge.gov.br,table:8880 | variable:7169 | classification: confirm activity code for hygiene and personal care,open_api,Monthly,mean,index,2012-01,Y,45,Y,"Retail volume index as a demand proxy; the SIDRA classification code must be confirmed before this row returns data, so it routes to a human task by design",N,,,High,index + YoY%,3,,
AU_PLT_SUBST_PORK,Poultry,Substitute meat price (pork),Australia,4,High,fred,FRED (IMF global swine price),https://fred.stlouisfed.org/series/PPORKUSDM,series_id:PPORKUSDM,api_key,Monthly,mean,USD/kg,1960-01,Y,10,Y,"World Bank Pink Sheet discontinued its swine series, so pork is sourced from FRED and needs a free FRED key; beef remains available from the Pink Sheet",N,fred_api_key,,Medium,mean + ratio to poultry price,2,,
DE_SMP_GDT,Skim Milk Powder,Global Dairy Trade (GDT) auction price index,Germany,1,Low,,Global Dairy Trade auction results,https://www.globaldairytrade.info/en/results/,event results page | product:Skim Milk Powder | series:GDT Price Index,html_table,Monthly,mean,index,2010-01,Y,15,N,,N,,,Medium,level + MoM% + 2w lag,1,,
DE_SMP_WMP,Skim Milk Powder,Whole Milk Powder price,Germany,1,Low,,Global Dairy Trade auction results,https://www.globaldairytrade.info/en/results/,event results page | product:Whole Milk Powder | series:WMP average price,html_table,Monthly,mean,USD/mt,2010-01,Y,15,N,,N,,,Medium,level + MoM% + 2w lag,1,,
DE_SMP_PROD,Skim Milk Powder,NZ / EU / US milk production volumes,Germany,1,Low,,Eurostat milk collection and production (EU leg),https://ec.europa.eu/eurostat/databrowser/product/view/apro_mk_pobta,table:apro_mk_pobta | confirm dataset code and unit before ingestion,open_api,Monthly,sum,1000 tonnes,2010-01,Y,45,Y,"EU leg only; NZ (DCANZ) and US (USDA NASS, commodity_desc=MILK) legs to be added as composite rows once this leg is validated, mirroring the LA_PLP_CAPACITY composite pattern",N,,,High,sum + YoY%,2,,
DE_SMP_CORN,Skim Milk Powder,Corn price (feed cost),Germany,2,High,worldbank_pinksheet,World Bank Pink Sheet (CMO Historical Data Monthly),https://www.worldbank.org/en/research/commodity-markets,file:CMO-Historical-Data-Monthly.xlsx | sheet:Monthly Prices | series:Maize,file_download,Monthly,mean,USD/mt,1960-01,Y,10,N,,N,,,Low,level + 2m lag,2,,
DE_SMP_SBM,Skim Milk Powder,Soybean meal price (feed cost),Germany,2,High,worldbank_pinksheet,World Bank Pink Sheet (CMO Historical Data Monthly),https://www.worldbank.org/en/research/commodity-markets,file:CMO-Historical-Data-Monthly.xlsx | sheet:Monthly Prices | series:Soybean meal,file_download,Monthly,mean,USD/mt,1960-01,Y,10,N,,N,,,Low,level + 2m lag,2,,
DE_SMP_CNIMPORT,Skim Milk Powder,China dairy import volumes,Germany,4,Medium,un_comtrade,UN Comtrade Plus API,https://comtradeplus.un.org,reporterCode=156; cmdCode=040210; flowCode=M; freq=M,api_key,Monthly,sum,kg,2010-01,Y,60,Y,Global demand-signal proxy rather than a Germany-specific import series; confirm HS code 040210 covers skim milk powder before relying on it,N,comtrade_api_key,,Medium,sum + YoY% + 1m lag,2,,
DE_SMP_FARMGATE,Skim Milk Powder,Farm gate milk price,Germany,1,Low,,Eurostat EU farm gate milk price,https://ec.europa.eu/eurostat/databrowser/product/view/apro_mk_farm,table:apro_mk_farm | confirm dataset code and Germany member-state filter,open_api,Monthly,mean,EUR/100kg,2010-01,Y,30,N,,N,,,Medium,level + MoM%,1,,
DE_SMP_USDACL3,Skim Milk Powder,USDA Announced Class III and NFDM price (spot/realized),Germany,1,Low,,USDA AMS Dairy Market News,https://mymarketnews.ams.usda.gov/,report: Announced Class Prices / NFDM | locate exact report code before ingestion,html_table,Monthly,mean,USD/cwt,2010-01,Y,15,Y,US benchmark used as a global price-signal proxy alongside GDT,N,,,Medium,level + 1m lag,2,,
DE_SMP_FXNZD,Skim Milk Powder,USD/NZD exchange rate,Germany,4,High,fred,FRED DEXUSNZ,https://fred.stlouisfed.org/series/DEXUSNZ,series_id:DEXUSNZ,api_key,Daily,mean,NZD per USD,1990-01,Y,2,N,,N,fred_api_key,DE_SMP_FXNZD_BIS,Low,mean + MoM%,2,,
DE_SMP_FXEUR,Skim Milk Powder,USD/EUR exchange rate,Germany,4,High,fred,FRED DEXUSEU,https://fred.stlouisfed.org/series/DEXUSEU,series_id:DEXUSEU,api_key,Daily,mean,USD per EUR,1999-01,Y,2,N,,N,fred_api_key,DE_SMP_FXEUR_BIS,Low,mean + MoM%,2,,
DE_SMP_STOCKS,Skim Milk Powder,EU/US skim milk powder intervention stock levels,Germany,2,Low,,EU DG AGRI Milk Market Observatory,https://agriculture.ec.europa.eu/data-and-analysis/markets/overviews/market-observatories/milk_en,"file: intervention stocks workbook | confirm current download link, it moves per release",file_download,Monthly,last,tonnes,2015-01,Y,30,N,,N,,,Medium,level + MoM change,2,,
DE_SMP_WHEY,Skim Milk Powder,Whey and casein co-product prices,Germany,1,Low,,USDA AMS Dairy Market News,https://mymarketnews.ams.usda.gov/,report: Dairy Market News weekly/monthly whey and casein prices | locate exact report code before ingestion,html_table,Monthly,mean,USD/lb,2010-01,Y,15,N,,N,,,High,level + MoM%,3,,
GERMANY_SKIM_MILK_POWDER_SKIM_MILK_POWDER,Skim Milk Powder,Skim Milk Powder,Germany,2,Medium,eurostat,Eurostat - EU Milk Market Observatory Dairy Product Prices,https://ec.europa.eu/eurostat/databrowser/view/apro_mk_pobta/default/table,dataset:apro_mk_pobta | filters:milkitem=SMP;geo=DE,open_api,Monthly,mean,EUR/MT,2018-01,Y,30,N,,N,,,Medium,"Eurostat publishes EU Milk Market Observatory dairy product prices, including Skim Milk Powder for G",2,0.55,
EU_SKIM_MILK_POWDER_GERMANYEU_MILK_PRODUCTION_VOLUMES,Skim Milk Powder,Germany/EU milk production volumes,EU,1,High,eurostat,Eurostat,https://ec.europa.eu/eurostat/databrowser/view/apro_mk_pobta/default/table,dataset:apro_mk_pobta | filters:dairyprod=D3113;milkitem=PRO;geo=EU27_2020,open_api,Monthly,sum,EUR/MT,2018-01,Y,30,N,,N,,,Medium,"[eurostat_repair 2026-08-04] dataset:apro_mk_pobta -> dataset:apro_mk_pobta | filters:dairyprod=D3113;milkitem=PRO;geo=EU27_2020 (bad_filters, confidence 0.70)",2,0.75,
GERMANY_SKIM_MILK_POWDER_WHOLE_MILK_POWDER_PRICE,Skim Milk Powder,Whole Milk Powder price,Germany,2,Medium,eurostat,Eurostat,https://ec.europa.eu/eurostat/databrowser/view/apri_ap_msp/default/table?lang=en,dataset:apri_ap_msp | filters:geo=DE;product=MPOW,open_api,Monthly,mean,EUR/MT,2018-01,Y,30,N,,N,,,Medium,Eurostat's monthly milk products price dataset (apri_ap_msp) publishes average national selling pric,2,0.55,
CHINA_SKIM_MILK_POWDER_CHINA_DAIRY_IMPORT_VOLUMES,Skim Milk Powder,China dairy import volumes,China,2,Medium,un_comtrade,UN Comtrade,https://comtradeplus.un.org/,cmdCode=040210; reporterCode=156; flowCode=M,api_key,Monthly,sum,EUR/MT,2018-01,Y,30,N,,N,comtrade_api_key,,Medium,UN Comtrade provides official Chinese customs-reported import volumes for skim milk powder (HS 04021,2,0.60,
GERMANY_SKIM_MILK_POWDER_GERMANY_FARMGATE_MILK_PRICE,Skim Milk Powder,Germany farm-gate milk price,Germany,1,High,eurostat,Eurostat,https://ec.europa.eu/eurostat/databrowser/view/apro_mk_farmpr/default/table,dataset:apro_mk_farmpr | filters:geo=DE,open_api,Monthly,mean,EUR/MT,2018-01,Y,30,N,,N,,,Medium,Eurostat's apro_mk_farmpr dataset provides monthly EU member state producer (farm-gate) milk prices ,2,0.85,
EU_SKIM_MILK_POWDER_EUGERMANY_MILK_PRICE_MILK_MARKET_OBSERVATORY_REALIZED_PRICE,Skim Milk Powder,EU/Germany milk price (Milk Market Observatory realized price),EU,1,Medium,eurostat,Eurostat,https://ec.europa.eu/eurostat/databrowser/view/apro_mk_farmp/default/table,dataset:apro_mk_farmp | filters:geo=DE;milkitem=RW_MILK,open_api,Monthly,mean,EUR/MT,2018-01,Y,30,N,,N,,,Medium,Eurostat publishes the EU Milk Market Observatory's raw milk farm-gate price series (apro_mk_farmp) ,2,0.62,
NEW_ZEALAND_SKIM_MILK_POWDER_USDNZD_USDEUR_EXCHANGE_RATE,Skim Milk Powder,USD/NZD & USD/EUR exchange rate,New Zealand,1,High,frankfurter,Frankfurter (European Central Bank reference rates),https://www.frankfurter.app,base:USD | target:NZD,api_key,Daily,last,EUR/MT,2018-01,Y,30,N,,N,,NEW_ZEALAND_SKIM_MILK_POWDER_USDNZD_USDEUR_EXCHANGE_RATE_BIS,Medium,"Frankfurter provides free, open, daily ECB-based exchange rate data ideal for tracking USD/NZD movem",2,0.80,
EU_SKIM_MILK_POWDER_EU_SKIM_MILK_POWDER_INTERVENTION_STOCK_LEVELS,Skim Milk Powder,EU skim milk powder intervention stock levels,EU,2,Medium,,European Commission - Milk Market Observatory,https://ec.europa.eu/info/food-farming-fisheries/farming/facts-and-figures/markets/overview/market-observatories/milk_en,Dairy market data > Public intervention and private storage > Skim milk powder intervention stocks (monthly XLSX),file_download,Monthly,last,EUR/MT,2018-01,Y,30,N,,N,,,Medium,"The EU Milk Market Observatory, run by DG AGRI, publishes official monthly downloadable data on skim",2,0.55,
EU_SKIM_MILK_POWDER_EUGERMANY_WHEY_CASEIN_COPRODUCT_PRICES,Skim Milk Powder,EU/Germany whey & casein co-product prices,EU,2,Medium,,European Commission – Milk Market Observatory (Price Series),https://agriculture.ec.europa.eu/data-and-analysis/markets/prices/price-series_en,https://agriculture.ec.europa.eu/data-and-analysis/markets/prices/price-series_en,file_download,Weekly,mean,EUR/MT,2018-01,Y,30,N,,N,,,Medium,The EU Milk Market Observatory publishes direct downloadable weekly price series for whey powder and,2,0.60,
EU_SKIM_MILK_POWDER_EXPORTS_EUALGERIAEGYPTINDONESIA,Skim Milk Powder,Exports - EU/Algeria/Egypt/Indonesia,EU,2,Medium,un_comtrade,UN Comtrade,https://comtradeplus.un.org/,"reporterCode=97; partnerCode=012,818,360; cmdCode=040210; flowCode=X",api_key,Monthly,mean,EUR/MT,2018-01,Y,30,N,,N,comtrade_api_key,,Medium,UN Comtrade provides EU (reporter code 97) export trade value and quantity for skim milk powder (HS ,2,0.55,
GERMANY_SKIM_MILK_POWDER_DEMAND_DAIRY_BEVERAGES_CONFECTIONERY_INFANT_NUTRITION_SPORTS_NUTRITIONSUBJECT_TO_DATA_AVAILABILITY,Skim Milk Powder,"Demand - Dairy Beverages, Confectionery, Infant Nutrition, Sports Nutrition(subject to data availability)",Germany,2,Medium,eurostat,Eurostat - EU Milk Product Prices (Monthly),https://ec.europa.eu/eurostat/databrowser/view/apro_mk_polm/default/table,dataset:apro_mk_polm | filters:geo=DE;product=SMP,open_api,Monthly,mean,EUR/MT,2018-01,Y,30,N,,N,,,Medium,Eurostat's milk product price dataset reports EUR/MT prices for skimmed milk powder by EU member sta,2,0.45,
GERMANY_SKIM_MILK_POWDER_UTILITY_ELECTRICITY_EU,Skim Milk Powder,Utility - Electricity - EU,Germany,1,Medium,eurostat,Eurostat - Electricity prices for non-household consumers,https://ec.europa.eu/eurostat/databrowser/view/nrg_pc_205/default/table,dataset:nrg_pc_205 | filters:geo=DE;consom=TOT_KWH,open_api,Annual,mean,EUR/MT,2018-01,Y,30,N,,N,,,Medium,Eurostat's nrg_pc_205 dataset provides harmonized electricity prices for industrial consumers in Ger,2,0.55,
AUSTRALIA_POULTRY_POULTRY,Poultry,Poultry,Australia,2,Medium,mla_market_info,Meat & Livestock Australia (MLA) Market Information,https://www.mla.com.au/prices-markets/,category=Poultry,file_download,Weekly,mean,AUD/Kg,2016-01,Y,30,N,,N,mla_username|mla_password,,Medium,MLA's market information service publishes Australian poultry price indicators via its dedicated con,2,0.50,
AUSTRALIA_POULTRY_AUSTRALIA_FEED_GRAIN_WHEATBARLEY_COST,Poultry,Australia feed grain (wheat/barley) cost,Australia,2,Medium,mla_market_info,Meat & Livestock Australia (MLA) Market Information - Feed Grain Report,https://www.mla.com.au/prices-markets/Trends-analysis/feed-grain-report/,report:feed_grain_price,file_download,Weekly,mean,AUD/Kg,2016-01,Y,30,N,,N,mla_username|mla_password,,Medium,"MLA's Feed Grain Report tracks Australian wheat and barley prices (AUD/tonne, convertible to AUD/kg)",2,0.55,
AUSTRALIA_POULTRY_AUSTRALIA_PROTEIN_MEAL_SOYBEANCANOLA_MEAL_COST,Poultry,Australia protein meal (soybean/canola meal) cost,Australia,1,Low,un_comtrade,UN Comtrade Database,https://comtradeplus.un.org/TradeFlow,reporterCode=36; cmdCode=230400; flowCode=M; period=all,api_key,Monthly,mean,AUD/Kg,2016-01,Y,30,N,,N,comtrade_api_key,,Medium,UN Comtrade provides Australia's import/export trade value and quantity data for soybean meal (HS 23,2,0.35,
AUSTRALIA_POULTRY_AUSTRALIA_BROILER_PRODUCTION_PLACEMENTS_ABARESAPIC,Poultry,Australia broiler production & placements (ABARES/APIC),Australia,2,Low,,Australian Bureau of Agricultural and Resource Economics and Sciences (ABARES),https://www.agriculture.gov.au/abares/research-topics/agricultural-outlook/poultry,,file_download,Quarterly,mean,AUD/Kg,2016-01,Y,30,N,,N,,,Medium,ABARES publishes periodic poultry/broiler production and price outlook reports for Australia but doe,2,0.35,
AUSTRALIA_POULTRY_GLOBAL_POULTRY_TRADE_VOLUMES,Poultry,Global poultry trade volumes,Australia,2,Medium,un_comtrade,UN Comtrade,https://comtradeplus.un.org/,"reporterCode=36; cmdCode=0207; flowCode=M,X; period=all",api_key,Monthly,sum,AUD/Kg,2016-01,Y,30,N,,N,comtrade_api_key,,Medium,UN Comtrade provides Australia's bilateral trade volumes (kg) and values for HS code 0207 (poultry m,2,0.55,
AUSTRALIA_POULTRY_AUSTRALIA_DIESELTRANSPORT_FUEL_COST,Poultry,Australia diesel/transport fuel cost,Australia,2,Medium,aip_tgp,Australian Institute of Petroleum - Terminal Gate Prices,https://www.aip.com.au/pricing/terminal-gate-prices,sheet:diesel,file_download,Daily,mean,AUD/Kg,2016-01,Y,30,N,,N,,,Medium,AIP publishes daily terminal gate diesel prices across Australian cities which serves as a proxy for,2,0.60,
AUSTRALIA_POULTRY_AUSTRALIA_SUBSTITUTE_MEAT_PRICES_BEEF_LAMB,Poultry,"Australia substitute meat prices (beef, lamb)",Australia,2,Medium,mla_market_info,Meat & Livestock Australia (MLA) Market Information,https://www.mla.com.au/prices-markets/,"category=saleyard;species=beef,lamb;region=Australia;unit=AUD/kg",file_download,Weekly,mean,AUD/Kg,2016-01,Y,30,N,,N,mla_username|mla_password,,Medium,"MLA publishes national indicator prices for beef and lamb in AUD/kg, a direct proxy for substitute m",2,0.60,
AUSTRALIA_POULTRY_AUSTRALIA_BROILER_BREEDER_FLOCK_SIZE_HATCHING_EGG_SUPPLY,Poultry,Australia broiler breeder flock size / hatching egg supply,Australia,3,Low,,Australian Chicken Meat Federation (ACMF) Industry Facts & Figures,https://www.chicken.org.au/facts-and-figures/,,multipage_scrape,Annual,last,AUD/Kg,2016-01,Y,30,N,,N,,,Medium,ACMF publishes annual industry statistics including breeder flock and hatching egg data for Australi,2,0.35,
AUSTRALIA_POULTRY_WATER_FARM_INPUT_COST,Poultry,Water - Farm Input Cost,Australia,3,Low,manual_yaml,ABARES Australian Agricultural and Grazing Industries Survey (AAGIS) Farm Survey Data,https://www.agriculture.gov.au/abares/research-topics/surveys/farm-survey-data,table:AAGIS_poultry_farm_costs | variable:water_costs,multipage_scrape,Annual,mean,AUD/Kg,2016-01,Y,30,N,,N,,,Medium,ABARES publishes farm-level input cost breakdowns (including water) for Australian livestock industr,2,0.35,
AUSTRALIA_POULTRY_WEATHER_DROUGHTRAINFALL,Poultry,Weather - Drought/Rainfall,Australia,2,Medium,,Australian Bureau of Meteorology - Climate Data Online,http://www.bom.gov.au/climate/data/,https://www.bom.gov.au/climate/data/index.shtml?bookmark=200,file_download,Monthly,mean,AUD/Kg,2016-01,Y,30,N,,N,,,Medium,BOM provides publicly accessible historical rainfall and drought indicator data across Australia whi,2,0.55,
EUROPE_ATLANTIC_COD_ATLANTIC_COD,Atlantic Cod,Atlantic Cod,Europe,2,Medium,eurostat,Eurostat - Fish first-sale prices,https://ec.europa.eu/eurostat/databrowser/view/fish_pr019/default/table,dataset:fish_pr019,open_api,Monthly,mean,EUR/Kg,2022-03,Y,30,N,,N,,,Medium,"Eurostat publishes EU first-sale (landing) prices by species including cod, accessible via its open ",2,0.55,
NORWAY_ATLANTIC_COD_NORWAY_ICELAND_COD_LANDINGS,Atlantic Cod,Norway & Iceland cod landings,Norway,2,Medium,,Norwegian Directorate of Fisheries (Fiskeridirektoratet) – Open Data,https://www.fiskeridir.no/Tall-og-analyse/AApne-data/fangst-og-landinger,https://register.fiskeridir.no/api/v1/landinger?art=torsk&land=Norge,open_api,Monthly,mean,EUR/Kg,2022-03,Y,30,N,,N,,,Medium,Fiskeridirektoratet publishes open landings and first-hand price data for cod caught in Norway via i,2,0.45,
EU_ATLANTIC_COD_NORWAYEU_DIESEL_PRICE_FOR_FISHING_FLEET,Atlantic Cod,Norway/EU diesel price for fishing fleet,EU,2,Medium,manual_yaml,European Commission Weekly Oil Bulletin,https://energy.ec.europa.eu/data-and-analysis/weekly-oil-bulletin_en,https://energy.ec.europa.eu/oil-bulletin-prices/download,api_key,Weekly,mean,EUR/Kg,2022-03,Y,30,N,,N,,,Medium,The EU Weekly Oil Bulletin publishes harmonized diesel (automotive gas oil) prices across member sta,2,0.55,
EUROPE_ATLANTIC_COD_SUBSTITUTE_WHITEFISH_PRICES_HADDOCK_POLLOCK,Atlantic Cod,"Substitute whitefish prices (haddock, pollock)",Europe,2,Medium,eurostat,Eurostat - First sale prices of fishery products,https://ec.europa.eu/eurostat/databrowser/view/fish_pr01/default/table,"dataset:fish_pr01 | filters:species=HAD,POK;geo=EU27_2020",open_api,Monthly,mean,EUR/Kg,2022-03,Y,30,N,,N,,,Medium,Eurostat publishes harmonized first-sale price series for haddock and pollock (saithe) across EU mem,2,0.60,
EU_ATLANTIC_COD_NOKUSD_EURUSD_EXCHANGE_RATE,Atlantic Cod,NOK/USD & EUR/USD exchange rate,EU,1,High,frankfurter,Frankfurter (ECB exchange rates),https://www.frankfurter.app,base:NOK | target:USD,open_api,Daily,last,EUR/Kg,2022-03,Y,30,N,,N,,EU_ATLANTIC_COD_NOKUSD_EURUSD_EXCHANGE_RATE_BIS,Medium,"Frankfurter provides free ECB-referenced daily exchange rates including NOK/USD, though EUR/USD woul",2,0.80,
EU_ATLANTIC_COD_EU_WHITEFISH_IMPORT_DEMAND,Atlantic Cod,EU whitefish import demand,EU,2,Medium,un_comtrade,UN Comtrade,https://comtradeplus.un.org/,reporter=EU; partner=World; cmdCode=030363; flow=M,api_key,Monthly,mean,EUR/Kg,2022-03,Y,30,N,,N,comtrade_api_key,,Medium,"UN Comtrade provides EU import trade value and quantity for frozen Atlantic cod (HS 030363), allowin",2,0.60,
EUROPE_ATLANTIC_COD_OCEAN_TEMPERATURE_CLIMATE_ANOMALY_STOCK_MIGRATION,Atlantic Cod,Ocean temperature / climate anomaly (stock migration),Europe,1,Medium,,NOAA National Centers for Environmental Information – Optimum Interpolation Sea Surface Temperature (OISST) v2.1,https://www.ncei.noaa.gov/data/sea-surface-temperature-optimum-interpolation/v2.1/access/avhrr/,https://www.ncei.noaa.gov/data/sea-surface-temperature-optimum-interpolation/v2.1/access/avhrr/,open_api,Daily,mean,EUR/Kg,2022-03,Y,30,N,,N,,EUROPE_ATLANTIC_COD_OCEAN_TEMPERATURE_CLIMATE_ANOMALY_STOCK_MIGRATION_ALT,Medium,"NOAA's freely downloadable daily OISST v2.1 gridded sea surface temperature data provides a direct, ",2,0.60,
EUROPE_ATLANTIC_COD_FARMED_SALMONWHITEFISH_SUBSTITUTION_TREND,Atlantic Cod,Farmed salmon/whitefish substitution trend,Europe,2,Medium,eurostat,Eurostat - First sale prices of fishery products,https://ec.europa.eu/eurostat/databrowser/view/fish_pr_fp/default/table,dataset:fish_pr_fp | filters:species=COD;unit=EUR_KG,open_api,Monthly,mean,EUR/Kg,2022-03,Y,30,N,,N,,,Medium,Eurostat publishes harmonized first-sale price statistics for fishery species including cod across E,2,0.55,
EUROPE_ATLANTIC_COD_LOGISTICS_REEFER_INDEX,Atlantic Cod,Logistics - Reefer Index,Europe,4,Low,,Drewry Shipping Consultants,https://www.drewry.co.uk/supply-chain-advisors/supply-chain-expertise/reefer-shipping,Drewry Reefer Rate Benchmarking - Europe reefer freight index (EUR/Kg equivalent),paid_or_restricted,Monthly,mean,EUR/Kg,2022-03,Y,30,N,,N,,,Medium,Drewry is the leading commercial publisher of reefer shipping freight rate indices covering European,2,0.35,
NORWAY_ATLANTIC_COD_LABOR_NORWAY_LABOR_COST,Atlantic Cod,Labor - Norway Labor Cost,Norway,2,Medium,manual_yaml,Statistics Norway (SSB) - Labour Cost Index,https://www.ssb.no/en/statbank/table/11683/,https://data.ssb.no/api/v0/en/table/11683,open_api,Quarterly,mean,EUR/Kg,2022-03,Y,30,N,,N,,,Medium,SSB publishes Norway's official Labour Cost Index (including fishing/aquaculture sector) through its,2,0.60,
APAC_BLACK_PEPPER_BLACK_PEPPER,Black Pepper,Black Pepper,APAC,3,Medium,,"Agmarknet (Directorate of Marketing & Inspection, Govt. of India)",https://agmarknet.gov.in/SearchCmmMkt.aspx,commodity=Pepper (Black)&state=ALL&market=ALL,multipage_scrape,Daily,mean,INR/Kg,2018-01,Y,30,N,,N,,,Medium,"Agmarknet publishes daily mandi-level wholesale prices for black pepper across Indian markets, provi",2,0.55,
BRAZIL_BLACK_PEPPER_VIETNAM_INDIA_BRAZIL_INDONESIA_PRODUCTION_VOLUMES,Black Pepper,"Vietnam, India, Brazil, Indonesia production volumes",Brazil,1,Medium,,FAOSTAT - Crops and Livestock Products,https://www.fao.org/faostat/en/#data/QCL,"https://fenixservices.fao.org/faostat/api/v1/en/data/QCL?area=21,100,102,79&item=687&element=5510",open_api,Annual,sum,INR/Kg,2018-01,Y,30,N,,N,,,Medium,"FAOSTAT provides open, API-accessible annual production quantity data (item code 687 = Pepper) for B",2,0.55,
APAC_BLACK_PEPPER_IPC_INDICATIVE_PEPPER_PRICES,Black Pepper,IPC indicative pepper prices,APAC,3,Medium,,International Pepper Community (IPC),http://www.ipcnet.org/v2/statistics.php,IPC Indicative Prices table (INR/Kg) - Black Pepper,multipage_scrape,Monthly,last,INR/Kg,2018-01,Y,30,N,,N,,,Medium,IPC publishes monthly indicative pepper prices for member countries including India on its statistic,2,0.55,
APAC_BLACK_PEPPER_MONSOON_RAINFALL_IN_PRODUCING_REGIONS,Black Pepper,Monsoon rainfall in producing regions,APAC,2,Medium,manual_yaml,India Meteorological Department (IMD) / Open Government Data Platform India,https://data.gov.in/resource/sub-divisional-monthly-rainfall-1901-2017,"resource_id:88a3d3d5-8e2c-4a1a-9e91-3f2b1e4e6a3d (Sub-Divisional Monthly Rainfall dataset, Kerala & Karnataka sub-divisions)",api_key,Monthly,sum,INR/Kg,2018-01,Y,30,N,,N,,,Medium,"IMD's sub-divisional rainfall data, distributed openly via India's data.gov.in portal with an API ke",2,0.55,
GLOBAL_BLACK_PEPPER_OCEAN_FREIGHT_RATES_EXPORT_LOGISTICS,Black Pepper,Ocean freight rates (export logistics),Global,4,Low,,Freightos Baltic Index (FBX) - Freightos,https://fbx.freightos.com/,"FBX Global Container Freight Index (daily benchmark rates, USD/FEU converted to INR/Kg via shipment weight assumptions)",paid_or_restricted,Daily,mean,INR/Kg,2018-01,Y,30,N,,N,,,Medium,"No open API publishes India-specific black pepper ocean freight in INR/Kg, so the Freightos Baltic I",2,0.35,
APAC_BLACK_PEPPER_FARMEREXPORTER_INVENTORY_HOLDING_LEVELS,Black Pepper,Farmer/exporter inventory holding levels,APAC,3,Low,,"Spices Board India - Ministry of Commerce & Industry, Government of India",https://www.indianspices.com/marketing/price/domestic-prices.html,https://www.indianspices.com/marketing/price/domestic-prices.html,multipage_scrape,Weekly,last,INR/Kg,2018-01,Y,30,N,,N,,,Medium,Spices Board India publishes domestic pepper price and market arrival data (a proxy for farmer/expor,2,0.35,
INDIA_BLACK_PEPPER_USDINR_USDVND_EXCHANGE_RATE_VND_NOT_ON_FRANKFURTER_SEE_STATE_BANK_OF_VIETNAM,Black Pepper,USD/INR & USD/VND exchange rate (VND not on Frankfurter - see State Bank of Vietnam),India,1,High,frankfurter,Frankfurter (ECB reference rates),https://www.frankfurter.app/docs/,base:USD | target:INR,open_api,Daily,last,INR/Kg,2018-01,Y,30,N,,N,,INDIA_BLACK_PEPPER_USDINR_USDVND_EXCHANGE_RATE_VND_NOT_ON_FRANKFURTER_SEE_STATE_BANK_OF_VIETNAM_BIS,Medium,"USD/INR is a major currency pair fully supported by Frankfurter's free ECB-based API, while USD/VND ",2,0.75,
GLOBAL_BLACK_PEPPER_WORLD_BANK_COMMODITY_PRICE_SPICES,Black Pepper,World Bank commodity price (spices),Global,2,Low,manual_yaml,data.gov.in – Variety-wise Daily Market Prices (Agmarknet),https://data.gov.in/resource/variety-wise-daily-market-prices-data-commodity,resource_id:9ef84268-d588-465a-a308-a864a43d0070 | filter[commodity]=Black Pepper,api_key,Daily,mean,INR/Kg,2018-01,Y,30,N,,N,,,Medium,"World Bank's Pink Sheet does not track a 'spices' or black-pepper series, so the closest verifiable ",2,0.35,
VIETNAM_BLACK_PEPPER_VIETNAM_FARMER_STOCKHOLDING_REPLANTING_CYCLES,Black Pepper,Vietnam farmer stockholding & replanting cycles,Vietnam,3,Low,manual_yaml,Spices Board India - Domestic Price Monitoring,https://www.indianspices.com/marketing/domestic-price/domestic-price-search.html,commodity=Pepper; market=Kochi; unit=INR/Kg,multipage_scrape,Weekly,mean,INR/Kg,2018-01,Y,30,N,,N,,,Medium,Spices Board India publishes domestic black pepper spot prices in INR/Kg which serve as the closest ,2,0.35,
INDIA_BLACK_PEPPER_DEMAND_INDIA_WPI_FOOD,Black Pepper,Demand - India WPI - Food,India,2,Medium,,"Office of Economic Adviser, Ministry of Commerce and Industry, Government of India (Wholesale Price Index)",https://eaindustry.nic.in/wpi_data.asp,WPI Food Index (Group: Food Articles) monthly data table,file_download,Monthly,last,INR/Kg,2018-01,Y,30,N,,N,,,Medium,"India's official WPI Food index, including pepper-relevant food articles, is published monthly and f",2,0.55,
EUROPE_GLYCERIN_GLYCERIN,Glycerin,Glycerin,Europe,4,Low,,ChemAnalyst,https://www.chemanalyst.com/Pricing-data/glycerin-1231,https://www.chemanalyst.com/Pricing-data/glycerin-1231,paid_or_restricted,Weekly,mean,INR/Kg,2020-01,Y,30,N,,N,,,Medium,ChemAnalyst provides region-specific glycerin price series including European market data convertibl,2,0.35,
EUROPE_GLYCERIN_PALM_OIL_BIODIESEL_PRODUCTION_VOLUMES,Glycerin,Palm oil & biodiesel production volumes,Europe,1,Medium,eurostat,Eurostat,https://ec.europa.eu/eurostat/databrowser/view/nrg_cb_biomass/default/table,"dataset:nrg_cb_biomass | filters:siec=B1010,geo=EU27_2020",open_api,Annual,sum,INR/Kg,2020-01,Y,30,N,,N,,,Medium,Eurostat's biomass and biogas energy balance dataset provides EU-level biodiesel (and related palm o,2,0.55,
EU_GLYCERIN_EU_SOYBEAN_OIL_PRICE_ROTTERDAM,Glycerin,EU soybean oil price (Rotterdam),EU,1,High,worldbank_pinksheet,World Bank Pink Sheet Commodity Price Data,https://www.worldbank.org/en/research/commodity-markets,series:Soybean oil,open_api,Monthly,last,INR/Kg,2020-01,Y,30,N,,N,,,Medium,World Bank Pink Sheet publishes monthly Rotterdam-origin soybean oil prices in a freely downloadable,2,0.70,
GLOBAL_GLYCERIN_CRUDE_OIL_PRICE_SYNTHETIC_GLYCERIN_ROUTE,Glycerin,Crude oil price (synthetic glycerin route),Global,1,High,fred,Federal Reserve Economic Data (FRED),https://fred.stlouisfed.org/series/DCOILBRENTEU,series_id:DCOILBRENTEU,open_api,Daily,mean,INR/Kg,2020-01,Y,30,N,,N,fred_api_key,GLOBAL_GLYCERIN_CRUDE_OIL_PRICE_SYNTHETIC_GLYCERIN_ROUTE_EIA,Medium,"Brent crude oil daily spot price from FRED is a widely used, free, API-accessible proxy for the crud",2,0.70,
EU_GLYCERIN_EUGERMANY_NATURAL_GAS_PRICE_TTF,Glycerin,EU/Germany natural gas price (TTF),EU,1,High,fred,"FRED (Global price of Natural Gas, EU)",https://fred.stlouisfed.org/series/PNGASEUUSDM,series_id:PNGASEUUSDM,open_api,Monthly,last,INR/Kg,2020-01,Y,30,N,,N,fred_api_key,EU_GLYCERIN_EUGERMANY_NATURAL_GAS_PRICE_TTF_EIA,Medium,"FRED provides IMF-sourced EU natural gas price data (linked to TTF benchmark) via a free, documented",2,0.75,
EU_GLYCERIN_EUGERMANY_BIODIESEL_FAME_PRODUCTION_VOLUMES,Glycerin,EU/Germany biodiesel (FAME) production volumes,EU,1,Medium,eurostat,Eurostat,https://ec.europa.eu/eurostat/databrowser/view/nrg_cb_biofuel/default/table,"dataset:nrg_cb_biofuel | filters:siec=B00,fuel=biodiesel,unit=THS_T,geo=DE",open_api,Monthly,sum,INR/Kg,2020-01,Y,30,N,,N,,,Medium,Eurostat's monthly biofuel balance dataset (nrg_cb_biofuel) provides official EU/Germany biodiesel (,2,0.60,
ASIAPACIFIC_GLYCERIN_ASIAPACIFIC_OLEOCHEMICAL_SUPPLY,Glycerin,Asia-Pacific oleochemical supply,Asia-Pacific,4,Low,,ChemAnalyst,https://www.chemanalyst.com/Pricing-data/glycerin-1163,https://www.chemanalyst.com/Pricing-data/glycerin-1163,paid_or_restricted,Weekly,mean,INR/Kg,2020-01,Y,30,N,,N,,,Medium,ChemAnalyst publishes region-specific glycerin price series in INR/Kg including Asia-Pacific oleoche,2,0.35,
EU_GLYCERIN_EUGERMANY_DETERGENT_PERSONAL_CARE_DEMAND_GROWTH,Glycerin,EU/Germany detergent & personal care demand growth,EU,1,Medium,eurostat,Eurostat - Short-term Business Statistics (Production Index),https://ec.europa.eu/eurostat/databrowser/view/sts_inpr_m/default/table,dataset:sts_inpr_m | filters:nace_r2=C204;geo=DE;unit=I15;s_adj=SCA,open_api,Monthly,mean,INR/Kg,2020-01,Y,30,N,,N,,,Medium,"Eurostat's short-term business statistics production index for NACE C20.4 (soap, detergents, cleanin",2,0.60,
EU_GLYCERIN_EU_ANIMAL_FATTALLOW_FEEDSTOCK_PRICE,Glycerin,EU animal fat/tallow feedstock price,EU,2,Medium,,"European Commission – DG AGRI Market Observatory for Oilseeds, Oilmeals and Oilseed Derivatives",https://agriculture.ec.europa.eu/data-and-analysis/markets/overview/market-observatories/oilseeds-oilmeals-and-oilseed-derivatives_en,Animal fats (tallow/Category 1-3) price bulletin - biodiesel feedstock price table (monthly Excel download),file_download,Monthly,mean,INR/Kg,2020-01,Y,30,N,,N,,,Medium,The EU Commission's oilseeds/biodiesel feedstock market observatory publishes periodic price bulleti,2,0.45,
EUROPE_GLYCERIN_TRADE_GLYCERIN_IMPORTSEXPORTS,Glycerin,Trade - Glycerin Imports/Exports,Europe,2,Medium,un_comtrade,UN Comtrade Database,https://comtradeplus.un.org/,"reporterCode=97;cmdCode=290545;flowCode=X,M",api_key,Monthly,sum,INR/Kg,2020-01,Y,30,N,,N,comtrade_api_key,,Medium,UN Comtrade provides EU-27 (reporterCode 97) import/export trade statistics for glycerol (HS 290545),2,0.55,
EUROPE_GLYCERIN_ENERGY_ELECTRICITY,Glycerin,Energy - Electricity,Europe,1,High,eurostat,Eurostat,https://ec.europa.eu/eurostat/databrowser/view/nrg_pc_204/default/table,dataset:nrg_pc_204,open_api,Annual,mean,INR/Kg,2020-01,Y,30,N,,N,,,Medium,Eurostat's nrg_pc_204 dataset provides harmonized electricity price series for non-household consume,2,0.70,
APAC_PALM_OIL_PALM_OIL,Palm Oil,Palm Oil,APAC,1,High,worldbank_pinksheet,World Bank Pink Sheet,https://www.worldbank.org/en/research/commodity-markets,series:Palm oil,open_api,Monthly,last,USD/MT,2015-01,Y,30,N,,N,,,Medium,"World Bank Pink Sheet publishes monthly palm oil prices (USD/MT) from Malaysia, a standard free benc",2,0.90,
INDONESIA_PALM_OIL_MALAYSIA_INDONESIA_PRODUCTION,Palm Oil,Malaysia & Indonesia production,Indonesia,1,High,usda_psd,"USDA Foreign Agricultural Service - Production, Supply and Distribution",https://apps.fas.usda.gov/psdonline/app/index.html#/app/downloads,commodity:Palm Oil | attribute:Production | country:ID,open_api,Annual,last,USD/MT,2015-01,Y,30,N,,N,usda_fas_api_key,INDONESIA_PALM_OIL_MALAYSIA_INDONESIA_PRODUCTION_ALT,Medium,"USDA PSD provides annual Indonesian palm oil production data via a documented public API/connector, ",2,0.75,
APAC_PALM_OIL_SOYBEAN_OIL_PRICE_SUBSTITUTE,Palm Oil,Soybean oil price (substitute),APAC,1,High,worldbank_pinksheet,World Bank Pink Sheet,https://www.worldbank.org/en/research/commodity-markets,series:Soybean oil,open_api,Monthly,last,USD/MT,2015-01,Y,30,N,,N,,,Medium,World Bank Pink Sheet publishes a globally referenced monthly USD/MT soybean oil price series suitab,2,0.90,
GLOBAL_PALM_OIL_CRUDE_OIL_PRICE_BIODIESEL_LINKAGE,Palm Oil,Crude oil price (biodiesel linkage),Global,2,High,eia,U.S. Energy Information Administration,https://www.eia.gov/opendata/,PET.RBRTE.D,api_key,Daily,mean,USD/MT,2015-01,Y,30,N,,N,eia_api_key,,Medium,EIA's Brent crude daily spot price series is the standard global benchmark used to proxy crude oil p,2,0.70,
INDIA_PALM_OIL_INDIA_IMPORT_DEMAND,Palm Oil,India import demand,India,2,Medium,un_comtrade,UN Comtrade Database,https://comtradeplus.un.org/,reporterCode=699;flowCode=M;cmdCode=1511,api_key,Monthly,mean,USD/MT,2015-01,Y,30,N,,N,comtrade_api_key,INDIA_PALM_OIL_INDIA_IMPORT_DEMAND_ALT,Medium,"UN Comtrade provides India's monthly import trade value and quantity for HS 1511 (palm oil), from wh",2,0.60,
APAC_PALM_OIL_MPOB_STOCKINVENTORY_LEVELS,Palm Oil,MPOB stock/inventory levels,APAC,3,Medium,manual_yaml,Malaysian Palm Oil Board (MPOB),https://bepi.mpob.gov.my/index.php/en/,https://bepi.mpob.gov.my/index.php/en/statistics/stock/2024-stock,multipage_scrape,Monthly,last,USD/MT,2015-01,Y,30,N,,N,,,Medium,MPOB publishes official monthly palm oil ending stock statistics on its Economics & Industry Develop,2,0.60,
INDONESIA_PALM_OIL_INDONESIA_DOMESTIC_BIODIESEL_CONSUMPTION_B35B40_REALIZATION,Palm Oil,Indonesia domestic biodiesel consumption (B35/B40 realization),Indonesia,3,Low,,Indonesia Ministry of Energy and Mineral Resources (ESDM) - Direktorat Jenderal EBTKE Biodiesel Statistics,https://ebtke.esdm.go.id/post/statistik-bioenergi,,multipage_scrape,Monthly,last,USD/MT,2015-01,Y,30,N,,N,,,Medium,"Indonesia's ESDM Directorate General of New, Renewable Energy and Energy Conservation periodically p",2,0.35,
APAC_PALM_OIL_COMPETING_VEGETABLE_OIL_GLOBAL_STOCKS_SOYBEAN_SUNFLOWER,Palm Oil,"Competing vegetable oil global stocks (soybean, sunflower)",APAC,1,Medium,usda_psd,"USDA Foreign Agricultural Service - Production, Supply and Distribution (PSD)",https://apps.fas.usda.gov/psdonline/app/index.html#/app/downloads,commodity:4243000 | attribute:88,open_api,Annual,last,USD/MT,2015-01,Y,30,N,,N,usda_fas_api_key,APAC_PALM_OIL_COMPETING_VEGETABLE_OIL_GLOBAL_STOCKS_SOYBEAN_SUNFLOWER_ALT,Medium,USDA PSD publishes annual world ending stocks for soybean oil (and separately sunflowerseed oil) as ,2,0.55,
MALAYSIA_PALM_OIL_LABOR_MALAYSIA_WAGES,Palm Oil,Labor - Malaysia Wages,Malaysia,3,Low,manual_yaml,Department of Statistics Malaysia (DOSM),https://www.dosm.gov.my/portal-main/release-content/monthly-manufacturing-statistics-malaysia,table:Salaries & Wages Survey - Manufacturing/Agriculture Sector - Malaysia,multipage_scrape,Monthly,mean,USD/MT,2015-01,Y,30,N,,N,,,Medium,DOSM publishes wage/salary statistics by sector (including agriculture/plantation) that can proxy Ma,2,0.35,
APAC_PALM_OIL_FREIGHT_LOGISTICS_COST,Palm Oil,Freight - Logistics Cost,APAC,4,Low,,Fastmarkets,https://www.fastmarkets.com/en/commodities/agriculture/vegetable-oils-oilseeds,,paid_or_restricted,Weekly,mean,USD/MT,2015-01,Y,30,N,,N,,,Medium,APAC palm oil freight/logistics cost benchmarks are typically published by commercial maritime and c,2,0.30,
APAC_PALM_OIL_FERTLIZER_AMMONIAUREA_PRICES,Palm Oil,Fertlizer- Ammonia/Urea prices,APAC,1,High,worldbank_pinksheet,World Bank Commodity Markets (Pink Sheet),https://www.worldbank.org/en/research/commodity-markets,series:Urea,open_api,Monthly,last,USD/MT,2015-01,Y,30,N,,N,,,Medium,World Bank Pink Sheet publishes a globally referenced monthly Urea price (Middle East benchmark) tha,2,0.72,
APAC_PALM_OIL_DEMAND_CONSUMPTION_ANNUAL,Palm Oil,Demand - Consumption (Annual),APAC,1,Medium,usda_psd,"USDA Foreign Agricultural Service - Production, Supply and Distribution (PSD)",https://apps.fas.usda.gov/psdonline/app/index.html#/app/downloads,commodity:2000000 | attribute:125,open_api,Annual,sum,USD/MT,2015-01,Y,30,N,,N,usda_fas_api_key,,Medium,"USDA PSD provides annual domestic consumption data for palm oil aggregated globally or by country, w",2,0.60,
US_WHEAT_USDA_WASDE_PRODUCTION_ENDING_STOCKS,Wheat,USDA WASDE production & ending stocks,US,1,High,usda_psd,"USDA Foreign Agricultural Service - Production, Supply and Distribution (PSD)",https://apps.fas.usda.gov/psdonline/app/index.html#/app/downloads,commodity:0410000 | attribute:0088 | country:US,open_api,Annual,last,USD/MT,2015-01,Y,30,N,,N,usda_fas_api_key,,Medium,USDA PSD database provides the underlying annual production and ending stocks data for US wheat that,2,0.75,
RUSSIA_WHEAT_BLACK_SEA_RUSSIAUKRAINE_EXPORT_VOLUMES,Wheat,Black Sea (Russia/Ukraine) export volumes,Russia,1,Medium,usda_psd,"USDA Foreign Agricultural Service - Production, Supply and Distribution (PSD)",https://apps.fas.usda.gov/psdonline/app/index.html#/app/downloads,commodity:0410000 | attribute:88 | country:RS,open_api,Annual,sum,USD/MT,2015-01,Y,30,N,,N,usda_fas_api_key,,Medium,"USDA PSD publishes annual wheat export volumes by country, including Russia, through an open API-acc",2,0.60,
NORTH_AMERICA_WHEAT_WEATHERDROUGHT_CONDITIONS_IN_GROWING_REGIONS,Wheat,Weather/drought conditions in growing regions,North America,2,Medium,manual_yaml,U.S. Drought Monitor (National Drought Mitigation Center),https://droughtmonitor.unl.edu/DmData/DataDownload.aspx,https://droughtmonitor.unl.edu/DmData/GISData.aspx?mode=table&aoi=statewide&region=US&subject=wheat,file_download,Weekly,mean,USD/MT,2015-01,Y,30,N,,N,,,Medium,"The U.S. Drought Monitor provides free, publicly downloadable weekly drought severity indices for ma",2,0.55,
NORTH_AMERICA_WHEAT_GLOBAL_ENDING_STOCKSTOUSE_RATIO,Wheat,Global ending stocks-to-use ratio,North America,1,Medium,usda_psd,"USDA Foreign Agricultural Service - Production, Supply and Distribution (PSD)",https://apps.fas.usda.gov/psdonline/app/index.html#/app/downloads,commodity:0410000 | attribute:88,open_api,Annual,last,USD/MT,2015-01,Y,30,N,,N,usda_fas_api_key,,Medium,USDA PSD publishes annual global wheat ending stocks and consumption data from which the stocks-to-u,2,0.55,
NORTH_AMERICA_WHEAT_FERTILIZER_PRICE_INPUT_COST,Wheat,Fertilizer price (input cost),North America,1,High,worldbank_pinksheet,World Bank Commodity Markets (Pink Sheet),https://www.worldbank.org/en/research/commodity-markets,series:DAP,open_api,Monthly,mean,USD/MT,2015-01,Y,30,N,,N,,,Medium,"The World Bank Pink Sheet publishes monthly global fertilizer prices (e.g., DAP, USD/MT) which serve",2,0.70,
GLOBAL_WHEAT_BALTIC_DRY_INDEX_EXPORT_FREIGHT,Wheat,Baltic Dry Index (export freight),Global,4,Medium,,Baltic Exchange (via Trading Economics / paywalled proxy),https://www.balticexchange.com/en/data-services/market-information0.html,Baltic Dry Index,paid_or_restricted,Daily,mean,USD/MT,2015-01,Y,30,N,,N,,,Medium,"The Baltic Dry Index is proprietary data owned and licensed by the Baltic Exchange, with no free off",2,0.55,
GLOBAL_WHEAT_US_DOLLAR_INDEX_DXY,Wheat,US Dollar Index (DXY),Global,1,High,fred,Federal Reserve Economic Data (FRED),https://fred.stlouisfed.org/series/DTWEXBGS,series_id:DTWEXBGS,open_api,Daily,last,USD/MT,2015-01,Y,30,N,,N,fred_api_key,,Medium,"FRED provides the Fed's trade-weighted broad USD index as a free, open API series widely used as a D",2,0.80,
GLOBAL_WHEAT_GLOBAL_RICE_PRICE_COMPETING_STAPLE,Wheat,Global rice price (competing staple),Global,1,High,worldbank_pinksheet,World Bank Pink Sheet Commodity Prices,https://www.worldbank.org/en/research/commodity-markets,"series:Rice, Thai 5%",open_api,Monthly,last,USD/MT,2015-01,Y,30,N,,N,,,Medium,"World Bank Pink Sheet publishes monthly global rice (Thai 5%) prices in USD/MT as an open, freely do",2,0.85,
NORTH_AMERICA_WHEAT_DOWNSTREAM_WHEAT_FLOUR_PRICESQUARTERLYMONTHLY,Wheat,Downstream - Wheat Flour Prices(Quarterly/Monthly),North America,2,Medium,fred,Federal Reserve Economic Data (FRED) - PPI Flour Milling,https://fred.stlouisfed.org/series/PCU311211311211,series_id:PCU311211311211,open_api,Monthly,mean,USD/MT,2015-01,Y,30,N,,N,fred_api_key,,Medium,"FRED publishes the BLS Producer Price Index for the Flour Milling industry (PCU311211311211), a wide",2,0.62,
US_WHEAT_LABOR_US_FARM_WAGES,Wheat,Labor - US Farm Wages,US,2,Medium,nass_quickstats,USDA National Agricultural Statistics Service (NASS) - Farm Labor Survey,https://quickstats.nass.usda.gov/,"short_desc=LABOR, HIRED - WAGE RATE, MEASURED IN $ / HOUR; agg_level_desc=NATIONAL",api_key,Annual,mean,USD/MT,2015-01,Y,30,N,,N,usda_nass_api_key,,Medium,"[nass_fix 2026-08-03] locator corrected against NASS discovery API (verified live): commodity_desc=LABOR; class_desc=ALL CLASSES; domain_desc=TOTAL; short_desc=LABOR, WAGE RATE - EXPENSE, MEASURED IN ",2,0.55,
NORTH_AMERICA_WHEAT_DEMANDSUPPLY_ANNUAL_DATA,Wheat,Demand/Supply - Annual Data,North America,1,High,usda_psd,"USDA Foreign Agricultural Service - Production, Supply and Distribution",https://apps.fas.usda.gov/psdonline/app/index.html#/app/downloads,commodity:Wheat | attribute:Ending Stocks | country:US,open_api,Annual,last,USD/MT,2015-01,Y,30,N,,N,usda_fas_api_key,NORTH_AMERICA_WHEAT_DEMANDSUPPLY_ANNUAL_DATA_ALT,Medium,USDA PSD provides authoritative annual wheat supply/demand balance data for the US and North America,2,0.70,
LATIN_AMERICA_ORANGE_ORANGE,Orange,Orange,Latin America,3,Low,,CEPEA/ESALQ - Centro de Estudos Avançados em Economia Aplicada,https://www.cepea.esalq.usp.br/en/indicator/orange.aspx,https://www.cepea.esalq.usp.br/en/indicator/orange.aspx,multipage_scrape,Monthly,mean,USD/KG Box,2018-04,Y,30,N,,N,,,Medium,"CEPEA/ESALQ publishes a widely referenced orange price series (BRL per box) for Brazil, the dominant",2,0.35,
BRAZIL_ORANGE_FLORIDA_BRAZIL_CITRUS_PRODUCTION_FORECASTS,Orange,Florida & Brazil citrus production forecasts,Brazil,1,High,usda_psd,"USDA Foreign Agricultural Service - Production, Supply and Distribution (PSD)",https://apps.fas.usda.gov/psdonline/app/index.html#/app/downloads,commodity:Oranges | attribute:Production | country:BR,open_api,Annual,last,USD/KG Box,2018-04,Y,30,N,,N,usda_fas_api_key,,Medium,"USDA PSD provides annual production forecasts for oranges by country, including Brazil, through a do",2,0.70,
BRAZIL_ORANGE_BRAZIL_FROSTWEATHER_EVENTS_INMET,Orange,Brazil frost/weather events (INMET),Brazil,2,Medium,,INMET - Instituto Nacional de Meteorologia (Banco de Dados Meteorológicos),https://portal.inmet.gov.br/dadoshistoricos,https://apitempo.inmet.gov.br/,file_download,Daily,min,USD/KG Box,2018-04,Y,30,N,,N,,,Medium,INMET is Brazil's national meteorological agency providing open historical and near-real-time weathe,2,0.55,
LATIN_AMERICA_ORANGE_GLOBAL_ORANGE_JUICE_INVENTORY,Orange,Global orange juice inventory,Latin America,2,Medium,usda_psd,"USDA Foreign Agricultural Service - Production, Supply and Distribution (PSD)",https://apps.fas.usda.gov/psdonline/app/index.html#/app/downloads,commodity:0571000 | attribute:176 | country:BR,open_api,Annual,last,USD/KG Box,2018-04,Y,30,N,,N,usda_fas_api_key,,Medium,"USDA PSD publishes annual orange juice ending stocks by country, with Brazil as the dominant Latin A",2,0.45,
BRAZIL_ORANGE_BRAZIL_DIESELTRANSPORT_FUEL_COST,Orange,Brazil diesel/transport fuel cost,Brazil,2,Medium,manual_yaml,"ANP - Agência Nacional do Petróleo, Gás Natural e Biocombustíveis (Levantamento de Preços de Combustíveis)",https://www.gov.br/anp/pt-br/assuntos/precos-e-defesa-da-concorrencia/precos/precos-revenda-e-distribuicao-combustiveis,ANP_SLP_diesel_weekly_price_by_state.csv,file_download,Weekly,mean,USD/KG Box,2018-04,Y,30,N,,N,,,Medium,"ANP publishes an official, freely downloadable weekly national survey of diesel retail/wholesale pri",2,0.55,
BRAZIL_ORANGE_BRLUSD_EXCHANGE_RATE,Orange,BRL/USD exchange rate,Brazil,1,High,fred,Federal Reserve Economic Data (FRED),https://fred.stlouisfed.org/series/DEXBZUS,series_id:DEXBZUS,open_api,Daily,mean,USD/KG Box,2018-04,Y,30,N,,N,fred_api_key,BRAZIL_ORANGE_BRLUSD_EXCHANGE_RATE_FRANK,Medium,"FRED provides the official daily BRL/USD exchange rate sourced from the Federal Reserve, accessible ",2,0.95,
BRAZIL_ORANGE_BRLUSD_EXCHANGE_RATE_FRANK,Orange,USD/KG Box (Frankfurter keyless fallback),Brazil,1,High,frankfurter,Frankfurter API (ECB),https://api.frankfurter.dev/,base:USD | target:USD,open_api,Daily,mean,USD/KG Box,1999-01,Y,1,N,,N,,BRAZIL_ORANGE_BRLUSD_EXCHANGE_RATE_FRANK_BIS,Low,"mean + MoM% (keyless ECB rates, history from 1999-01 only)",3,,
BRAZIL_ORANGE_BRAZILGLOBAL_RETAIL_JUICE_DEMAND_TREND,Orange,Brazil/global retail juice demand trend,Brazil,2,Medium,usda_psd,"USDA Foreign Agricultural Service - Production, Supply and Distribution (PSD)",https://apps.fas.usda.gov/psdonline/app/index.html#/app/downloads,commodity:Oranges|attribute:Domestic Consumption|country:BR,open_api,Annual,last,USD/KG Box,2018-04,Y,30,N,,N,usda_fas_api_key,,Medium,USDA PSD provides annual Brazil domestic orange consumption data that can proxy retail/juice demand ,2,0.45,
US_ORANGE_US_PERCAPITA_OJ_CONSUMPTION_TREND,Orange,US per-capita OJ consumption trend,US,2,Medium,manual_yaml,USDA Economic Research Service - Food Availability (Per Capita) Data System,https://www.ers.usda.gov/data-products/food-availability-per-capita-data-system/,https://www.ers.usda.gov/webdocs/DataFiles/50472/Fruit.xlsx,file_download,Annual,last,USD/KG Box,2018-04,Y,30,N,,N,,,Medium,USDA ERS publishes annual per-capita orange juice availability/consumption data as a directly downlo,2,0.60,
BRAZIL_ORANGE_MEXICOBRAZIL_COMPETING_CITRUS_EXPORTS,Orange,Mexico/Brazil competing citrus exports,Brazil,2,Medium,usda_psd,"USDA Foreign Agricultural Service - Production, Supply and Distribution (PSD)",https://apps.fas.usda.gov/psdonline/app/index.html#/app/downloads,commodity:oranges | attribute:exports | country:BR,api_key,Annual,sum,USD/KG Box,2018-04,Y,30,N,,N,usda_fas_api_key,,Medium,"USDA PSD publishes annual orange export volumes and values by country, including Brazil and Mexico, ",2,0.55,
LATIN_AMERICA_ORANGE_SUPPLY_FRUIT_SIZE_AND_YIELD_PER_BOX,Orange,Supply - Fruit size and yield per box,Latin America,3,Low,manual_yaml,Fundecitrus (Fundo de Defesa da Citricultura) - Crop Survey (PES),https://www.fundecitrus.com.br/pes,Fundecitrus PES annual report - fruit size/yield per box tables (Sao Paulo/Minas Gerais orange belt),multipage_scrape,Annual,mean,USD/KG Box,2018-04,Y,30,N,,N,,,Medium,Fundecitrus publishes the most authoritative free annual crop survey for Latin America's dominant or,2,0.35,
LATIN_AMERICA_ORANGE_DEMAND_ORANGE_PROCESSING_VOLUME,Orange,Demand - Orange processing volume,Latin America,1,Medium,usda_psd,"USDA Foreign Agricultural Service - Production, Supply and Distribution (PSD)",https://apps.fas.usda.gov/psdonline/app/index.html#/app/downloads,commodity:Oranges | attribute:88 | country:BR,open_api,Annual,sum,USD/KG Box,2018-04,Y,30,N,,N,usda_fas_api_key,,Medium,USDA PSD publishes annual orange production and utilization data for Brazil (the dominant Latin Amer,2,0.45,
LATIN_AMERICA_ORANGE_DOWNSTREAM_PRICE_ICE_FCOJA_FUTURES_PRICE,Orange,Downstream Price - ICE FCOJ-A futures price,Latin America,4,Medium,,ICE (Intercontinental Exchange) - Frozen Concentrated Orange Juice Futures,https://www.ice.com/products/30/FCOJ-A-Futures/data,"FCOJ-A futures settlement price, ICE Futures U.S.",paid_or_restricted,Daily,last,USD/KG Box,2018-04,Y,30,N,,N,,,Medium,ICE FCOJ-A futures settlement data is proprietary exchange data distributed through paid market-data,2,0.55,
NORTH_AMERICA_BEEF_BEEF,Beef,Beef,North America,2,High,nass_quickstats,USDA National Agricultural Statistics Service (NASS QuickStats),https://quickstats.nass.usda.gov/,"short_desc=CATTLE, GE 500 LBS - PRICE RECEIVED, MEASURED IN $ / CWT; agg_level_desc=NATIONAL",api_key,Monthly,mean,USD/Cwt,2011-01,Y,30,N,,N,usda_nass_api_key,,Medium,[nass_fix 2026-08-03] locator corrected against NASS discovery API (verified live): commodity_desc=CATTLE; statisticcat_desc=PRICE RECEIVED; unit_desc=$ / CWT; agg_level_desc=NATIONAL -> short_desc=CA,2,0.75,
US_BEEF_US_CATTLE_HERD_INVENTORY,Beef,US cattle herd inventory,US,2,High,nass_quickstats,USDA NASS Quick Stats,https://quickstats.nass.usda.gov,"short_desc=CATTLE, INCL CALVES - INVENTORY; agg_level_desc=NATIONAL",api_key,Annual,last,USD/Cwt,2011-01,Y,30,N,,N,usda_nass_api_key,,Medium,"[nass_fix 2026-08-03] locator corrected against NASS discovery API (verified live): commodity_desc=CATTLE; statisticcat_desc=INVENTORY; short_desc=CATTLE, INC CALVES - INVENTORY; agg_level_desc=NATION",2,0.75,
NORTH_AMERICA_BEEF_CORN_PRICE_FEED_COST,Beef,Corn price (feed cost),North America,2,High,fred,Federal Reserve Economic Data (FRED) - Global Price of Corn,https://fred.stlouisfed.org/series/PMAIZMTUSDM,series_id:PMAIZMTUSDM,api_key,Monthly,mean,USD/Cwt,2011-01,Y,30,N,,N,fred_api_key,NORTH_AMERICA_BEEF_CORN_PRICE_FEED_COST_FRANK,Medium,"FRED provides a free, API-accessible monthly global corn price series (IMF-sourced, USD per metric t",2,0.70,
NORTH_AMERICA_BEEF_CORN_PRICE_FEED_COST_FRANK,Beef,USD/Cwt (Frankfurter keyless fallback),North America,1,High,frankfurter,Frankfurter API (ECB),https://api.frankfurter.dev/,base:USD | target:USD,open_api,Daily,mean,USD/Cwt,1999-01,Y,1,N,,N,,NORTH_AMERICA_BEEF_CORN_PRICE_FEED_COST_FRANK_BIS,Low,"mean + MoM% (keyless ECB rates, history from 1999-01 only)",3,,
NORTH_AMERICA_BEEF_LIVEFEEDER_CATTLE_CASH_PRICE_SPOT,Beef,Live/feeder cattle cash price (spot),North America,2,Medium,nass_quickstats,USDA National Agricultural Statistics Service (NASS) QuickStats,https://quickstats.nass.usda.gov/,"short_desc=CATTLE, FEEDER CATTLE - PRICE PAID, MEASURED IN $ / CWT; agg_level_desc=NATIONAL",api_key,Monthly,mean,USD/Cwt,2011-01,Y,30,N,,N,usda_nass_api_key,,Medium,"[nass_fix 2026-08-03] locator corrected against NASS discovery API (verified live): commodity_desc=CATTLE; statisticcat_desc=PRICE RECEIVED; unit_desc=$ / CWT -> short_desc=CATTLE, FEEDER CATTLE - PRI",2,0.60,
NORTH_AMERICA_BEEF_DROUGHTPASTURE_CONDITION_INDEX,Beef,Drought/pasture condition index,North America,2,Medium,nass_quickstats,USDA National Agricultural Statistics Service (NASS) QuickStats,https://quickstats.nass.usda.gov,"short_desc=PASTURELAND - CONDITION, MEASURED IN PCT EXCELLENT; agg_level_desc=NATIONAL",api_key,Weekly,mean,USD/Cwt,2011-01,Y,30,N,,N,usda_nass_api_key,,Medium,"[nass_fix 2026-08-03] locator corrected against NASS discovery API (verified live): commodity_desc=PASTURE; short_desc=PASTURE, RANGE - CONDITION, MEASURED IN PCT EXCELLENT; agg_level_desc=NATIONAL ->",2,0.55,
BRAZIL_BEEF_BRAZIL_AUSTRALIA_BEEF_EXPORT_VOLUMES,Beef,Brazil & Australia beef export volumes,Brazil,2,Medium,un_comtrade,UN Comtrade,https://comtradeplus.un.org/,"reporterCode=76; cmdCode=0201,0202; flowCode=X",api_key,Monthly,sum,USD/Cwt,2011-01,Y,30,N,,N,comtrade_api_key,,Medium,UN Comtrade provides official Brazilian bovine meat (HS 0201/0202) export volume and value data via ,2,0.60,
NORTH_AMERICA_BEEF_DIESELTRANSPORT_COST,Beef,Diesel/transport cost,North America,2,High,eia,U.S. Energy Information Administration (EIA),https://www.eia.gov/petroleum/gasdiesel/,PET.EMD_EPD2D_PTE_NUS_DPG.W,api_key,Weekly,mean,USD/Cwt,2011-01,Y,30,N,,N,eia_api_key,,Medium,"EIA publishes weekly U.S. No. 2 diesel retail prices via a documented open API, serving as the stand",2,0.75,
NORTH_AMERICA_BEEF_USD_EXCHANGE_RATE_EXPORT_COMPETITIVENESS,Beef,USD exchange rate (export competitiveness),North America,1,High,fred,"Federal Reserve Economic Data (FRED) - Trade Weighted U.S. Dollar Index: Broad, Goods",https://fred.stlouisfed.org/series/DTWEXBGS,series_id:DTWEXBGS,open_api,Daily,mean,USD/Cwt,2011-01,Y,30,N,,N,fred_api_key,NORTH_AMERICA_BEEF_USD_EXCHANGE_RATE_EXPORT_COMPETITIVENESS_FRANK,Medium,"The FRED broad trade-weighted USD index is a widely used, freely available proxy for U.S. export com",2,0.85,
NORTH_AMERICA_BEEF_USD_EXCHANGE_RATE_EXPORT_COMPETITIVENESS_FRANK,Beef,USD/Cwt (Frankfurter keyless fallback),North America,1,High,frankfurter,Frankfurter API (ECB),https://api.frankfurter.dev/,base:USD | target:USD,open_api,Daily,mean,USD/Cwt,1999-01,Y,1,N,,N,,NORTH_AMERICA_BEEF_USD_EXCHANGE_RATE_EXPORT_COMPETITIVENESS_FRANK_BIS,Low,"mean + MoM% (keyless ECB rates, history from 1999-01 only)",3,,
CHINA_BEEF_CHINAJAPANSOUTH_KOREA_IMPORT_DEMAND,Beef,China/Japan/South Korea import demand,China,2,Medium,un_comtrade,UN Comtrade,https://comtradeplus.un.org/,"cmdCode=0201; reporterCode=156,392,410; partnerCode=0; flowCode=M",api_key,Monthly,sum,USD/Cwt,2011-01,Y,30,N,,N,comtrade_api_key,,Medium,"UN Comtrade provides open, API-accessible bilateral trade data (HS 0201 bovine meat) for China, Japa",2,0.45,
AUSTRALIA_CHEESE_CHEESE,Cheese,Cheese,Australia,2,Low,worldbank_pinksheet,World Bank Pink Sheet Commodity Price Data,https://www.worldbank.org/en/research/commodity-markets,series:Cheese,api_key,Monthly,last,USD/MT,2018-01,Y,30,N,,N,,,Medium,World Bank Pink Sheet does not directly track cheese but is the most plausible open global commodity,2,0.30,
AUSTRALIA_CHEESE_AUSTRALIA_MILK_PRODUCTION_DAIRY_AUSTRALIA,Cheese,Australia milk production (Dairy Australia),Australia,2,Medium,,Dairy Australia,https://www.dairyaustralia.com.au/industry-statistics/production-and-sales/milk-production,,file_download,Monthly,sum,USD/MT,2018-01,Y,30,N,,N,,,Medium,Dairy Australia publishes national milk production statistics on its industry statistics page as fre,2,0.50,
AUSTRALIA_CHEESE_AUSTRALIAOCEANIA_WHEY_PRICE,Cheese,Australia/Oceania whey price,Australia,3,Low,,USDA Foreign Agricultural Service - Dairy Market News (Oceania),https://www.ams.usda.gov/mnreports/dybreports.pdf,,multipage_scrape,Weekly,mean,USD/MT,2018-01,Y,30,N,,N,,,Medium,"USDA AMS Dairy Market News publishes Oceania whey price ranges but not through a structured API, req",2,0.30,
AUSTRALIA_CHEESE_AUSTRALIA_DAIRY_FEED_COST_GRAINPASTURE,Cheese,Australia dairy feed cost (grain/pasture),Australia,2,Medium,manual_yaml,Dairy Australia,https://www.dairyaustralia.com.au/dairy-market-and-statistics/prices/hay-and-grain-prices,table:Hay and Grain Report - National Feed Grain Prices,file_download,Weekly,mean,USD/MT,2018-01,Y,30,N,,N,,AUSTRALIA_CHEESE_AUSTRALIA_DAIRY_FEED_COST_GRAINPASTURE_ALT,Medium,Dairy Australia publishes weekly national feed grain and hay price reports that proxy dairy feed cos,2,0.45,
AUSTRALIA_CHEESE_AUSTRALIA_DAIRY_COLD_STORAGE_INVENTORY_DAIRY_AUSTRALIA,Cheese,Australia dairy cold storage inventory (Dairy Australia),Australia,4,Low,,Dairy Australia,https://www.dairyaustralia.com.au/industry-statistics,,paid_or_restricted,Monthly,last,USD/MT,2018-01,Y,30,N,,N,,,Medium,Dairy Australia publishes industry stock/inventory statistics but these are typically behind registr,2,0.30,
AUSTRALIA_CHEESE_AUSTRALIA_DAIRY_EXPORT_DEMAND_CHINAJAPANASEAN,Cheese,Australia dairy export demand (China/Japan/ASEAN),Australia,2,High,un_comtrade,UN Comtrade,https://comtradeplus.un.org/,"reporterCode=36; cmdCode=0406; flowCode=X; partnerCode=156,392,702,764,458,360,116,418,608,104",open_api,Monthly,sum,USD/MT,2018-01,Y,30,N,,N,comtrade_api_key,,Medium,UN Comtrade provides official Australian export trade statistics (HS 0406 cheese) by partner country,2,0.72,
NEW_ZEALAND_CHEESE_NEW_ZEALAND_MILK_PRICEMARKET_SITUATION_OCEANIA_BENCHMARK,Cheese,New Zealand milk price/market situation (Oceania benchmark),New Zealand,2,Medium,,GlobalDairyTrade (GDT) Events - Trade Weighted Average Price,https://www.globaldairytrade.info/en/product-results/,,file_download,Event,mean,USD/MT,2018-01,Y,30,N,,N,,,Medium,"GlobalDairyTrade auction results, published in USD/MT, are the standard public Oceania (NZ-based) be",2,0.55,
AUSTRALIA_CHEESE_AUSTRALIA_PERCAPITA_CHEESE_CONSUMPTION_TREND,Cheese,Australia per-capita cheese consumption trend,Australia,3,Medium,manual_yaml,Dairy Australia,https://www.dairyaustralia.com.au/dairy-market-and-industry-insights,Dairy Australia annual 'Dairy Situation and Outlook' report - per capita cheese consumption table,multipage_scrape,Annual,last,USD/MT,2018-01,Y,30,N,,N,,,Medium,Dairy Australia is the primary industry body publishing per-capita cheese consumption statistics for,2,0.40,
NORTH_AMERICA_BENZENE_BENZENE,Benzene,Benzene,North America,4,Medium,,S&P Global Platts (Benzene US Gulf Coast spot),https://www.spglobal.com/commodityinsights/en/oil/petrochemicals/benzene,,paid_or_restricted,Daily,mean,USD/MT,2015-01,Y,30,N,,N,,,Medium,Benzene North America spot prices are primarily published by commercial price-reporting agencies lik,2,0.55,
GLOBAL_BENZENE_CRUDE_OIL_PRICE,Benzene,Crude oil price,Global,1,High,fred,FRED (Federal Reserve Bank of St. Louis) - Crude Oil Prices: Brent - Europe,https://fred.stlouisfed.org/series/DCOILBRENTEU,series_id:DCOILBRENTEU,open_api,Daily,mean,USD/MT,2015-01,Y,30,N,,N,fred_api_key,GLOBAL_BENZENE_CRUDE_OIL_PRICE_EIA,Medium,"FRED provides a free, open-API daily Brent crude oil price series widely used as a global benchmark ",2,0.85,
NORTH_AMERICA_BENZENE_NAPHTHA_PRICE,Benzene,Naphtha price,North America,4,Medium,,S&P Global Platts,https://www.spglobal.com/commodityinsights/en/products-services/oil/naphtha-pricing,Platts Naphtha USGC/NWE Assessment,paid_or_restricted,Daily,mean,USD/MT,2015-01,Y,30,N,,N,,,Medium,Naphtha spot pricing for North America is a standard petrochemical feedstock benchmark published by ,2,0.55,
NORTH_AMERICA_BENZENE_STYRENE_DEMAND_DOWNSTREAM,Benzene,Styrene demand (downstream),North America,4,Medium,,S&P Global Platts (Styrene demand/production data),https://www.spglobal.com/commodityinsights/en/ci/products/styrene-monomer-prices.html,,paid_or_restricted,Monthly,mean,USD/MT,2015-01,Y,30,N,,N,,,Medium,Styrene demand data for North America as a downstream driver of benzene pricing is primarily tracked,2,0.40,
NORTH_AMERICA_BENZENE_TOLUENE_PRICE_COFEEDSTOCK,Benzene,Toluene price (co-feedstock),North America,4,Medium,,S&P Global Platts (commercial petrochemical price reporting),https://www.spglobal.com/commodityinsights/en/products-services/petrochemicals/toluene-prices,,paid_or_restricted,Weekly,mean,USD/MT,2015-01,Y,30,N,,N,,,Medium,Toluene spot/contract prices in North America are reported commercially by Platts/ICIS with no free ,2,0.40,
US_BENZENE_US_REFINERY_UTILIZATION_RATE,Benzene,US refinery utilization rate,US,1,High,eia,U.S. Energy Information Administration,https://www.eia.gov/dnav/pet/hist/LeafHandler.ashx?n=PET&s=WPULEUS3&f=W,PET.WPULEUS3.W,api_key,Weekly,mean,USD/MT,2015-01,Y,30,N,,N,eia_api_key,,Medium,"EIA publishes weekly US refinery operable capacity utilization rate via its open API, which is the s",2,0.90,
ASIA_BENZENE_ASIA_BENZENE_SPREADMARGIN,Benzene,Asia benzene spread/margin,Asia,4,Medium,,Fastmarkets,https://www.fastmarkets.com/commodities/petrochemicals/benzene-prices,,paid_or_restricted,Weekly,mean,USD/MT,2015-01,Y,30,N,,N,,,Medium,Asia benzene spread/margin assessments are proprietary data published by commercial price-reporting ,2,0.40,
CHINA_BENZENE_CHINA_PMI_DOWNSTREAM_PLASTICSAUTO_DEMAND,Benzene,China PMI (downstream plastics/auto demand),China,2,Medium,manual_yaml,National Bureau of Statistics of China,https://www.stats.gov.cn/english/PressRelease/,NBS Manufacturing PMI monthly press release table,file_download,Monthly,last,USD/MT,2015-01,Y,30,N,,N,,,Medium,"China's official Manufacturing PMI is published monthly by the NBS with no open API, making a manual",2,0.55,
NORTH_AMERICA_BENZENE_GLOBAL_AUTO_PRODUCTION_TREND,Benzene,Global auto production trend,North America,2,Medium,fred,Federal Reserve Board (FRED) - Industrial Production: Motor Vehicles and Parts,https://fred.stlouisfed.org/series/IPG3361T3S,series_id:IPG3361T3S,api_key,Monthly,mean,USD/MT,2015-01,Y,30,N,,N,fred_api_key,,Medium,"FRED's industrial production index for motor vehicles and parts (NAICS 3361) serves as a reliable, f",2,0.60,
NORTH_AMERICA_BENZENE_STYRENEBUTADIENE_RUBBER_DEMAND_TIRE_INDUSTRY,Benzene,Styrene-butadiene rubber demand (tire industry),North America,4,Low,,S&P Global Platts (Styrene Butadiene Rubber pricing & demand),https://www.spglobal.com/commodityinsights/en/ci/products/rubber-chemicals-price-index.html,SBR North America contract price/demand series,paid_or_restricted,Monthly,mean,USD/MT,2015-01,Y,30,N,,N,,,Medium,SBR tire-industry demand and pricing data in North America is tracked commercially by S&P Global/ICI,2,0.35,
US_BENZENE_US_SHALE_GAS_ETHANECRACKING_ECONOMICS,Benzene,US shale gas ethane-cracking economics,US,1,Medium,eia,U.S. Energy Information Administration,https://www.eia.gov/dnav/pet/pet_pri_spt_s1_w.htm,PET.EER_EPLLEPF4_PF4_MB_DPG.W,api_key,Weekly,mean,USD/MT,2015-01,Y,30,N,,N,eia_api_key,,Medium,"EIA publishes weekly Mont Belvieu ethane spot prices via its open API, which serves as the key feeds",2,0.55,
US_BENZENE_UTILITY_NATURAL_GAS_PRICE_HENRY_HUB,Benzene,Utility - Natural gas price (Henry Hub),US,1,High,eia,U.S. Energy Information Administration (EIA),https://www.eia.gov/dnav/ng/hist/rngwhhdD.htm,NG.RNGWHHD.D,api_key,Daily,mean,USD/MT,2015-01,Y,30,N,,N,eia_api_key,,Medium,"EIA publishes the Henry Hub natural gas spot price daily via its free public API, which is the autho",2,0.85,
NORTH_AMERICA_BENZENE_DOWNSTREAM_POLYSTYRENE_PRODUCTIONRESIN_SALES,Benzene,Downstream - Polystyrene production/resin sales,North America,4,Medium,,American Chemistry Council - Plastics Industry Statistics,https://www.americanchemistry.com/chemistry-in-america/data-industry-statistics/resin-statistics,ACC Resin Production and Sales Report - Polystyrene,paid_or_restricted,Monthly,mean,USD/MT,2015-01,Y,30,N,,N,,,Medium,ACC publishes North American polystyrene resin production/sales statistics but these reports are sub,2,0.40,
NORTH_AMERICA_BENZENE_NYLONFIBER_PRODUCTION_INDEX,Benzene,Nylon/fiber production index,North America,2,Medium,fred,Federal Reserve Board (FRED),https://fred.stlouisfed.org/series/IPG3252N,series_id:IPG3252N,api_key,Monthly,mean,USD/MT,2015-01,Y,30,N,,N,fred_api_key,,Medium,"FRED publishes an Industrial Production index for NAICS 3252 (resin, synthetic rubber, and synthetic",2,0.55,
US_BENZENE_TRADE_US_BENZENE_IMPORTEXPORT_VOLUMES,Benzene,Trade - US benzene import/export volumes,US,2,High,un_comtrade,UN Comtrade Database,https://comtradeplus.un.org/,"reporterCode=842; cmdCode=290220; flowCode=M,X",api_key,Monthly,sum,USD/MT,2015-01,Y,30,N,,N,comtrade_api_key,,Medium,UN Comtrade provides US import/export volumes and values for benzene (HS 290220) via a documented AP,2,0.70,
US_BENZENE_STOCKS_US_BENZENE_INVENTORY_LEVELS,Benzene,Stocks - US benzene inventory levels,US,4,Medium,,ICIS,https://www.icis.com/explore/commodities/chemicals/benzene/,,paid_or_restricted,Weekly,last,USD/MT,2015-01,Y,30,N,,N,,,Medium,US benzene inventory levels are not tracked by any free government source and are only published thr,2,0.40,
INDIA_BENZENE_MACRO_USDCNYUSDINR_EXCHNAGE_RATES,Benzene,Macro - USD-CNY/USD-INR Exchnage Rates,India,1,High,frankfurter,Frankfurter (ECB exchange rates),https://www.frankfurter.app/,base:USD | target:INR,open_api,Daily,last,USD/MT,2015-01,Y,30,N,,N,,INDIA_BENZENE_MACRO_USDCNYUSDINR_EXCHNAGE_RATES_BIS,Medium,"Frankfurter provides free, open daily ECB reference exchange rates for USD/INR without authenticatio",2,0.80,
NORTH_AMERICA_BENZENE_FREIGHT_RATES,Benzene,Freight Rates,North America,4,Medium,,Fastmarkets,https://www.fastmarkets.com/chemicals/aromatics/benzene/,benzene freight rates North America USD/MT,paid_or_restricted,Weekly,mean,USD/MT,2015-01,Y,30,N,,N,,,Medium,Benzene freight/shipping rate assessments are proprietary market data typically published by commerc,2,0.50,
LATIN_AMERICA_ETHANOL_ETHANOL,Ethanol,Ethanol,Latin America,4,Medium,,Fastmarkets,https://www.fastmarkets.com/commodities/agriculture/biofuels/ethanol,,paid_or_restricted,Weekly,mean,USD/MT,2015-01,Y,30,N,,N,,,Medium,Latin American (Brazilian) ethanol prices in USD/MT are tracked by commercial price reporting agenci,2,0.40,
LATIN_AMERICA_ETHANOL_CRUDE_OIL_GASOLINE_PRICE_RBOB,Ethanol,Crude oil / gasoline price (RBOB),Latin America,2,High,eia,U.S. Energy Information Administration,https://www.eia.gov/dnav/pet/hist/eer_epmrr_pf4_y35ny_dpgD.htm,PET.EER_EPMRR_PF4_Y35NY_DPG.D,api_key,Daily,mean,USD/MT,2015-01,Y,30,N,,N,eia_api_key,LATIN_AMERICA_ETHANOL_CRUDE_OIL_GASOLINE_PRICE_RBOB_ALT,Medium,EIA publishes daily NY Harbor RBOB spot gasoline prices via a documented open API that serves as the,2,0.70,
BRAZIL_ETHANOL_SUGARCANE_CRUSH_VOLUME_BRAZIL,Ethanol,Sugarcane Crush Volume - Brazil,Brazil,2,Medium,manual_yaml,CONAB - Companhia Nacional de Abastecimento,https://www.conab.gov.br/info-agro/safras/cana,https://www.conab.gov.br/info-agro/safras/cana/boletim-da-safra-de-cana-de-acucar,file_download,Monthly,sum,USD/MT,2015-01,Y,30,N,,N,,,Medium,CONAB publishes official periodic Brazilian sugarcane harvest/crush volume bulletins as downloadable,2,0.55,
BRAZIL_ETHANOL_INDUSTRIAL_ETHANOL_PRODUCTION_BRAZIL,Ethanol,Industrial Ethanol Production - Brazil,Brazil,2,Medium,manual_yaml,"ANP - Agência Nacional do Petróleo, Gás Natural e Biocombustíveis",https://www.gov.br/anp/pt-br/centrais-de-conteudo/dados-abertos/producao-de-derivados-de-petroleo-e-biocombustiveis,producao_etanol_mensal.csv,file_download,Monthly,sum,USD/MT,2015-01,Y,30,N,,N,,,Medium,"ANP is Brazil's official energy regulator publishing open, downloadable monthly ethanol production s",2,0.45,
BRAZIL_ETHANOL_ETHANOL_INVENTORIES_BRAZIL,Ethanol,Ethanol Inventories - Brazil,Brazil,3,Medium,,"ANP - Agência Nacional do Petróleo, Gás Natural e Biocombustíveis",https://www.gov.br/anp/pt-br/assuntos/producao-e-fornecimento-de-biocombustiveis/etanol,,multipage_scrape,Monthly,last,USD/MT,2015-01,Y,30,N,,N,,,Medium,"ANP publishes monthly Brazilian ethanol production, sales, and inventory statistics as downloadable ",2,0.40,
BRAZIL_ETHANOL_BRAZILGLOBAL_SUGAR_SPOT_PRICE_MONTHLY_AVERAGE,Ethanol,Brazil/global sugar spot price (monthly average),Brazil,1,High,worldbank_pinksheet,World Bank Pink Sheet,https://www.worldbank.org/en/research/commodity-markets,"series:Sugar, world",open_api,Monthly,mean,USD/MT,2015-01,Y,30,N,,N,,,Medium,World Bank Pink Sheet publishes monthly average world sugar spot prices in USD/MT via a freely downl,2,0.75,
LATIN_AMERICA_ETHANOL_NATURAL_GAS_PRICE_PROCESSING_ENERGY_COST,Ethanol,Natural gas price (processing energy cost),Latin America,2,Medium,eia,U.S. Energy Information Administration (EIA),https://www.eia.gov/dnav/ng/hist/rngwhhdD.htm,NG.RNGWHHD.D,api_key,Daily,mean,USD/MT,2015-01,Y,30,N,,N,eia_api_key,,Medium,"No Latin America-specific public natural gas price series exists, so the EIA Henry Hub spot price is",2,0.45,
US_ETHANOL_US_ETHANOL_EXPORT_DEMAND,Ethanol,US ethanol export demand,US,2,Medium,un_comtrade,UN Comtrade Database,https://comtradeplus.un.org/,reporterCode=842;flowCode=X;cmdCode=220710,api_key,Monthly,sum,USD/MT,2015-01,Y,30,N,,N,comtrade_api_key,,Medium,UN Comtrade provides official US export statistics (value and quantity) for ethanol (HS 220710/22072,2,0.60,
BRAZIL_ETHANOL_EXCHANGE_RATE_USDBRL,Ethanol,Exchange Rate - USD/BRL,Brazil,1,High,frankfurter,Frankfurter (ECB exchange rates),https://www.frankfurter.app,base:USD | target:BRL,open_api,Daily,last,USD/MT,2015-01,Y,30,N,,N,,BRAZIL_ETHANOL_EXCHANGE_RATE_USDBRL_BIS,Medium,"Frankfurter provides free, open daily USD/BRL exchange rates sourced from ECB reference rates, ideal",2,0.90,
BRAZIL_ETHANOL_MANUFACTURING_PMI_BRAZIL,Ethanol,Manufacturing PMI - Brazil,Brazil,4,Medium,,S&P Global (Brazil Manufacturing PMI),https://www.pmi.spglobal.com/Public/Home/PressRelease,,paid_or_restricted,Monthly,last,USD/MT,2015-01,Y,30,N,,N,,,Medium,Brazil Manufacturing PMI is compiled and published by S&P Global as a subscription/licensed data pro,2,0.40,
BRAZIL_ETHANOL_FEEDSTOCK_HYDROUSANHYDROUS_ETHANOL_PRICE_BRAZIL,Ethanol,Feedstock - Hydrous/Anhydrous Ethanol Price - Brazil,Brazil,2,Medium,manual_yaml,"CEPEA/ESALQ - Center for Advanced Studies on Applied Economics, University of São Paulo",https://www.cepea.esalq.usp.br/br/indicador/etanol.aspx,"table:Indicador CEPEA/ESALQ Etanol Hidratado e Anidro (BRL/L, convert to USD/MT)",file_download,Daily,mean,USD/MT,2015-01,Y,30,N,,N,,,Medium,"CEPEA/ESALQ publishes free daily hydrous and anhydrous ethanol price indicators for Brazil, widely u",2,0.60,
LATIN_AMERICA_ETHANOL_UPSTREAM_SUGARCANE_CRUSH_VOLUME,Ethanol,Upstream - Sugarcane Crush Volume,Latin America,2,Medium,,UNICA (União da Indústria de Cana-de-Açúcar) - UNICADATA,https://unicadata.com.br/historico-de-producao-e-moagem.php?idMn=32&tipoHistorico=4,,file_download,Monthly,sum,USD/MT,2015-01,Y,30,N,,N,,,Medium,UNICA is the primary Brazilian (and de facto Latin American) sugarcane industry association publishi,2,0.55,
LATIN_AMERICA_ETHANOL_INDUSTRIAL_ETHANOL_PRODUCTION,Ethanol,Industrial Ethanol Production,Latin America,2,Low,usda_psd,USDA Foreign Agricultural Service - PSD Online,https://apps.fas.usda.gov/psdonline/app/index.html#/app/downloads,commodity:0422000|attribute:0088|country:BR,open_api,Annual,last,USD/MT,2015-01,Y,30,N,,N,usda_fas_api_key,,Medium,USDA PSD publishes annual ethanol production data for Brazil (a proxy for Latin America) but does no,2,0.35,
LATIN_AMERICA_ETHANOL_ETHANOL_PLANT_OPERATING_RATE,Ethanol,Ethanol Plant Operating Rate,Latin America,3,Low,,UNICA (União da Indústria de Cana-de-Açúcar e Bioenergia),https://unicadata.com.br/,UNICADATA - Producao e Moagem section (manual extraction of plant utilization/operating rate data),login,Monthly,mean,USD/MT,2015-01,Y,30,N,,N,,,Medium,UNICA is the primary Brazilian/Latin American sugarcane-ethanol industry data hub reporting mill/pla,2,0.30,
BRAZIL_ETHANOL_ETHANOL_INVENTORIES_BRAZIL_1,Ethanol,Ethanol Inventories - Brazil,Brazil,2,Medium,manual_yaml,"ANP - Agência Nacional do Petróleo, Gás Natural e Biocombustíveis",https://www.gov.br/anp/pt-br/assuntos/producao-e-fornecimento-de-biocombustiveis/etanol,ANP monthly ethanol production/stocks statistical bulletin (CSV/XLSX download from page),file_download,Monthly,last,USD/MT,2015-01,Y,30,N,,N,,,Medium,"ANP, Brazil's national oil/biofuel regulator, publishes official monthly ethanol production and stoc",2,0.45,
BRAZIL_ETHANOL_DIESEL_PRICE_BRAZIL,Ethanol,Diesel Price - Brazil,Brazil,2,Medium,,"ANP – Agência Nacional do Petróleo, Gás Natural e Biocombustíveis (Preços de Combustíveis)",https://www.gov.br/anp/pt-br/assuntos/precos-e-defesa-da-concorrencia/precos/precos-revenda-e-de-distribuicao-combustiveis,https://www.gov.br/anp/pt-br/assuntos/precos-e-defesa-da-concorrencia/precos/precos-revenda-e-de-distribuicao-combustiveis,file_download,Weekly,mean,USD/MT,2015-01,Y,30,N,,N,,,Medium,"ANP is Brazil's official regulator publishing weekly average diesel prices (R$/L, convertible to USD",2,0.55,
BRAZIL_ETHANOL_FREIGHT_RATES_BRAZIL_ROAD_TRANSPORT,Ethanol,Freight Rates - Brazil (Road Transport),Brazil,3,Medium,,SIFRECA - Sistema de Informações de Fretes (ESALQ/USP),https://sifreca.esalq.usp.br/,,multipage_scrape,Weekly,mean,USD/MT,2015-01,Y,30,N,,N,,,Medium,SIFRECA is the main Brazilian academic/industry system tracking road freight rates by commodity incl,2,0.40,
LATIN_AMERICA_ETHANOL_DEMAND_SUBJECT_TO_DATA_AVAILABILITY,Ethanol,Demand (Subject to data availability),Latin America,2,Low,un_comtrade,UN Comtrade Database,https://comtradeplus.un.org/,cmd_code=220710; flow=M; partner_region=Latin America and the Caribbean,api_key,Annual,sum,USD/MT,2015-01,Y,30,N,,N,comtrade_api_key,,Medium,UN Comtrade provides import/export volumes and values for undenatured ethyl alcohol (HS 220710) by c,2,0.35,
LATIN_AMERICA_ETHANOL_MANUFACTURING_PMI,Ethanol,Manufacturing PMI,Latin America,4,Medium,,S&P Global (formerly IHS Markit) Manufacturing PMI - Latin America,https://www.pmi.spglobal.com/Public/Home/PressReleases,,paid_or_restricted,Monthly,last,USD/MT,2015-01,Y,30,N,,N,,,Medium,"Manufacturing PMI series for Latin American countries (e.g., Brazil, Mexico) are published monthly b",2,0.40,
LATIN_AMERICA_ETHANOL_INDUSTRIAL_PRODUCTION_INDEX,Ethanol,Industrial Production Index,Latin America,2,Low,,ECLAC CEPALSTAT - Statistics and Indicators,https://statistics.cepal.org/portal/cepalstat/dashboard.html?theme=2&lang=en,"CEPALSTAT dataset: Industrial Production Index, Latin America aggregate, monthly series",file_download,Monthly,mean,USD/MT,2015-01,Y,30,N,,N,,,Medium,"CEPALSTAT, the UN ECLAC regional statistics portal, is the most authoritative open source for a Lati",2,0.35,
LATIN_AMERICA_ETHANOL_CHEMICAL_PRODUCTION_INDEX,Ethanol,Chemical Production Index,Latin America,3,Low,,CEPALSTAT (ECLAC Statistics),https://statistics.cepal.org/portal/cepalstat/dashboard.html?theme=2&lang=en,Manufacturing/Chemical Industry Production Index - Latin America,multipage_scrape,Monthly,mean,USD/MT,2015-01,Y,30,N,,N,,,Medium,CEPALSTAT is the main open regional statistical database publishing industrial and chemical producti,2,0.35,
LATIN_AMERICA_ETHANOL_PERSONAL_CARE_CLEANING_INDUSTRY_PRODUCTION,Ethanol,Personal Care & Cleaning Industry Production,Latin America,4,Low,,Euromonitor International,https://www.euromonitor.com/industries/beauty-personal-care,Latin America - Home & Personal Care Industry Production Index,paid_or_restricted,Annual,mean,USD/MT,2015-01,Y,30,N,,N,,,Medium,No open API or free government source tracks regional personal care & cleaning industry production o,2,0.35,
BRAZIL_ETHANOL_PHARMACEUTICAL_PRODUCTION_INDEX_BRAZIL,Ethanol,Pharmaceutical Production Index - Brazil,Brazil,2,Medium,ibge_sidra,IBGE - Pesquisa Industrial Mensal (PIM-PF),https://sidra.ibge.gov.br/tabela/8888,table:8888 | variable:products pharmaceutical,open_api,Monthly,mean,USD/MT,2015-01,Y,30,N,,N,,,Medium,"IBGE's monthly industrial production survey (PIM-PF) publishes sectoral indices, including pharmaceu",2,0.45,
LATIN_AMERICA_ETHANOL_TRADE_INDUSTRIAL_ETHANOL_IMPORTS_LATAM,Ethanol,Trade - Industrial Ethanol Imports (LATAM),Latin America,2,Medium,un_comtrade,UN Comtrade,https://comtradeplus.un.org/,cmdCode=2207; flowCode=M; reporterCode=all; partnerCode=0,api_key,Monthly,sum,USD/MT,2015-01,Y,30,N,,N,comtrade_api_key,,Medium,UN Comtrade provides HS code 2207 (ethyl alcohol) import trade value and quantity data by Latin Amer,2,0.60,
BRAZIL_ETHANOL_EXCHANGE_RATE_USDBRL_1,Ethanol,Exchange Rate - USD/BRL,Brazil,1,High,frankfurter,Frankfurter (ECB reference rates),https://www.frankfurter.app,base:USD | target:BRL,open_api,Daily,last,USD/MT,2015-01,Y,30,N,,N,,BRAZIL_ETHANOL_EXCHANGE_RATE_USDBRL_1_BIS,Medium,"Frankfurter provides free, open, daily ECB reference exchange rates including USD/BRL without any au",2,0.90,
LATIN_AMERICA_ETHANOL_INFLATION_INDEX_IPCA,Ethanol,Inflation Index (IPCA),Latin America,1,High,ibge_sidra,IBGE - Instituto Brasileiro de Geografia e Estatística,https://sidra.ibge.gov.br/tabela/1737,table:1737 | variable:2266,open_api,Monthly,last,USD/MT,2015-01,Y,30,N,,N,,LATIN_AMERICA_ETHANOL_INFLATION_INDEX_IPCA_ALT,Medium,IPCA (Brazil's national consumer price index) is officially published monthly by IBGE and directly a,2,0.85,
APAC_HDPE_HDPE,HDPE,HDPE,APAC,4,Medium,,Fastmarkets (ICIS-style HDPE polymer pricing),https://www.fastmarkets.com/about-us/polymers/,,paid_or_restricted,Weekly,last,USD/MT,2016-01,Y,30,N,,N,,,Medium,HDPE APAC spot/contract prices are tracked by commercial price reporting agencies like Fastmarkets/I,2,0.40,
CHINA_HDPE_CHINA_ETHYLENE_PRICE_CFR_CHINA,HDPE,China ethylene price (CFR China),China,4,Medium,,S&P Global Platts / ICIS (commercial petrochemical price reporting),https://www.icis.com/explore/commodities/chemicals/ethylene/,,paid_or_restricted,Weekly,mean,USD/MT,2016-01,Y,30,N,,N,,,Medium,China ethylene CFR prices are proprietary petrochemical market data reported by commercial vendors l,2,0.60,
GLOBAL_HDPE_NAPHTHACRUDE_OIL_PRICE,HDPE,Naphtha/crude oil price,Global,1,High,worldbank_pinksheet,World Bank Pink Sheet Commodity Prices,https://www.worldbank.org/en/research/commodity-markets,"series:Crude oil, average",open_api,Monthly,mean,USD/MT,2016-01,Y,30,N,,N,,,Medium,"World Bank Pink Sheet provides a free, monthly, globally-aggregated crude oil average price in USD w",2,0.75,
APAC_HDPE_GLOBAL_PE_CAPACITY_ADDITIONS,HDPE,Global PE capacity additions,APAC,4,Medium,,ICIS Petrochemical Markets,https://www.icis.com/explore/commodities/chemicals/polyethylene/,,paid_or_restricted,Annual,sum,USD/MT,2016-01,Y,30,N,,N,,,Medium,Global PE capacity addition tracking by region is proprietary market intelligence published by comme,2,0.40,
CHINA_HDPE_CHINA_MANUFACTURING_PMI_DEMAND,HDPE,China manufacturing PMI (demand),China,2,Medium,,National Bureau of Statistics of China (Purchasing Managers Index),https://www.stats.gov.cn/english/PressRelease/,,file_download,Monthly,last,USD/MT,2016-01,Y,30,N,,N,,,Medium,"China's official manufacturing PMI is released monthly by the NBS with no public API, so it must be ",2,0.45,
GLOBAL_HDPE_OCEAN_FREIGHT_RATES,HDPE,Ocean freight rates,Global,4,Medium,,Freightos Baltic Index (FBX),https://fbx.freightos.com/,,paid_or_restricted,Daily,mean,USD/MT,2016-01,Y,30,N,,N,,,Medium,Global ocean freight rate benchmarks such as the Freightos Baltic Index are maintained by a commerci,2,0.40,
CHINA_HDPE_CHINA_NAPHTHACOALTOOLEFINS_CTO_FEEDSTOCK_ECONOMICS,HDPE,China naphtha/coal-to-olefins (CTO) feedstock economics,China,4,Medium,,ICIS,https://www.icis.com/explore/commodities/chemicals/olefins/,China naphtha/CTO feedstock cost-to-olefin spread report,paid_or_restricted,Weekly,mean,USD/MT,2016-01,Y,30,N,,N,,,Medium,China naphtha/coal-to-olefins feedstock economics for HDPE production are proprietary petrochemical ,2,0.40,
CHINA_HDPE_CHINA_RECYCLED_HDPE_RHDPE_PRICE_COMPETITION,HDPE,China recycled HDPE (rHDPE) price competition,China,4,Medium,,ICIS China Recycled Plastics Price Assessment,https://www.icis.com/explore/commodities/chemicals/recycled-plastics/,China rHDPE granules price assessment (ICIS subscription),paid_or_restricted,Weekly,mean,USD/MT,2016-01,Y,30,N,,N,,,Medium,China recycled HDPE prices are tracked by commercial price-reporting agencies like ICIS rather than ,2,0.40,
INDIA_HDPE_DEMAND_INDUSTRIAL_PRODUCTION_INDEX_INDIACHINA,HDPE,Demand - Industrial production Index - India/China,India,2,Medium,fred,FRED (OECD Main Economic Indicators - India Industrial Production),https://fred.stlouisfed.org/series/INDPROINTO01IXOBSAM,series_id:INDPROINTO01IXOBSAM,api_key,Monthly,mean,USD/MT,2016-01,Y,30,N,,N,fred_api_key,,Medium,"FRED mirrors OECD MEI industrial production index series for India, which is the closest open-data p",2,0.55,
APAC_HDPE_COPRODUCTSUBSTITUTE_LDPELLDPEPOLYPROPYLENE_PRICES,HDPE,Co-product/Substitute - LDPE/LLDPE/Polypropylene Prices,APAC,4,Medium,,ICIS,https://www.icis.com/explore/commodities/chemicals/polyethylene/,ICIS APAC LDPE/LLDPE/PP weekly price assessments (subscription required),paid_or_restricted,Weekly,mean,USD/MT,2016-01,Y,30,N,,N,,,Medium,APAC LDPE/LLDPE/PP spot prices are commercially assessed by ICIS (and similar vendors like Platts/Fa,2,0.40,
INDIA_HDPE_EXCHANGE_RATE_USDCNY_USDINR,HDPE,Exchange Rate - USD/CNY & USD/INR,India,1,High,frankfurter,Frankfurter (ECB reference rates),https://www.frankfurter.app/docs,base:USD | target:INR,open_api,Daily,last,USD/MT,2016-01,Y,30,N,,N,,INDIA_HDPE_EXCHANGE_RATE_USDCNY_USDINR_BIS,Medium,"Frankfurter provides free, open, daily USD/INR exchange rate data sourced from ECB reference rates, ",2,0.75,
CHINA_HDPE_CHINA_PROPERTYCONSTRUCTION_INDEX,HDPE,China property/construction index,China,2,Medium,,National Bureau of Statistics of China,https://data.stats.gov.cn/english/easyquery.htm?cn=A01,Real Estate Climate Index (National) - monthly series under National Data > Real Estate section,file_download,Monthly,mean,USD/MT,2016-01,Y,30,N,,N,,CHINA_HDPE_CHINA_PROPERTYCONSTRUCTION_INDEX_ALT,Medium,"The NBS publishes the official monthly Real Estate Climate Index for China, the closest public proxy",2,0.45,
EUROPE_COPPER_COPPER,Copper,Copper,Europe,1,High,worldbank_pinksheet,World Bank Pink Sheet Commodity Prices,https://www.worldbank.org/en/research/commodity-markets,series:Copper,open_api,Monthly,last,USD/MT,2011-01,Y,30,N,,N,,,Medium,World Bank Pink Sheet publishes monthly global Copper prices in USD/MT which serve as a standard int,2,0.85,
GLOBAL_COPPER_LME_COMEX_COPPER_INVENTORIES,Copper,LME & COMEX copper inventories,Global,2,Medium,,London Metal Exchange (LME) Daily Stocks Report,https://www.lme.com/en/metals/non-ferrous/lme-copper/lme-warehouse-stock-levels,LME Copper Warehouse Stocks - daily CSV download,file_download,Daily,last,USD/MT,2011-01,Y,30,N,,N,,,Medium,"LME publishes free daily copper warehouse stock levels on its website, which can be downloaded direc",2,0.55,
CHINA_COPPER_CHINA_MANUFACTURING_PMI,Copper,China manufacturing PMI,China,2,Medium,manual_yaml,National Bureau of Statistics of China,https://data.stats.gov.cn/english/easyquery.htm?cn=A01,NBS Manufacturing PMI monthly release table,file_download,Monthly,last,USD/MT,2011-01,Y,30,N,,N,,,Medium,The NBS is the official publisher of China's Manufacturing PMI and releases it monthly as an open da,2,0.50,
CHILE_COPPER_CHILE_PERU_MINE_PRODUCTIONDISRUPTIONS,Copper,Chile & Peru mine production/disruptions,Chile,2,Medium,,Comisión Chilena del Cobre (Cochilco),https://www.cochilco.cl/Paginas/Estadisticas/Bases%20de%20Datos/Produccion.aspx,,file_download,Monthly,sum,USD/MT,2011-01,Y,30,N,,N,,CHILE_COPPER_CHILE_PERU_MINE_PRODUCTIONDISRUPTIONS_ALT,Medium,Cochilco is Chile's official copper commission publishing monthly national mine production statistic,2,0.50,
GLOBAL_COPPER_US_DOLLAR_INDEX_DXY,Copper,US Dollar Index (DXY),Global,1,High,fred,Federal Reserve Board (FRED),https://fred.stlouisfed.org/series/DTWEXBGS,series_id:DTWEXBGS,open_api,Daily,last,USD/MT,2011-01,Y,30,N,,N,fred_api_key,,Medium,"FRED's Nominal Broad U.S. Dollar Index is a widely used free proxy for the ICE DXY dollar index, acc",2,0.75,
EUROPE_COPPER_GLOBAL_EV_RENEWABLE_ENERGY_DEMAND_GROWTH,Copper,Global EV & renewable energy demand growth,Europe,1,Medium,worldbank_pinksheet,World Bank Pink Sheet Commodity Price Data,https://www.worldbank.org/en/research/commodity-markets,series:Copper,open_api,Monthly,mean,USD/MT,2011-01,Y,30,N,,N,,,Medium,"As no direct EV-demand series exists in USD/MT, the World Bank Pink Sheet copper price series serves",2,0.55,
EUROPE_COPPER_SMELTER_TREATMENT_REFINING_CHARGES_TCRC,Copper,Smelter treatment & refining charges (TC/RC),Europe,4,Medium,,Fastmarkets,https://www.fastmarkets.com/metals-and-mining/base-metals/copper,"Copper TC/RC benchmark, Europe spot/annual",paid_or_restricted,Monthly,last,USD/MT,2011-01,Y,30,N,,N,,,Medium,Copper smelter treatment and refining charges are proprietary benchmark assessments published by com,2,0.60,
EUROPE_COPPER_GLOBAL_COPPER_SCRAP_SUPPLY,Copper,Global copper scrap supply,Europe,4,Medium,,Fastmarkets,https://www.fastmarkets.com/metals-and-mining/base-metals/copper,"Copper scrap (berry/candy/birch/cliff) Europe assessment, USD/MT",paid_or_restricted,Weekly,mean,USD/MT,2011-01,Y,30,N,,N,,,Medium,European copper scrap supply/price assessments are tracked as proprietary market data by Fastmarkets,2,0.40,
GERMANY_COPPER_EUROPEGERMANY_DATACENTER_GRID_BUILDOUT_DEMAND_REGIONAL_LENS_ON_GLOBAL_AIDATACENTER_COPPER_DEMAND,Copper,Europe/Germany data-center & grid buildout demand (regional lens on global AI/data-center copper demand),Germany,1,Medium,worldbank_pinksheet,World Bank Pink Sheet Commodity Prices,https://www.worldbank.org/en/research/commodity-markets,series:Copper,open_api,Monthly,mean,USD/MT,2011-01,Y,30,N,,N,,,Medium,"No direct German data-center-copper-demand series exists publicly, so the World Bank Pink Sheet glob",2,0.50,
EUROPE_COPPER_FEEDSTOCK_COPPER_CONCENTRATEORE_PRICES,Copper,Feedstock - Copper Concentrate/Ore prices,Europe,4,Medium,,Fastmarkets,https://www.fastmarkets.com/commodities/base-metals/copper-concentrates/,Copper concentrate TC/RC and CIF Europe spot price assessments,paid_or_restricted,Weekly,mean,USD/MT,2011-01,Y,30,N,,N,,EUROPE_COPPER_FEEDSTOCK_COPPER_CONCENTRATEORE_PRICES_ALT,Medium,Copper concentrate/ore prices are assessed by commercial price reporting agencies like Fastmarkets r,2,0.55,
EUROPE_COPPER_TRADED_COMMODITYGLOBAL_INFLUENCE_CRUDE_OIL,Copper,Traded Commodity/Global influence - Crude Oil,Europe,2,Medium,eia,U.S. Energy Information Administration,https://www.eia.gov/dnav/pet/hist/RBRTED.htm,PET.RBRTE.D,api_key,Daily,mean,USD/MT,2011-01,Y,30,N,,N,eia_api_key,,Medium,"EIA publishes daily Europe Brent spot crude oil prices via a free API, serving as the standard proxy",2,0.60,
GLOBAL_COPPER_LOGISTICS_BALTIC_DRY_INDEX,Copper,Logistics - Baltic Dry Index,Global,4,Medium,,Baltic Exchange,https://www.balticexchange.com/en/data-services/market-information0/dry-services.html,Baltic Dry Index (BDI),paid_or_restricted,Daily,last,USD/MT,2011-01,Y,30,N,,N,,,Medium,The Baltic Dry Index is proprietary data published only by the Baltic Exchange under a paid subscrip,2,0.60,
US_COPPER_CFTC_SPECULATIVE_POSITIONING_COT_REPORT,Copper,CFTC speculative positioning (COT report),US,2,High,manual_yaml,CFTC Commitments of Traders (Disaggregated Futures-and-Options Report),https://publicreporting.cftc.gov/resource/72hh-3qpy.json,socrata_dataset:72hh-3qpy | filter:market_and_exchange_names=COPPER - COMMODITY EXCHANGE INC.,api_key,Weekly,last,USD/MT,2011-01,Y,30,N,,N,,,Medium,The CFTC publishes weekly Commitments of Traders data (including speculative/managed-money positioni,2,0.75,
NORTH_AMERICA_PLATINUM_PLATINUM,Platinum,Platinum,North America,1,High,worldbank_pinksheet,World Bank Commodity Markets (Pink Sheet),https://www.worldbank.org/en/research/commodity-markets,series:Platinum,open_api,Monthly,last,USD/MT,2015-04,Y,30,N,,N,,,Medium,"World Bank Pink Sheet publishes monthly platinum price data in a free, downloadable, machine-readabl",2,0.70,
SOUTH_AFRICA_PLATINUM_SOUTH_AFRICA_MINE_SUPPLY_AMPLATS_IMPALA_SIBANYE,Platinum,"South Africa mine supply (Amplats, Impala, Sibanye)",South Africa,3,Medium,manual_yaml,World Platinum Investment Council (WPIC) Platinum Quarterly,https://www.platinuminvestment.com/supply-and-demand/platinum-quarterly,"WPIC Platinum Quarterly supply-demand tables, South Africa mine supply row (Excel download)",file_download,Quarterly,sum,USD/MT,2015-04,Y,30,N,,N,,,Medium,WPIC's Platinum Quarterly reports are the standard free public source aggregating South African mine,2,0.55,
NORTH_AMERICA_PLATINUM_GLOBAL_AUTO_CATALYST_DEMAND,Platinum,Global auto catalyst demand,North America,3,Medium,,World Platinum Investment Council (WPIC),https://www.platinuminvestment.com/platinum-fundamentals/supply-demand-data,https://www.platinuminvestment.com/platinum-fundamentals/supply-demand-data,multipage_scrape,Quarterly,last,USD/MT,2015-04,Y,30,N,,N,,,Medium,WPIC publishes free quarterly platinum supply-demand tables including global automotive (autocatalys,2,0.45,
GLOBAL_PLATINUM_ETF_HOLDINGS,Platinum,ETF holdings,Global,2,Medium,manual_yaml,World Platinum Investment Council,https://www.platinuminvestment.com/data/etf-holdings,"table:ETF Holdings (metric tonnes, converted to USD via spot price)",file_download,Monthly,last,USD/MT,2015-04,Y,30,N,,N,,,Medium,"WPIC publishes free, publicly downloadable global platinum ETF holdings data (in oz/tonnes) without ",2,0.50,
NORTH_AMERICA_PLATINUM_RECYCLINGSCRAP_SUPPLY,Platinum,Recycling/scrap supply,North America,2,Medium,manual_yaml,USGS National Minerals Information Center,https://www.usgs.gov/centers/national-minerals-information-center/platinum-group-metals-statistics-and-information,"USGS Mineral Commodity Summaries - Platinum-Group Metals - Secondary (Recycled) production table, North America",file_download,Annual,sum,USD/MT,2015-04,Y,30,N,,N,,,Medium,USGS publishes annual free tables of platinum-group metal secondary (recycled) production by country,2,0.40,
RUSSIA_PLATINUM_RUSSIA_PGM_EXPORT_VOLUMES,Platinum,Russia PGM export volumes,Russia,2,Medium,un_comtrade,UN Comtrade,https://comtradeplus.un.org/,reporterCode=643; cmdCode=7110; flowCode=X,api_key,Annual,sum,USD/MT,2015-04,Y,30,N,,N,comtrade_api_key,,Medium,UN Comtrade provides official Russian export trade statistics for platinum group metals (HS 7110) by,2,0.60,
GLOBAL_PLATINUM_US_DOLLAR_INDEX_DXY,Platinum,US Dollar Index (DXY),Global,1,High,fred,Federal Reserve Economic Data (FRED),https://fred.stlouisfed.org/series/DTWEXBGS,series_id:DTWEXBGS,open_api,Daily,last,USD/MT,2015-04,Y,30,N,,N,fred_api_key,,Medium,"FRED's Nominal Broad U.S. Dollar Index (DTWEXBGS) is the closest open, API-accessible proxy for the ",2,0.70,
INDIA_PLATINUM_JEWELRY_DEMAND_INDIACHINA,Platinum,Jewelry demand (India/China),India,4,Low,,World Platinum Investment Council,https://www.platinuminvestment.com/platinum-supply-demand-data,Platinum Quarterly - Jewellery Demand by Region (India),paid_or_restricted,Quarterly,sum,USD/MT,2015-04,Y,30,N,,N,,,Medium,WPIC's Platinum Quarterly reports are the primary source for regional jewelry demand data but full h,2,0.35,
NORTH_AMERICA_PLATINUM_PALLADIUMPLATINUM_SUBSTITUTION_IN_AUTOCATALYSTS,Platinum,Palladium-platinum substitution in autocatalysts,North America,2,Medium,worldbank_pinksheet,World Bank Pink Sheet,https://www.worldbank.org/en/research/commodity-markets,series:Platinum,open_api,Monthly,last,USD/MT,2015-04,Y,30,N,,N,,,Medium,World Bank Pink Sheet provides an open monthly platinum price series (though in USD/troy oz) that ca,2,0.40,
SOUTH_AFRICA_PLATINUM_EXCHANGE_RATE_USDZAR,Platinum,Exchange Rate - USD/ZAR,South Africa,1,High,frankfurter,Frankfurter (ECB reference rates),https://www.frankfurter.app,base:USD | target:ZAR,open_api,Daily,last,USD/MT,2015-04,Y,30,N,,N,,SOUTH_AFRICA_PLATINUM_EXCHANGE_RATE_USDZAR_BIS,Medium,"Frankfurter provides free, open, daily ECB-based USD/ZAR exchange rates via a documented API, ideal ",2,0.85,
US_PLATINUM_US_INTEREST_RATES,Platinum,US Interest Rates,US,1,High,fred,Federal Reserve Economic Data (FRED),https://fred.stlouisfed.org/series/DFF,series_id:DFF,api_key,Daily,mean,USD/MT,2015-04,Y,30,N,,N,fred_api_key,,Medium,"The Federal Funds Effective Rate from FRED is the standard public, free, API-accessible proxy for US",2,0.90,
US_PLATINUM_US_EQUITY_INDEX,Platinum,US Equity Index,US,1,High,fred,Federal Reserve Economic Data (FRED),https://fred.stlouisfed.org/series/SP500,series_id:SP500,open_api,Daily,last,USD/MT,2015-04,Y,30,N,,N,fred_api_key,,Medium,"FRED provides the daily S&P 500 index as a free, open-API series widely used as a proxy for US equit",2,0.90,
NORTH_AMERICA_FERROTUNGSTEN_FERROTUNGSTEN,Ferro-Tungsten,Ferro-Tungsten,North America,4,Medium,,Fastmarkets,https://www.fastmarkets.com/metals-and-mining/minor-metals/ferro-tungsten-prices,,paid_or_restricted,Weekly,last,USD/MT,2018-01,Y,30,N,,N,,,Medium,Ferro-tungsten pricing for North America is a specialty minor-metals series primarily published by c,2,0.50,
CHINA_FERROTUNGSTEN_CHINA_TUNGSTEN_MINING_QUOTAS,Ferro-Tungsten,China tungsten mining quotas,China,4,Low,,Ministry of Natural Resources of China (MNR),https://www.mnr.gov.cn,,api_key,Annual,last,USD/MT,2018-01,Y,30,N,,N,,,Medium,"China's tungsten mining quotas are announced periodically by MNR/MIIT as administrative allocations,",2,0.30,
NORTH_AMERICA_FERROTUNGSTEN_AMMONIUM_PARATUNGSTATE_APT_PRICE,Ferro-Tungsten,Ammonium paratungstate (APT) price,North America,4,Medium,,Fastmarkets,https://www.fastmarkets.com/metals-and-mining/minor-metals/ammonium-paratungstate-apt-price,,paid_or_restricted,Weekly,last,USD/MT,2018-01,Y,30,N,,N,,,Medium,"APT prices are commercially reported by Fastmarkets (and Argus/Metal Bulletin), a paywalled vendor, ",2,0.50,
NORTH_AMERICA_FERROTUNGSTEN_TUNGSTEN_CONCENTRATE_PRICE,Ferro-Tungsten,Tungsten concentrate price,North America,4,Medium,,Fastmarkets,https://www.fastmarkets.com/metals-and-mining/minor-metals/tungsten-prices,,paid_or_restricted,Weekly,last,USD/MT,2018-01,Y,30,N,,N,,,Medium,Tungsten concentrate (ammonium paratungstate/APT) prices for North America are primarily published b,2,0.55,
NORTH_AMERICA_FERROTUNGSTEN_NORTH_AMERICA_CUTTING_TOOL_CARBIDE_INDUSTRY_DEMAND_AEROSPACEDEFENSEMACHINING,Ferro-Tungsten,North America cutting tool & carbide industry demand (aerospace/defense/machining),North America,2,Medium,,USGS National Minerals Information Center - Tungsten Statistics and Information,https://www.usgs.gov/centers/national-minerals-information-center/tungsten-statistics-and-information,,file_download,Annual,last,USD/MT,2018-01,Y,30,N,,N,,,Medium,USGS publishes annual tungsten commodity summaries and Minerals Yearbook chapters detailing US cutti,2,0.40,
NORTH_AMERICA_FERROTUNGSTEN_NORTH_AMERICA_TUNGSTEN_SCRAP_RECYCLING_RATE,Ferro-Tungsten,North America tungsten scrap recycling rate,North America,3,Low,,USGS National Minerals Information Center - Tungsten,https://www.usgs.gov/centers/national-minerals-information-center/tungsten-statistics-and-information,,multipage_scrape,Annual,last,USD/MT,2018-01,Y,30,N,,N,,,Medium,"USGS publishes annual tungsten commodity summaries with recycling/scrap statistics for the US, but n",2,0.35,
CHINA_FERROTUNGSTEN_CHINA_INDUSTRIAL_ELECTRICITY_COST,Ferro-Tungsten,China industrial electricity cost,China,3,Medium,,GlobalPetrolPrices.com,https://www.globalpetrolprices.com/China/electricity_prices/,China industrial electricity price table,multipage_scrape,Annual,last,USD/MT,2018-01,Y,30,N,,N,,,Medium,"GlobalPetrolPrices publishes periodically updated, publicly accessible industrial electricity price ",2,0.40,
NORTH_AMERICA_FERROTUNGSTEN_CHINESE_DOMESTIC_TOOLINGCUTTING_INDUSTRY_DEMAND,Ferro-Tungsten,Chinese domestic tooling/cutting industry demand,North America,2,Low,un_comtrade,General Administration of Customs China / UN Comtrade,https://comtrade.un.org/data,reporterCode=156;cmdCode=820750;flowCode=M,api_key,Monthly,sum,USD/MT,2018-01,Y,30,N,,N,comtrade_api_key,,Medium,Chinese tool/cutting industry demand for ferro-tungsten can be proxied via China's imports/exports o,2,0.35,
GLOBAL_FERROTUNGSTEN_SUBSTITUTE_HARD_METAL_MOLYBDENUM_PRICES,Ferro-Tungsten,Substitute hard metal (molybdenum) prices,Global,2,Medium,manual_yaml,USGS National Minerals Information Center - Molybdenum Statistics,https://www.usgs.gov/centers/national-minerals-information-center/molybdenum-statistics-and-information,https://d9-wret.s3.us-west-2.amazonaws.com/assets/palladium/production/atoms/files/myb1-2022-molyb.xlsx,file_download,Annual,mean,USD/MT,2018-01,Y,30,N,,N,,,Medium,USGS publishes free annual average molybdenum price data in its Mineral Yearbook and Commodity Summa,2,0.45,
NORTH_AMERICA_FERROTUNGSTEN_FEEDSTOCK_IRON_OREFE_SCRAP,Ferro-Tungsten,Feedstock - Iron Ore/Fe Scrap,North America,2,Medium,fred,FRED (Federal Reserve Economic Data) - not applicable; using EIA/World Bank alternative,https://fred.stlouisfed.org/series/WPU10170502,series_id:WPU10170502,open_api,Monthly,last,USD/MT,2018-01,Y,30,N,,N,fred_api_key,,Medium,FRED provides a US PPI series for iron and steel scrap that serves as a reasonable free proxy for No,2,0.45,
NORTH_AMERICA_FERROTUNGSTEN_TRADE_IMPORTSEXPORTS,Ferro-Tungsten,Trade - Imports/Exports,North America,2,Medium,un_comtrade,UN Comtrade Database,https://comtradeplus.un.org/,"cmdCode=720280; reporterCode=842,124,484; flowCode=M,X",api_key,Monthly,mean,USD/MT,2018-01,Y,30,N,,N,comtrade_api_key,,Medium,"UN Comtrade provides HS 720280 (ferro-tungsten) import/export trade values and quantities for US, Ca",2,0.60,
CHINA_FERROTUNGSTEN_COMPETITOR_COUNTRY_FERROTUNGSTEN_PRICE_CHINAMAJOR_EXPORTER,Ferro-Tungsten,Competitor Country - Ferro-Tungsten price - China(Major exporter),China,4,Medium,,Fastmarkets,https://www.fastmarkets.com/commodities/base-metals/ferro-tungsten-price,,paid_or_restricted,Weekly,last,USD/MT,2018-01,Y,30,N,,N,,,Medium,Ferro-tungsten prices from China are primarily tracked by paywalled commodity price agencies like Fa,2,0.40,
GLOBAL_ALUMINUM_LME_ALUMINUM_INVENTORIES,Aluminum,LME aluminum inventories,Global,2,Medium,,London Metal Exchange,https://www.lme.com/en/market-data/lme-reference-prices/warehouse-stocks-report,,file_download,Daily,last,USD/MT,2015-01,Y,30,N,,N,,,Medium,"The LME publishes daily aluminium warehouse stock reports freely on its official site, though only a",2,0.40,
EUROPE_ALUMINUM_ALUMINA_PRICE,Aluminum,Alumina price,Europe,2,Low,worldbank_pinksheet,World Bank Commodity Markets (Pink Sheet),https://www.worldbank.org/en/research/commodity-markets,series:Aluminum,file_download,Monthly,last,USD/MT,2015-01,Y,30,N,,N,,,Medium,The World Bank Pink Sheet does not directly track alumina but is the best open proxy for aluminum-re,2,0.35,
EU_ALUMINUM_GERMANYEU_INDUSTRIAL_ELECTRICITY_COST_SMELTING,Aluminum,Germany/EU industrial electricity cost (smelting),EU,1,High,eurostat,Eurostat - Electricity prices for non-household consumers,https://ec.europa.eu/eurostat/databrowser/view/nrg_pc_205/default/table,dataset:nrg_pc_205 | filters:geo=DE;product=6000;currency=EUR,open_api,Annual,mean,USD/MT,2015-01,Y,30,N,,N,,,Medium,Eurostat publishes semi-annual/annual industrial electricity price series by consumption band for Ge,2,0.70,
EU_ALUMINUM_EUGERMANY_AUTO_CONSTRUCTION_DEMAND,Aluminum,EU/Germany auto & construction demand,EU,2,Medium,eurostat,Eurostat,https://ec.europa.eu/eurostat/databrowser/view/sts_inpr_m/default/table,dataset:sts_inpr_m | filters:nace_r2=C29;indic_bt=PROD;geo=DE,open_api,Monthly,mean,USD/MT,2015-01,Y,30,N,,N,,,Medium,Eurostat's monthly industrial production index for motor vehicle manufacturing (NACE C29) in Germany,2,0.55,
GLOBAL_ALUMINUM_US_DOLLAR_INDEX_DXY,Aluminum,US Dollar Index (DXY),Global,1,High,fred,Federal Reserve Economic Data (FRED),https://fred.stlouisfed.org/series/DTWEXBGS,series_id:DTWEXBGS,open_api,Daily,last,USD/MT,2015-01,Y,30,N,,N,fred_api_key,,Medium,"FRED provides the Federal Reserve's Trade Weighted U.S. Dollar Index (Broad) as a free, open-API pro",2,0.75,
AUSTRALIA_ALUMINUM_BAUXITE_SUPPLY_GUINEA_AUSTRALIA,Aluminum,"Bauxite supply (Guinea, Australia)",Australia,2,Medium,manual_yaml,U.S. Geological Survey (USGS) National Minerals Information Center - Bauxite and Alumina Statistics,https://www.usgs.gov/centers/national-minerals-information-center/bauxite-and-alumina-statistics-and-information,"USGS Mineral Commodity Summaries - Bauxite (annual XLS/PDF tables, Australia production & unit value)",file_download,Annual,mean,USD/MT,2015-01,Y,30,N,,N,,,Medium,"USGS publishes free annual bauxite production and average unit value data including Australia, but i",2,0.45,
EU_ALUMINUM_EU_RECYCLEDSECONDARY_ALUMINUM_SUPPLY_EU_CIRCULAR_ECONOMY_TARGETS,Aluminum,EU recycled/secondary aluminum supply (EU Circular Economy targets),EU,2,Medium,eurostat,Eurostat,https://ec.europa.eu/eurostat/databrowser/view/env_waspac/default/table,dataset:env_waspac | filters:waste=W1541;wst_oper=RCY_R,open_api,Annual,sum,USD/MT,2015-01,Y,30,N,,N,,,Medium,"Eurostat's packaging waste dataset reports EU aluminium packaging recycling/recovery tonnages, the c",2,0.45,
EU_ALUMINUM_EU_BEVERAGE_CAN_SHEETPACKAGING_DEMAND,Aluminum,EU beverage can sheet/packaging demand,EU,3,Low,,European Aluminium (European Aluminium Association) – Flat Rolled Products & Packaging Statistics,https://european-aluminium.eu/statistics/,https://european-aluminium.eu/statistics/flat-rolled-products/,file_download,Quarterly,mean,USD/MT,2015-01,Y,30,N,,N,,,Medium,European Aluminium publishes periodic industry statistics/reports on flat-rolled and can-stock/packa,2,0.35,
GLOBAL_ALUMINUM_LME_PREMIUM,Aluminum,LME Premium,Global,4,Medium,,Fastmarkets,https://www.fastmarkets.com/metals-and-mining/base-metals/aluminium/,,paid_or_restricted,Daily,last,USD/MT,2015-01,Y,30,N,,N,,,Medium,LME regional premiums for aluminum are published as proprietary assessments by commercial vendors li,2,0.50,
EUROPE_ALUMINUM_ALUMNIM_PRODUCTION_PPI,Aluminum,Alumnim Production PPI,Europe,1,Medium,eurostat,Eurostat,https://ec.europa.eu/eurostat/databrowser/view/sts_inpp_m/default/table,dataset:sts_inpp_m | filters:nace_r2=C244;unit=I15;s_adj=NSA;geo=EU27_2020,open_api,Monthly,mean,USD/MT,2015-01,Y,30,N,,N,,,Medium,Eurostat's monthly industrial producer price index dataset includes NACE code C244 (aluminium produc,2,0.60,
EU_ALUMINUM_MACRO_EXCHNAGE_RATE_EURUSD,Aluminum,Macro - Exchnage Rate - EUR/USD,EU,1,High,frankfurter,Frankfurter (European Central Bank exchange rates),https://www.frankfurter.app/docs,base:EUR | target:USD,open_api,Daily,last,USD/MT,2015-01,Y,30,N,,N,,EU_ALUMINUM_MACRO_EXCHNAGE_RATE_EURUSD_BIS,Medium,"Frankfurter provides free, open daily EUR/USD exchange rates sourced from the ECB via a documented A",2,0.95,
EUROPE_ALUMINUM_TRADE_VOLUME_IMPORTSEXPORTS,Aluminum,Trade Volume - Imports/Exports,Europe,2,Medium,un_comtrade,UN Comtrade Database,https://comtradeplus.un.org/,"commodity_code=76; reporter=Europe; flow=M,X",api_key,Monthly,sum,USD/MT,2015-01,Y,30,N,,N,comtrade_api_key,,Medium,"UN Comtrade provides open, API-accessible bilateral trade statistics for aluminum (HS code 76) inclu",2,0.60,
NORTH_AMERICA_GOLD_GOLD,Gold,Gold,North America,1,High,fred,Federal Reserve Bank of St. Louis (FRED) - LBMA Gold Price,https://fred.stlouisfed.org/series/GOLDPMGBD228NLBM,series_id:GOLDPMGBD228NLBM,open_api,Daily,last,USD/OZ,2015-01,Y,30,N,,N,fred_api_key,NORTH_AMERICA_GOLD_GOLD_ALT,Medium,"FRED provides the LBMA gold PM fix in USD per troy ounce via a free, documented API, widely used as ",2,0.90,
US_GOLD_US_REAL_INTEREST_RATES_TIPS_YIELD,Gold,US real interest rates (TIPS yield),US,1,High,fred,"FRED (Federal Reserve Bank of St. Louis) - 10-Year Treasury Inflation-Indexed Security, Constant Maturity",https://fred.stlouisfed.org/series/DFII10,series_id:DFII10,api_key,Daily,mean,USD/OZ,2015-01,Y,30,N,,N,fred_api_key,,Medium,"FRED's DFII10 series provides the 10-year TIPS yield, the standard proxy for US real interest rates,",2,0.95,
GLOBAL_GOLD_US_DOLLAR_INDEX_DXY,Gold,US Dollar Index (DXY),Global,2,High,fred,Federal Reserve Economic Data (FRED),https://fred.stlouisfed.org/series/DTWEXBGS,series_id:DTWEXBGS,api_key,Daily,last,USD/OZ,2015-01,Y,30,N,,N,fred_api_key,,Medium,"FRED's Nominal Broad U.S. Dollar Index is a free, API-accessible proxy for the US Dollar Index widel",2,0.75,
GLOBAL_GOLD_CENTRAL_BANK_GOLD_PURCHASES,Gold,Central bank gold purchases,Global,2,Medium,manual_yaml,World Gold Council,https://www.gold.org/goldhub/data/gold-reserves-by-country,https://www.gold.org/goldhub/data/gold-reserves-by-country (download Excel: monthly central bank gold reserves/purchases),file_download,Monthly,sum,USD/OZ,2015-01,Y,30,N,,N,,,Medium,"The World Gold Council's Gold Hub provides the most authoritative free, publicly downloadable datase",2,0.55,
GLOBAL_GOLD_GOLD_ETF_HOLDINGS_EG_GLD,Gold,Gold ETF holdings (e.g. GLD),Global,2,Medium,manual_yaml,State Street Global Advisors - SPDR Gold Shares (GLD),https://www.spdrgoldshares.com/usa/historical-data/,https://www.spdrgoldshares.com/media/GLD/file/GLD-Holdings-History.csv,file_download,Daily,last,USD/OZ,2015-01,Y,30,N,,N,,,Medium,"SPDR publishes daily historical GLD gold holdings (tonnes/ounces) as a free downloadable CSV, though",2,0.55,
US_GOLD_US_INFLATION_EXPECTATIONS_BREAKEVEN_RATE,Gold,US inflation expectations (breakeven rate),US,1,High,fred,FRED (Federal Reserve Bank of St. Louis),https://fred.stlouisfed.org/series/T5YIE,series_id:T5YIE,api_key,Daily,last,USD/OZ,2015-01,Y,30,N,,N,fred_api_key,,Medium,"FRED publishes the 5-Year Breakeven Inflation Rate daily, derived from Treasury and TIPS yields, whi",2,0.90,
GLOBAL_GOLD_GEOPOLITICAL_RISK_INDEX,Gold,Geopolitical risk index,Global,2,Medium,,"Geopolitical Risk Index (Caldara & Iacoviello, Federal Reserve Board)",https://www.matteoiacoviello.com/gpr.htm,https://www.matteoiacoviello.com/gpr_files/data_gpr_export.xls,file_download,Monthly,mean,USD/OZ,2015-01,Y,30,N,,N,,,Medium,"The Caldara-Iacoviello Geopolitical Risk Index is the standard public, freely downloadable monthly s",2,0.55,
NORTH_AMERICA_GOLD_MINE_SUPPLY_VOLUMES,Gold,Mine supply volumes,North America,2,Medium,,USGS National Minerals Information Center,https://www.usgs.gov/centers/national-minerals-information-center/gold-statistics-and-information,https://d9-wret.s3.us-west-2.amazonaws.com/assets/palladium/production/atoms/files/myb1-2022-gold.pdf,file_download,Annual,sum,USD/OZ,2015-01,Y,30,N,,N,,NORTH_AMERICA_GOLD_MINE_SUPPLY_VOLUMES_ALT,Medium,USGS publishes annual gold mine production data by country including US/Canada/Mexico but only as do,2,0.40,
INDIA_GOLD_INDIACHINA_JEWELRY_DEMAND_SEASONALITY,Gold,India/China jewelry demand seasonality,India,2,Medium,manual_yaml,World Gold Council - Gold Demand Trends,https://www.gold.org/goldhub/data/gold-demand-by-country,"table:Gold Demand by Country - India Jewellery Consumption (tonnes, quarterly)",file_download,Quarterly,sum,USD/OZ,2015-01,Y,30,N,,N,,,Medium,World Gold Council's Goldhub publishes free downloadable quarterly India/China jewellery demand tonn,2,0.55,
GLOBAL_GOLD_GOLDSILVER_PRICE_RATIO,Gold,Gold/silver price ratio,Global,3,Medium,manual_yaml,Macrotrends,https://www.macrotrends.net/1441/gold-to-silver-ratio,https://www.macrotrends.net/1441/gold-to-silver-ratio,multipage_scrape,Daily,last,USD/OZ,2015-01,Y,30,N,,N,,,Medium,"No open API publishes the gold/silver ratio directly, but Macrotrends provides a free, publicly acce",2,0.45,
GLOBAL_GOLD_STCOKS_COMEX_WAREHOUSE_STOCKS,Gold,Stcoks - COMEX warehouse stocks,Global,3,Medium,,CME Group (COMEX) Metals Depository Statistics,https://www.cmegroup.com/markets/metals/precious/gold.html#delivery-notices,https://www.cmegroup.com/delivery_reports/Metals_stocks.xls,file_download,Daily,last,USD/OZ,2015-01,Y,30,N,,N,,,Medium,"CME Group publishes daily COMEX warehouse gold stock levels as a downloadable spreadsheet, though it",2,0.55,
GLOBAL_GOLD_TRADED_EQUIVALENT_GOLD_FUTURES,Gold,Traded equivalent - Gold Futures,Global,1,High,fred,Federal Reserve Economic Data (FRED) - Gold Fixing Price,https://fred.stlouisfed.org/series/GOLDAMGBD228NLBM,series_id:GOLDAMGBD228NLBM,open_api,Daily,last,USD/OZ,2015-01,Y,30,N,,N,fred_api_key,GLOBAL_GOLD_TRADED_EQUIVALENT_GOLD_FUTURES_ALT,Medium,"FRED provides a free, open API for the LBMA gold price in USD/oz, which closely tracks gold futures ",2,0.80,
US_GOLD_MACRO_US_EQUITY_INDEX,Gold,Macro - US Equity Index,US,1,High,fred,Federal Reserve Economic Data (FRED),https://fred.stlouisfed.org/series/SP500,series_id:SP500,api_key,Daily,last,USD/OZ,2015-01,Y,30,N,,N,fred_api_key,,Medium,"FRED provides the S&P 500 index as a free daily series via API, a standard proxy for US equity marke",2,0.90,
US_GOLD_COMEX_SPECULATIVE_POSITIONING_CFTC_COT,Gold,COMEX speculative positioning (CFTC COT),US,2,Medium,,"CFTC Commitments of Traders (Gold Futures, COMEX)",https://www.cftc.gov/dea/futures/other_lf.htm,https://www.cftc.gov/dea/newcot/deafut.txt,file_download,Weekly,last,USD/OZ,2015-01,Y,30,N,,N,,,Medium,CFTC publishes weekly Commitments of Traders reports including COMEX gold futures positioning as a f,2,0.60,
EUROPE_FERROCHROME_FERROCHROME,Ferrochrome,Ferrochrome,Europe,4,Medium,,Fastmarkets,https://www.fastmarkets.com/metals-and-mining/steel-raw-materials/ferro-alloys,,paid_or_restricted,Weekly,last,USD/MT,2015-01,Y,30,N,,N,,,Medium,Ferrochrome European benchmark prices are published primarily by commercial price-reporting agencies,2,0.50,
SOUTH_AFRICA_FERROCHROME_SOUTH_AFRICA_KAZAKHSTAN_CHROME_ORE_PRODUCTION,Ferrochrome,South Africa & Kazakhstan chrome ore production,South Africa,2,Medium,,USGS National Minerals Information Center - Chromium Statistics,https://pubs.usgs.gov/periodicals/mcs2024/mcs2024-chromium.pdf,mcs2024-chromium.pdf (annual chromite ore production tables by country incl. South Africa & Kazakhstan),file_download,Annual,sum,USD/MT,2015-01,Y,30,N,,N,,,Medium,USGS Mineral Commodity Summaries publishes free annual chromite ore production figures by leading pr,2,0.55,
SOUTH_AFRICA_FERROCHROME_SOUTH_AFRICA_ELECTRICITY_PRICE_ESKOM_TARIFFS,Ferrochrome,South Africa electricity price (Eskom tariffs),South Africa,2,Medium,manual_yaml,Eskom Holdings SOC Ltd - Tariffs and Charges Booklet,https://www.eskom.co.za/distribution/tariffs-and-charges/,"Eskom Tariffs and Charges Booklet (annual PDF, ZAR/kWh by tariff schedule)",file_download,Annual,last,USD/MT,2015-01,Y,30,N,,N,,,Medium,"Eskom publishes official annual tariff schedules as public PDF/Excel documents but offers no API, so",2,0.45,
CHINA_FERROCHROME_CHINA_STAINLESS_STEEL_PRODUCTION,Ferrochrome,China stainless steel production,China,2,Medium,,World Steel Association,https://worldsteel.org/steel-topics/statistics/monthly-crude-steel-production/,https://worldsteel.org/steel-topics/statistics/monthly-crude-steel-production/,file_download,Monthly,sum,USD/MT,2015-01,Y,30,N,,N,,,Medium,World Steel Association publishes monthly crude/stainless steel production figures by country includ,2,0.45,
EUROPE_FERROCHROME_CHROME_ORE_PRICE,Ferrochrome,Chrome ore price,Europe,4,Medium,,Fastmarkets,https://www.fastmarkets.com/metals-and-mining/steel-and-steel-raw-materials/chrome-ore-prices,,paid_or_restricted,Weekly,last,USD/MT,2015-01,Y,30,N,,N,,,Medium,Chrome ore prices in Europe are primarily published by commercial price reporting agencies like Fast,2,0.50,
EU_FERROCHROME_EUROTTERDAM_IMPORT_HANDLING_ENERGY_COST_FERROCHROME,Ferrochrome,EU/Rotterdam import & handling energy cost (ferrochrome),EU,4,Medium,,Fastmarkets,https://www.fastmarkets.com/metals-and-mining/ferro-alloys/ferrochrome,,paid_or_restricted,Weekly,mean,USD/MT,2015-01,Y,30,N,,N,,,Medium,Ferrochrome import/handling cost benchmarks at Rotterdam are typically published by commercial price,2,0.40,
EU_FERROCHROME_EU_STAINLESS_STEEL_DEMAND_GERMANYROTTERDAM_MARKET,Ferrochrome,EU stainless steel demand (Germany/Rotterdam market),EU,2,Medium,eurostat,Eurostat,https://ec.europa.eu/eurostat/databrowser/view/sts_inpr_m/default/table,dataset:sts_inpr_m | filters:nace_r2=C24;indic_bt=PROD;s_adj=SCA;geo=EU27_2020,open_api,Monthly,mean,USD/MT,2015-01,Y,30,N,,N,,,Medium,Eurostat's monthly industrial production index for basic metals (NACE C24) in the EU serves as the c,2,0.45,
GLOBAL_FERROCHROME_OCEAN_FREIGHT_RATES,Ferrochrome,Ocean freight rates,Global,4,Low,,Drewry Maritime Research,https://www.drewry.co.uk/maritime-research/world-container-index-assessed-by-drewry,World Container Index / bulk freight rate reports,paid_or_restricted,Weekly,mean,USD/MT,2015-01,Y,30,N,,N,,,Medium,Ocean freight rates for bulk commodities like ferrochrome are tracked by commercial maritime researc,2,0.35,
GLOBAL_FERROCHROME_NICKEL_PRICE_COMPETING_STAINLESS_ALLOYING_ELEMENT,Ferrochrome,Nickel price (competing stainless alloying element),Global,2,High,fred,FRED (Federal Reserve Bank of St. Louis) - Global price of Nickel,https://fred.stlouisfed.org/series/PNICKUSDM,series_id:PNICKUSDM,api_key,Monthly,last,USD/MT,2015-01,Y,30,N,,N,fred_api_key,,Medium,"FRED provides the IMF's Global Price of Nickel series in USD/MT monthly, freely accessible via a doc",2,0.90,
INDIA_FERROCHROME_INDIACHINA_STAINLESS_STEEL_CAPACITY_EXPANSION,Ferrochrome,India/China stainless steel capacity expansion,India,3,Low,manual_yaml,World Steel Association - Steel Statistical Yearbook,https://worldsteel.org/steel-topics/statistics/steel-statistical-yearbook/,Steel Statistical Yearbook - stainless/ferrochrome capacity tables (India & China),login,Annual,last,USD/MT,2015-01,Y,30,N,,N,,,Medium,No open API exists for stainless steel capacity expansion figures; the World Steel Association's yea,2,0.35,
EU_FERROCHROME_COKE_PPI_EUSOUTH_AFRICA,Ferrochrome,Coke PPI - EU/South Africa,EU,2,Medium,eurostat,Eurostat,https://ec.europa.eu/eurostat/databrowser/view/sts_inpp_m/default/table?lang=en,dataset:sts_inpp_m | filters:nace_r2=C19;unit=I15;s_adj=NSA;indic_bt=PRC_PRR,open_api,Monthly,mean,USD/MT,2015-01,Y,30,N,,N,,,Medium,Eurostat's short-term statistics dataset sts_inpp_m provides domestic market producer price indices ,2,0.55,
EUROPE_FERROCHROME_DOWNSTREAM_STAINLESS_STEEL_PRICE_EU,Ferrochrome,Downstream - Stainless Steel Price - EU,Europe,4,Medium,,MEPS International Stainless Steel Prices,https://www.meps.co.uk/stainless-steel-prices/,,paid_or_restricted,Monthly,last,USD/MT,2015-01,Y,30,N,,N,,,Medium,"EU stainless steel transaction prices are tracked commercially by MEPS International, a paid market-",2,0.40,
EU_FERROCHROME_DEMAND_BASIC_IRON_AND_STEEL_EU_PPI,Ferrochrome,Demand - Basic iron and steel EU - PPI,EU,1,High,eurostat,"Eurostat - Producer Prices in Industry, Domestic Market (Short-term Business Statistics)",https://ec.europa.eu/eurostat/databrowser/view/sts_inpp_m/default/table,dataset:sts_inpp_m | filters:nace_r2=C24.10;unit=I15;s_adj=NSA;geo=EU27_2020,open_api,Monthly,mean,USD/MT,2015-01,Y,30,N,,N,,,Medium,Eurostat's short-term business statistics dataset sts_inpp_m provides monthly producer price indices,2,0.75,
INDIA_CARBON_STEEL_CARBON_STEEL,Carbon Steel,Carbon Steel,India,2,Medium,,"Joint Plant Committee (Ministry of Steel, Government of India)",https://www.jpcindiansteel.nic.in/domestic-steel-prices,Domestic Steel Prices - Carbon Steel (Long/Flat) INR/MT table,file_download,Weekly,mean,INR/MT,2018-01,Y,30,N,,N,,,Medium,The Joint Plant Committee under India's Ministry of Steel publishes official domestic carbon steel p,2,0.55,
INDIA_CARBON_STEEL_INDIA_DOMESTIC_IRON_ORE_PRICE_NMDCODISHA,Carbon Steel,India domestic iron ore price (NMDC/Odisha),India,2,Medium,,NMDC Limited (National Mineral Development Corporation) Iron Ore Price Notifications,https://www.nmdc.co.in/iron-ore-price,,file_download,Monthly,last,INR/MT,2018-01,Y,30,N,,N,,,Medium,"NMDC, India's largest iron ore producer (Odisha/Chhattisgarh mines), publicly posts its official dom",2,0.55,
AUSTRALIA_CARBON_STEEL_INDIA_COKING_COAL_IMPORT_PRICE_AUSTRALIAORIGIN_LANDED_COST,Carbon Steel,"India coking coal import price (Australia-origin, landed cost)",Australia,2,Medium,un_comtrade,"UN Comtrade (India imports of coking coal from Australia, HS 270112)",https://comtradeplus.un.org/TradeFlow,reporterCode=356; partnerCode=36; cmdCode=270112; flowCode=M,api_key,Monthly,mean,INR/MT,2018-01,Y,30,N,,N,comtrade_api_key,AUSTRALIA_CARBON_STEEL_INDIA_COKING_COAL_IMPORT_PRICE_AUSTRALIAORIGIN_LANDED_COST_ALT,Medium,UN Comtrade provides bilateral trade value and quantity for India's imports of Australian coking coa,2,0.55,
INDIA_CARBON_STEEL_INDIA_CRUDE_STEEL_PRODUCTION_MANUFACTURING_PMI_CHINA_RETAINED_AS_GLOBAL_SWINGDEMAND_CONTEXT,Carbon Steel,India crude steel production & manufacturing PMI (China retained as global swing-demand context),India,2,Medium,,"Joint Plant Committee, Ministry of Steel (Government of India)",https://jpc.gov.in/en/pages/view/steel-statistics,https://jpc.gov.in/en/pages/view/steel-statistics,file_download,Monthly,sum,INR/MT,2018-01,Y,30,N,,N,,,Medium,JPC under India's Ministry of Steel publishes official monthly crude steel production statistics as ,2,0.45,
INDIA_CARBON_STEEL_INDIA_SCRAP_STEEL_PRICE_DOMESTIC_IMPORT,Carbon Steel,India scrap steel price (domestic + import),India,4,Medium,,SteelMint,https://www.steelmint.com/,India scrap steel price (domestic + import) - subscription data feed,paid_or_restricted,Daily,mean,INR/MT,2018-01,Y,30,N,,N,,,Medium,SteelMint is the leading commercial provider of Indian scrap steel domestic and import price assessm,2,0.50,
INDIA_CARBON_STEEL_INDIA_CONSTRUCTION_INFRASTRUCTURE_DEMAND_GOVERNMENT_CAPEX,Carbon Steel,India construction & infrastructure demand (government capex),India,2,Medium,,"Controller General of Accounts (CGA), Ministry of Finance, India - Union Government Capital Expenditure",https://cga.nic.in/Reports/MonthlyReport.aspx,Monthly Union Government Accounts - Capital Expenditure table,file_download,Monthly,sum,INR/MT,2018-01,Y,30,N,,N,,,Medium,"CGA publishes official monthly capital expenditure figures for the Government of India, a direct pro",2,0.45,
INDIA_CARBON_STEEL_INDIA_INDUSTRIAL_ELECTRICITY_COST_EAF_STEELMAKING,Carbon Steel,India industrial electricity cost (EAF steelmaking),India,3,Medium,manual_yaml,"Central Electricity Authority (CEA), Government of India - Tariff & Duty of Electricity Supply in India Report",https://cea.nic.in/tariff-and-duty-of-electricity-supply-in-india/?lang=en,"CEA Tariff & Duty Report - Industrial category average tariff (INR/kWh) table, converted to INR/MT using EAF specific energy consumption (~600-650 kWh/MT)",multipage_scrape,Annual,mean,INR/MT,2018-01,Y,30,N,,N,,,Medium,CEA publishes an annual public report with state-wise industrial electricity tariffs (INR/kWh) that ,2,0.45,
GLOBAL_CARBON_STEEL_BALTIC_DRY_INDEX_FREIGHT,Carbon Steel,Baltic Dry Index (freight),Global,4,Medium,,Baltic Exchange,https://www.balticexchange.com/en/data-services/market-information0/dry-services.html,,paid_or_restricted,Daily,mean,INR/MT,2018-01,Y,30,N,,N,,,Medium,The Baltic Dry Index is proprietary data published by the Baltic Exchange and only available through,2,0.55,
INDIA_CARBON_STEEL_INDIA_AUTOMOTIVE_PRODUCTION_VOLUMES_STEEL_DEMAND,Carbon Steel,India automotive production volumes (steel demand),India,2,Medium,manual_yaml,Society of Indian Automobile Manufacturers (SIAM),https://www.siam.in/statistics.aspx?mpgid=8&pgidtrail=14,SIAM production statistics tables (monthly/annual vehicle production by category),file_download,Monthly,sum,INR/MT,2018-01,Y,30,N,,N,,,Medium,SIAM is the authoritative Indian industry body publishing free downloadable automotive production vo,2,0.50,
EU_CARBON_STEEL_INDIA_STEEL_EXPORT_COMPETITIVENESS_TRADEDIVERSION_IMPACT_OF_USEU_TARIFFS,Carbon Steel,India steel export competitiveness (trade-diversion impact of US/EU tariffs),EU,2,Medium,un_comtrade,UN Comtrade Database,https://comtradeplus.un.org/,reporterCode=356; partnerCode=97; cmdCode=72; flowCode=X,api_key,Monthly,mean,INR/MT,2018-01,Y,30,N,,N,comtrade_api_key,,Medium,India-to-EU steel (HS 72) export trade value and quantity data from UN Comtrade can be used to deriv,2,0.45,
EUROPE_MAGNESIUM_STEARATE_MAGNESIUM_STEARATE,Magnesium Stearate,Magnesium Stearate,Europe,4,Low,,ICIS Pricing,https://www.icis.com/explore/commodities/chemicals/,Magnesium Stearate Europe spot price assessment,paid_or_restricted,Monthly,last,USD/MT,2023-01,Y,30,N,,N,,,Medium,Magnesium stearate is a specialty chemical whose price data is only tracked by commercial market-int,2,0.30,
EUROPE_MAGNESIUM_STEARATE_PALM_OIL_STEARIC_ACID_PRICE,Magnesium Stearate,Palm oil / stearic acid price,Europe,1,Medium,worldbank_pinksheet,World Bank Commodity Markets (Pink Sheet),https://www.worldbank.org/en/research/commodity-markets,series:Palm oil,open_api,Monthly,last,USD/MT,2023-01,Y,30,N,,N,,,Medium,World Bank Pink Sheet publishes a globally referenced monthly palm oil price (USD/MT) that serves as,2,0.60,
EUROPE_MAGNESIUM_STEARATE_MAGNESIUM_OXIDE_PRICE,Magnesium Stearate,Magnesium oxide price,Europe,4,Medium,,Fastmarkets,https://www.fastmarkets.com/metals-and-mining/minor-metals/magnesium-oxide,,paid_or_restricted,Monthly,last,USD/MT,2023-01,Y,30,N,,N,,,Medium,Magnesium oxide European pricing is tracked commercially by industry price reporting agencies like F,2,0.40,
EU_MAGNESIUM_STEARATE_EU_PHARMACEUTICAL_NUTRACEUTICAL_DEMAND_GROWTH_EMAREGULATED_MARKET,Magnesium Stearate,EU pharmaceutical & nutraceutical demand growth (EMA-regulated market),EU,3,Medium,un_comtrade,UN Comtrade Database,https://comtradeplus.un.org/,cmdCode=291570;reporterCode=97;flowCode=M,api_key,Monthly,sum,USD/MT,2023-01,Y,30,N,,N,comtrade_api_key,,Medium,EU import volumes/values of magnesium stearate (HS 291570) from UN Comtrade serve as a public proxy ,2,0.45,
CHINA_MAGNESIUM_STEARATE_CHINA_CHEMICAL_PRODUCTION_OUTPUT,Magnesium Stearate,China chemical production output,China,3,Low,,National Bureau of Statistics of China,https://data.stats.gov.cn/english/easyquery.htm?cn=A01,Monthly Report on Chemical Raw Materials and Products Output,multipage_scrape,Monthly,sum,USD/MT,2023-01,Y,30,N,,N,,,Medium,NBS China publishes monthly chemical industry output statistics as the most authoritative open gover,2,0.35,
EU_MAGNESIUM_STEARATE_EUGERMANY_INDUSTRIAL_ENERGY_COST_PROCESSING,Magnesium Stearate,EU/Germany industrial energy cost (processing),EU,1,High,eurostat,Eurostat - Electricity prices for non-household consumers,https://ec.europa.eu/eurostat/databrowser/view/nrg_pc_205/default/table,dataset:nrg_pc_205 | filters:geo=DE;consom=TOT_TAX;unit=KWH,open_api,Annual,mean,USD/MT,2023-01,Y,30,N,,N,,,Medium,Eurostat publishes harmonized industrial (non-household) electricity price series for Germany that p,2,0.70,
EUROPE_MAGNESIUM_STEARATE_TALLOWVEGETABLE_OIL_FEEDSTOCK_PRICE,Magnesium Stearate,Tallow/vegetable oil feedstock price,Europe,2,Medium,worldbank_pinksheet,World Bank Commodities Price Data (Pink Sheet),https://www.worldbank.org/en/research/commodity-markets,series:Palm oil,api_key,Monthly,last,USD/MT,2023-01,Y,30,N,,N,,EUROPE_MAGNESIUM_STEARATE_TALLOWVEGETABLE_OIL_FEEDSTOCK_PRICE_ALT,Medium,Palm oil is the closest globally-tracked vegetable oil feedstock proxy available in the World Bank P,2,0.55,
EU_MAGNESIUM_STEARATE_EU_GMPREACH_COMPLIANCE_COST_CHANGES,Magnesium Stearate,EU GMP/REACH compliance cost changes,EU,3,Low,,European Chemicals Agency (ECHA) REACH Regulation Cost Data,https://echa.europa.eu/regulations/reach/understanding-reach,,multipage_scrape,Annual,mean,USD/MT,2023-01,Y,30,N,,N,,,Medium,ECHA publishes regulatory guidance and periodic cost-impact studies on REACH compliance but does not,2,0.25,
GLOBAL_MAGNESIUM_STEARATE_OCEAN_FREIGHT_RATES,Magnesium Stearate,Ocean freight rates,Global,4,Low,,Freightos Baltic Index (FBX),https://terminal.freightos.com/freightos-baltic-index/,FBX Global Container Freight Index (USD/FEU converted to USD/MT via weight assumptions),api_key,Daily,mean,USD/MT,2023-01,Y,30,N,,N,,,Medium,"The Freightos Baltic Index is the most widely referenced global ocean freight benchmark, but full hi",2,0.35,
EU_MAGNESIUM_STEARATE_EU_GENERIC_DRUG_MANUFACTURING_VOLUME_GROWTH,Magnesium Stearate,EU generic drug manufacturing volume growth,EU,1,Medium,eurostat,"Eurostat - Short-term Business Statistics, Industrial Production Index",https://ec.europa.eu/eurostat/databrowser/view/sts_inpr_m/default/table,dataset:sts_inpr_m | filters:nace_r2=C21;s_adj=SCA;unit=I15,open_api,Monthly,mean,USD/MT,2023-01,Y,30,N,,N,,,Medium,Eurostat's STS industrial production index for NACE Rev2 sector C21 (manufacture of basic pharmaceut,2,0.60,
EU_MAGNESIUM_STEARATE_TRADE_EU_IMPORTSEXPORTS,Magnesium Stearate,Trade - EU Imports/Exports,EU,2,Medium,un_comtrade,UN Comtrade Database,https://comtradeplus.un.org/,"reporterCode=97;partnerCode=0;cmdCode=291570;flowCode=M,X",api_key,Monthly,sum,USD/MT,2023-01,Y,30,N,,N,comtrade_api_key,,Medium,"Magnesium stearate (a stearic acid salt, HS 291570) trade flows for the EU aggregate can be retrieve",2,0.55,
EUROPE_MAGNESIUM_STEARATE_PETROCHEM_DRIVER_BRENT_CRUDE_OIL,Magnesium Stearate,Petrochem Driver - Brent Crude Oil,Europe,2,High,eia,U.S. Energy Information Administration,https://www.eia.gov/opendata/browser/petroleum,PET.RBRTE.D,api_key,Daily,mean,USD/MT,2023-01,Y,30,N,,N,eia_api_key,,Medium,"EIA publishes daily Europe Brent spot prices (RBRTE) via a free, documented API, making it the most ",2,0.85,
EU_MAGNESIUM_STEARATE_MACRO_EXCHNAGE_RATE_EURUSD,Magnesium Stearate,Macro - Exchnage Rate - EUR/USD,EU,1,High,frankfurter,Frankfurter (ECB exchange rates),https://www.frankfurter.app,base:EUR | target:USD,open_api,Daily,last,USD/MT,2023-01,Y,30,N,,N,,EU_MAGNESIUM_STEARATE_MACRO_EXCHNAGE_RATE_EURUSD_BIS,Medium,"Frankfurter provides free, open, daily EUR/USD exchange rates sourced from the ECB reference rates.",2,0.95,
LATIN_AMERICA_PULP_PULP,Pulp,Pulp,Latin America,3,Medium,pulp_output_composite,Pulp Output Composite (internal composite index),https://www.fastmarkets.com/forest-products/pulp-prices,region:Latin America | unit:USD/Ton,api_key,Monthly,mean,USD/Ton,2018-01,Y,30,N,,N,,,Medium,"Pulp prices are not freely published by a government agency, so the pre-built pulp_output_composite ",2,0.50,
BRAZIL_PULP_GLOBAL_PULP_MILL_CAPACITYOUTPUT_BRAZIL_CANADA_SCANDINAVIA,Pulp,"Global pulp mill capacity/output (Brazil, Canada, Scandinavia)",Brazil,2,Medium,pulp_output_composite,Pulp Output Composite (Indufor/FAOSTAT/industry mill capacity aggregator),https://www.fao.org/faostat/en/#data/FO,country=Brazil;commodity=Wood Pulp;metric=Production,open_api,Annual,sum,USD/Ton,2018-01,Y,30,N,,N,,,Medium,The pulp_output_composite connector is purpose-built to aggregate mill capacity/output data across B,2,0.55,
CHINA_PULP_CHINA_PAPER_BOARD_DEMAND,Pulp,China paper & board demand,China,2,Medium,china_customs,China General Administration of Customs,http://english.customs.gov.cn/statics/report/monthly.html,"hs_code=4802,4804,4805;flow=import,export",open_api,Monthly,sum,USD/Ton,2018-01,Y,30,N,,N,,,Medium,China Customs trade statistics for paper and paperboard (HS 4802/4804/4805) provide a proxy for appa,2,0.45,
BRAZIL_PULP_BRAZIL_EUCALYPTUSWOOD_INPUT_COST,Pulp,Brazil eucalyptus/wood input cost,Brazil,4,Medium,,Fastmarkets (Brazil Eucalyptus Wood Cost Index),https://www.fastmarkets.com/pulp-and-paper/wood-fiber-costs,,paid_or_restricted,Monthly,mean,USD/Ton,2018-01,Y,30,N,,N,,,Medium,Brazil eucalyptus wood input cost indices are primarily tracked by paid forestry/pulp market intelli,2,0.40,
BRAZIL_PULP_BRAZIL_INDUSTRIAL_ENERGY_COST_PULP_MILL_OPERATIONS,Pulp,Brazil industrial energy cost (pulp mill operations),Brazil,2,Medium,ccee_pld,Câmara de Comercialização de Energia Elétrica (CCEE),https://www.ccee.org.br/precos/painel-precos,submercado=SE,open_api,Weekly,mean,USD/Ton,2018-01,Y,30,N,,N,,,Medium,CCEE publishes the official PLD spot electricity settlement price by submarket (Southeast/Center-Wes,2,0.55,
BRAZIL_PULP_USDBRL_EXCHANGE_RATE_BRAZIL_PULP_EXPORTS,Pulp,USD/BRL exchange rate (Brazil pulp exports),Brazil,1,High,frankfurter,Frankfurter (ECB exchange rates),https://www.frankfurter.app/docs,base:USD | target:BRL,open_api,Daily,last,USD/Ton,2018-01,Y,30,N,,N,,BRAZIL_PULP_USDBRL_EXCHANGE_RATE_BRAZIL_PULP_EXPORTS_BIS,Medium,"Frankfurter provides free, open daily USD/BRL exchange rate data sourced from ECB reference rates, i",2,0.85,
LATIN_AMERICA_PULP_TISSUEHYGIENE_PRODUCT_DEMAND_GROWTH,Pulp,Tissue/hygiene product demand growth,Latin America,2,Low,un_comtrade,UN Comtrade,https://comtradeplus.un.org/,reporterCode=all;partnerCode=0;cmdCode=481810;flowCode=X;period=all,api_key,Annual,mean,USD/Ton,2018-01,Y,30,N,,N,comtrade_api_key,,Medium,UN Comtrade trade data for tissue paper (HS 481810) exports/imports from Latin American countries ca,2,0.35,
LATIN_AMERICA_PULP_PULP_INVENTORIES,Pulp,Pulp Inventories,Latin America,4,Medium,,Pulp and Paper Products Council (PPPC),https://www.pppc.org/,Global Market Pulp Producer Inventory Report - Latin America region,paid_or_restricted,Monthly,last,USD/Ton,2018-01,Y,30,N,,N,,,Medium,PPPC is the industry-standard publisher of global and regional market pulp producer inventory statis,2,0.40,
BRAZIL_PULP_LABOR_COST_BRAZILARGENTINA,Pulp,Labor Cost - Brazil/Argentina,Brazil,3,Low,manual_yaml,IBGE - Pesquisa Industrial Anual (PIA),https://www.ibge.gov.br/estatisticas/economicas/industria/9042-pesquisa-industrial-anual.html,"PIA-Empresa: Custos e despesas com pessoal ocupado, por seção/divisão CNAE (celulose e papel)",multipage_scrape,Annual,mean,USD/Ton,2018-01,Y,30,N,,N,,,Medium,IBGE's annual industrial survey (PIA) publishes personnel cost data by CNAE sector including pulp an,2,0.35,
LATIN_AMERICA_CORRUGATED_BOARDS_CORRUGATED_BOARDS,Corrugated Boards,Corrugated Boards,Latin America,2,Medium,ibge_sidra,IBGE - Instituto Brasileiro de Geografia e Estatística,https://sidra.ibge.gov.br/tabela/7060,table:7060 | variable:63,open_api,Monthly,mean,BRL/MT,2021-02,Y,30,N,,N,,,Medium,IBGE's SIDRA IPP (Producer Price Index) series tracks Brazilian paper and corrugated board prices in,2,0.45,
BRAZIL_CORRUGATED_BOARDS_LATIN_AMERICABRAZIL_CONTAINERBOARDLINERBOARD_PRICE,Corrugated Boards,Latin America/Brazil containerboard/linerboard price,Brazil,4,Medium,,Fastmarkets RISI (Pulp and Paper Week / Containerboard pricing),https://www.fastmarkets.com/commodities/forest-products/containerboard,,paid_or_restricted,Monthly,last,BRL/MT,2021-02,Y,30,N,,N,,,Medium,"Brazilian linerboard/containerboard pricing is tracked commercially by Fastmarkets RISI, with no fre",2,0.40,
LATIN_AMERICA_CORRUGATED_BOARDS_OLD_CORRUGATED_CONTAINERS_OCC_RECOVERED_PAPER_PRICE,Corrugated Boards,Old corrugated containers (OCC) recovered paper price,Latin America,4,Low,,Fastmarkets RISI (Recovered Paper Price Data),https://www.fastmarkets.com/products/wood-fibre/recovered-paper,Fastmarkets RISI OCC Latin America price series (BRL/MT),paid_or_restricted,Monthly,last,BRL/MT,2021-02,Y,30,N,,N,,,Medium,"OCC recovered paper pricing for Latin America is tracked commercially by Fastmarkets/RISI, a subscri",2,0.35,
BRAZIL_CORRUGATED_BOARDS_BRAZILLATAM_ECOMMERCE_SHIPPING_VOLUMES,Corrugated Boards,Brazil/LATAM e-commerce shipping volumes,Brazil,3,Low,,ABComm (Associação Brasileira de Comércio Eletrônico) E-commerce Reports,https://abcomm.org/pesquisas/,manual: extract shipped-order volume figures from quarterly/annual ABComm e-commerce market reports,multipage_scrape,Quarterly,sum,BRL/MT,2021-02,Y,30,N,,N,,,Medium,"No open API exists for Brazil/LATAM e-commerce shipping volumes, so the best available public proxy ",2,0.25,
BRAZIL_CORRUGATED_BOARDS_BRAZIL_FREIGHTTRANSPORT_COST,Corrugated Boards,Brazil freight/transport cost,Brazil,2,Low,,IPEA - Instituto de Pesquisa Econômica Aplicada (IPEADATA),http://www.ipeadata.gov.br/exibeserie.aspx?serid=38402,IPEADATA API series code ICTR12 (Índice de Custo do Transporte Rodoviário de Carga),api_key,Monthly,mean,BRL/MT,2021-02,Y,30,N,,N,,,Medium,"IPEA publishes a public, API-accessible road freight cost index for Brazil that serves as a reasonab",2,0.35,
BRAZIL_CORRUGATED_BOARDS_BRAZIL_INDUSTRIAL_ENERGY_COST_MILL_OPERATIONS,Corrugated Boards,Brazil industrial energy cost (mill operations),Brazil,2,Medium,,ANEEL - Agência Nacional de Energia Elétrica (Open Data Portal),https://dadosabertos.aneel.gov.br/dataset/tarifas-medias-de-energia-eletrica-por-classe,dataset: tarifas-medias-de-energia-eletrica-por-classe (filter: classe=Industrial),api_key,Monthly,mean,BRL/MT,2021-02,Y,30,N,,N,,,Medium,ANEEL's open data portal publishes average electricity tariffs by consumer class (including industri,2,0.45,
BRAZIL_CORRUGATED_BOARDS_BRAZILLATAM_CORRUGATED_BOX_DEMAND_INDEX_ABPO,Corrugated Boards,Brazil/LATAM corrugated box demand index (ABPO),Brazil,3,Medium,,Associação Brasileira do Papelão Ondulado (ABPO),https://www.abpo.org.br/estatisticas/,,multipage_scrape,Monthly,sum,BRL/MT,2021-02,Y,30,N,,N,,,Medium,ABPO is the Brazilian corrugated board trade association that publishes monthly shipment/demand stat,2,0.45,
CHINA_CORRUGATED_BOARDS_CHINA_EXPORT_DEMAND,Corrugated Boards,China export demand,China,2,Medium,un_comtrade,UN Comtrade Database,https://comtradeplus.un.org/,reporterCode=156;cmdCode=4808;flowCode=X,api_key,Monthly,sum,BRL/MT,2021-02,Y,30,N,,N,comtrade_api_key,,Medium,UN Comtrade provides China's monthly export statistics (HS 4808 corrugated paper/paperboard) via a d,2,0.60,
BRAZIL_CORRUGATED_BOARDS_BRAZILLATAM_RETAIL_ECOMMERCE_PACKAGING_INTENSITY,Corrugated Boards,Brazil/LATAM retail e-commerce packaging intensity,Brazil,4,Low,,ABPO - Associação Brasileira do Papelão Ondulado,https://www.abpo.org.br/estatisticas/,corrugated board shipments and e-commerce packaging demand statistics (Brazil),paid_or_restricted,Monthly,mean,BRL/MT,2021-02,Y,30,N,,N,,,Medium,ABPO is the primary Brazilian industry body tracking corrugated board volumes and end-use segments i,2,0.25,
LATIN_AMERICA_CORRUGATED_BOARDS_STOCKS_CONTAINERBOARD_INVENTORIES,Corrugated Boards,Stocks - Containerboard Inventories,Latin America,4,Low,,Fastmarkets RISI,https://www.fastmarkets.com/products/forest-products/packaging-paper,Fastmarkets Latin America Containerboard Inventory Report,paid_or_restricted,Monthly,last,BRL/MT,2021-02,Y,30,N,,N,,,Medium,Containerboard inventory data for Latin America is tracked commercially by Fastmarkets RISI as no fr,2,0.30,
LATIN_AMERICA_CORRUGATED_BOARDS_PROCESSING_MILL_DOWNTIME,Corrugated Boards,Processing - Mill Downtime,Latin America,4,Low,,Empapel/ABPO or Fastmarkets RISI - Latin America pulp & paper mill downtime tracking,https://www.fastmarkets.com/products/forest-products/pulp-and-paper,,paid_or_restricted,Monthly,sum,BRL/MT,2021-02,Y,30,N,,N,,,Medium,Mill downtime data for Latin American corrugated board/paper production is tracked by commercial for,2,0.30,
LATIN_AMERICA_CORRUGATED_BOARDS_DEMAND_PRODUCER_PRICE_INDEX_PAPER_MANUFACTURING,Corrugated Boards,Demand - Producer Price Index - Paper Manufacturing,Latin America,1,Medium,ibge_sidra,IBGE - Índice de Preços ao Produtor (IPP),https://sidra.ibge.gov.br/tabela/6903,table:6903 | variable:63,open_api,Monthly,mean,BRL/MT,2021-02,Y,30,N,,N,,,Medium,IBGE's SIDRA table 6903 provides the monthly Producer Price Index (IPP) broken down by CNAE industry,2,0.60,
INDIA_NATURAL_GAS_NATURAL_GAS,Natural Gas,Natural Gas,India,2,Medium,,"Petroleum Planning and Analysis Cell (PPAC), Ministry of Petroleum and Natural Gas, Government of India",https://ppac.gov.in/prices/domestic-prices-of-natural-gas,,file_download,Monthly,last,USD/MMBtu,2016-01,Y,30,N,,N,,INDIA_NATURAL_GAS_NATURAL_GAS_ALT,Medium,PPAC is the official Indian government body that publishes domestic natural gas price notifications ,2,0.55,
INDIA_NATURAL_GAS_INDIA_NATURAL_GAS_INVENTORYSTORAGE_LEVELS,Natural Gas,India natural gas inventory/storage levels,India,3,Low,,"Petroleum Planning & Analysis Cell (PPAC), Ministry of Petroleum & Natural Gas, India",https://ppac.gov.in/natural-gas/production,,multipage_scrape,Monthly,last,USD/MMBtu,2016-01,Y,30,N,,N,,,Medium,"India lacks a formal natural gas storage/inventory reporting system like the US EIA, so PPAC's month",2,0.25,
INDIA_NATURAL_GAS_SECTORAL_GAS_CONSUMPTION_FERTILIZER_CGD_POWER_REFINERY_PETROCHEMICAL_INDIA,Natural Gas,"Sectoral gas consumption - Fertilizer, CGD, Power, Refinery, Petrochemical (India)",India,3,Medium,,"Petroleum Planning & Analysis Cell (PPAC), Government of India",https://ppac.gov.in/naturalgas/gas-production-consumption,,multipage_scrape,Monthly,sum,USD/MMBtu,2016-01,Y,30,N,,N,,,Medium,"PPAC publishes India's sector-wise natural gas consumption (fertilizer, CGD, power, refinery, petroc",2,0.40,
INDIA_NATURAL_GAS_INDIA_LNG_IMPORT_CAPACITY_TERMINAL_UTILIZATION,Natural Gas,India LNG import capacity & terminal utilization,India,2,Medium,manual_yaml,"Petroleum Planning & Analysis Cell (PPAC), Government of India",https://ppac.gov.in/lng/import-of-lng,table:LNG_Import_Volume_Price_Terminalwise,file_download,Monthly,mean,USD/MMBtu,2016-01,Y,30,N,,N,,,Medium,"PPAC publishes monthly India LNG import volumes, terminal-wise utilization, and landed prices in USD",2,0.50,
INDIA_NATURAL_GAS_INDIA_DOMESTIC_NATURAL_GAS_PRODUCTION_VOLUMES,Natural Gas,India domestic natural gas production volumes,India,2,Medium,,"Petroleum Planning and Analysis Cell (PPAC), Ministry of Petroleum and Natural Gas, Government of India",https://ppac.gov.in/naturalgas/production,https://ppac.gov.in/naturalgas/production,file_download,Monthly,sum,USD/MMBtu,2016-01,Y,30,N,,N,,,Medium,PPAC is India's official government body publishing monthly domestic natural gas production statisti,2,0.60,
INDIA_NATURAL_GAS_INDIA_LNG_IMPORT_VOLUMES,Natural Gas,India LNG import volumes,India,2,Medium,un_comtrade,UN Comtrade Database,https://comtradeplus.un.org/,cmdCode=271111; reporterCode=356; flowCode=M,api_key,Monthly,sum,USD/MMBtu,2016-01,Y,30,N,,N,comtrade_api_key,,Medium,UN Comtrade provides India's monthly import trade statistics for HS code 271111 (liquefied natural g,2,0.55,
INDIA_NATURAL_GAS_INDIA_COALELECTRICITY_PRICE_SUBSTITUTE_FUEL,Natural Gas,India coal/electricity price (substitute fuel),India,2,Medium,worldbank_pinksheet,World Bank Pink Sheet Commodity Prices,https://www.worldbank.org/en/research/commodity-markets,"series:Coal, Australian",open_api,Monthly,mean,USD/MMBtu,2016-01,Y,30,N,,N,,,Medium,"No India-specific coal price API exists publicly, so the internationally traded Australian coal benc",2,0.45,
ASIA_NATURAL_GAS_ASIA_LNG_DEMAND_JKM_PRICE,Natural Gas,Asia LNG demand (JKM price),Asia,4,High,,S&P Global Platts (JKM Japan Korea Marker),https://www.spglobal.com/commodityinsights/en/commodity-insights/products/lng-japan-korea-marker.html,JKM daily LNG spot price assessment,paid_or_restricted,Daily,last,USD/MMBtu,2016-01,Y,30,N,,N,,ASIA_NATURAL_GAS_ASIA_LNG_DEMAND_JKM_PRICE_ALT,Medium,JKM is a proprietary daily price assessment published by S&P Global Platts and is not available thro,2,0.85,
INDIA_NATURAL_GAS_INDIA_PIPELINE_FLOW_GAS_GRID_UTILIZATION_DATA,Natural Gas,India pipeline flow / gas grid utilization data,India,2,Low,manual_yaml,Petroleum and Natural Gas Regulatory Board (PNGRB) - Natural Gas Pipeline Flow Data,https://www.pngrb.gov.in/gas-infra-detail/Natural-Gas-Pipeline.html,PNGRB monthly gas pipeline throughput and grid utilization reports (PDF/table extraction),file_download,Monthly,mean,USD/MMBtu,2016-01,Y,30,N,,N,,,Medium,PNGRB is India's gas pipeline regulator publishing periodic pipeline capacity utilization and flow d,2,0.35,
INDIA_NATURAL_GAS_INDIA_COALTOGAS_SWITCHING_IN_POWER_GENERATION,Natural Gas,India coal-to-gas switching in power generation,India,2,Medium,,"Petroleum Planning and Analysis Cell (PPAC), Ministry of Petroleum and Natural Gas, Government of India",https://ppac.gov.in/prices/gas-prices,https://ppac.gov.in/prices/gas-prices,file_download,Monthly,mean,USD/MMBtu,2016-01,Y,30,N,,N,,INDIA_NATURAL_GAS_INDIA_COALTOGAS_SWITCHING_IN_POWER_GENERATION_ALT,Medium,PPAC publishes official monthly domestic and imported natural gas price data in USD/MMBtu that under,2,0.45,
INDIA_NATURAL_GAS_INDIA_INDUSTRIALPETROCHEMICAL_NATURAL_GAS_FEEDSTOCK_DEMAND_FERTILIZER_CGD_SECTORS,Natural Gas,"India industrial/petrochemical natural gas feedstock demand (fertilizer, CGD sectors)",India,2,Medium,manual_yaml,"Petroleum Planning & Analysis Cell (PPAC), Ministry of Petroleum & Natural Gas, Government of India",https://ppac.gov.in/gas/gas-info,"PPAC Natural Gas Consumption by Sector (Fertilizer, CGD, Industrial) - monthly report tables",file_download,Monthly,mean,USD/MMBtu,2016-01,Y,30,N,,N,,,Medium,PPAC is the Indian government's authoritative open publisher of sector-wise natural gas consumption ,2,0.45,
GLOBAL_NATURAL_GAS_FEEDSTOCK_CRUDE_OIL_PRICES,Natural Gas,Feedstock - Crude Oil Prices,Global,1,High,fred,FRED (Federal Reserve Bank of St. Louis),https://fred.stlouisfed.org/series/DCOILBRENTEU,series_id:DCOILBRENTEU,api_key,Daily,mean,USD/MMBtu,2016-01,Y,30,N,,N,fred_api_key,GLOBAL_NATURAL_GAS_FEEDSTOCK_CRUDE_OIL_PRICES_EIA,Medium,"FRED provides free, API-accessible daily Brent crude oil spot prices, a standard global benchmark us",2,0.80,
INDIA_NATURAL_GAS_FEEDSTOCK_DOMESTIC_PRODUCTION,Natural Gas,Feedstock - Domestic production,India,2,Medium,,"Petroleum Planning & Analysis Cell (PPAC), Ministry of Petroleum and Natural Gas, Government of India",https://ppac.gov.in/prices/natural-gas-domestic-price,https://ppac.gov.in/prices/natural-gas-domestic-price,file_download,Monthly,last,USD/MMBtu,2016-01,Y,30,N,,N,,,Medium,PPAC publishes India's government-notified domestic natural gas price (APM gas price) in USD/MMBtu o,2,0.55,
INDIA_NATURAL_GAS_IMPORTS_LNG_IMPORTS_INDIA,Natural Gas,Imports - LNG Imports - India,India,3,Medium,manual_yaml,"Petroleum Planning & Analysis Cell (PPAC), Ministry of Petroleum and Natural Gas, Government of India",https://www.ppac.gov.in/prices,table:LNG Import Price (Monthly) - USD/MMBtu,multipage_scrape,Monthly,mean,USD/MMBtu,2016-01,Y,30,N,,N,,,Medium,PPAC publishes official monthly LNG import price data for India in USD/MMBtu but only as downloadabl,2,0.55,
INDIA_NATURAL_GAS_DEMAND_TOTAL_CONSUMPTION,Natural Gas,Demand - Total consumption,India,3,Medium,manual_yaml,"Petroleum Planning & Analysis Cell (PPAC), Ministry of Petroleum and Natural Gas, Government of India",https://ppac.gov.in/natural-gas/consumption,"table:Natural Gas Consumption (sector-wise, monthly)",multipage_scrape,Monthly,sum,USD/MMBtu,2016-01,Y,30,N,,N,,,Medium,PPAC publishes official monthly sector-wise natural gas consumption data for India as downloadable t,2,0.50,
INDIA_NATURAL_GAS_SECTORAL_CONSUMPTION_FERTILIZER_CGD_POWER_REFINERY_PETROCHEMICAL,Natural Gas,"Sectoral Consumption (Fertilizer, CGD, Power, Refinery, Petrochemical)",India,2,Medium,,"Petroleum Planning and Analysis Cell (PPAC), Ministry of Petroleum and Natural Gas, Government of India",https://www.ppac.gov.in/naturalgas/consumption,https://www.ppac.gov.in/naturalgas/consumption,file_download,Monthly,sum,USD/MMBtu,2016-01,Y,30,N,,N,,,Medium,"PPAC publishes official monthly sector-wise natural gas consumption data for India (fertilizer, CGD,",2,0.55,
INDIA_NATURAL_GAS_SUBSTITUTE_COALELECTRICITY_PRICE,Natural Gas,Substitute - Coal/Electricity Price,India,2,Medium,worldbank_pinksheet,World Bank Commodity Markets (Pink Sheet),https://www.worldbank.org/en/research/commodity-markets,"series:Coal, Australian",open_api,Monthly,mean,USD/MMBtu,2016-01,Y,30,N,,N,,,Medium,"No free India-specific coal/electricity price API exists in USD/MMBtu, so the World Bank Pink Sheet ",2,0.45,
HUNGARY_AVERAGE_WAGES_AVERAGE_WAGES,Average Wages,Average Wages,Hungary,2,Medium,,Hungarian Central Statistical Office (KSH),https://www.ksh.hu/stadat_files/mun/en/mun0004.html,,file_download,Monthly,last,HUF/Month,2018-01,Y,30,N,,N,,,Medium,"KSH publishes monthly average gross/net earnings tables in HUF that are freely downloadable, providi",2,0.60,
HUNGARY_AVERAGE_WAGES_HUNGARY_UNEMPLOYMENT_RATE_KSH,Average Wages,Hungary unemployment rate (KSH),Hungary,1,High,eurostat,Eurostat,https://ec.europa.eu/eurostat/databrowser/view/une_rt_m/default/table,dataset:une_rt_m | filters:geo=HU;s_adj=SA;age=TOTAL;sex=T;unit=PC_ACT,open_api,Monthly,last,HUF/Month,2018-01,Y,30,N,,N,,,Medium,Eurostat provides harmonized monthly unemployment rate data for Hungary sourced from KSH via a docum,2,0.75,
HUNGARY_AVERAGE_WAGES_HUNGARY_LABOR_FORCE_PARTICIPATION_RATE_KSH,Average Wages,Hungary labor force participation rate (KSH),Hungary,2,Medium,,Hungarian Central Statistical Office (KSH),https://www.ksh.hu/stadat_files/mun/en/mun0031.html,,file_download,Quarterly,last,HUF/Month,2018-01,Y,30,N,,N,,,Medium,KSH publishes labor force participation rate tables directly on its STADAT statistical database as f,2,0.50,
HUNGARY_AVERAGE_WAGES_HUNGARY_CPI_KSH,Average Wages,Hungary CPI (KSH),Hungary,1,High,eurostat,Eurostat,https://ec.europa.eu/eurostat/databrowser/view/prc_hicp_midx/default/table,dataset:prc_hicp_midx | filters:geo=HU;coicop=CP00;unit=I15,open_api,Monthly,last,HUF/Month,2018-01,Y,30,N,,N,,,Medium,"Eurostat publishes harmonized HICP index data for Hungary monthly via an open API, serving as a reli",2,0.75,
HUNGARY_AVERAGE_WAGES_HUNGARY_LABOR_PRODUCTIVITY_GROWTH_KSH,Average Wages,Hungary labor productivity growth (KSH),Hungary,2,Medium,,Hungarian Central Statistical Office (KSH),https://www.ksh.hu/stadat_files/mun/en/mun0004.html,,file_download,Quarterly,last,HUF/Month,2018-01,Y,30,N,,N,,,Medium,"KSH publishes labor productivity and average wage statistics as free downloadable STADAT tables, tho",2,0.50,
HUNGARY_AVERAGE_WAGES_HUNGARY_UNIONCOLLECTIVE_BARGAINING_OUTCOMES,Average Wages,Hungary union/collective bargaining outcomes,Hungary,2,Medium,manual_yaml,Hungarian Central Statistical Office (KSH) - STADAT Wages and Earnings,https://www.ksh.hu/stadat_files/mun/en/mun0004.html,mun0004: Average gross monthly earnings by industry (national economy),file_download,Monthly,last,HUF/Month,2018-01,Y,30,N,,N,,,Medium,KSH publishes official monthly average gross earnings data reflecting negotiated wage outcomes in Hu,2,0.45,
EU_AVERAGE_WAGES_HUNGARYEU_LABOR_MIGRATION_SUPPLY_TRENDS,Average Wages,Hungary/EU labor migration & supply trends,EU,1,Medium,eurostat,Eurostat,https://ec.europa.eu/eurostat/databrowser/view/earn_mw_cur/default/table,dataset:earn_mw_cur | filters:geo=HU,open_api,Monthly,last,HUF/Month,2018-01,Y,30,N,,N,,,Medium,"Eurostat publishes monthly minimum/average wage levels in national currency including Hungary, acces",2,0.55,
HUNGARY_AVERAGE_WAGES_HUNGARY_SECTORAL_EMPLOYMENT_MIX_SHIFT_MANUFACTURING_VS_SERVICES,Average Wages,Hungary sectoral employment mix shift (manufacturing vs. services),Hungary,1,High,eurostat,Eurostat,https://ec.europa.eu/eurostat/databrowser/view/lfsa_egan22d/default/table,dataset:lfsa_egan22d | filters:geo=HU;sex=T;age=Y15-64,open_api,Annual,last,HUF/Month,2018-01,Y,30,N,,N,,,Medium,"Eurostat's lfsa_egan22d dataset provides employment by economic activity (NACE sectors) for Hungary,",2,0.75,
EU_AVERAGE_WAGES_HUNGARYEU_AUTOMATION_AI_ADOPTION_IMPACT_ON_LABOR_DEMAND,Average Wages,Hungary/EU automation & AI adoption impact on labor demand,EU,2,Medium,,Hungarian Central Statistical Office (KSH),https://www.ksh.hu/stadat_files/mun/en/mun0002.html,"STADAT table MUN0002: Average gross monthly earnings, HUF, national economy",file_download,Monthly,last,HUF/Month,2018-01,Y,30,N,,N,,,Medium,"KSH publishes the official monthly average gross earnings series in HUF for Hungary as an open, dire",2,0.55,
GERMANY_CPI_CPI,CPI,CPI,Germany,1,High,eurostat,Eurostat,https://ec.europa.eu/eurostat/databrowser/view/prc_hicp_midx/default/table,dataset:prc_hicp_midx | filters:geo=DE;coicop=CP00;unit=I15,open_api,Monthly,last,Index,2018-01,Y,30,N,,N,,,Medium,Eurostat publishes the Harmonised Index of Consumer Prices for Germany monthly via an open API datas,2,0.90,
GERMANY_CPI_GERMANY_ENERGY_PRICES_FUELELECTRICITY_DESTATISBDEW,CPI,Germany energy prices (fuel/electricity) - Destatis/BDEW,Germany,1,High,eurostat,Eurostat,https://ec.europa.eu/eurostat/databrowser/view/prc_hicp_midx/default/table,dataset:prc_hicp_midx | filters:coicop=CP0451;geo=DE;unit=I15,open_api,Monthly,last,Index,2018-01,Y,30,N,,N,,,Medium,Eurostat's harmonized HICP database provides a monthly energy sub-index for Germany that closely tra,2,0.75,
GERMANY_CPI_GERMANY_FOOD_PRICE_INDEX_DESTATIS,CPI,Germany food price index (Destatis),Germany,1,High,eurostat,Eurostat,https://ec.europa.eu/eurostat/databrowser/view/prc_hicp_midx/default/table,dataset:prc_hicp_midx | filters:coicop=CP01;geo=DE;unit=INX_A_AVG,open_api,Monthly,last,Index,2018-01,Y,30,N,,N,,,Medium,"Eurostat publishes harmonized HICP food price indices (COICOP CP01) for Germany monthly, sourced fro",2,0.75,
GERMANY_CPI_GERMANY_HOUSINGRENT_COST_INDEX_DESTATIS,CPI,Germany housing/rent cost index (Destatis),Germany,1,High,eurostat,Eurostat,https://ec.europa.eu/eurostat/databrowser/view/prc_hicp_midx/default/table,dataset:prc_hicp_midx | filters:coicop=CP041;geo=DE;unit=I15,open_api,Monthly,last,Index,2018-01,Y,30,N,,N,,,Medium,Eurostat's harmonized HICP dataset provides the CP041 (actual rentals for housing) sub-index for Ger,2,0.75,
GERMANY_CPI_GERMANY_CORE_SERVICES_INFLATION_DESTATISBUNDESBANK,CPI,Germany core services inflation (Destatis/Bundesbank),Germany,1,High,eurostat,Eurostat,https://ec.europa.eu/eurostat/databrowser/view/prc_hicp_midx/default/table,dataset:prc_hicp_midx | filters:coicop=SERV;geo=DE;unit=I15,open_api,Monthly,last,Index,2018-01,Y,30,N,,N,,,Medium,Eurostat's harmonized HICP database publishes monthly services-index values (COICOP=SERV) for German,2,0.75,
GERMANY_CPI_GERMANY_WAGE_GROWTH_DESTATIS_VERDIENSTE,CPI,Germany wage growth (Destatis Verdienste),Germany,1,Medium,eurostat,Eurostat,https://ec.europa.eu/eurostat/databrowser/view/lc_lci_r2/default/table,dataset:lc_lci_r2 | filters:geo=DE;unit=I20;nace_r2=B-S,open_api,Quarterly,mean,Index,2018-01,Y,30,N,,N,,,Medium,"Eurostat's Labour Cost Index dataset provides Germany's nominal wage growth index quarterly, alignin",2,0.60,
EU_CPI_EUROZONE_M3_MONEY_SUPPLY_ECB_INTEREST_RATE_POLICY,CPI,Eurozone M3 money supply / ECB interest rate policy,EU,2,Medium,eurostat,Eurostat,https://ec.europa.eu/eurostat/databrowser/view/ei_bsme_m/default/table,dataset:ei_bsme_m,open_api,Monthly,last,Index,2018-01,Y,30,N,,N,,,Medium,"Eurostat publishes monthly Eurozone monetary aggregates (including M3) sourced from ECB data, access",2,0.60,
GERMANY_CPI_GERMANY_IMPORT_PRICE_INDEX_DESTATIS,CPI,Germany import price index (Destatis),Germany,2,High,eurostat,Eurostat,https://ec.europa.eu/eurostat/databrowser/view/sts_inpi_m/default/table,dataset:sts_inpi_m | filters:geo=DE,open_api,Monthly,last,Index,2018-01,Y,30,N,,N,,,Medium,Eurostat's short-term statistics import price index dataset (sts_inpi_m) provides Germany's import p,2,0.70,
GLOBAL_CPI_GLOBAL_SUPPLY_CHAIN_PRESSURE_INDEX,CPI,Global Supply Chain Pressure Index,Global,1,High,manual_yaml,Federal Reserve Bank of New York,https://www.newyorkfed.org/research/policy/gscpi,https://www.newyorkfed.org/medialibrary/research/interactives/gscpi/downloads/gscpi_data.xlsx,file_download,Monthly,last,Index,2018-01,Y,30,N,,N,,,Medium,"The NY Fed publishes the Global Supply Chain Pressure Index monthly as a free, directly downloadable",2,0.90,
GERMANY_CPI_GERMANY_RENTAL_VACANCY_RATE_DESTATIS,CPI,Germany rental vacancy rate (Destatis),Germany,3,Low,manual_yaml,Statistisches Bundesamt (Destatis) - GENESIS-Online Database,https://www-genesis.destatis.de/genesis/online,table:31231-0002 (Wohnungsleerstand/Zensus),api_key,Annual,last,Index,2018-01,Y,30,N,,N,,,Medium,Destatis publishes housing vacancy figures primarily through periodic Zensus (census) releases in it,2,0.35,
GERMANY_CPI_GERMANY_USED_NEW_VEHICLE_PRICE_INDEX_DESTATIS,CPI,Germany used & new vehicle price index (Destatis),Germany,2,Medium,eurostat,Eurostat (HICP by COICOP),https://ec.europa.eu/eurostat/databrowser/view/prc_hicp_midx/default/table?lang=en,dataset:prc_hicp_midx | filters:geo=DE;coicop=CP0711;unit=I15,open_api,Monthly,last,Index,2018-01,Y,30,N,,N,,,Medium,Eurostat publishes the harmonized HICP sub-index for purchase of vehicles (COICOP CP0711) for German,2,0.60,
USA_PPI_PPI,PPI,PPI,USA,1,High,fred,FRED (Federal Reserve Bank of St. Louis),https://fred.stlouisfed.org/series/PPIACO,series_id:PPIACO,open_api,Monthly,last,Index,2018-01,Y,30,N,,N,fred_api_key,,Medium,"FRED provides the BLS Producer Price Index (All Commodities) via a well-documented open API, ideal f",2,0.95,
USA_PPI_INPUT_COMMODITY_PRICES_ENERGY_METALS_AG,PPI,"Input commodity prices (energy, metals, ag)",USA,1,High,fred,Federal Reserve Economic Data (FRED) - PPI by Commodity,https://fred.stlouisfed.org/series/PPIACO,series_id:PPIACO,api_key,Monthly,last,Index,2018-01,Y,30,N,,N,fred_api_key,,Medium,"FRED provides the BLS-sourced All Commodities PPI index via a free, well-documented API suitable as ",2,0.85,
USA_PPI_ENERGY_COSTS,PPI,Energy costs,USA,1,High,fred,FRED (Federal Reserve Bank of St. Louis),https://fred.stlouisfed.org/series/PPIENG,series_id:PPIENG,open_api,Monthly,last,Index,2018-01,Y,30,N,,N,fred_api_key,,Medium,FRED provides the BLS Producer Price Index for the energy special aggregate (PPIENG) as a monthly in,2,0.90,
USA_PPI_FREIGHTLOGISTICS_COSTS,PPI,Freight/logistics costs,USA,1,High,fred,FRED (Federal Reserve Bank of St. Louis) - Producer Price Index by Industry: General Freight Trucking,https://fred.stlouisfed.org/series/PCU4841214841212,series_id:PCU4841214841212,api_key,Monthly,last,Index,2018-01,Y,30,N,,N,fred_api_key,,Medium,BLS PPI data for general freight trucking is published via FRED with a documented free API key acces,2,0.85,
USA_PPI_MANUFACTURING_PMI,PPI,Manufacturing PMI,USA,4,Medium,,Institute for Supply Management (ISM),https://www.ismworld.org/supply-management-news-and-reports/reports/ism-report-on-business/pmi/manufacturing/,ISM Manufacturing PMI Composite Index (monthly report),paid_or_restricted,Monthly,last,Index,2018-01,Y,30,N,,N,,,Medium,ISM is the sole publisher of the Manufacturing PMI and full historical/machine-readable data access ,2,0.55,
USA_PPI_EXCHANGE_RATE_MOVEMENTS,PPI,Exchange rate movements,USA,1,High,fred,Federal Reserve Economic Data (FRED) - Trade Weighted U.S. Dollar Index,https://fred.stlouisfed.org/series/DTWEXBGS,series_id:DTWEXBGS,api_key,Daily,mean,Index,2018-01,Y,30,N,,N,fred_api_key,,Medium,"FRED provides the Federal Reserve's broad trade-weighted USD index via a free documented API, servin",2,0.85,
USA_PPI_LABOR_COSTS_UNIT_LABOR_COST_INDEX,PPI,Labor costs (unit labor cost index),USA,1,High,fred,Federal Reserve Economic Data (FRED) - Nonfarm Business Sector: Unit Labor Costs,https://fred.stlouisfed.org/series/ULCNFB,series_id:ULCNFB,api_key,Quarterly,last,Index,2018-01,Y,30,N,,N,fred_api_key,,Medium,"FRED hosts BLS's official quarterly unit labor cost index for the nonfarm business sector, a standar",2,0.85,
APAC_PPI_CAPACITY_UTILIZATION_RATE,PPI,Capacity utilization rate,APAC,2,Low,manual_yaml,"Japan Ministry of Economy, Trade and Industry (METI) - Indices of Industrial Production, Capacity Utilization Index",https://www.e-stat.go.jp/en/stat-search/files?page=1&toukei=00550100,"e-Stat API: statsDataId for METI Capacity Utilization Index (Indices of Industrial Production series), monthly, seasonally adjusted",api_key,Monthly,mean,Index,2018-01,Y,30,N,,N,,APAC_PPI_CAPACITY_UTILIZATION_RATE_ALT,Medium,"No single APAC-wide capacity utilization index exists publicly, so Japan's METI capacity utilization",2,0.35,
GLOBAL_PPI_GLOBAL_SUPPLY_CHAIN_PRESSURE_INDEX,PPI,Global Supply Chain Pressure Index,Global,1,High,fred,Federal Reserve Bank of New York - Global Supply Chain Pressure Index,https://www.newyorkfed.org/research/policy/gscpi,series_id:GSCPI,open_api,Monthly,last,Index,2018-01,Y,30,N,,N,fred_api_key,,Medium,"The NY Fed's GSCPI is mirrored on FRED as an official monthly index series, providing free API acces",2,0.85,
USA_PPI_SEMICONDUCTORCHIP_PRICE_INDEX,PPI,Semiconductor/chip price index,USA,2,High,fred,U.S. Bureau of Labor Statistics - PPI Semiconductor and Related Device Manufacturing,https://fred.stlouisfed.org/series/PCU334413334413,series_id:PCU334413334413,api_key,Monthly,last,Index,2018-01,Y,30,N,,N,fred_api_key,,Medium,BLS producer price index for semiconductor and related device manufacturing (NAICS 334413) is publis,2,0.80,
USA_PPI_CONSTRUCTION_MATERIALS_PRICE_INDEX,PPI,Construction materials price index,USA,1,High,fred,FRED (Federal Reserve Bank of St. Louis) - Producer Price Index by Commodity: Special Indexes: Construction Materials,https://fred.stlouisfed.org/series/WPUSI012011,series_id:WPUSI012011,api_key,Monthly,last,Index,2018-01,Y,30,N,,N,fred_api_key,,Medium,"FRED hosts the BLS PPI Construction Materials special index as a free, API-accessible monthly series",2,0.90,
CHINA_LCI_CHINA_LCI_CHINA,LCI China,LCI China,China,3,Low,manual_yaml,National Bureau of Statistics of China,https://data.stats.gov.cn/english/easyquery.htm?cn=A01,NBS Monthly Average Wage/Labor Cost Index - National Data query for 'average wage' series under Employment category,multipage_scrape,Monthly,mean,CNY/Month,2015-01,Y,30,N,,N,,,Medium,China's National Bureau of Statistics publishes labor cost/wage data through its National Data porta,2,0.35,
CHINA_LCI_CHINA_MANUFACTURING_EMPLOYMENT_LEVELS,LCI China,Manufacturing employment levels,China,2,Medium,,National Bureau of Statistics of China,https://data.stats.gov.cn/english/easyquery.htm?cn=A01,"https://data.stats.gov.cn/english/easyquery.htm?cn=A01 (Average Wage of Employed Persons in Urban Units by Industry, Manufacturing)",file_download,Annual,last,CNY/Month,2015-01,Y,30,N,,N,,,Medium,"NBS China publishes official manufacturing employment and wage statistics free of charge, though onl",2,0.45,
CHINA_LCI_CHINA_CHINA_MANUFACTURING_PMI,LCI China,China manufacturing PMI,China,2,Medium,manual_yaml,National Bureau of Statistics of China,https://data.stats.gov.cn/english/easyquery.htm?cn=A01,"indicator:Purchasing Managers Index (Manufacturing), monthly, national",file_download,Monthly,last,CNY/Month,2015-01,Y,30,N,,N,,,Medium,"The NBS is the official publisher of China's manufacturing PMI and provides a free, publicly accessi",2,0.55,
CHINA_LCI_CHINA_MIGRANT_LABOR_SUPPLYURBANIZATION_RATE,LCI China,Migrant labor supply/urbanization rate,China,2,Medium,manual_yaml,National Bureau of Statistics of China (NBS),https://data.stats.gov.cn/english/easyquery.htm?cn=C01,NBS Annual Report on Migrant Workers Monitoring Survey - average monthly income of migrant workers,file_download,Annual,mean,CNY/Month,2015-01,Y,30,N,,N,,,Medium,NBS publishes annual migrant worker monitoring survey data including average monthly income (CNY/mon,2,0.45,
CHINA_LCI_CHINA_SOCIAL_SECURITY_CONTRIBUTION_RATES,LCI China,Social security contribution rates,China,4,Low,,China Ministry of Human Resources and Social Security,http://www.mohrss.gov.cn/,,paid_or_restricted,Annual,last,CNY/Month,2015-01,Y,30,N,,N,,,Medium,Social security contribution rates in China are set by local/provincial government notices without a,2,0.30,
CHINA_LCI_CHINA_CHINA_CPI,LCI China,China CPI,China,2,High,fred,FRED (Federal Reserve Bank of St. Louis) - China Consumer Price Index,https://fred.stlouisfed.org/series/CHNCPIALLMINMEI,series_id:CHNCPIALLMINMEI,api_key,Monthly,last,CNY/Month,2015-01,Y,30,N,,N,fred_api_key,,Medium,"FRED republishes China's monthly CPI index (sourced from OECD/NBS) via a free, documented API requir",2,0.85,
CHINA_LCI_CHINA_USDCNY_EXCHANGE_RATE,LCI China,USD/CNY exchange rate,China,1,High,frankfurter,Frankfurter (ECB reference rates),https://www.frankfurter.app/,base:USD | target:CNY,open_api,Daily,mean,CNY/Month,2015-01,Y,30,N,,N,,CHINA_LCI_CHINA_USDCNY_EXCHANGE_RATE_BIS,Medium,"Frankfurter provides free, open, daily ECB-referenced USD/CNY exchange rates that can be aggregated ",2,0.85,
CHINA_LCI_CHINA_CHINA_GDP_GROWTH_RATE,LCI China,China GDP growth rate,China,1,High,fred,FRED (Federal Reserve Bank of St. Louis) - OECD China GDP Growth Rate,https://fred.stlouisfed.org/series/NAEXKP01CNQ657S,series_id:NAEXKP01CNQ657S,open_api,Quarterly,last,CNY/Month,2015-01,Y,30,N,,N,fred_api_key,,Medium,"FRED provides an OECD-sourced quarterly China real GDP growth rate series via a free, documented API",2,0.75,
AUSTRALIA_LCI_AUSTRALIA_LCI_AUSTRALIA,LCI Australia,LCI Australia,Australia,2,Medium,,Australian Bureau of Statistics,https://www.abs.gov.au/statistics/economy/price-indexes-and-inflation/labour-price-index-australia/latest-release,,file_download,Quarterly,last,AUD/Hour,2014-11,Y,30,N,,N,,,Medium,ABS publishes the Labour Price Index (including hourly labour cost measures) for Australia as a free,2,0.60,
AUSTRALIA_LCI_AUSTRALIA_RBA_CASH_RATE,LCI Australia,RBA cash rate,Australia,2,High,,Reserve Bank of Australia,https://www.rba.gov.au/statistics/cash-rate/,https://www.rba.gov.au/statistics/cash-rate/,file_download,Daily,last,AUD/Hour,2014-11,Y,30,N,,N,,,Medium,"The RBA publishes the official cash rate target series directly and freely on its statistics page, u",2,0.70,
AUSTRALIA_LCI_AUSTRALIA_ENTERPRISE_BARGAINING_AGREEMENT_WAGE_OUTCOMES,LCI Australia,Enterprise Bargaining Agreement wage outcomes,Australia,2,Medium,manual_yaml,Australian Department of Employment and Workplace Relations - Trends in Enterprise Bargaining,https://www.dewr.gov.au/national-workplace-relations-and-economic-data/trends-enterprise-bargaining-publication,Trends in Enterprise Bargaining quarterly report - Average Annualised Wage Increase (AAWI) table,file_download,Quarterly,mean,AUD/Hour,2014-11,Y,30,N,,N,,,Medium,DEWR publishes quarterly Trends in Enterprise Bargaining reports containing average annualised wage ,2,0.55,
AUSTRALIA_LCI_AUSTRALIA_UNEMPLOYMENT_RATE,LCI Australia,Unemployment rate,Australia,2,Medium,,Australian Bureau of Statistics,https://www.abs.gov.au/statistics/labour/employment-and-unemployment/labour-force-australia/latest-release,,file_download,Monthly,last,AUD/Hour,2014-11,Y,30,N,,N,,,Medium,ABS Labour Force Australia is the official monthly unemployment rate release but requires manual dow,2,0.55,
AUSTRALIA_LCI_AUSTRALIA_AUSTRALIA_CPI,LCI Australia,Australia CPI,Australia,2,Medium,manual_yaml,Australian Bureau of Statistics,https://www.abs.gov.au/statistics/economy/price-indexes-and-inflation/consumer-price-index-australia/latest-release,table:CPI All Groups Australia (ABS Cat. 6401.0),file_download,Quarterly,last,AUD/Hour,2014-11,Y,30,N,,N,,,Medium,"The ABS is the authoritative free publisher of Australia's CPI, released quarterly as downloadable s",2,0.60,
AUSTRALIA_LCI_AUSTRALIA_SECTOR_EMPLOYMENT_MININGSERVICES_MIX,LCI Australia,Sector employment (mining/services) mix,Australia,2,Medium,,"Australian Bureau of Statistics (ABS) - Labour Force, Australia, Detailed",https://www.abs.gov.au/statistics/labour/employment-and-unemployment/labour-force-australia-detailed,"Employed persons by Industry division (mining vs services) - Table 4, monthly",file_download,Monthly,mean,AUD/Hour,2014-11,Y,30,N,,N,,,Medium,ABS publishes detailed employment-by-industry breakdowns (mining vs services sectors) monthly as dow,2,0.55,
AUSTRALIA_LCI_AUSTRALIA_NET_OVERSEAS_MIGRATION,LCI Australia,Net overseas migration,Australia,2,Medium,,Australian Bureau of Statistics,https://www.abs.gov.au/statistics/people/population/net-overseas-migration/latest-release,https://www.abs.gov.au/statistics/people/population/net-overseas-migration/latest-release,api_key,Quarterly,last,AUD/Hour,2014-11,Y,30,N,,N,,,Medium,"ABS publishes Net Overseas Migration quarterly as part of its National, State and Territory Populati",2,0.55,
AUSTRALIA_LCI_AUSTRALIA_LABOR_PRODUCTIVITY_GROWTH,LCI Australia,Labor productivity growth,Australia,2,Medium,,Australian Bureau of Statistics - Estimates of Industry Multifactor Productivity,https://www.abs.gov.au/statistics/economy/national-accounts/estimates-industry-multifactor-productivity,,file_download,Annual,last,AUD/Hour,2014-11,Y,30,N,,N,,,Medium,"ABS publishes labor productivity (GVA per hour worked) data as free downloadable spreadsheets, thoug",2,0.55,
AUSTRALIA_LCI_AUSTRALIA_MINING_SECTOR_WAGE_PREMIUM,LCI Australia,Mining sector wage premium,Australia,2,Medium,manual_yaml,"Australian Bureau of Statistics - Average Weekly Earnings, Australia",https://www.abs.gov.au/statistics/labour/earnings-and-working-conditions/average-weekly-earnings-australia,table:Average Weekly Earnings by Industry (Mining) - Table 11,file_download,Quarterly,mean,AUD/Hour,2014-11,Y,30,N,,N,,,Medium,ABS publishes quarterly average weekly earnings by industry (including Mining) which can be used to ,2,0.55,
SOUTH_AFRICA_CEMENT_CEMENT,Cement,Cement,South Africa,3,Medium,manual_yaml,Statistics South Africa (Stats SA) - Producer Price Index,https://www.statssa.gov.za/?page_id=1854&PPN=P0142.1,"PPI release P0142.1: Cement, lime and plaster manufacturing sub-index (monthly index table)",file_download,Monthly,last,Index,2021-01,Y,30,N,,N,,,Medium,Stats SA publishes a monthly Producer Price Index that includes a cement manufacturing sub-index as ,2,0.45,
SOUTH_AFRICA_CEMENT_COALPETCOKE_PRICE_KILN_FUEL,Cement,Coal/petcoke price (kiln fuel),South Africa,1,High,worldbank_pinksheet,World Bank Commodity Markets (Pink Sheet),https://www.worldbank.org/en/research/commodity-markets,"series:Coal, South African",open_api,Monthly,mean,Index,2021-01,Y,30,N,,N,,,Medium,World Bank Pink Sheet publishes a monthly South African coal export price series that can serve as a,2,0.70,
SOUTH_AFRICA_CEMENT_SOUTH_AFRICA_ELECTRICITY_COST_ESKOM_TARIFFS,Cement,South Africa electricity cost (Eskom tariffs),South Africa,3,Medium,,Eskom (National Energy Regulator of South Africa tariff schedules),https://www.eskom.co.za/distribution/tariffs-and-charges/,,multipage_scrape,Annual,last,Index,2021-01,Y,30,N,,N,,,Medium,"Eskom publishes its approved tariff schedules and average price increases annually on its website, b",2,0.40,
SOUTH_AFRICA_CEMENT_SOUTH_AFRICA_CONSTRUCTION_HOUSING_STARTS_STATS_SA,Cement,South Africa construction & housing starts (Stats SA),South Africa,2,Medium,,Statistics South Africa (Stats SA),https://www.statssa.gov.za/?page_id=1854&PPN=P5041.1,"Building Statistics (P5041.1) - Selected building statistics of the private sector, monthly release",file_download,Monthly,sum,Index,2021-01,Y,30,N,,N,,SOUTH_AFRICA_CEMENT_SOUTH_AFRICA_CONSTRUCTION_HOUSING_STARTS_STATS_SA_ALT,Medium,Stats SA publishes monthly building plans passed/completed statistics as the closest public proxy fo,2,0.55,
SOUTH_AFRICA_CEMENT_SOUTH_AFRICA_CLINKER_CAPACITY_UTILIZATION,Cement,South Africa clinker capacity utilization,South Africa,4,Low,,Cement & Concrete SA / Industry Reports,https://www.cemcrete.co.za,,paid_or_restricted,Annual,mean,Index,2021-01,Y,30,N,,N,,,Medium,South African clinker capacity utilization is not published through any open API or free government ,2,0.20,
SOUTH_AFRICA_CEMENT_SOUTH_AFRICA_FREIGHTTRANSPORT_COST,Cement,South Africa freight/transport cost,South Africa,2,Medium,manual_yaml,Statistics South Africa (StatsSA),https://www.statssa.gov.za/?page_id=1854&PPN=P7161,StatsSA P7161 Road Freight Transport Survey - Transport Cost Index,file_download,Quarterly,last,Index,2021-01,Y,30,N,,N,,,Medium,StatsSA's Road Freight Transport survey publishes a quarterly transport/freight cost index for South,2,0.50,
SOUTH_AFRICA_CEMENT_SOUTH_AFRICA_LIMESTONERAW_MATERIAL_COST,Cement,South Africa limestone/raw material cost,South Africa,3,Low,,Statistics South Africa (Stats SA) - Producer Price Index,https://www.statssa.gov.za/?page_id=1854,"PPI - Mining of stone, sand and clay / non-metallic mineral products",multipage_scrape,Monthly,last,Index,2021-01,Y,30,N,,N,,,Medium,Stats SA publishes PPI series covering mining and non-metallic mineral products which serve as the c,2,0.35,
SOUTH_AFRICA_CEMENT_SOUTH_AFRICA_GOVERNMENT_INFRASTRUCTURE_SPENDING_NATIONAL_TREASURY_BUDGET,Cement,South Africa government infrastructure spending (National Treasury budget),South Africa,2,Medium,,National Treasury / Vulekamali Open Budget Portal,https://vulekamali.gov.za/,,file_download,Annual,sum,Index,2021-01,Y,30,N,,N,,,Medium,"Vulekamali is South Africa's official open budget data portal built on National Treasury figures, pr",2,0.55,
CHINA_AIR_FREIGHT_AIR_FREIGHT,Air Freight,Air Freight,China,4,Medium,,Freightos Air Index (FAX),https://www.freightos.com/freight-index/,Freightos Air Index - China air freight rates,paid_or_restricted,Weekly,mean,Index,2018-01,Y,30,N,,N,,,Medium,Air freight rate indices such as the Freightos Air Index are maintained by commercial logistics data,2,0.40,
CHINA_AIR_FREIGHT_CHINA_JET_FUEL_PRICE,Air Freight,China jet fuel price,China,3,Low,,National Development and Reform Commission (NDRC) of China - Refined Oil Price Adjustment Notices,https://www.ndrc.gov.cn/xxgk/zcfb/tz/,manual extraction of jet fuel (航空煤油) price adjustment notices,multipage_scrape,Monthly,last,Index,2018-01,Y,30,N,,N,,,Medium,China's domestic jet fuel price is administratively set and periodically announced by the NDRC on it,2,0.35,
CHINA_AIR_FREIGHT_GLOBAL_AIR_CARGO_TRADE_VOLUMES,Air Freight,Global air cargo trade volumes,China,2,Medium,,National Bureau of Statistics of China,https://data.stats.gov.cn/english/easyquery.htm?cn=A01,https://data.stats.gov.cn/english/easyquery.htm?cn=A01&zb=A0D0F&sj=,open_api,Monthly,sum,Index,2018-01,Y,30,N,,N,,,Medium,China's NBS publishes monthly civil aviation cargo and mail traffic (a standard proxy for air cargo ,2,0.45,
APAC_AIR_FREIGHT_PASSENGER_BELLY_CARGO_CAPACITY,Air Freight,Passenger belly cargo capacity,APAC,4,Medium,,IATA Air Cargo Market Analysis,https://www.iata.org/en/publications/economics/air-cargo-market-analysis/,IATA Air Cargo Market Analysis - APAC belly capacity index (monthly report),paid_or_restricted,Monthly,last,Index,2018-01,Y,30,N,,N,,,Medium,IATA publishes belly cargo capacity indices by region in its subscription-based Air Cargo Market Ana,2,0.40,
CHINA_AIR_FREIGHT_CHINA_ECOMMERCE_CROSSBORDER_DEMAND_ALIBABACUSTOMS_DATA,Air Freight,China e-commerce cross-border demand (Alibaba/customs data),China,2,Medium,china_customs,General Administration of Customs of China (GACC),http://www.customs.gov.cn/customs/302249/zfxxgk/2799825/302274/302275/index.html,commodity=cross-border e-commerce exports; statisticcat_desc=VALUE,file_download,Monthly,sum,Index,2018-01,Y,30,N,,N,,,Medium,China Customs publishes monthly cross-border e-commerce trade statistics that can proxy air freight ,2,0.45,
ASIAPACIFIC_AIR_FREIGHT_IATA_ASIAPACIFIC_AIR_CARGO_CTK_INDEX,Air Freight,IATA Asia-Pacific air cargo CTK index,Asia-Pacific,4,Medium,,IATA (International Air Transport Association) Air Cargo Market Analysis,https://www.iata.org/en/iata-repository/publications/economic-reports/air-cargo-market-analysis---december-2024/,,paid_or_restricted,Monthly,last,Index,2018-01,Y,30,N,,N,,,Medium,IATA publishes CTK (cargo tonne-km) regional indices in its monthly Air Cargo Market Analysis report,2,0.40,
CHINA_AIR_FREIGHT_CHINA_MAJOR_HUB_AIRPORT_CONGESTION_PVGPEK,Air Freight,China major hub airport congestion (PVG/PEK),China,4,Low,,VariFlight (中国民航流量管理系统),https://www.variflight.com/analytics/,,paid_or_restricted,Daily,mean,Index,2018-01,Y,30,N,,N,,,Medium,"VariFlight publishes Chinese airport on-time/delay analytics that could proxy PVG/PEK congestion, bu",2,0.25,
APAC_AIR_FREIGHT_AIRCRAFT_FLEET_CAPACITYDELIVERIES,Air Freight,Aircraft fleet capacity/deliveries,APAC,2,Low,manual_yaml,Boeing Commercial Airplanes - Orders and Deliveries,https://www.boeing.com/commercial/#/orders-deliveries,"orders-deliveries export (filter region=Asia Pacific, monthly delivery counts aggregated to index)",file_download,Monthly,sum,Index,2018-01,Y,30,N,,N,,,Medium,"Boeing publishes a free, downloadable global orders-and-deliveries dataset that can be filtered by A",2,0.35,
CHINA_AIR_FREIGHT_CARGO_LOAD_FACTOR_CTL,Air Freight,Cargo Load Factor (CTL),China,4,Medium,,IATA Air Cargo Market Analysis,https://www.iata.org/en/publications/market-analysis/cargo-market-analysis/,,paid_or_restricted,Monthly,mean,Index,2018-01,Y,30,N,,N,,,Medium,IATA publishes global and regional cargo load factor data including China/Asia-Pacific but requires ,2,0.40,
CHINA_AIR_FREIGHT_MANUFACTURING_PMI,Air Freight,Manufacturing PMI,China,2,Medium,manual_yaml,National Bureau of Statistics of China,http://www.stats.gov.cn/english/PressRelease/,NBS monthly PMI manufacturing index release (English press releases),file_download,Monthly,last,Index,2018-01,Y,30,N,,N,,,Medium,"The NBS is the official publisher of China's Manufacturing PMI, releasing it monthly via press relea",2,0.55,
CHINA_AIR_FREIGHT_NEW_EXPORT_ORDERS,Air Freight,New export orders,China,2,Medium,manual_yaml,National Bureau of Statistics of China,https://data.stats.gov.cn/english/easyquery.htm?cn=A01,PMI_New_Export_Orders_Manufacturing_China,file_download,Monthly,last,Index,2018-01,Y,30,N,,N,,,Medium,NBS China publishes the manufacturing PMI New Export Orders sub-index monthly on its open data porta,2,0.45,
GLOBAL_AIR_FREIGHT_SUBSTITUTE_OCEAN_FREIGHT_RATES,Air Freight,Substitute - Ocean freight Rates,Global,1,High,fred,Federal Reserve Bank of Dallas (Freightos Baltic Global Container Freight Index),https://fred.stlouisfed.org/series/FRGSHPUSM649NCIS,series_id:FRGSHPUSM649NCIS,open_api,Monthly,mean,Index,2018-01,Y,30,N,,N,fred_api_key,,Medium,"FRED hosts a global container freight rate index (Freightos Baltic Index derived) as a free, API-acc",2,0.75,
CHINA_AIR_FREIGHT_PORT_CONGESTION,Air Freight,Port congestion,China,2,Medium,,IMF PortWatch,https://portwatch.imf.org/pages/port-monitor,https://portwatch.imf.org/datasets/imf::daily-port-activity/about,open_api,Daily,mean,Index,2018-01,Y,30,N,,N,,,Medium,"IMF PortWatch publishes a free, publicly accessible daily port congestion indicator derived from AIS",2,0.50,
CHINA_OCEAN_FREIGHT_OCEAN_FREIGHT,Ocean Freight,Ocean Freight,China,3,Medium,,Shanghai Shipping Exchange (SCFI),https://en.sse.net.cn/indices/scfinew.jsp,https://en.sse.net.cn/indices/scfinew.jsp,multipage_scrape,Weekly,last,Index,2018-01,Y,30,N,,N,,,Medium,"The Shanghai Containerized Freight Index (SCFI), published weekly by the Shanghai Shipping Exchange,",2,0.45,
GLOBAL_OCEAN_FREIGHT_BUNKER_FUEL_PRICE,Ocean Freight,Bunker fuel price,Global,1,Medium,eia,U.S. Energy Information Administration (EIA),https://www.eia.gov/dnav/pet/pet_pri_spt_s1_w.htm,PET.EER_EPPR1_PF4_Y35NY_DPG.W,api_key,Weekly,mean,Index,2018-01,Y,30,N,,N,eia_api_key,,Medium,"EIA's New York Harbor residual fuel oil (bunker-grade) spot price series is a free, API-accessible p",2,0.55,
GLOBAL_OCEAN_FREIGHT_BALTIC_DRY_INDEX,Ocean Freight,Baltic Dry Index,Global,4,Medium,,Baltic Exchange / Trading Economics (Baltic Dry Index),https://tradingeconomics.com/commodity/baltic,,paid_or_restricted,Daily,last,Index,2018-01,Y,30,N,,N,,,Medium,The Baltic Dry Index is proprietary data owned by the Baltic Exchange and distributed through licens,2,0.60,
GLOBAL_OCEAN_FREIGHT_CONTAINER_SHIP_CAPACITYORDERBOOK,Ocean Freight,Container ship capacity/orderbook,Global,4,Medium,,Clarksons Research (Shipping Intelligence Network),https://www.clarksons.net/,,paid_or_restricted,Monthly,last,Index,2018-01,Y,30,N,,N,,,Medium,Container ship fleet capacity and orderbook statistics are proprietary datasets maintained by commer,2,0.55,
EU_OCEAN_FREIGHT_CHINAEU_PORT_CONGESTION_LEVELS_SHANGHAI_ROTTERDAM,Ocean Freight,"China/EU port congestion levels (Shanghai, Rotterdam)",EU,3,Medium,,IMF PortWatch,https://portwatch.imf.org/pages/port-congestion,https://portwatch.imf.org/datasets/portwatch::daily-port-activity/api,api_key,Daily,mean,Index,2018-01,Y,30,N,,N,,,Medium,"IMF PortWatch publishes a free, publicly accessible daily port congestion index (including Shanghai ",2,0.45,
CHINA_OCEAN_FREIGHT_GLOBAL_CONTAINER_TRADE_VOLUMES,Ocean Freight,Global container trade volumes,China,2,Medium,,RWI/ISL Container Throughput Index,https://www.rwi-essen.de/en/research-advice/further/rwi-isl-container-throughput-index,,file_download,Monthly,last,Index,2018-01,Y,30,N,,N,,,Medium,RWI/ISL publishes a monthly global and regional (including China/East Asia) container throughput ind,2,0.45,
GLOBAL_OCEAN_FREIGHT_FREIGHTOS_BALTIC_INDEX_FBX_SCFI,Ocean Freight,Freightos Baltic Index (FBX) / SCFI,Global,4,Medium,,Freightos Baltic Index (FBX),https://fbx.freightos.com/,,paid_or_restricted,Daily,last,Index,2018-01,Y,30,N,,N,,,Medium,FBX and SCFI are proprietary indices published by Freightos and Shanghai Shipping Exchange respectiv,2,0.60,
GLOBAL_OCEAN_FREIGHT_SHIPBUILDING_ORDERBOOK_NEW_VESSEL_DELIVERIES,Ocean Freight,Shipbuilding orderbook / new vessel deliveries,Global,4,Medium,,Clarksons Research (Shipping Intelligence Network),https://www.clarksons.net/portal/,Shipping Intelligence Network - Newbuilding Orderbook & Deliveries dataset,paid_or_restricted,Monthly,last,Index,2018-01,Y,30,N,,N,,,Medium,Clarksons Research is the industry-standard authoritative source for global shipbuilding orderbook a,2,0.50,
CHINA_OCEAN_FREIGHT_DREWRY_INDEX,Ocean Freight,Drewry Index,China,4,Medium,,Drewry Supply Chain Advisors - World Container Index,https://www.drewry.co.uk/supply-chain-advisors/supply-chain-expertise/world-container-index-assessed-by-drewry,,paid_or_restricted,Weekly,last,Index,2018-01,Y,30,N,,N,,,Medium,Drewry's container freight index is a proprietary commercial product published on a paywalled landin,2,0.60,
CHINA_OCEAN_FREIGHT_CARGO_DEMAND_AND_PORT_ACTIVITY,Ocean Freight,Cargo demand and port activity,China,2,Medium,china_customs,General Administration of Customs of China,http://english.customs.gov.cn/Statics/48f1a4d9-5776-4a90-a89e-2b6d5c2c2f1a.html,trade_value_and_volume_monthly,open_api,Monthly,sum,Index,2018-01,Y,30,N,,N,,,Medium,China Customs trade volume data serves as a proxy for cargo demand and port activity feeding ocean f,2,0.45,
CHINA_OCEAN_FREIGHT_PEAK_SEASON_SURCHARGES_PSS,Ocean Freight,Peak Season Surcharges (PSS),China,4,Low,,Xeneta,https://www.xeneta.com/ocean-freight-rates,Ocean Freight - Peak Season Surcharge Index - China Export,paid_or_restricted,Weekly,last,Index,2018-01,Y,30,N,,N,,,Medium,Peak Season Surcharges are tracked as part of subscription ocean freight benchmarking platforms like,2,0.35,
CHINA_OCEAN_FREIGHT_GLOBAL_PMI,Ocean Freight,Global PMI,China,2,Medium,,National Bureau of Statistics of China,https://data.stats.gov.cn/english/easyquery.htm?cn=A01,,file_download,Monthly,last,Index,2018-01,Y,30,N,,N,,,Medium,"NBS China publishes the official Manufacturing PMI monthly as free public data, though it lacks a do",2,0.55,
CHINA_OCEAN_FREIGHT_RETAIL_SALES_EUROPECHINA,Ocean Freight,Retail Sales - Europe/China,China,2,Medium,manual_yaml,National Bureau of Statistics of China,https://data.stats.gov.cn/english/easyquery.htm?cn=A01,table:A01 | indicator:Total Retail Sales of Consumer Goods Index,file_download,Monthly,last,Index,2018-01,Y,30,N,,N,,,Medium,China's National Bureau of Statistics publishes an official monthly retail sales index that is freel,2,0.55,
CHINA_OCEAN_FREIGHT_GLOBAL_TRADE_VOLUMES,Ocean Freight,Global Trade Volumes,China,2,Medium,china_customs,General Administration of Customs of China,http://english.customs.gov.cn/Statics/eb4e1c9c-2f8e-4c1c-8f9a-6f7cf4e6d0a1.html,commodity_desc=TOTAL TRADE; statisticcat_desc=EXPORT+IMPORT VOLUME,open_api,Monthly,sum,Index,2018-01,Y,30,N,,N,,,Medium,China Customs publishes monthly aggregate trade volume statistics that can serve as a proxy index fo,2,0.45,
EUROPE_PROPYLENE_PROPYLENE,Propylene,Propylene,Europe,4,Medium,,ICIS Propylene Price Reports,https://www.icis.com/explore/commodities/chemicals/propylene/,,paid_or_restricted,Weekly,last,USD/MT,2015-01,Y,30,N,,N,,,Medium,European propylene contract/spot prices are commercially published by ICIS (and similar vendors like,2,0.60,
GLOBAL_PROPYLENE_CRUDE_OIL_PRICE,Propylene,Crude oil price,Global,1,High,fred,FRED (Federal Reserve Bank of St. Louis) - Crude Oil Prices: Brent - Europe,https://fred.stlouisfed.org/series/DCOILBRENTEU,series_id:DCOILBRENTEU,open_api,Daily,mean,USD/MT,2015-01,Y,30,N,,N,fred_api_key,GLOBAL_PROPYLENE_CRUDE_OIL_PRICE_EIA,Medium,"FRED provides a free, open-API daily Brent crude oil price series widely used as a global benchmark ",2,0.85,
EUROPE_PROPYLENE_NAPHTHA_PRICE,Propylene,Naphtha price,Europe,4,Medium,,S&P Global Platts,https://www.spglobal.com/commodityinsights/en/products-services/oil/naphtha-price-assessments,Naphtha CIF NWE Cargoes Assessment,paid_or_restricted,Daily,mean,USD/MT,2015-01,Y,30,N,,N,,,Medium,European naphtha spot prices are predominantly published by S&P Global Platts as a subscription pric,2,0.50,
EU_PROPYLENE_EU_REFINERY_FCC_PROPYLENE_YIELD_ECONOMICS,Propylene,EU refinery FCC propylene yield economics,EU,4,Medium,,ICIS Propylene Price Reports,https://www.icis.com/explore/commodities/chemicals/propylene/,ICIS Europe Propylene FD NWE contract/spot price series,paid_or_restricted,Weekly,last,USD/MT,2015-01,Y,30,N,,N,,,Medium,FCC propylene yield economics for EU refineries is a specialized petrochemical margin metric only tr,2,0.40,
EUROPE_PROPYLENE_GLOBAL_POLYPROPYLENE_PP_DEMAND,Propylene,Global polypropylene (PP) demand,Europe,4,Medium,,Fastmarkets Polypropylene Europe Price Assessment,https://www.fastmarkets.com/commodities/petrochemicals/polymers/,,paid_or_restricted,Weekly,mean,USD/MT,2015-01,Y,30,N,,N,,,Medium,European PP demand/price data is primarily tracked by commercial petrochemical price reporting agenc,2,0.40,
CHINA_PROPYLENE_CHINA_PDH_CAPACITY_ADDITIONS,Propylene,China PDH capacity additions,China,4,Low,,National Bureau of Statistics of China / CCF (China Commodity Forum) - via commercial market intelligence,https://www.spglobal.com/commodityinsights/en/market-insights/latest-news/petrochemicals,,paid_or_restricted,Annual,sum,USD/MT,2015-01,Y,30,N,,N,,,Medium,China PDH capacity addition tracking is compiled by commercial petrochemical intelligence providers ,2,0.25,
EU_PROPYLENE_EU_REFINERY_FCC_UTILIZATION_RATE,Propylene,EU refinery FCC utilization rate,EU,2,Low,eurostat,Eurostat - Business and Consumer Surveys (Capacity Utilization in Manufacturing),https://ec.europa.eu/eurostat/databrowser/view/ei_bsco_q/default/table,dataset:ei_bsco_q|filters:nace_r2=C19;indic=CAP_UTIL,open_api,Quarterly,mean,USD/MT,2015-01,Y,30,N,,N,,,Medium,"No public series reports FCC-specific utilization, but Eurostat's quarterly capacity utilization sur",2,0.35,
EUROPE_PROPYLENE_ETHYLENEPROPYLENE_PRICE_RATIO_COPRODUCT_ECONOMICS,Propylene,Ethylene/propylene price ratio (co-product economics),Europe,4,Medium,,ICIS Propylene/Ethylene Europe Contract Price,https://www.icis.com/explore/commodities/chemicals/propylene/,,paid_or_restricted,Monthly,last,USD/MT,2015-01,Y,30,N,,N,,,Medium,European ethylene and propylene contract/spot prices are tracked by commercial petrochemical price r,2,0.50,
EU_PROPYLENE_EUROZONEGERMANY_MANUFACTURING_PMI_CHINA_RETAINED_AS_GLOBAL_DEMAND_CONTEXT,Propylene,Eurozone/Germany manufacturing PMI (China retained as global demand context),EU,1,Medium,eurostat,"Eurostat - Business and Consumer Surveys, Industrial Confidence Indicator",https://ec.europa.eu/eurostat/databrowser/view/ei_bsin_m_r2/default/table,dataset:ei_bsin_m_r2 | filters:indic=BS-ICI;geo=EA19;s_adj=SA,open_api,Monthly,mean,USD/MT,2015-01,Y,30,N,,N,,,Medium,"Official Manufacturing PMI (S&P Global/HCOB) is a paywalled commercial index, so Eurostat's free, op",2,0.60,
EU_PROPYLENE_EUGERMANY_AUTOMOTIVE_PACKAGING_DEMAND_PP_ENDUSE,Propylene,EU/Germany automotive & packaging demand (PP end-use),EU,2,Medium,eurostat,"Eurostat - Short-term Business Statistics, Industrial Production Index",https://ec.europa.eu/eurostat/databrowser/view/sts_inpr_m/default/table,dataset:sts_inpr_m | filters:nace_r2=C22;geo=DE;unit=I15;s_adj=SCA,open_api,Monthly,mean,USD/MT,2015-01,Y,30,N,,N,,,Medium,Eurostat's industrial production index for NACE C22 (rubber & plastic products) in Germany serves as,2,0.50,
EU_PROPYLENE_EU_NAPHTHA_IMPORTREFINING_ECONOMICS_FEEDSTOCK_SUPPLY,Propylene,EU naphtha import/refining economics (feedstock supply),EU,1,Medium,worldbank_pinksheet,World Bank Pink Sheet Commodity Prices,https://www.worldbank.org/en/research/commodity-markets,series:Naphtha,open_api,Monthly,last,USD/MT,2015-01,Y,30,N,,N,,,Medium,"World Bank Pink Sheet publishes a monthly European naphtha price series in USD/MT, a good proxy for ",2,0.60,
EUROPE_PROPYLENE_UTILITYFEEDSTOCK_NATURAL_GAS,Propylene,Utility/Feedstock - Natural gas,Europe,1,High,fred,"FRED (Federal Reserve Economic Data) - IMF Global Price of Natural Gas, EU",https://fred.stlouisfed.org/series/PNGASEUUSDM,series_id:PNGASEUUSDM,open_api,Monthly,mean,USD/MT,2015-01,Y,30,N,,N,fred_api_key,EUROPE_PROPYLENE_UTILITYFEEDSTOCK_NATURAL_GAS_EIA,Medium,"FRED provides an open API for IMF's monthly EU natural gas price benchmark (TTF-based) in USD terms,",2,0.70,
EUROPE_PROPYLENE_DOWNSTREAM_PRICES_PROPYLENE_OXIDE,Propylene,Downstream prices - Propylene Oxide,Europe,4,Medium,,ICIS,https://www.icis.com/explore/commodities/chemicals/propylene-oxide/,,paid_or_restricted,Weekly,mean,USD/MT,2015-01,Y,30,N,,N,,,Medium,Propylene oxide European contract/spot prices are tracked by commercial price reporting agencies lik,2,0.50,
EUROPE_PROPYLENE_ACRYLONITRILE,Propylene,Acrylonitrile,Europe,4,Medium,,ICIS,https://www.icis.com/explore/commodities/chemicals/acrylonitrile/,,paid_or_restricted,Weekly,mean,USD/MT,2015-01,Y,30,N,,N,,,Medium,Acrylonitrile European contract/spot prices are commercially published by ICIS and similar petrochem,2,0.50,
EUROPE_PROPYLENE_ACRYLIC_ACID,Propylene,Acrylic Acid,Europe,4,Medium,,ICIS (Independent Commodity Intelligence Services),https://www.icis.com/explore/commodities/chemicals/acrylic-acid/,,paid_or_restricted,Weekly,mean,USD/MT,2015-01,Y,30,N,,N,,,Medium,Acrylic acid European contract/spot prices are tracked by commercial chemical market intelligence pr,2,0.50,
EUROPE_PROPYLENE_CUMENEPHENOL,Propylene,Cumene/Phenol,Europe,4,Medium,,ICIS Propylene/Cumene/Phenol Price Reports,https://www.icis.com/explore/commodities/chemicals/phenol/,,paid_or_restricted,Weekly,last,USD/MT,2015-01,Y,30,N,,N,,,Medium,European cumene/phenol pricing is a specialty petrochemical market series published commercially by ,2,0.60,
EUROPE_PROPYLENE_OXO_ALCOHOLS,Propylene,Oxo Alcohols,Europe,4,Medium,,ICIS Propylene/Oxo Alcohols Price Assessment,https://www.icis.com/explore/commodities/chemicals/propylene/,,paid_or_restricted,Weekly,mean,USD/MT,2015-01,Y,30,N,,N,,,Medium,European oxo alcohols and propylene derivative pricing is tracked commercially by ICIS/Fastmarkets a,2,0.40,
EUROPE_PROPYLENE_STOCKS_PROPYLENE_INVENTORY_LEVELS,Propylene,Stocks - Propylene Inventory Levels,Europe,4,Low,,Independent Commodity Intelligence Services (ICIS),https://www.icis.com/explore/commodities/chemicals/propylene/,,paid_or_restricted,Weekly,last,USD/MT,2015-01,Y,30,N,,N,,,Medium,European propylene inventory/stock levels are tracked by commercial petrochemical data vendors like ,2,0.30,
EUROPE_PROPYLENE_DEMAND_CONSTRUCTION_ACTIVITY,Propylene,Demand - Construction Activity,Europe,2,Medium,eurostat,Eurostat,https://ec.europa.eu/eurostat/databrowser/view/sts_copr_m/default/table,"dataset:sts_copr_m|filters:indic_bt=PROD,nace_r2=F,s_adj=SCA",open_api,Monthly,mean,USD/MT,2015-01,Y,30,N,,N,,,Medium,Eurostat's short-term statistics on construction production (sts_copr_m) provides a monthly index of,2,0.55,
EUROPE_PROPYLENE_TRADE_IMPORTEXPORT,Propylene,Trade - Import/Export,Europe,2,Medium,un_comtrade,UN Comtrade,https://comtradeplus.un.org/,"cmdCode=290122; flowCode=M,X; reporterCode=97",api_key,Monthly,sum,USD/MT,2015-01,Y,30,N,,N,comtrade_api_key,,Medium,UN Comtrade provides HS-coded (290122 = propylene) import/export trade value and volume data for EU-,2,0.55,
ASIA_STYRENEBUTADIENE_RUBBER_SBR_STYRENEBUTADIENE_RUBBER_SBR,Styrene-Butadiene Rubber (SBR),Styrene-Butadiene Rubber (SBR),Asia,4,Medium,,S&P Global Platts (Commodity Insights),https://www.spglobal.com/commodityinsights/en/commodity-prices-and-market-data,,paid_or_restricted,Weekly,mean,USD/MT,2015-01,Y,30,N,,N,,,Medium,SBR Asia spot prices are primarily reported by paywalled commodity price agencies such as Platts/ICI,2,0.50,
CHINA_STYRENEBUTADIENE_RUBBER_SBR_CHINA_BUTADIENE_PRICE_CFR_CHINA,Styrene-Butadiene Rubber (SBR),China butadiene price (CFR China),China,4,Medium,,Fastmarkets,https://www.fastmarkets.com/products/chemicals/butadiene-prices,,paid_or_restricted,Weekly,last,USD/MT,2015-01,Y,30,N,,N,,,Medium,China CFR butadiene prices are tracked by commercial price-reporting agencies such as Fastmarkets/IC,2,0.55,
CHINA_STYRENEBUTADIENE_RUBBER_SBR_CHINA_STYRENE_PRICE_CFR_CHINA,Styrene-Butadiene Rubber (SBR),China styrene price (CFR China),China,4,Medium,,Fastmarkets,https://www.fastmarkets.com/,,paid_or_restricted,Weekly,last,USD/MT,2015-01,Y,30,N,,N,,,Medium,Styrene CFR China spot price is a commercial petrochemical price assessment typically published by p,2,0.40,
GLOBAL_STYRENEBUTADIENE_RUBBER_SBR_CRUDE_OIL_PRICE,Styrene-Butadiene Rubber (SBR),Crude oil price,Global,1,High,fred,FRED (Federal Reserve Bank of St. Louis) - Brent Crude Oil Price,https://fred.stlouisfed.org/series/DCOILBRENTEU,series_id:DCOILBRENTEU,open_api,Daily,mean,USD/MT,2015-01,Y,30,N,,N,fred_api_key,GLOBAL_STYRENEBUTADIENE_RUBBER_SBR_CRUDE_OIL_PRICE_EIA,Medium,"FRED provides free, open-API daily Brent crude oil prices in USD/barrel, a globally recognized proxy",2,0.90,
CHINA_STYRENEBUTADIENE_RUBBER_SBR_CHINA_TIRE_PRODUCTION_VOLUMES_LARGEST_GLOBAL_PRODUCER,Styrene-Butadiene Rubber (SBR),China tire production volumes (largest global producer),China,2,Medium,,National Bureau of Statistics of China,https://data.stats.gov.cn/english/easyquery.htm?cn=A01,"indicator:Production of Rubber Tyres (Outer Tubes), monthly, national",file_download,Monthly,sum,USD/MT,2015-01,Y,30,N,,N,,,Medium,NBS China publishes official monthly tire (outer tube) production volumes through its open statistic,2,0.45,
GLOBAL_STYRENEBUTADIENE_RUBBER_SBR_NATURAL_RUBBER_PRICE_SUBSTITUTE,Styrene-Butadiene Rubber (SBR),Natural rubber price (substitute),Global,1,High,worldbank_pinksheet,World Bank Commodity Markets (Pink Sheet),https://www.worldbank.org/en/research/commodity-markets,"series:Rubber, singapore",api_key,Monthly,last,USD/MT,2015-01,Y,30,N,,N,,,Medium,"World Bank Pink Sheet publishes a monthly global natural rubber (Singapore) price in USD/MT, a stand",2,0.80,
CHINA_STYRENEBUTADIENE_RUBBER_SBR_CHINA_AUTO_PRODUCTION,Styrene-Butadiene Rubber (SBR),China auto production,China,3,Medium,manual_yaml,China Association of Automobile Manufacturers (CAAM),http://www.caam.org.cn/chn/4/cate_30/con_5223829.html,"CAAM monthly auto production statistics table (vehicles produced, units)",multipage_scrape,Monthly,sum,USD/MT,2015-01,Y,30,N,,N,,,Medium,"CAAM publishes official monthly Chinese vehicle production figures but offers no API, so the page mu",2,0.40,
CHINA_STYRENEBUTADIENE_RUBBER_SBR_CHINA_MANUFACTURING_PMI,Styrene-Butadiene Rubber (SBR),China manufacturing PMI,China,2,Medium,manual_yaml,National Bureau of Statistics of China,http://www.stats.gov.cn/english/PressRelease/,NBS_China_Manufacturing_PMI_monthly_release,file_download,Monthly,last,USD/MT,2015-01,Y,30,N,,N,,,Medium,"The NBS is the official free publisher of China's Manufacturing PMI, but it only offers press-releas",2,0.55,
CHINA_STYRENEBUTADIENE_RUBBER_SBR_CHINA_NAPHTHA_PRICE_FEEDSTOCK,Styrene-Butadiene Rubber (SBR),China naphtha price (feedstock),China,4,Medium,,S&P Global Platts (China Naphtha CFR Japan/China Assessments),https://www.spglobal.com/commodityinsights/en/ci/products/naphtha-prices.html,China naphtha CFR spot assessment,paid_or_restricted,Daily,mean,USD/MT,2015-01,Y,30,N,,N,,,Medium,China naphtha feedstock prices are tracked by commercial price reporting agencies like Platts/Argus/,2,0.40,
CHINA_STYRENEBUTADIENE_RUBBER_SBR_CHINA_AUTO_SALES_REPLACEMENT_TIRE_DEMAND,Styrene-Butadiene Rubber (SBR),China auto sales & replacement tire demand,China,3,Low,,China Association of Automobile Manufacturers (CAAM),http://www.caam.org.cn/english/,monthly auto sales statistics release page,multipage_scrape,Monthly,sum,USD/MT,2015-01,Y,30,N,,N,,,Medium,CAAM publishes official monthly China auto sales figures used as a proxy for replacement tire and SB,2,0.35,
GLOBAL_STYRENEBUTADIENE_RUBBER_SBR_OCEAN_FREIGHT_RATES,Styrene-Butadiene Rubber (SBR),Ocean freight rates,Global,4,Medium,,Freightos Baltic Index (FBX),https://fbx.freightos.com/,,paid_or_restricted,Daily,mean,USD/MT,2015-01,Y,30,N,,N,,,Medium,Ocean freight rate indices for global container/bulk shipping are maintained by commercial providers,2,0.40,
ASIA_STYRENEBUTADIENE_RUBBER_SBR_ONE_STEP_AHEAD_FEEDSTOCK_BENZENEETHYLENE_PRICES,Styrene-Butadiene Rubber (SBR),One Step ahead feedstock - Benzene/Ethylene prices,Asia,3,Low,eia,EIA (proxy for benzene/ethylene feedstock cost trends via US petrochemical/naphtha benchmarks),https://www.eia.gov/opendata/browser/,PET.EER_EPOOXE_PF4_RGC_DPG.W,api_key,Weekly,mean,USD/MT,2015-01,Y,30,N,,N,eia_api_key,,Medium,"No free Asian benzene/ethylene spot price API exists, so EIA US petrochemical feedstock series is us",2,0.20,
ASIA_STYRENEBUTADIENE_RUBBER_SBR_UTILITY_NATURAL_GAS,Styrene-Butadiene Rubber (SBR),Utility - Natural Gas,Asia,2,High,worldbank_pinksheet,World Bank Commodity Markets (Pink Sheet),https://www.worldbank.org/en/research/commodity-markets,"series:Liquefied natural gas, Japan",api_key,Monthly,mean,USD/MT,2015-01,Y,30,N,,N,,,Medium,World Bank Pink Sheet publishes a monthly Japan LNG import price series that serves as the standard ,2,0.72,
APAC_STYRENEBUTADIENE_RUBBER_SBR_CAPACITYPLANT_SBR_PLANT_OPERATING_RATES,Styrene-Butadiene Rubber (SBR),Capacity/Plant - SBR Plant Operating Rates,APAC,4,Medium,,S&P Global Commodity Insights (formerly Platts/IHS Markit),https://www.spglobal.com/commodityinsights/en/market-insights/latest-news/petrochemicals,,paid_or_restricted,Monthly,mean,USD/MT,2015-01,Y,30,N,,N,,,Medium,SBR plant operating rates in APAC are proprietary industry data typically published by commercial pe,2,0.40,
ASIA_STYRENEBUTADIENE_RUBBER_SBR_DOWNSTEAM_INDUSTRIAL_RUBBER_GOODS_PRODUCTION,Styrene-Butadiene Rubber (SBR),Downsteam - Industrial Rubber Goods Production,Asia,4,Low,,CEIC / National Statistical Agencies - Industrial Rubber Goods Production data not freely available; proposing Fastmarkets as commodity price/production proxy,https://www.fastmarkets.com/commodities/rubber,,paid_or_restricted,Monthly,mean,USD/MT,2015-01,Y,30,N,,N,,,Medium,Industrial rubber goods production values in USD/MT for Asia are typically tracked by paid market-re,2,0.30,
ASIA_STYRENEBUTADIENE_RUBBER_SBR_CONSTRUCTION_ACTIVITY,Styrene-Butadiene Rubber (SBR),Construction Activity,Asia,2,Low,,National Bureau of Statistics of China,https://data.stats.gov.cn/english/easyquery.htm?cn=A01,https://data.stats.gov.cn/english/easyquery.htm?cn=A01&zb=A0D0K,open_api,Monthly,mean,USD/MT,2015-01,Y,30,N,,N,,,Medium,China's National Bureau of Statistics publishes monthly value-of-construction-output data via a free,2,0.35,
ASIA_STYRENEBUTADIENE_RUBBER_SBR_TRADE_IMPORTEXPORT,Styrene-Butadiene Rubber (SBR),Trade - Import/Export,Asia,2,Medium,un_comtrade,UN Comtrade,https://comtradeplus.un.org/,"cmdCode=400219; flowCode=X,M; reporterCode=all; partnerCode=0",api_key,Monthly,mean,USD/MT,2015-01,Y,30,N,,N,comtrade_api_key,,Medium,UN Comtrade provides HS 400219 (SBR) import/export trade values and quantities by Asian reporter cou,2,0.60,
ASIA_STYRENEBUTADIENE_RUBBER_SBR_SUBSTITUTE_EPDM_PRICES,Styrene-Butadiene Rubber (SBR),Substitute - EPDM Prices,Asia,4,Medium,,ChemAnalyst,https://www.chemanalyst.com/Pricing-data/epdm-1461,,paid_or_restricted,Weekly,mean,USD/MT,2015-01,Y,30,N,,N,,,Medium,EPDM rubber prices in Asia are tracked by commercial chemical market intelligence platforms like Che,2,0.40,
POLAND_GASOLINE_GASOLINE,Gasoline,Gasoline,Poland,2,Medium,eurostat,Eurostat - Weekly Oil Bulletin,https://ec.europa.eu/eurostat/databrowser/view/oil_bulletin/default/table,dataset:oil_bulletin | filters:product=GASOLINE95;geo=PL,open_api,Weekly,mean,EUR/Litre,2010-01,Y,30,N,,N,,,Medium,Eurostat publishes the EU Weekly Oil Bulletin with national pump prices (EUR/litre) for Euro-super 9,2,0.55,
GLOBAL_GASOLINE_CRUDE_OIL_PRICE,Gasoline,Crude oil price,Global,1,Medium,fred,FRED (Federal Reserve Bank of St. Louis),https://fred.stlouisfed.org/series/DCOILBRENTEU,series_id:DCOILBRENTEU,api_key,Daily,mean,EUR/Litre,2010-01,Y,30,N,,N,fred_api_key,GLOBAL_GASOLINE_CRUDE_OIL_PRICE_EIA,Medium,"FRED provides daily Brent crude oil spot price (USD/barrel) via a free API, which can be converted t",2,0.60,
EU_GASOLINE_POLANDEU_REFINERY_UTILIZATION_RATE,Gasoline,Poland/EU refinery utilization rate,EU,2,Medium,eurostat,Eurostat - Supply and transformation of oil and petroleum products (monthly),https://ec.europa.eu/eurostat/databrowser/view/nrg_cb_oilm/default/table,dataset:nrg_cb_oilm | filters:geo=PL;siec=TOTAL,open_api,Monthly,mean,EUR/Litre,2010-01,Y,30,N,,N,,,Medium,Eurostat's monthly oil and petroleum products balance dataset provides refinery intake and gross out,2,0.45,
EU_GASOLINE_POLANDEU_SEASONAL_DRIVING_DEMAND_SUMMER_TRAVEL_SEASON,Gasoline,Poland/EU seasonal driving demand (summer travel season),EU,2,Medium,,European Commission - Weekly Oil Bulletin,https://energy.ec.europa.eu/data-and-analysis/weekly-oil-bulletin_en,https://energy.ec.europa.eu/document/download/weekly-oil-bulletin-prices-history.xlsx,file_download,Weekly,mean,EUR/Litre,2010-01,Y,30,N,,N,,,Medium,The EU Weekly Oil Bulletin publishes official weekly EUR/litre retail gasoline (Eurosuper 95) prices,2,0.60,
EU_GASOLINE_POLANDEU_GASOLINE_INVENTORY_LEVELS_EUROILSTOCK,Gasoline,Poland/EU gasoline inventory levels (Euroilstock),EU,4,Medium,,Euroilstock (Joint Organisations Data Initiative / Euroilstock Reporting Group),https://www.euroilstock.com/,Poland/EU gasoline stocks - Euroilstock monthly report subscription,paid_or_restricted,Monthly,last,EUR/Litre,2010-01,Y,30,N,,N,,,Medium,Euroilstock is a subscription-based commercial data provider for European oil product inventory stat,2,0.55,
POLAND_GASOLINE_EUROPEAN_REFINING_MARGINS,Gasoline,European refining margins,Poland,4,Medium,,S&P Global Platts (Argus Media alternative),https://www.spglobal.com/commodityinsights/en/products-services/oil/refining-margins,Europe refining margins - gasoline crack Poland/ARA,paid_or_restricted,Daily,mean,EUR/Litre,2010-01,Y,30,N,,N,,,Medium,Refining margins (crack spreads) for gasoline in Europe are proprietary benchmarks published by comm,2,0.55,
EU_GASOLINE_EURUSD_USDPLN_EXCHANGE_RATE,Gasoline,EUR/USD & USD/PLN exchange rate,EU,1,High,frankfurter,Frankfurter (ECB exchange rates),https://www.frankfurter.app/,base:EUR | target:USD,open_api,Daily,last,EUR/Litre,2010-01,Y,30,N,,N,,EU_GASOLINE_EURUSD_USDPLN_EXCHANGE_RATE_BIS,Medium,"Frankfurter provides free daily ECB reference rates for EUR/USD, a direct open API without keys; USD",2,0.70,
EU_GASOLINE_POLANDEU_ETHANOL_BLENDING_COMPONENT_COST,Gasoline,Poland/EU ethanol blending component cost,EU,2,Medium,,European Commission DG AGRI – Agri-food Market Prices (Bioethanol),https://agriculture.ec.europa.eu/data-and-analysis/markets/prices/price-series_en,Bioethanol price series (EUR/hl or EUR/litre) - Excel download under 'Cereals and biofuels' section,file_download,Weekly,mean,EUR/Litre,2010-01,Y,30,N,,N,,,Medium,DG AGRI's public market price database publishes EU bioethanol price series in downloadable spreadsh,2,0.45,
POLAND_GASOLINE_DEMAND_PASSENGER_VEHICLE_REGISTRATIONS,Gasoline,Demand - Passenger vehicle registrations,Poland,1,Medium,eurostat,Eurostat,https://ec.europa.eu/eurostat/databrowser/view/road_eqr_carpda/default/table,dataset:road_eqr_carpda | filters:geo=PL;unit=NR,open_api,Annual,sum,EUR/Litre,2010-01,Y,30,N,,N,,,Medium,Eurostat publishes annual new passenger car registration counts by country including Poland via an o,2,0.60,
POLAND_GASOLINE_SUBSTITUTE_DIESEL_PRICES,Gasoline,Substitute - Diesel prices,Poland,1,High,eurostat,Eurostat Weekly Oil Bulletin,https://ec.europa.eu/eurostat/databrowser/product/view/oil_bulletin,dataset:oil_bulletin | filters:geo=PL;product=DIESEL,open_api,Weekly,mean,EUR/Litre,2010-01,Y,30,N,,N,,,Medium,Eurostat's Weekly Oil Bulletin provides harmonized diesel price series (EUR/litre) by EU member stat,2,0.75,
POLAND_GASOLINE_INFLATION_CPI,Gasoline,Inflation (CPI),Poland,1,High,eurostat,Eurostat,https://ec.europa.eu/eurostat/databrowser/view/prc_hicp_midx/default/table?lang=en,dataset:prc_hicp_midx | filters:geo=PL;coicop=CP0722;unit=I15,open_api,Monthly,last,EUR/Litre,2010-01,Y,30,N,,N,,,Medium,Eurostat's HICP dataset provides the harmonized CPI sub-index for fuels and lubricants (CP0722) for ,2,0.80,
POLAND_GASOLINE_INDUSTRIAL_PRODUCTION_INDEX,Gasoline,Industrial production index,Poland,1,High,eurostat,Eurostat,https://ec.europa.eu/eurostat/databrowser/view/sts_inpr_m/default/table,dataset:sts_inpr_m | filters:geo=PL;nace_r2=C;unit=I15;s_adj=SCA,open_api,Monthly,mean,EUR/Litre,2010-01,Y,30,N,,N,,,Medium,Eurostat's short-term business statistics dataset sts_inpr_m provides the monthly industrial product,2,0.75,
POLAND_GASOLINE_STRATEGIC_PETROLEUM_STOCKS,Gasoline,Strategic petroleum stocks,Poland,2,Medium,eurostat,Eurostat,https://ec.europa.eu/eurostat/databrowser/view/nrg_stk_oil/default/table,dataset:nrg_stk_oil | filters:geo=PL;siec=P1000,open_api,Monthly,last,EUR/Litre,2010-01,Y,30,N,,N,,,Medium,Eurostat's oil stocks dataset (nrg_stk_oil) provides monthly national strategic petroleum stock leve,2,0.45,
SPAIN_ELECTRICITY_ELECTRICITY,Electricity,Electricity,Spain,3,High,,Red Eléctrica de España - ESIOS,https://www.esios.ree.es/en/analysis/600,"indicator:600 (Precio mercado diario Spain, EUR/MWh)",api_key,Daily,mean,EUR/MWh,2015-01,Y,30,N,,N,,,Medium,ESIOS publishes the official Spanish day-ahead electricity market price (indicator 600) in EUR/MWh v,2,0.70,
SPAIN_ELECTRICITY_NATURAL_GAS_PRICE_MARGINAL_GENERATION_FUEL,Electricity,Natural gas price (marginal generation fuel),Spain,3,Medium,manual_yaml,MIBGAS (Iberian Gas Market Operator),https://www.mibgas.es/en/market-data,https://www.mibgas.es/en/file-access?date_from=&date_to=&product=GDAES_D%2B1,multipage_scrape,Daily,mean,EUR/MWh,2015-01,Y,30,N,,N,,SPAIN_ELECTRICITY_NATURAL_GAS_PRICE_MARGINAL_GENERATION_FUEL_ALT,Medium,"MIBGAS publishes the official Spanish day-ahead natural gas price (EUR/MWh), which serves as the mar",2,0.55,
SPAIN_ELECTRICITY_COAL_PRICE,Electricity,Coal price,Spain,2,Medium,worldbank_pinksheet,World Bank Pink Sheet,https://www.worldbank.org/en/research/commodity-markets,"series:Coal, Australian",open_api,Monthly,mean,EUR/MWh,2015-01,Y,30,N,,N,,,Medium,World Bank Pink Sheet provides a globally referenced monthly coal price series that can proxy the co,2,0.40,
EU_ELECTRICITY_EU_ETS_CARBON_PRICE,Electricity,EU ETS carbon price,EU,2,Medium,,European Energy Exchange (EEX) EUA Primary Auction Spot Price,https://www.eex.com/en/market-data/environmentals/emission-spot-primary-market-auction-report,,file_download,Daily,mean,EUR/MWh,2015-01,Y,30,N,,N,,,Medium,"EEX publishes daily EU ETS (EUA) auction and spot prices free of charge as downloadable reports, pro",2,0.55,
SPAIN_ELECTRICITY_SPAIN_POWER_DEMAND_HEATINGCOOLING_DEGREE_DAYS_AEMET,Electricity,Spain power demand / heating-cooling degree days (AEMET),Spain,2,Medium,,AEMET (Agencia Estatal de Meteorología) OpenData API,https://opendata.aemet.es/centrodedescargas/inicio,https://opendata.aemet.es/opendata/api/valores/climatologicos/diarios/datos/fechaini/{start}/fechafin/{end}/todasestaciones,api_key,Daily,mean,EUR/MWh,2015-01,Y,30,N,,N,,,Medium,AEMET's free OpenData API provides daily temperature series across Spanish stations from which heati,2,0.55,
SPAIN_ELECTRICITY_SPAIN_HYDRO_RESERVOIR_LEVELS,Electricity,Spain hydro reservoir levels,Spain,3,Medium,,Red Eléctrica de España - ESIOS API,https://www.esios.ree.es/en/analysis/1354,indicator:1354 (Reserva hidráulica embalses),api_key,Weekly,last,EUR/MWh,2015-01,Y,30,N,,N,,,Medium,"ESIOS, the Spanish TSO's public data platform, publishes weekly hydraulic reservoir levels via a fre",2,0.55,
SPAIN_ELECTRICITY_SUPPLY_ELECTRICITY_GENERATION,Electricity,Supply - Electricity Generation,Spain,2,Medium,,Red Eléctrica de España (ESIOS),https://www.esios.ree.es/en,indicator/600 (Precio mercado spot diario España),api_key,Daily,mean,EUR/MWh,2015-01,Y,30,N,,N,,,Medium,REE's ESIOS platform publishes the Spanish daily wholesale electricity market price (EUR/MWh) via a ,2,0.55,
SPAIN_ELECTRICITY_DEMAND_ELECTRICITY_CONSUMPTION,Electricity,Demand - Electricity Consumption,Spain,2,High,,ENTSO-E Transparency Platform,https://transparency.entsoe.eu/load-domain/r2/totalLoadR2/show,documentType=A65&processType=A16&outBiddingZone_Domain=10YES-REE------0,api_key,Daily,mean,EUR/MWh,2015-01,Y,30,N,,N,,,Medium,"ENTSO-E's Transparency Platform provides free, API-accessible actual total load (demand) data for Sp",2,0.70,
SPAIN_ELECTRICITY_SECONDARY_FEEDSTOCK_TTF_GAS_FUTURE_PRICES,Electricity,Secondary Feedstock - TTF Gas Future Prices,Spain,4,Medium,,ICE Endex (Intercontinental Exchange) - Dutch TTF Natural Gas Futures,https://www.ice.com/products/27996665/Dutch-TTF-Gas-Futures/data,ICE TTF Gas Futures front-month settlement price (EUR/MWh),paid_or_restricted,Daily,last,EUR/MWh,2015-01,Y,30,N,,N,,SPAIN_ELECTRICITY_SECONDARY_FEEDSTOCK_TTF_GAS_FUTURE_PRICES_ALT,Medium,TTF natural gas futures used as electricity feedstock cost are proprietary exchange-traded prices pu,2,0.50,
EU_ELECTRICITY_EU_GAS_STORAGE,Electricity,EU Gas Storage,EU,2,Medium,,Gas Infrastructure Europe (GIE) AGSI+,https://agsi.gie.eu/,https://agsi.gie.eu/api,api_key,Daily,last,EUR/MWh,2015-01,Y,30,N,,N,,,Medium,AGSI+ provides free (API-key gated) daily EU gas storage level and price-related data via a document,2,0.55,
SPAIN_ELECTRICITY_TRADE_IMPORTSEXPORTS,Electricity,Trade - Imports/Exports,Spain,2,Medium,eurostat,Eurostat,https://ec.europa.eu/eurostat/databrowser/view/nrg_cb_e/default/table?lang=en,dataset:nrg_cb_e | filters:geo=ES;nrg_bal=IMP;siec=E7000,open_api,Monthly,sum,EUR/MWh,2015-01,Y,30,N,,N,,,Medium,Eurostat's monthly electricity balance dataset (nrg_cb_e) reports Spain's cross-border electricity i,2,0.55,
SPAIN_ELECTRICITY_LEADING_INDICATOR_DAY_AHEAD_WHOLESALE_ELECTICITY_PRICES_CHECK_FOR_VARIABLE_IMPORTANCE,Electricity,Leading indicator - Day ahead Wholesale electicity prices (check for variable importance),Spain,2,High,,Red Eléctrica de España - ESIOS,https://www.esios.ree.es/en/market-and-prices,https://api.esios.ree.es/indicators/600,api_key,Daily,mean,EUR/MWh,2015-01,Y,30,N,,N,,,Medium,ESIOS publishes the official Spanish day-ahead market price (indicator 600) via a free but token-gat,2,0.75,
MEA_GLASS_BOTTLES_GLASS_BOTTLES,Glass Bottles,Glass Bottles,MEA,3,Low,un_comtrade,UN Comtrade,https://comtradeplus.un.org/,cmd_code=7010; flow=M; reporter=all; partner=0,api_key,Monthly,mean,Index 2020 = 100,2020-01,Y,30,N,,N,comtrade_api_key,,Medium,"No official MEA-specific glass bottle price index exists publicly, so UN Comtrade trade values/volum",2,0.25,
MEA_GLASS_BOTTLES_SODA_ASH_SODIUM_CARBONATE_PRICE,Glass Bottles,Soda ash (sodium carbonate) price,MEA,4,Low,,Fastmarkets,https://www.fastmarkets.com/chemicals/inorganic-chemicals/soda-ash,,paid_or_restricted,Monthly,mean,Index 2020 = 100,2020-01,Y,30,N,,N,,,Medium,Soda ash price indices for MEA are tracked by commercial chemical market intelligence vendors like F,2,0.30,
UAE_GLASS_BOTTLES_UAEEGYPT_NATURAL_GAS_PRICE_FURNACE_ENERGY_COST,Glass Bottles,UAE/Egypt natural gas price (furnace energy cost),UAE,2,Low,worldbank_pinksheet,World Bank Commodity Markets (Pink Sheet),https://www.worldbank.org/en/research/commodity-markets,"series:Natural gas, Europe",file_download,Monthly,last,Index 2020 = 100,2020-01,Y,30,N,,N,,,Medium,"No official UAE/Egypt domestic gas price index is publicly published, so the World Bank's monthly in",2,0.30,
MEA_GLASS_BOTTLES_MEA_SILICA_SAND_PRICE,Glass Bottles,MEA silica sand price,MEA,4,Low,,Fastmarkets Industrial Minerals,https://www.fastmarkets.com/industrial-minerals/silica-sand-prices,,paid_or_restricted,Monthly,mean,Index 2020 = 100,2020-01,Y,30,N,,N,,,Medium,Silica sand regional price indices for MEA are tracked by specialist industrial minerals market inte,2,0.35,
MEA_GLASS_BOTTLES_MEA_RECYCLED_GLASS_CULLET_PRICEAVAILABILITY,Glass Bottles,MEA recycled glass cullet price/availability,MEA,4,Low,,Fastmarkets,https://www.fastmarkets.com/metals-and-mining/recycling/glass-cullet-prices,,paid_or_restricted,Monthly,mean,Index 2020 = 100,2020-01,Y,30,N,,N,,,Medium,No free public API or government dataset covers MEA recycled glass cullet pricing; Fastmarkets is th,2,0.30,
UAE_GLASS_BOTTLES_MEAUAE_BEVERAGE_INDUSTRY_DEMAND_WINEBEERSPIRITS_TOURISMDRIVEN,Glass Bottles,"MEA/UAE beverage industry demand (wine/beer/spirits, tourism-driven)",UAE,3,Low,manual_yaml,UAE Federal Competitiveness and Statistics Centre,https://fcsc.gov.ae/en-us/Pages/Statistics/Statistics-by-Subject.aspx,table:UAE_Beverage_Industry_Production_Index,multipage_scrape,Annual,mean,Index 2020 = 100,2020-01,Y,30,N,,N,,,Medium,"No dedicated API or index exists for MEA/UAE beverage demand, so the closest public source is the UA",2,0.30,
MEA_GLASS_BOTTLES_REGIONAL_ENERGYELECTRICITY_COST_MEA,Glass Bottles,Regional energy/electricity cost (MEA),MEA,3,Low,manual_yaml,GlobalPetrolPrices.com,https://www.globalpetrolprices.com/electricity_prices/,table:electricity_prices | region:Middle East and Africa,multipage_scrape,Annual,mean,Index 2020 = 100,2020-01,Y,30,N,,N,,,Medium,GlobalPetrolPrices.com publishes periodically updated regional electricity price tables including Mi,2,0.35,
MEA_GLASS_BOTTLES_OCEAN_FREIGHTSHIPPING_COST,Glass Bottles,Ocean freight/shipping cost,MEA,4,Medium,,Freightos Baltic Index (FBX) via Freightos,https://fbx.freightos.com/,,paid_or_restricted,Daily,mean,Index 2020 = 100,2020-01,Y,30,N,,N,,,Medium,Ocean freight indices for regional lanes (including MEA) are primarily published by commercial provi,2,0.40,
MEA_GLASS_BOTTLES_COMPETING_PACKAGING_MATERIAL_PRICES_PET_ALUMINUM_CANS,Glass Bottles,"Competing packaging material prices (PET, aluminum cans)",MEA,2,Low,worldbank_pinksheet,World Bank Pink Sheet Commodity Price Data,https://www.worldbank.org/en/research/commodity-markets,series:Aluminum,file_download,Monthly,mean,Index 2020 = 100,2020-01,Y,30,N,,N,,,Medium,"World Bank Pink Sheet provides a globally representative, freely available monthly aluminum price se",2,0.35,
MEA_GLASS_BOTTLES_UTILITY_FUEL_OILDIESEL_PRICE,Glass Bottles,Utility - Fuel Oil/Diesel Price,MEA,1,Medium,worldbank_pinksheet,World Bank Pink Sheet Commodity Price Data,https://www.worldbank.org/en/research/commodity-markets,"series:Crude oil, average",open_api,Monthly,mean,Index 2020 = 100,2020-01,Y,30,N,,N,,,Medium,"No MEA-specific retail diesel/fuel oil index exists publicly, so the World Bank's global crude oil a",2,0.40,
MEA_GLASS_BOTTLES_BRENT_CRUDE_OIL,Glass Bottles,Brent Crude Oil,MEA,1,High,fred,FRED (Federal Reserve Bank of St. Louis),https://fred.stlouisfed.org/series/DCOILBRENTEU,series_id:DCOILBRENTEU,open_api,Daily,mean,Index 2020 = 100,2020-01,Y,30,N,,N,fred_api_key,MEA_GLASS_BOTTLES_BRENT_CRUDE_OIL_EIA,Medium,"FRED provides free, open API access to daily Brent Crude Oil spot prices which can be rebased to a 2",2,0.90,
MEA_GLASS_BOTTLES_TRADE_IMPORTSEXPORTS,Glass Bottles,Trade - Imports/Exports,MEA,2,Medium,un_comtrade,UN Comtrade Database,https://comtradeplus.un.org/,"cmd_code=7010; flow_code=M,X; reporter_area=MEA",api_key,Monthly,sum,Index 2020 = 100,2020-01,Y,30,N,,N,comtrade_api_key,,Medium,UN Comtrade provides HS 7010 (glass containers) import/export trade values by country which can be a,2,0.55,
MEA_GLASS_BOTTLES_PORT_AND_SHIPPING_DISRUPTION_INDEX,Glass Bottles,Port and Shipping Disruption Index,MEA,2,Medium,,IMF PortWatch (Port and Chokepoint Disruption Indicators),https://portwatch.imf.org/pages/chokepoints-and-disruptions,https://portwatch.imf.org/datasets/imf::daily-chokepoint-transit-calls-and-trade-volumes-estimates,open_api,Daily,mean,Index 2020 = 100,2020-01,Y,30,N,,N,,,Medium,"IMF PortWatch publishes an open, near-real-time global port and shipping disruption dataset (includi",2,0.40,
MEA_GLASS_BOTTLES_INLAND_TRANSPORTATION_COST,Glass Bottles,Inland Transportation Cost,MEA,4,Low,,Fastmarkets,https://www.fastmarkets.com/,,paid_or_restricted,Monthly,mean,Index 2020 = 100,2020-01,Y,30,N,,N,,,Medium,Inland transportation cost indices for MEA glass packaging logistics are not published by any open A,2,0.20,
EU_GLASS_BOTTLES_EXCHANGE_RATE_VS_USDEUR,Glass Bottles,Exchange Rate vs USD/EUR,EU,1,High,frankfurter,Frankfurter (European Central Bank exchange rates),https://www.frankfurter.app/docs,base:USD | target:EUR,open_api,Daily,mean,Index 2020 = 100,2020-01,Y,30,N,,N,,EU_GLASS_BOTTLES_EXCHANGE_RATE_VS_USDEUR_BIS,Medium,ECB-sourced USD/EUR exchange rates are freely available via the Frankfurter API and can be aggregate,2,0.80,
MEA_GLASS_BOTTLES_PRODUCER_PRICE_INDEX_MANUFACTURING,Glass Bottles,Producer Price Index - Manufacturing,MEA,4,Low,,Trading Economics,https://tradingeconomics.com/middle-east-and-north-africa/producer-prices-mom,,paid_or_restricted,Monthly,last,Index 2020 = 100,2020-01,Y,30,N,,N,,,Medium,"No open free API publishes a unified MEA-region manufacturing PPI for glass bottles, so the best ava",2,0.25,
MEA_GLASS_BOTTLES_MANUFACTURING_WAGE_INDEX,Glass Bottles,Manufacturing Wage Index,MEA,3,Low,,ILOSTAT (International Labour Organization),https://ilostat.ilo.org/data/,"manual_yaml pending: ILOSTAT Average Earnings Index by economic activity, MEA countries aggregate",multipage_scrape,Quarterly,mean,Index 2020 = 100,2020-01,Y,30,N,,N,,,Medium,ILOSTAT publishes wage/earnings indices by country and sector but no ready-made MEA regional aggrega,2,0.35,
MEA_GLASS_BOTTLES_INTEREST_RATE,Glass Bottles,Interest Rate,MEA,2,Medium,fred,"Federal Reserve Bank of St. Louis (FRED) - IMF IFS Discount Rate, Saudi Arabia",https://fred.stlouisfed.org/series/INTDSRSAM193N,series_id:INTDSRSAM193N,api_key,Monthly,mean,Index 2020 = 100,2020-01,Y,30,N,,N,fred_api_key,,Medium,"No single MEA-wide interest rate index exists, so Saudi Arabia's central bank discount rate (via IMF",2,0.45,
ASIA_PARACETAMOL_PARACETAMOL,Paracetamol,Paracetamol,Asia,4,Medium,,ChemAnalyst,https://www.chemanalyst.com/Pricing-data/paracetamol-1226,,paid_or_restricted,Weekly,last,USD/MT,2021-01,Y,30,N,,N,,,Medium,Paracetamol (API pharma intermediate) price benchmarks for Asia are tracked by commercial chemical m,2,0.40,
ASIA_PARACETAMOL_PARAAMINOPHENOL_KEY_INTERMEDIATE_PRICE,Paracetamol,Para-aminophenol (key intermediate) price,Asia,4,Medium,,ChemAnalyst - Para-aminophenol Price,https://www.chemanalyst.com/Pricing-data/para-aminophenol-1439,,paid_or_restricted,Weekly,last,USD/MT,2021-01,Y,30,N,,N,,,Medium,Para-aminophenol Asia spot prices are tracked by specialty chemical market intelligence vendors like,2,0.40,
ASIA_PARACETAMOL_PHENOL_PRICE_UPSTREAM_FEEDSTOCK,Paracetamol,Phenol price (upstream feedstock),Asia,4,Medium,,ChemAnalyst Phenol Price Index,https://www.chemanalyst.com/Pricing-data/phenol-1082,,paid_or_restricted,Weekly,mean,USD/MT,2021-01,Y,30,N,,N,,,Medium,Phenol is a commercial petrochemical whose Asia spot price is tracked mainly by paid market-intellig,2,0.40,
INDIA_PARACETAMOL_CHINAINDIA_API_PRODUCTION_OUTPUT,Paracetamol,China/India API production output,India,3,Low,,"Ministry of Chemicals and Fertilizers - Department of Pharmaceuticals, Government of India",https://pharmaceuticals.gov.in/annual-reports,,multipage_scrape,Annual,last,USD/MT,2021-01,Y,30,N,,N,,,Medium,No open API exists for India/China API production output; Indian government annual reports and bulk ,2,0.25,
GLOBAL_PARACETAMOL_CRUDE_OIL_PRICE_PETROCHEMICAL_FEEDSTOCK_CHAIN,Paracetamol,Crude oil price (petrochemical feedstock chain),Global,1,High,fred,FRED (Federal Reserve Bank of St. Louis) - Crude Oil Prices: West Texas Intermediate,https://fred.stlouisfed.org/series/DCOILWTICO,series_id:DCOILWTICO,open_api,Daily,mean,USD/MT,2021-01,Y,30,N,,N,fred_api_key,GLOBAL_PARACETAMOL_CRUDE_OIL_PRICE_PETROCHEMICAL_FEEDSTOCK_CHAIN_EIA,Medium,"FRED provides a free, open API for daily WTI crude oil spot prices, a standard proxy for petrochemic",2,0.90,
INDIA_PARACETAMOL_INDIA_GENERIC_DRUG_DEMAND_GROWTH_DOMESTIC_EXPORT,Paracetamol,India generic drug demand growth (domestic + export),India,2,Medium,un_comtrade,UN Comtrade Database,https://comtradeplus.un.org/,reporterCode=356;partnerCode=0;cmdCode=292429;flowCode=X,open_api,Monthly,sum,USD/MT,2021-01,Y,30,N,,N,comtrade_api_key,,Medium,"India's paracetamol (HS 292429) export trade data from UN Comtrade can proxy export demand growth, c",2,0.55,
INDIA_PARACETAMOL_INDIA_INDUSTRIAL_ENERGY_COST_MANUFACTURING,Paracetamol,India industrial energy cost (manufacturing),India,2,Low,manual_yaml,"Petroleum Planning & Analysis Cell (PPAC), Ministry of Petroleum and Natural Gas, Government of India",https://ppac.gov.in/prices/petroleum-product-prices,https://ppac.gov.in/prices/petroleum-product-prices,file_download,Monthly,mean,USD/MT,2021-01,Y,30,N,,N,,,Medium,"PPAC publishes official Indian industrial fuel (furnace oil, natural gas, diesel) price series that ",2,0.35,
INDIA_PARACETAMOL_USDINR_USDCNY_EXCHANGE_RATE,Paracetamol,USD/INR & USD/CNY exchange rate,India,1,High,frankfurter,Frankfurter (ECB reference rates),https://www.frankfurter.app/docs,base:USD | target:INR,open_api,Daily,last,USD/MT,2021-01,Y,30,N,,N,,INDIA_PARACETAMOL_USDINR_USDCNY_EXCHANGE_RATE_BIS,Medium,Frankfurter provides free daily ECB reference exchange rates and is the standard open API for USD/IN,2,0.70,
INDIA_PARACETAMOL_INDIA_CDSCOWHOGMP_REGULATORY_COMPLIANCE_COST,Paracetamol,India CDSCO/WHO-GMP regulatory compliance cost,India,3,Low,,Manual compilation (no direct public API for regulatory compliance cost estimates),https://cdsco.gov.in/opencms/opencms/en/Notifications/Guidance-Documents/,,multipage_scrape,Annual,mean,USD/MT,2021-01,Y,30,N,,N,,,Medium,"CDSCO/WHO-GMP compliance cost is not published as a structured time series by any agency or API, so ",2,0.20,
ASIA_PARACETAMOL_BENZENE_PRICES_ASIA,Paracetamol,Benzene Prices - Asia,Asia,3,Low,eia,EIA (Benzene Asia proxy not directly available; using U.S. benzene spot as reference unavailable),https://www.eia.gov/dnav/pet/hist/eer_epllb0_pf4_y35ny_dpgd.htm,PET.EER_EPLLB0_PF4_Y35NY_DPG.D,api_key,Daily,mean,USD/MT,2021-01,Y,30,N,,N,eia_api_key,,Medium,"No free Asia-specific benzene price API exists, so a US Gulf Coast benzene spot series from EIA is p",2,0.20,
ASIA_PARACETAMOL_ACETIC_ACID_PRICES_ASIA,Paracetamol,Acetic Acid Prices - Asia,Asia,4,Medium,,ChemAnalyst,https://www.chemanalyst.com/Pricing-data/acetic-acid-1128,,paid_or_restricted,Weekly,mean,USD/MT,2021-01,Y,30,N,,N,,,Medium,Acetic acid Asia spot prices are tracked by commercial chemical market intelligence platforms like C,2,0.40,
ASIA_PARACETAMOL_ACETIC_ANHYDRIDE_PRICES_ASIA,Paracetamol,Acetic Anhydride Prices - Asia,Asia,4,Medium,,Fastmarkets,https://www.fastmarkets.com/chemicals/acetic-anhydride,,paid_or_restricted,Weekly,last,USD/MT,2021-01,Y,30,N,,N,,,Medium,Acetic anhydride Asia prices are tracked by commercial chemical market intelligence vendors like Fas,2,0.50,
ASIA_PARACETAMOL_NATURAL_GAS_PRICES,Paracetamol,Natural Gas Prices,Asia,1,Medium,worldbank_pinksheet,World Bank Commodity Markets (Pink Sheet),https://www.worldbank.org/en/research/commodity-markets,"series:Natural gas, Japan",open_api,Monthly,mean,USD/MT,2021-01,Y,30,N,,N,,,Medium,World Bank Pink Sheet publishes a monthly Japan LNG (Asia benchmark) natural gas price series that i,2,0.55,
ASIA_PARACETAMOL_FUELELECTRICITY,Paracetamol,Fuel/Electricity,Asia,2,Medium,worldbank_pinksheet,World Bank Pink Sheet Commodity Price Data,https://www.worldbank.org/en/research/commodity-markets,"series:Coal, Australian",open_api,Monthly,mean,USD/MT,2021-01,Y,30,N,,N,,,Medium,Australian thermal coal price serves as a reasonable Asia-region proxy for industrial fuel/electrici,2,0.50,
ASIA_PARACETAMOL_OTC_DRUG_DEMAND_INDEX,Paracetamol,OTC Drug Demand Index,Asia,4,Low,,CEIC/Manual estimate - no public OTC drug demand index available,https://www.who.int/data/gho,,paid_or_restricted,Monthly,mean,USD/MT,2021-01,Y,30,N,,N,,,Medium,No open API or free direct source publishes a regional OTC drug demand index for paracetamol in Asia,2,0.15,
NORTH_AMERICA_WHEAT_WHEAT,Wheat,Wheat,North America,1,High,worldbank_pinksheet,World Bank Pink Sheet Commodity Price Data,https://www.worldbank.org/en/research/commodity-markets,"series:Wheat, US HRW",open_api,Monthly,last,USD/MT,2015-01,Y,30,N,,N,,,Medium,"World Bank Pink Sheet provides a free, monthly, publicly documented US wheat (HRW) price series in U",2,0.75,
CHINA_HDPE_CHINA_PE_PRODUCER_OPERATING_RATES_CPCIF,HDPE,China PE producer operating rates (CPCIF),China,4,Low,,China Petroleum and Chemical Industry Federation (CPCIF),https://www.cpcif.org.cn/,PE producer operating rate index - subscription/report based,paid_or_restricted,Weekly,mean,USD/MT,2016-01,Y,30,N,,N,,,Medium,CPCIF operating rate data for PE producers is typically distributed through paid industry reports or,2,0.30,
EUROPE_ALUMINUM_ALUMINUM,Aluminum,Aluminum,Europe,1,High,worldbank_pinksheet,World Bank Pink Sheet Commodity Prices,https://www.worldbank.org/en/research/commodity-markets,series:Aluminum,open_api,Monthly,last,USD/MT,2015-01,Y,30,N,,N,,,Medium,"World Bank Pink Sheet publishes monthly global aluminum prices in USD/MT sourced from LME, widely us",2,0.80,
EUROPE_FERROCHROME_FEEDSTOCK_METALLURGICAL_COKE,Ferrochrome,Feedstock - Metallurgical Coke,Europe,4,Medium,,Fastmarkets,https://www.fastmarkets.com/metals-and-mining/steel-and-raw-materials/coke,,paid_or_restricted,Weekly,last,USD/MT,2015-01,Y,30,N,,N,,,Medium,Metallurgical coke prices for Europe are tracked primarily by commercial price-reporting agencies li,2,0.50,
EUROPE_MAGNESIUM_STEARATE_VEGETABLE_VS_ANIMALDERIVED_STEARIN_PRICE_SPREAD,Magnesium Stearate,Vegetable vs animal-derived stearin price spread,Europe,4,Low,,Fastmarkets,https://www.fastmarkets.com/commodities/agriculture/oils-and-fats/,,paid_or_restricted,Weekly,mean,USD/MT,2023-01,Y,30,N,,N,,,Medium,Vegetable vs animal-derived stearin price spreads are tracked commercially by oleochemical market da,2,0.35,
UAE_GLASS_BOTTLES_MEA_GLASS_MANUFACTURING_CAPACITY_UTILIZATION_EGYPTUAE,Glass Bottles,MEA glass manufacturing capacity utilization (Egypt/UAE),UAE,4,Low,,CEIC/Manual compilation - no open API for MEA glass capacity utilization index,https://www.ceicdata.com/en,,paid_or_restricted,Monthly,mean,Index 2020 = 100,2020-01,Y,30,N,,N,,,Medium,No known free/open government or international statistical agency publishes a glass manufacturing ca,2,0.20,
SOUTH_AFRICA_CEMENT_SOUTH_AFRICA_CONSTRUCTION_HOUSING_STARTS_STATS_SA_ALT,Cement,South Africa construction & housing starts (Stats SA) (auto-discovered alternate),South Africa,1,Medium,fred,FRED (OECD Main Economic Indicators - South Africa Construction Production),https://fred.stlouisfed.org/series/ZAFPROCONMISMEI,series_id:ZAFPROCONMISMEI,open_api,Monthly,mean,Index,2021-01,Y,30,Y,"Auto-discovered alternate source (LLM-proposed, verified via live fetch on 2026-07-31T12:55:22+00:00; confidence 0.60). Reasoning: FRED mirrors OECD's monthly construction production index for South Africa, offering a free, API-accessible proxy for construction/housing activity.",N,fred_api_key,,Medium,,3,0.60,
AUSTRALIA_CHEESE_AUSTRALIA_DAIRY_FEED_COST_GRAINPASTURE_ALT,Cheese,Australia dairy feed cost (grain/pasture) (auto-discovered alternate),Australia,1,Medium,worldbank_pinksheet,World Bank Commodity Markets (Pink Sheet),https://www.worldbank.org/en/research/commodity-markets,series:Barley,open_api,Monthly,mean,USD/MT,2018-01,Y,30,Y,"Auto-discovered alternate source (LLM-proposed, verified via live fetch on 2026-07-31T12:55:58+00:00; confidence 0.50). Reasoning: World Bank Pink Sheet provides an open, monthly global barley price series (USD/MT) that can proxy Australian dairy grain feed costs given the lack of",N,,,Medium,,3,0.50,
AUSTRALIA_CARBON_STEEL_INDIA_COKING_COAL_IMPORT_PRICE_AUSTRALIAORIGIN_LANDED_COST_ALT,Carbon Steel,"India coking coal import price (Australia-origin, landed cost) (auto-discovered alternate)",Australia,1,Medium,worldbank_pinksheet,World Bank Commodity Markets (Pink Sheet),https://www.worldbank.org/en/research/commodity-markets,"series:Coal, Australian",open_api,Monthly,last,INR/MT,2018-01,Y,30,Y,"Auto-discovered alternate source (LLM-proposed, verified via live fetch on 2026-07-31T12:56:02+00:00; confidence 0.55). Reasoning: World Bank publishes a free, regularly updated monthly Australian thermal/coking coal export price series that serves as the standard global benchmark",N,,,Medium,,3,0.55,
EUROPE_COPPER_FEEDSTOCK_COPPER_CONCENTRATEORE_PRICES_ALT,Copper,Feedstock - Copper Concentrate/Ore prices (auto-discovered alternate),Europe,1,Medium,worldbank_pinksheet,World Bank Commodity Markets (Pink Sheet),https://www.worldbank.org/en/research/commodity-markets,series:Copper,open_api,Monthly,last,USD/MT,2011-01,Y,30,Y,"Auto-discovered alternate source (LLM-proposed, verified via live fetch on 2026-07-31T12:56:33+00:00; confidence 0.40). Reasoning: World Bank Pink Sheet publishes monthly refined copper prices as a free, open proxy since dedicated European concentrate/ore price series are not open",N,,,Medium,,3,0.40,
CHILE_COPPER_CHILE_PERU_MINE_PRODUCTIONDISRUPTIONS_ALT,Copper,Chile & Peru mine production/disruptions (auto-discovered alternate),Chile,1,Medium,worldbank_pinksheet,World Bank Commodity Markets (Pink Sheet),https://www.worldbank.org/en/research/commodity-markets,series:Copper,open_api,Monthly,mean,USD/MT,2011-01,Y,30,Y,"Auto-discovered alternate source (LLM-proposed, verified via live fetch on 2026-07-31T12:56:40+00:00; confidence 0.55). Reasoning: World Bank Pink Sheet provides a free, openly accessible monthly USD/MT copper price series that can proxy market impact of Chile/Peru mine disruption",N,,,Medium,,3,0.55,
LATIN_AMERICA_ETHANOL_CRUDE_OIL_GASOLINE_PRICE_RBOB_ALT,Ethanol,Crude oil / gasoline price (RBOB) (auto-discovered alternate),Latin America,1,Medium,fred,Federal Reserve Economic Data (FRED) - WTI Crude Oil Spot Price,https://fred.stlouisfed.org/series/DCOILWTICO,series_id:DCOILWTICO,open_api,Daily,mean,USD/MT,2015-01,Y,30,Y,"Auto-discovered alternate source (LLM-proposed, verified via live fetch on 2026-07-31T12:59:05+00:00; confidence 0.55). Reasoning: FRED provides a free, open API for daily WTI crude oil spot prices, serving as the crude-oil leg of the RBOB/crude oil driver used as an ethanol price",N,fred_api_key,LATIN_AMERICA_ETHANOL_CRUDE_OIL_GASOLINE_PRICE_RBOB_ALT_EIA,Medium,,3,0.55,
LATIN_AMERICA_ETHANOL_INFLATION_INDEX_IPCA_ALT,Ethanol,Inflation Index (IPCA) (auto-discovered alternate),Latin America,1,High,bcb_sgs,Banco Central do Brasil - Sistema Gerenciador de Séries Temporais (SGS),https://www3.bcb.gov.br/sgspub/localizarseries/localizarSeries.faces?codigoSerie=433,bcdata.sgs:433,open_api,Monthly,last,USD/MT,2015-01,Y,30,Y,"Auto-discovered alternate source (LLM-proposed, verified via live fetch on 2026-07-31T13:00:24+00:00; confidence 0.85). Reasoning: The Central Bank of Brazil publishes the IPCA inflation index (series 433) through its open SGS API, offering a reliable alternative to IBGE for Brazi",N,,,Medium,,3,0.85,
NORTH_AMERICA_GOLD_GOLD_ALT,Gold,Gold (auto-discovered alternate),North America,2,High,worldbank_pinksheet,World Bank Commodity Markets (Pink Sheet),https://www.worldbank.org/en/research/commodity-markets,series:Gold,file_download,Monthly,last,USD/OZ,2015-01,Y,30,Y,"Auto-discovered alternate source (LLM-proposed, verified via live fetch on 2026-07-31T13:07:39+00:00; confidence 0.75). Reasoning: World Bank's Pink Sheet publishes monthly gold prices in USD/troy oz sourced from global markets and is freely accessible via the pinksheet connector.",N,,,Medium,,3,0.75,
GLOBAL_GOLD_TRADED_EQUIVALENT_GOLD_FUTURES_ALT,Gold,Traded equivalent - Gold Futures (auto-discovered alternate),Global,1,High,worldbank_pinksheet,World Bank Commodity Markets (Pink Sheet),https://www.worldbank.org/en/research/commodity-markets,series:Gold,open_api,Monthly,last,USD/OZ,2015-01,Y,30,Y,"Auto-discovered alternate source (LLM-proposed, verified via live fetch on 2026-07-31T13:07:58+00:00; confidence 0.70). Reasoning: World Bank Pink Sheet publishes monthly global gold price in USD/oz derived from futures/spot markets, offering a free, direct, non-FRED alternative.",N,,,Medium,,3,0.70,
CHINA_HDPE_CHINA_PROPERTYCONSTRUCTION_INDEX_ALT,HDPE,China property/construction index (auto-discovered alternate),China,1,Medium,fred,Federal Reserve Bank of St. Louis (FRED) - BIS Residential Property Price Index for China,https://fred.stlouisfed.org/series/QCNR628BIS,series_id:QCNR628BIS,open_api,Quarterly,last,USD/MT,2016-01,Y,30,Y,"Auto-discovered alternate source (LLM-proposed, verified via live fetch on 2026-07-31T13:08:27+00:00; confidence 0.62). Reasoning: FRED hosts the BIS real residential property price index for China as a quarterly, freely accessible API series that proxies China's property/construc",N,fred_api_key,,Medium,,3,0.62,
EUROPE_MAGNESIUM_STEARATE_TALLOWVEGETABLE_OIL_FEEDSTOCK_PRICE_ALT,Magnesium Stearate,Tallow/vegetable oil feedstock price (auto-discovered alternate),Europe,1,Medium,fred,FRED (Federal Reserve Bank of St. Louis) - Global Price of Palm Oil,https://fred.stlouisfed.org/series/PPOILUSDM,series_id:PPOILUSDM,open_api,Monthly,last,USD/MT,2023-01,Y,30,Y,"Auto-discovered alternate source (LLM-proposed, verified via live fetch on 2026-07-31T13:10:44+00:00; confidence 0.55). Reasoning: FRED provides a free, API-accessible monthly global vegetable oil (palm oil) price series in USD/MT that serves as a proxy for the tallow/vegetable oi",N,fred_api_key,,Medium,,3,0.55,
INDIA_NATURAL_GAS_INDIA_COALTOGAS_SWITCHING_IN_POWER_GENERATION_ALT,Natural Gas,India coal-to-gas switching in power generation (auto-discovered alternate),India,1,Medium,worldbank_pinksheet,World Bank Commodity Markets (Pink Sheet),https://www.worldbank.org/en/research/commodity-markets,"series:Liquefied natural gas, Japan",open_api,Monthly,last,USD/MMBtu,2016-01,Y,30,Y,"Auto-discovered alternate source (LLM-proposed, verified via live fetch on 2026-07-31T13:11:51+00:00; confidence 0.55). Reasoning: The World Bank Pink Sheet provides a monthly USD/MMBtu LNG Japan benchmark price widely used as the relevant import-parity proxy for India's coal-to-g",N,,,Medium,,3,0.55,
INDIA_NATURAL_GAS_NATURAL_GAS_ALT,Natural Gas,Natural Gas (auto-discovered alternate),India,2,Medium,eia,U.S. Energy Information Administration (EIA) - Henry Hub Natural Gas Spot Price,https://www.eia.gov/dnav/ng/hist/rngwhhdd.htm,NG.RNGWHHD.D,api_key,Daily,mean,USD/MMBtu,2016-01,Y,30,Y,"Auto-discovered alternate source (LLM-proposed, verified via live fetch on 2026-07-31T13:12:10+00:00; confidence 0.40). Reasoning: Since India-specific gas price APIs are unavailable, Henry Hub (used as a global benchmark reference for India's import-linked gas pricing formulas) p",N,eia_api_key,,Medium,,3,0.40,
APAC_PPI_CAPACITY_UTILIZATION_RATE_ALT,PPI,Capacity utilization rate (auto-discovered alternate),APAC,1,Medium,fred,OECD via FRED (Federal Reserve Bank of St. Louis),https://fred.stlouisfed.org/series/BSCURT02JPQ160S,series_id:BSCURT02JPQ160S,open_api,Quarterly,mean,Index,2018-01,Y,30,Y,"Auto-discovered alternate source (LLM-proposed, verified via live fetch on 2026-07-31T13:15:38+00:00; confidence 0.55). Reasoning: FRED mirrors OECD's Business Tendency Survey capacity utilization rate for Japan (APAC proxy) via a documented, free API.",N,fred_api_key,,Medium,,3,0.55,
APAC_PALM_OIL_COMPETING_VEGETABLE_OIL_GLOBAL_STOCKS_SOYBEAN_SUNFLOWER_ALT,Palm Oil,"Competing vegetable oil global stocks (soybean, sunflower) (auto-discovered alternate)",APAC,1,Medium,worldbank_pinksheet,World Bank Commodity Markets (Pink Sheet),https://www.worldbank.org/en/research/commodity-markets,series:Soybean oil,open_api,Monthly,last,USD/MT,2015-01,Y,30,Y,"Auto-discovered alternate source (LLM-proposed, verified via live fetch on 2026-07-31T13:25:52+00:00; confidence 0.40). Reasoning: World Bank Pink Sheet provides monthly global soybean oil price data as a proxy for competing vegetable oil market conditions in USD/MT, though it tra",N,,,Medium,,3,0.40,
INDONESIA_PALM_OIL_MALAYSIA_INDONESIA_PRODUCTION_ALT,Palm Oil,Malaysia & Indonesia production (auto-discovered alternate),Indonesia,1,Medium,worldbank_pinksheet,World Bank Commodity Markets (Pink Sheet),https://www.worldbank.org/en/research/commodity-markets,series:Palm oil,open_api,Monthly,last,USD/MT,2015-01,Y,30,Y,"Auto-discovered alternate source (LLM-proposed, verified via live fetch on 2026-07-31T13:29:46+00:00; confidence 0.55). Reasoning: World Bank Pink Sheet provides an open, monthly, USD/MT global palm oil price series that can proxy the Malaysia & Indonesia market driver without rel",N,,,Medium,,3,0.55,
NORTH_AMERICA_WHEAT_DEMANDSUPPLY_ANNUAL_DATA_ALT,Wheat,Demand/Supply - Annual Data (auto-discovered alternate),North America,2,Medium,worldbank_pinksheet,World Bank Commodity Markets (Pink Sheet),https://www.worldbank.org/en/research/commodity-markets,"series:Wheat, US HRW",api_key,Annual,mean,USD/MT,2015-01,Y,30,Y,"Auto-discovered alternate source (LLM-proposed, verified via live fetch on 2026-07-31T13:38:59+00:00; confidence 0.60). Reasoning: World Bank Pink Sheet publishes annual average wheat prices in USD/MT, serving as a proxy for supply-demand balance in international markets including",N,,,Medium,,3,0.60,
NEW_ZEALAND_SKIM_MILK_POWDER_USDNZD_USDEUR_EXCHANGE_RATE_BIS,Skim Milk Powder,EUR/MT (BIS keyless fallback),New Zealand,1,High,bis_fx,Bank for International Settlements (BIS) US dollar exchange rates,https://stats.bis.org/,currency:NZD,open_api,Monthly,mean,EUR/MT,2018-01,Y,30,N,,N,,,Low,"Second-line FX backup, tried after Frankfurter (per senior review)",3,,
EU_ATLANTIC_COD_NOKUSD_EURUSD_EXCHANGE_RATE_BIS,Atlantic Cod,EUR/Kg (BIS keyless fallback),EU,1,High,bis_fx,Bank for International Settlements (BIS) US dollar exchange rates,https://stats.bis.org/,currency:USD,open_api,Monthly,mean,EUR/Kg,2022-03,Y,30,N,,N,,,Low,"Second-line FX backup, tried after Frankfurter (per senior review)",3,,
INDIA_BLACK_PEPPER_USDINR_USDVND_EXCHANGE_RATE_VND_NOT_ON_FRANKFURTER_SEE_STATE_BANK_OF_VIETNAM_BIS,Black Pepper,INR/Kg (BIS keyless fallback),India,1,High,bis_fx,Bank for International Settlements (BIS) US dollar exchange rates,https://stats.bis.org/,currency:INR,open_api,Monthly,mean,INR/Kg,2018-01,Y,30,N,,N,,,Low,"Second-line FX backup, tried after Frankfurter (per senior review)",3,,
BRAZIL_ORANGE_BRLUSD_EXCHANGE_RATE_FRANK_BIS,Orange,USD/KG Box (BIS keyless fallback),Brazil,1,High,bis_fx,Bank for International Settlements (BIS) US dollar exchange rates,https://stats.bis.org/,currency:USD,open_api,Monthly,mean,USD/KG Box,1999-01,Y,30,N,,N,,,Low,"Second-line FX backup, tried after Frankfurter (per senior review)",3,,
NORTH_AMERICA_BEEF_CORN_PRICE_FEED_COST_FRANK_BIS,Beef,USD/Cwt (BIS keyless fallback),North America,1,High,bis_fx,Bank for International Settlements (BIS) US dollar exchange rates,https://stats.bis.org/,currency:USD,open_api,Monthly,mean,USD/Cwt,1999-01,Y,30,N,,N,,,Low,"Second-line FX backup, tried after Frankfurter (per senior review)",3,,
NORTH_AMERICA_BEEF_USD_EXCHANGE_RATE_EXPORT_COMPETITIVENESS_FRANK_BIS,Beef,USD/Cwt (BIS keyless fallback),North America,1,High,bis_fx,Bank for International Settlements (BIS) US dollar exchange rates,https://stats.bis.org/,currency:USD,open_api,Monthly,mean,USD/Cwt,1999-01,Y,30,N,,N,,,Low,"Second-line FX backup, tried after Frankfurter (per senior review)",3,,
INDIA_BENZENE_MACRO_USDCNYUSDINR_EXCHNAGE_RATES_BIS,Benzene,USD/MT (BIS keyless fallback),India,1,High,bis_fx,Bank for International Settlements (BIS) US dollar exchange rates,https://stats.bis.org/,currency:INR,open_api,Monthly,mean,USD/MT,2015-01,Y,30,N,,N,,,Low,"Second-line FX backup, tried after Frankfurter (per senior review)",3,,
BRAZIL_ETHANOL_EXCHANGE_RATE_USDBRL_BIS,Ethanol,USD/MT (BIS keyless fallback),Brazil,1,High,bis_fx,Bank for International Settlements (BIS) US dollar exchange rates,https://stats.bis.org/,currency:BRL,open_api,Monthly,mean,USD/MT,2015-01,Y,30,N,,N,,,Low,"Second-line FX backup, tried after Frankfurter (per senior review)",3,,
BRAZIL_ETHANOL_EXCHANGE_RATE_USDBRL_1_BIS,Ethanol,USD/MT (BIS keyless fallback),Brazil,1,High,bis_fx,Bank for International Settlements (BIS) US dollar exchange rates,https://stats.bis.org/,currency:BRL,open_api,Monthly,mean,USD/MT,2015-01,Y,30,N,,N,,,Low,"Second-line FX backup, tried after Frankfurter (per senior review)",3,,
INDIA_HDPE_EXCHANGE_RATE_USDCNY_USDINR_BIS,HDPE,USD/MT (BIS keyless fallback),India,1,High,bis_fx,Bank for International Settlements (BIS) US dollar exchange rates,https://stats.bis.org/,currency:INR,open_api,Monthly,mean,USD/MT,2016-01,Y,30,N,,N,,,Low,"Second-line FX backup, tried after Frankfurter (per senior review)",3,,
SOUTH_AFRICA_PLATINUM_EXCHANGE_RATE_USDZAR_BIS,Platinum,USD/MT (BIS keyless fallback),South Africa,1,High,bis_fx,Bank for International Settlements (BIS) US dollar exchange rates,https://stats.bis.org/,currency:ZAR,open_api,Monthly,mean,USD/MT,2015-04,Y,30,N,,N,,,Low,"Second-line FX backup, tried after Frankfurter (per senior review)",3,,
EU_ALUMINUM_MACRO_EXCHNAGE_RATE_EURUSD_BIS,Aluminum,USD/MT (BIS keyless fallback),EU,1,High,bis_fx,Bank for International Settlements (BIS) US dollar exchange rates,https://stats.bis.org/,currency:USD,open_api,Monthly,mean,USD/MT,2015-01,Y,30,N,,N,,,Low,"Second-line FX backup, tried after Frankfurter (per senior review)",3,,
EU_MAGNESIUM_STEARATE_MACRO_EXCHNAGE_RATE_EURUSD_BIS,Magnesium Stearate,USD/MT (BIS keyless fallback),EU,1,High,bis_fx,Bank for International Settlements (BIS) US dollar exchange rates,https://stats.bis.org/,currency:USD,open_api,Monthly,mean,USD/MT,2023-01,Y,30,N,,N,,,Low,"Second-line FX backup, tried after Frankfurter (per senior review)",3,,
BRAZIL_PULP_USDBRL_EXCHANGE_RATE_BRAZIL_PULP_EXPORTS_BIS,Pulp,USD/Ton (BIS keyless fallback),Brazil,1,High,bis_fx,Bank for International Settlements (BIS) US dollar exchange rates,https://stats.bis.org/,currency:BRL,open_api,Monthly,mean,USD/Ton,2018-01,Y,30,N,,N,,,Low,"Second-line FX backup, tried after Frankfurter (per senior review)",3,,
CHINA_LCI_CHINA_USDCNY_EXCHANGE_RATE_BIS,LCI China,CNY/Month (BIS keyless fallback),China,1,High,bis_fx,Bank for International Settlements (BIS) US dollar exchange rates,https://stats.bis.org/,currency:CNY,open_api,Monthly,mean,CNY/Month,2015-01,Y,30,N,,N,,,Low,"Second-line FX backup, tried after Frankfurter (per senior review)",3,,
EU_GASOLINE_EURUSD_USDPLN_EXCHANGE_RATE_BIS,Gasoline,EUR/Litre (BIS keyless fallback),EU,1,High,bis_fx,Bank for International Settlements (BIS) US dollar exchange rates,https://stats.bis.org/,currency:USD,open_api,Monthly,mean,EUR/Litre,2010-01,Y,30,N,,N,,,Low,"Second-line FX backup, tried after Frankfurter (per senior review)",3,,
EU_GLASS_BOTTLES_EXCHANGE_RATE_VS_USDEUR_BIS,Glass Bottles,Index 2020 = 100 (BIS keyless fallback),EU,1,High,bis_fx,Bank for International Settlements (BIS) US dollar exchange rates,https://stats.bis.org/,currency:EUR,open_api,Monthly,mean,Index 2020 = 100,2020-01,Y,30,N,,N,,,Low,"Second-line FX backup, tried after Frankfurter (per senior review)",3,,
INDIA_PARACETAMOL_USDINR_USDCNY_EXCHANGE_RATE_BIS,Paracetamol,USD/MT (BIS keyless fallback),India,1,High,bis_fx,Bank for International Settlements (BIS) US dollar exchange rates,https://stats.bis.org/,currency:INR,open_api,Monthly,mean,USD/MT,2021-01,Y,30,N,,N,,,Low,"Second-line FX backup, tried after Frankfurter (per senior review)",3,,
LA_PLP_FX_FB_BIS,Pulp,BRL per USD (BIS keyless fallback),Latin America,1,High,bis_fx,Bank for International Settlements (BIS) US dollar exchange rates,https://stats.bis.org/,currency:BRL,open_api,Monthly,mean,BRL per USD,1995-01,Y,30,N,,N,,,Low,Replaces a dangling fallback_driver_id ('LA_PLP_FX_FRANK') that did not resolve to any registry row; second-line FX backup (per senior review),3,,
DE_SMP_FXNZD_BIS,Skim Milk Powder,NZD per USD (BIS keyless fallback),Germany,1,High,bis_fx,Bank for International Settlements (BIS) US dollar exchange rates,https://stats.bis.org/,currency:NZD,open_api,Monthly,mean,NZD per USD,1990-01,Y,30,N,,N,,,Low,Replaces a dangling fallback_driver_id ('DE_SMP_FXNZD_FRANK') that did not resolve to any registry row; second-line FX backup (per senior review),3,,
DE_SMP_FXEUR_BIS,Skim Milk Powder,USD per EUR (BIS keyless fallback),Germany,1,High,bis_fx,Bank for International Settlements (BIS) US dollar exchange rates,https://stats.bis.org/,currency:USD,open_api,Monthly,mean,USD per EUR,1999-01,Y,30,N,,N,,,Low,Replaces a dangling fallback_driver_id ('DE_SMP_FXEUR_FRANK') that did not resolve to any registry row; second-line FX backup (per senior review),3,,
GLOBAL_GLYCERIN_CRUDE_OIL_PRICE_SYNTHETIC_GLYCERIN_ROUTE_EIA,Glycerin,Crude oil price (synthetic glycerin route) (EIA fallback),Global,4,Medium,eia,EIA crude oil spot price,https://www.eia.gov/opendata/,PET.RBRTE.D,api_key,Daily,mean,INR/Kg,2020-01,Y,2,N,,N,eia_api_key,,Low,"Backup source, tried after the primary FRED series (per senior review)",3,,
EU_GLYCERIN_EUGERMANY_NATURAL_GAS_PRICE_TTF_EIA,Glycerin,EU/Germany natural gas price (TTF) (EIA fallback),EU,4,Medium,eia,EIA Henry Hub natural gas spot price (regional proxy),https://www.eia.gov/opendata/,NG.RNGWHHD.D,api_key,Daily,mean,INR/Kg,2020-01,Y,2,Y,"EIA Henry Hub (US) natural gas price used as a cross-market proxy backup — NOT the same regional benchmark as the primary series (e.g. European TTF or other non-US basis); Henry Hub and other regional gas prices move independently with a variable basis spread. Flagged for review before being treated as equivalent data (added per senior review, 2026-08-03).",N,eia_api_key,,Medium,"Backup source, tried after the primary FRED series (per senior review)",3,,
GLOBAL_BENZENE_CRUDE_OIL_PRICE_EIA,Benzene,Crude oil price (EIA fallback),Global,4,Medium,eia,EIA crude oil spot price,https://www.eia.gov/opendata/,PET.RBRTE.D,api_key,Daily,mean,USD/MT,2015-01,Y,2,N,,N,eia_api_key,,Low,"Backup source, tried after the primary FRED series (per senior review)",3,,
GLOBAL_NATURAL_GAS_FEEDSTOCK_CRUDE_OIL_PRICES_EIA,Natural Gas,Feedstock - Crude Oil Prices (EIA fallback),Global,4,Medium,eia,EIA crude oil spot price,https://www.eia.gov/opendata/,PET.RBRTE.D,api_key,Daily,mean,USD/MMBtu,2016-01,Y,2,N,,N,eia_api_key,,Low,"Backup source, tried after the primary FRED series (per senior review)",3,,
GLOBAL_PROPYLENE_CRUDE_OIL_PRICE_EIA,Propylene,Crude oil price (EIA fallback),Global,4,Medium,eia,EIA crude oil spot price,https://www.eia.gov/opendata/,PET.RBRTE.D,api_key,Daily,mean,USD/MT,2015-01,Y,2,N,,N,eia_api_key,,Low,"Backup source, tried after the primary FRED series (per senior review)",3,,
EUROPE_PROPYLENE_UTILITYFEEDSTOCK_NATURAL_GAS_EIA,Propylene,Utility/Feedstock - Natural gas (EIA fallback),Europe,4,Medium,eia,EIA Henry Hub natural gas spot price (regional proxy),https://www.eia.gov/opendata/,NG.RNGWHHD.D,api_key,Daily,mean,USD/MT,2015-01,Y,2,Y,"EIA Henry Hub (US) natural gas price used as a cross-market proxy backup — NOT the same regional benchmark as the primary series (e.g. European TTF or other non-US basis); Henry Hub and other regional gas prices move independently with a variable basis spread. Flagged for review before being treated as equivalent data (added per senior review, 2026-08-03).",N,eia_api_key,,Medium,"Backup source, tried after the primary FRED series (per senior review)",3,,
GLOBAL_STYRENEBUTADIENE_RUBBER_SBR_CRUDE_OIL_PRICE_EIA,Styrene-Butadiene Rubber (SBR),Crude oil price (EIA fallback),Global,4,Medium,eia,EIA crude oil spot price,https://www.eia.gov/opendata/,PET.RBRTE.D,api_key,Daily,mean,USD/MT,2015-01,Y,2,N,,N,eia_api_key,,Low,"Backup source, tried after the primary FRED series (per senior review)",3,,
GLOBAL_GASOLINE_CRUDE_OIL_PRICE_EIA,Gasoline,Crude oil price (EIA fallback),Global,4,Medium,eia,EIA crude oil spot price,https://www.eia.gov/opendata/,PET.RBRTE.D,api_key,Daily,mean,EUR/Litre,2010-01,Y,2,N,,N,eia_api_key,,Low,"Backup source, tried after the primary FRED series (per senior review)",3,,
MEA_GLASS_BOTTLES_BRENT_CRUDE_OIL_EIA,Glass Bottles,Brent Crude Oil (EIA fallback),MEA,4,Medium,eia,EIA crude oil spot price,https://www.eia.gov/opendata/,PET.RBRTE.D,api_key,Daily,mean,Index 2020 = 100,2020-01,Y,2,N,,N,eia_api_key,,Low,"Backup source, tried after the primary FRED series (per senior review)",3,,
GLOBAL_PARACETAMOL_CRUDE_OIL_PRICE_PETROCHEMICAL_FEEDSTOCK_CHAIN_EIA,Paracetamol,Crude oil price (petrochemical feedstock chain) (EIA fallback),Global,4,Medium,eia,EIA crude oil spot price,https://www.eia.gov/opendata/,PET.RWTC.D,api_key,Daily,mean,USD/MT,2021-01,Y,2,N,,N,eia_api_key,,Low,"Backup source, tried after the primary FRED series (per senior review)",3,,
LATIN_AMERICA_ETHANOL_CRUDE_OIL_GASOLINE_PRICE_RBOB_ALT_EIA,Ethanol,Crude oil / gasoline price (RBOB) (auto-discovered alternate) (EIA fallback),Latin America,4,Medium,eia,EIA crude oil spot price,https://www.eia.gov/opendata/,PET.RWTC.D,api_key,Daily,mean,USD/MT,2015-01,Y,2,N,,N,eia_api_key,,Low,"Backup source, tried after the primary FRED series (per senior review)",3,,
EUROPE_ATLANTIC_COD_OCEAN_TEMPERATURE_CLIMATE_ANOMALY_STOCK_MIGRATION_ALT,Atlantic Cod,Ocean temperature / climate anomaly (stock migration) (auto-discovered alternate),Europe,2,Medium,,Met Office Hadley Centre (HadSST4 Sea Surface Temperature Anomaly Dataset),https://www.metoffice.gov.uk/hadobs/hadsst4/data/download.html,HadSST.4.0.1.0_monthly_globe_ts.csv,file_download,Monthly,mean,EUR/Kg,2022-03,Y,30,Y,"Auto-discovered alternate source (LLM-proposed, verified via live fetch on 2026-08-04T07:02:08+00:00; confidence 0.55). Reasoning: HadSST4 provides an openly downloadable monthly global/regional sea-surface-temperature anomaly time series suitable as a proxy climate driver for Nor",N,,,Medium,,3,0.55,
SPAIN_ELECTRICITY_NATURAL_GAS_PRICE_MARGINAL_GENERATION_FUEL_ALT,Electricity,Natural gas price (marginal generation fuel) (auto-discovered alternate),Spain,1,Medium,fred,"FRED (Federal Reserve Bank of St. Louis) - Global Price of Natural Gas, EU",https://fred.stlouisfed.org/series/PNGASEUUSDM,series_id:PNGASEUUSDM,open_api,Monthly,mean,EUR/MWh,2015-01,Y,30,Y,"Auto-discovered alternate source (LLM-proposed, verified via live fetch on 2026-08-04T07:11:46+00:00; confidence 0.55). Reasoning: FRED provides an open, API-accessible European natural gas price series (TTF-based) that serves as a reliable proxy for the marginal gas fuel cost dri",N,fred_api_key,,Medium,,3,0.55,
SPAIN_ELECTRICITY_SECONDARY_FEEDSTOCK_TTF_GAS_FUTURE_PRICES_ALT,Electricity,Secondary Feedstock - TTF Gas Future Prices (auto-discovered alternate),Spain,2,Medium,worldbank_pinksheet,World Bank Pink Sheet Commodity Prices,https://www.worldbank.org/en/research/commodity-markets,"series:Natural gas, Europe",open_api,Monthly,last,EUR/MWh,2015-01,Y,30,Y,"Auto-discovered alternate source (LLM-proposed, verified via live fetch on 2026-08-04T07:11:54+00:00; confidence 0.60). Reasoning: World Bank Pink Sheet publishes a monthly 'Natural gas, Europe' price series benchmarked to TTF, providing an open, API-accessible proxy for TTF futur",N,,,Medium,,3,0.60,
NORTH_AMERICA_GOLD_MINE_SUPPLY_VOLUMES_ALT,Gold,Mine supply volumes (auto-discovered alternate),North America,1,Medium,worldbank_pinksheet,World Bank Commodity Markets (Pink Sheet),https://www.worldbank.org/en/research/commodity-markets,series:Gold,open_api,Monthly,last,USD/OZ,2015-01,Y,30,Y,"Auto-discovered alternate source (LLM-proposed, verified via live fetch on 2026-08-04T07:23:07+00:00; confidence 0.40). Reasoning: The World Bank Pink Sheet provides a monthly USD/OZ gold price series via a documented, freely accessible connector, serving as the closest available ",N,,,Medium,,3,0.40,
ASIA_NATURAL_GAS_ASIA_LNG_DEMAND_JKM_PRICE_ALT,Natural Gas,Asia LNG demand (JKM price) (auto-discovered alternate),Asia,1,High,fred,Federal Reserve Bank of St. Louis (FRED) - IMF Primary Commodity Prices,https://fred.stlouisfed.org/series/PNGASJPUSDM,series_id:PNGASJPUSDM,open_api,Monthly,mean,USD/MMBtu,2016-01,Y,30,Y,"Auto-discovered alternate source (LLM-proposed, verified via live fetch on 2026-08-04T07:26:18+00:00; confidence 0.75). Reasoning: FRED mirrors the IMF's monthly 'Global price of LNG, Asia' series (a JKM-based benchmark in USD/MMBtu) through a free, documented API.",N,fred_api_key,,Medium,,3,0.75,
INDIA_PALM_OIL_INDIA_IMPORT_DEMAND_ALT,Palm Oil,India import demand (auto-discovered alternate),India,2,Medium,worldbank_pinksheet,World Bank Commodity Markets (Pink Sheet),https://www.worldbank.org/en/research/commodity-markets,series:Palm oil,open_api,Monthly,mean,USD/MT,2015-01,Y,30,Y,"Auto-discovered alternate source (LLM-proposed, verified via live fetch on 2026-08-04T07:36:18+00:00; confidence 0.45). Reasoning: The World Bank Pink Sheet provides a globally referenced monthly palm oil price in USD/MT that serves as the best available proxy for India's import c",N,,,Medium,,3,0.45,
