obs_date,value,driver_id
1985-01-07,3244.0,LA_PLP_FX
1985-01-08,3244.0,LA_PLP_FX
1985-01-09,3244.0,LA_PLP_FX
1985-01-10,3244.0,LA_PLP_FX
1985-01-11,3318.0,LA_PLP_FX
1985-01-14,3318.0,LA_PLP_FX
1985-01-15,3318.0,LA_PLP_FX
1985-01-16,3393.0,LA_PLP_FX
1985-01-17,3393.0,LA_PLP_FX
1985-01-18,3393.0,LA_PLP_FX
1985-01-21,3393.0,LA_PLP_FX
1985-01-22,3458.0,LA_PLP_FX
1985-01-23,3458.0,LA_PLP_FX
1985-01-24,3458.0,LA_PLP_FX
1985-01-25,3458.0,LA_PLP_FX
1985-01-28,3511.0,LA_PLP_FX
1985-01-29,3511.0,LA_PLP_FX
1985-01-30,3511.0,LA_PLP_FX
1985-01-31,3585.0,LA_PLP_FX
1985-02-01,3585.0,LA_PLP_FX
1985-02-04,3585.0,LA_PLP_FX
1985-02-05,3585.0,LA_PLP_FX
1985-02-06,3585.0,LA_PLP_FX
1985-02-07,3656.0,LA_PLP_FX
1985-02-08,3656.0,LA_PLP_FX
1985-02-11,3729.0,LA_PLP_FX
1985-02-12,3729.0,LA_PLP_FX
1985-02-13,3729.0,LA_PLP_FX
1985-02-14,3802.0,LA_PLP_FX
1985-02-15,3802.0,LA_PLP_FX
1985-02-20,3802.0,LA_PLP_FX
1985-02-21,3875.0,LA_PLP_FX
1985-02-22,3875.0,LA_PLP_FX
1985-02-25,3936.0,LA_PLP_FX
1985-02-26,3936.0,LA_PLP_FX
1985-02-27,3936.0,LA_PLP_FX
1985-02-28,3951.0,LA_PLP_FX
1985-03-01,3951.0,LA_PLP_FX
1985-03-04,3951.0,LA_PLP_FX
1985-03-05,4017.0,LA_PLP_FX
1985-03-06,4017.0,LA_PLP_FX
1985-03-07,4017.0,LA_PLP_FX
1985-03-08,4017.0,LA_PLP_FX
1985-03-11,4088.0,LA_PLP_FX
1985-03-12,4088.0,LA_PLP_FX
1985-03-13,4088.0,LA_PLP_FX
1985-03-14,4161.0,LA_PLP_FX
1985-03-15,4161.0,LA_PLP_FX
1985-03-18,4161.0,LA_PLP_FX
1985-03-19,4161.0,LA_PLP_FX
1985-03-20,4200.0,LA_PLP_FX
1985-03-21,4200.0,LA_PLP_FX
1985-03-22,4250.0,LA_PLP_FX
1985-03-25,4290.0,LA_PLP_FX
1985-03-26,4330.0,LA_PLP_FX
1985-03-27,4370.0,LA_PLP_FX
1985-03-28,4400.0,LA_PLP_FX
1985-03-29,4450.0,LA_PLP_FX
1985-04-01,4470.0,LA_PLP_FX
1985-04-02,4500.0,LA_PLP_FX
1985-04-03,4530.0,LA_PLP_FX
1985-04-08,4560.0,LA_PLP_FX
1985-04-09,4580.0,LA_PLP_FX
1985-04-10,4600.0,LA_PLP_FX
1985-04-11,4630.0,LA_PLP_FX
1985-04-12,4650.0,LA_PLP_FX
1985-04-15,4680.0,LA_PLP_FX
1985-04-16,4710.0,LA_PLP_FX
1985-04-17,4730.0,LA_PLP_FX
1985-04-18,4760.0,LA_PLP_FX
1985-04-19,4790.0,LA_PLP_FX
1985-04-22,4810.0,LA_PLP_FX
1985-04-23,4840.0,LA_PLP_FX
1985-04-24,4870.0,LA_PLP_FX
1985-04-25,4890.0,LA_PLP_FX
1985-04-26,4920.0,LA_PLP_FX
1985-04-29,4950.0,LA_PLP_FX
1985-04-30,4980.0,LA_PLP_FX
1985-05-02,5000.0,LA_PLP_FX
1985-05-03,5020.0,LA_PLP_FX
1985-05-06,5050.0,LA_PLP_FX
1985-05-07,5070.0,LA_PLP_FX
1985-05-08,5090.0,LA_PLP_FX
1985-05-09,5110.0,LA_PLP_FX
1985-05-10,5130.0,LA_PLP_FX
1985-05-13,5160.0,LA_PLP_FX
1985-05-14,5180.0,LA_PLP_FX
1985-05-15,5200.0,LA_PLP_FX
1985-05-16,5220.0,LA_PLP_FX
1985-05-17,5240.0,LA_PLP_FX
1985-05-20,5270.0,LA_PLP_FX
1985-05-21,5290.0,LA_PLP_FX
1985-05-22,5310.0,LA_PLP_FX
1985-05-23,5340.0,LA_PLP_FX
1985-05-24,5360.0,LA_PLP_FX
1985-05-27,5390.0,LA_PLP_FX
1985-05-28,5410.0,LA_PLP_FX
1985-05-29,5430.0,LA_PLP_FX
1985-05-30,5450.0,LA_PLP_FX
1985-05-31,5480.0,LA_PLP_FX
1985-06-03,5510.0,LA_PLP_FX
1985-06-04,5530.0,LA_PLP_FX
1985-06-05,5560.0,LA_PLP_FX
1985-06-06,5580.0,LA_PLP_FX
1985-06-07,5580.0,LA_PLP_FX
1985-06-10,5610.0,LA_PLP_FX
1985-06-11,5630.0,LA_PLP_FX
1985-06-12,5660.0,LA_PLP_FX
1985-06-13,5690.0,LA_PLP_FX
1985-06-14,5710.0,LA_PLP_FX
1985-06-17,5740.0,LA_PLP_FX
1985-06-18,5770.0,LA_PLP_FX
1985-06-19,5790.0,LA_PLP_FX
1985-06-20,5820.0,LA_PLP_FX
1985-06-21,5850.0,LA_PLP_FX
1985-06-24,5880.0,LA_PLP_FX
1985-06-25,5900.0,LA_PLP_FX
1985-06-26,5930.0,LA_PLP_FX
1985-06-27,5960.0,LA_PLP_FX
1985-06-28,5980.0,LA_PLP_FX
1985-07-01,6000.0,LA_PLP_FX
1985-07-02,6020.0,LA_PLP_FX
1985-07-03,6040.0,LA_PLP_FX
1985-07-04,6060.0,LA_PLP_FX
1985-07-05,6080.0,LA_PLP_FX
1985-07-08,6100.0,LA_PLP_FX
1985-07-09,6120.0,LA_PLP_FX
1985-07-10,6140.0,LA_PLP_FX
1985-07-11,6160.0,LA_PLP_FX
1985-07-12,6180.0,LA_PLP_FX
1985-07-15,6200.0,LA_PLP_FX
1985-07-16,6220.0,LA_PLP_FX
1985-07-17,6240.0,LA_PLP_FX
1985-07-18,6260.0,LA_PLP_FX
1985-07-19,6280.0,LA_PLP_FX
1985-07-22,6300.0,LA_PLP_FX
1985-07-23,6320.0,LA_PLP_FX
1985-07-24,6340.0,LA_PLP_FX
1985-07-25,6360.0,LA_PLP_FX
1985-07-26,6380.0,LA_PLP_FX
1985-07-29,6400.0,LA_PLP_FX
1985-07-30,6420.0,LA_PLP_FX
1985-07-31,6440.0,LA_PLP_FX
1985-08-01,6460.0,LA_PLP_FX
1985-08-02,6480.0,LA_PLP_FX
1985-08-05,6510.0,LA_PLP_FX
1985-08-06,6530.0,LA_PLP_FX
1985-08-07,6560.0,LA_PLP_FX
1985-08-08,6580.0,LA_PLP_FX
1985-08-09,6600.0,LA_PLP_FX
1985-08-12,6630.0,LA_PLP_FX
1985-08-13,6650.0,LA_PLP_FX
1985-08-14,6670.0,LA_PLP_FX
1985-08-15,6700.0,LA_PLP_FX
1985-08-16,6720.0,LA_PLP_FX
1985-08-19,6750.0,LA_PLP_FX
1985-08-20,6770.0,LA_PLP_FX
1985-08-21,6790.0,LA_PLP_FX
1985-08-22,6820.0,LA_PLP_FX
1985-08-23,6840.0,LA_PLP_FX
1985-08-26,6870.0,LA_PLP_FX
1985-08-27,6890.0,LA_PLP_FX
1985-08-28,6920.0,LA_PLP_FX
1985-08-29,6940.0,LA_PLP_FX
1985-08-30,6970.0,LA_PLP_FX
1985-09-02,7030.0,LA_PLP_FX
1985-09-03,7075.0,LA_PLP_FX
1985-09-04,7125.0,LA_PLP_FX
1985-09-05,7170.0,LA_PLP_FX
1985-09-06,7215.0,LA_PLP_FX
1985-09-09,7265.0,LA_PLP_FX
1985-09-10,7310.0,LA_PLP_FX
1985-09-11,7360.0,LA_PLP_FX
1985-09-12,7405.0,LA_PLP_FX
1985-09-13,7455.0,LA_PLP_FX
1985-09-16,7490.0,LA_PLP_FX
1985-09-17,7525.0,LA_PLP_FX
1985-09-18,7560.0,LA_PLP_FX
1985-09-19,7595.0,LA_PLP_FX
1985-09-20,7630.0,LA_PLP_FX
1985-09-23,7665.0,LA_PLP_FX
1985-09-24,7700.0,LA_PLP_FX
1985-09-25,7730.0,LA_PLP_FX
1985-09-26,7765.0,LA_PLP_FX
1985-09-27,7800.0,LA_PLP_FX
1985-09-30,7825.0,LA_PLP_FX
1985-10-01,7855.0,LA_PLP_FX
1985-10-02,7880.0,LA_PLP_FX
1985-10-03,7910.0,LA_PLP_FX
1985-10-04,7940.0,LA_PLP_FX
1985-10-07,7965.0,LA_PLP_FX
1985-10-08,7995.0,LA_PLP_FX
1985-10-09,8020.0,LA_PLP_FX
1985-10-10,8050.0,LA_PLP_FX
1985-10-11,8080.0,LA_PLP_FX
1985-10-14,8105.0,LA_PLP_FX
1985-10-15,8135.0,LA_PLP_FX
1985-10-16,8170.0,LA_PLP_FX
1985-10-17,8205.0,LA_PLP_FX
1985-10-18,8240.0,LA_PLP_FX
1985-10-21,8275.0,LA_PLP_FX
1985-10-22,8310.0,LA_PLP_FX
1985-10-23,8345.0,LA_PLP_FX
1985-10-24,8380.0,LA_PLP_FX
1985-10-25,8415.0,LA_PLP_FX
1985-10-28,8450.0,LA_PLP_FX
1985-10-29,8485.0,LA_PLP_FX
1985-10-30,8520.0,LA_PLP_FX
1985-10-31,8560.0,LA_PLP_FX
1985-11-01,8595.0,LA_PLP_FX
1985-11-04,8625.0,LA_PLP_FX
1985-11-05,8655.0,LA_PLP_FX
1985-11-06,8685.0,LA_PLP_FX
1985-11-07,8715.0,LA_PLP_FX
1985-11-08,8745.0,LA_PLP_FX
1985-11-11,8775.0,LA_PLP_FX
1985-11-12,8805.0,LA_PLP_FX
1985-11-13,8840.0,LA_PLP_FX
1985-11-14,8870.0,LA_PLP_FX
1985-11-18,8915.0,LA_PLP_FX
1985-11-19,8960.0,LA_PLP_FX
1985-11-20,9005.0,LA_PLP_FX
1985-11-21,9050.0,LA_PLP_FX
1985-11-22,9095.0,LA_PLP_FX
1985-11-25,9145.0,LA_PLP_FX
1985-11-26,9195.0,LA_PLP_FX
1985-11-27,9245.0,LA_PLP_FX
1985-11-28,9300.0,LA_PLP_FX
1985-11-29,9350.0,LA_PLP_FX
1985-12-02,9400.0,LA_PLP_FX
1985-12-03,9450.0,LA_PLP_FX
1985-12-04,9495.0,LA_PLP_FX
1985-12-05,9545.0,LA_PLP_FX
1985-12-06,9600.0,LA_PLP_FX
1985-12-09,9655.0,LA_PLP_FX
1985-12-10,9705.0,LA_PLP_FX
1985-12-11,9755.0,LA_PLP_FX
1985-12-12,9805.0,LA_PLP_FX
1985-12-13,9855.0,LA_PLP_FX
1985-12-16,9915.0,LA_PLP_FX
1985-12-17,9975.0,LA_PLP_FX
1985-12-18,10035.0,LA_PLP_FX
1985-12-19,10100.0,LA_PLP_FX
1985-12-20,10160.0,LA_PLP_FX
1985-12-23,10225.0,LA_PLP_FX
1985-12-24,10290.0,LA_PLP_FX
1985-12-26,10360.0,LA_PLP_FX
1985-12-27,10425.0,LA_PLP_FX
1985-12-30,10490.0,LA_PLP_FX
1985-12-31,10490.0,LA_PLP_FX
1986-01-02,10560.0,LA_PLP_FX
1986-01-03,10630.0,LA_PLP_FX
1986-01-06,10695.0,LA_PLP_FX
1986-01-07,10760.0,LA_PLP_FX
1986-01-08,10830.0,LA_PLP_FX
1986-01-09,10895.0,LA_PLP_FX
1986-01-10,10965.0,LA_PLP_FX
1986-01-13,11035.0,LA_PLP_FX
1986-01-14,11100.0,LA_PLP_FX
1986-01-15,11170.0,LA_PLP_FX
1986-01-16,11245.0,LA_PLP_FX
1986-01-17,11315.0,LA_PLP_FX
1986-01-20,11390.0,LA_PLP_FX
1986-01-21,11470.0,LA_PLP_FX
1986-01-22,11545.0,LA_PLP_FX
1986-01-23,11630.0,LA_PLP_FX
1986-01-24,11710.0,LA_PLP_FX
1986-01-27,11795.0,LA_PLP_FX
1986-01-28,11885.0,LA_PLP_FX
1986-01-29,11975.0,LA_PLP_FX
1986-01-30,12065.0,LA_PLP_FX
1986-01-31,12155.0,LA_PLP_FX
1986-02-03,12255.0,LA_PLP_FX
1986-02-04,12355.0,LA_PLP_FX
1986-02-05,12455.0,LA_PLP_FX
1986-02-06,12560.0,LA_PLP_FX
1986-02-07,12665.0,LA_PLP_FX
1986-02-12,12770.0,LA_PLP_FX
1986-02-13,12875.0,LA_PLP_FX
1986-02-14,12985.0,LA_PLP_FX
1986-02-17,13065.0,LA_PLP_FX
1986-02-18,13145.0,LA_PLP_FX
1986-02-19,13225.0,LA_PLP_FX
1986-02-20,13305.0,LA_PLP_FX
1986-02-21,13385.0,LA_PLP_FX
1986-02-24,13475.0,LA_PLP_FX
1986-02-25,13570.0,LA_PLP_FX
1986-02-26,13660.0,LA_PLP_FX
1986-02-27,13750.0,LA_PLP_FX
1986-03-03,13.84,LA_PLP_FX
1986-03-04,13.84,LA_PLP_FX
1986-03-05,13.84,LA_PLP_FX
1986-03-06,13.84,LA_PLP_FX
1986-03-07,13.84,LA_PLP_FX
1986-03-10,13.84,LA_PLP_FX
1986-03-11,13.84,LA_PLP_FX
1986-03-12,13.84,LA_PLP_FX
1986-03-13,13.84,LA_PLP_FX
1986-03-14,13.84,LA_PLP_FX
1986-03-17,13.84,LA_PLP_FX
1986-03-18,13.84,LA_PLP_FX
1986-03-19,13.84,LA_PLP_FX
1986-03-20,13.84,LA_PLP_FX
1986-03-21,13.84,LA_PLP_FX
1986-03-24,13.84,LA_PLP_FX
1986-03-25,13.84,LA_PLP_FX
1986-03-26,13.84,LA_PLP_FX
1986-03-31,13.84,LA_PLP_FX
1986-04-01,13.84,LA_PLP_FX
1986-04-02,13.84,LA_PLP_FX
1986-04-03,13.84,LA_PLP_FX
1986-04-04,13.84,LA_PLP_FX
1986-04-07,13.84,LA_PLP_FX
1986-04-08,13.84,LA_PLP_FX
1986-04-09,13.84,LA_PLP_FX
1986-04-10,13.84,LA_PLP_FX
1986-04-11,13.84,LA_PLP_FX
1986-04-14,13.84,LA_PLP_FX
1986-04-15,13.84,LA_PLP_FX
1986-04-16,13.84,LA_PLP_FX
1986-04-17,13.84,LA_PLP_FX
1986-04-18,13.84,LA_PLP_FX
1986-04-22,13.84,LA_PLP_FX
1986-04-23,13.84,LA_PLP_FX
1986-04-24,13.84,LA_PLP_FX
1986-04-25,13.84,LA_PLP_FX
1986-04-28,13.84,LA_PLP_FX
1986-04-29,13.84,LA_PLP_FX
1986-04-30,13.84,LA_PLP_FX
1986-05-02,13.84,LA_PLP_FX
1986-05-05,13.84,LA_PLP_FX
1986-05-06,13.84,LA_PLP_FX
1986-05-07,13.84,LA_PLP_FX
1986-05-08,13.84,LA_PLP_FX
1986-05-09,13.84,LA_PLP_FX
1986-05-12,13.84,LA_PLP_FX
1986-05-13,13.84,LA_PLP_FX
1986-05-14,13.84,LA_PLP_FX
1986-05-15,13.84,LA_PLP_FX
1986-05-16,13.84,LA_PLP_FX
1986-05-19,13.84,LA_PLP_FX
1986-05-20,13.84,LA_PLP_FX
1986-05-21,13.84,LA_PLP_FX
1986-05-22,13.84,LA_PLP_FX
1986-05-23,13.84,LA_PLP_FX
1986-05-27,13.84,LA_PLP_FX
1986-05-28,13.84,LA_PLP_FX
1986-05-29,13.84,LA_PLP_FX
1986-05-30,13.84,LA_PLP_FX
1986-06-02,13.84,LA_PLP_FX
1986-06-03,13.84,LA_PLP_FX
1986-06-04,13.84,LA_PLP_FX
1986-06-05,13.84,LA_PLP_FX
1986-06-06,13.84,LA_PLP_FX
1986-06-09,13.84,LA_PLP_FX
1986-06-10,13.84,LA_PLP_FX
1986-06-11,13.84,LA_PLP_FX
1986-06-12,13.84,LA_PLP_FX
1986-06-13,13.84,LA_PLP_FX
1986-06-16,13.84,LA_PLP_FX
1986-06-17,13.84,LA_PLP_FX
1986-06-18,13.84,LA_PLP_FX
1986-06-19,13.84,LA_PLP_FX
1986-06-20,13.84,LA_PLP_FX
1986-06-23,13.84,LA_PLP_FX
1986-06-24,13.84,LA_PLP_FX
1986-06-25,13.84,LA_PLP_FX
1986-06-26,13.84,LA_PLP_FX
1986-06-27,13.84,LA_PLP_FX
1986-06-30,13.84,LA_PLP_FX
1986-07-01,13.84,LA_PLP_FX
1986-07-02,13.84,LA_PLP_FX
1986-07-03,13.84,LA_PLP_FX
1986-07-04,13.84,LA_PLP_FX
1986-07-07,13.84,LA_PLP_FX
1986-07-08,13.84,LA_PLP_FX
1986-07-09,13.84,LA_PLP_FX
1986-07-10,13.84,LA_PLP_FX
1986-07-11,13.84,LA_PLP_FX
1986-07-14,13.84,LA_PLP_FX
1986-07-15,13.84,LA_PLP_FX
1986-07-16,13.84,LA_PLP_FX
1986-07-17,13.84,LA_PLP_FX
1986-07-18,13.84,LA_PLP_FX
1986-07-21,13.84,LA_PLP_FX
1986-07-22,13.84,LA_PLP_FX
1986-07-23,13.84,LA_PLP_FX
1986-07-24,13.84,LA_PLP_FX
1986-07-25,13.84,LA_PLP_FX
1986-07-28,13.84,LA_PLP_FX
1986-07-29,13.84,LA_PLP_FX
1986-07-30,13.84,LA_PLP_FX
1986-07-31,13.84,LA_PLP_FX
1986-08-01,13.84,LA_PLP_FX
1986-08-04,13.84,LA_PLP_FX
1986-08-05,13.84,LA_PLP_FX
1986-08-06,13.84,LA_PLP_FX
1986-08-07,13.84,LA_PLP_FX
1986-08-08,13.84,LA_PLP_FX
1986-08-11,13.84,LA_PLP_FX
1986-08-12,13.84,LA_PLP_FX
1986-08-13,13.84,LA_PLP_FX
1986-08-14,13.84,LA_PLP_FX
1986-08-15,13.84,LA_PLP_FX
1986-08-18,13.84,LA_PLP_FX
1986-08-19,13.84,LA_PLP_FX
1986-08-20,13.84,LA_PLP_FX
1986-08-21,13.84,LA_PLP_FX
1986-08-22,13.84,LA_PLP_FX
1986-08-25,13.84,LA_PLP_FX
1986-08-26,13.84,LA_PLP_FX
1986-08-27,13.84,LA_PLP_FX
1986-08-28,13.84,LA_PLP_FX
1986-08-29,13.84,LA_PLP_FX
1986-09-01,13.84,LA_PLP_FX
1986-09-02,13.84,LA_PLP_FX
1986-09-03,13.84,LA_PLP_FX
1986-09-04,13.84,LA_PLP_FX
1986-09-05,13.84,LA_PLP_FX
1986-09-08,13.84,LA_PLP_FX
1986-09-09,13.84,LA_PLP_FX
1986-09-10,13.84,LA_PLP_FX
1986-09-11,13.84,LA_PLP_FX
1986-09-12,13.84,LA_PLP_FX
1986-09-15,13.84,LA_PLP_FX
1986-09-16,13.84,LA_PLP_FX
1986-09-17,13.84,LA_PLP_FX
1986-09-18,13.84,LA_PLP_FX
1986-09-19,13.84,LA_PLP_FX
1986-09-22,13.84,LA_PLP_FX
1986-09-23,13.84,LA_PLP_FX
1986-09-24,13.84,LA_PLP_FX
1986-09-25,13.84,LA_PLP_FX
1986-09-26,13.84,LA_PLP_FX
1986-09-29,13.84,LA_PLP_FX
1986-09-30,13.84,LA_PLP_FX
1986-10-01,13.84,LA_PLP_FX
1986-10-02,13.84,LA_PLP_FX
1986-10-03,13.84,LA_PLP_FX
1986-10-06,13.84,LA_PLP_FX
1986-10-07,13.84,LA_PLP_FX
1986-10-08,13.84,LA_PLP_FX
1986-10-09,13.84,LA_PLP_FX
1986-10-10,13.84,LA_PLP_FX
1986-10-13,13.84,LA_PLP_FX
1986-10-14,13.84,LA_PLP_FX
1986-10-15,13.84,LA_PLP_FX
1986-10-16,14.09,LA_PLP_FX
1986-10-17,14.09,LA_PLP_FX
1986-10-20,14.09,LA_PLP_FX
1986-10-21,14.09,LA_PLP_FX
1986-10-22,14.09,LA_PLP_FX
1986-10-23,14.09,LA_PLP_FX
1986-10-24,14.09,LA_PLP_FX
1986-10-27,14.09,LA_PLP_FX
1986-10-28,14.09,LA_PLP_FX
1986-10-29,14.09,LA_PLP_FX
1986-10-30,14.09,LA_PLP_FX
1986-10-31,14.09,LA_PLP_FX
1986-11-03,14.09,LA_PLP_FX
1986-11-04,14.09,LA_PLP_FX
1986-11-05,14.09,LA_PLP_FX
1986-11-06,14.09,LA_PLP_FX
1986-11-07,14.09,LA_PLP_FX
1986-11-10,14.09,LA_PLP_FX
1986-11-11,14.09,LA_PLP_FX
1986-11-12,14.09,LA_PLP_FX
1986-11-13,14.09,LA_PLP_FX
1986-11-14,14.09,LA_PLP_FX
1986-11-17,14.09,LA_PLP_FX
1986-11-18,14.09,LA_PLP_FX
1986-11-19,14.09,LA_PLP_FX
1986-11-20,14.09,LA_PLP_FX
1986-11-21,14.09,LA_PLP_FX
1986-11-24,14.126,LA_PLP_FX
1986-11-25,14.142,LA_PLP_FX
1986-11-26,14.159,LA_PLP_FX
1986-11-27,14.177,LA_PLP_FX
1986-11-28,14.196,LA_PLP_FX
1986-12-01,14.216,LA_PLP_FX
1986-12-02,14.243,LA_PLP_FX
1986-12-03,14.279,LA_PLP_FX
1986-12-04,14.31,LA_PLP_FX
1986-12-05,14.34,LA_PLP_FX
1986-12-08,14.371,LA_PLP_FX
1986-12-09,14.403,LA_PLP_FX
1986-12-10,14.439,LA_PLP_FX
1986-12-11,14.474,LA_PLP_FX
1986-12-12,14.508,LA_PLP_FX
1986-12-15,14.542,LA_PLP_FX
1986-12-16,14.577,LA_PLP_FX
1986-12-17,14.611,LA_PLP_FX
1986-12-18,14.645,LA_PLP_FX
1986-12-19,14.68,LA_PLP_FX
1986-12-22,14.715,LA_PLP_FX
1986-12-23,14.75,LA_PLP_FX
1986-12-24,14.786,LA_PLP_FX
1986-12-26,14.822,LA_PLP_FX
1986-12-29,14.859,LA_PLP_FX
1986-12-30,14.895,LA_PLP_FX
1986-12-31,14.939,LA_PLP_FX
1987-01-02,14.992,LA_PLP_FX
1987-01-05,15.037,LA_PLP_FX
1987-01-06,15.099,LA_PLP_FX
1987-01-07,15.16,LA_PLP_FX
1987-01-08,15.222,LA_PLP_FX
1987-01-09,15.283,LA_PLP_FX
1987-01-12,15.359,LA_PLP_FX
1987-01-13,15.436,LA_PLP_FX
1987-01-14,15.512,LA_PLP_FX
1987-01-15,15.589,LA_PLP_FX
1987-01-16,15.668,LA_PLP_FX
1987-01-19,15.748,LA_PLP_FX
1987-01-20,15.829,LA_PLP_FX
1987-01-21,15.91,LA_PLP_FX
1987-01-22,15.992,LA_PLP_FX
1987-01-23,16.074,LA_PLP_FX
1987-01-26,16.165,LA_PLP_FX
1987-01-27,16.258,LA_PLP_FX
1987-01-28,16.35,LA_PLP_FX
1987-01-29,16.444,LA_PLP_FX
1987-01-30,16.537,LA_PLP_FX
1987-02-02,16.632,LA_PLP_FX
1987-02-03,16.759,LA_PLP_FX
1987-02-04,16.888,LA_PLP_FX
1987-02-05,17.018,LA_PLP_FX
1987-02-06,17.148,LA_PLP_FX
1987-02-09,17.289,LA_PLP_FX
1987-02-10,17.455,LA_PLP_FX
1987-02-11,17.63,LA_PLP_FX
1987-02-12,17.806,LA_PLP_FX
1987-02-13,17.985,LA_PLP_FX
1987-02-16,18.168,LA_PLP_FX
1987-02-17,18.353,LA_PLP_FX
1987-02-18,18.539,LA_PLP_FX
1987-02-19,18.728,LA_PLP_FX
1987-02-20,18.919,LA_PLP_FX
1987-02-23,19.112,LA_PLP_FX
1987-02-24,19.307,LA_PLP_FX
1987-02-25,19.504,LA_PLP_FX
1987-02-26,19.678,LA_PLP_FX
1987-02-27,19.795,LA_PLP_FX
1987-03-04,19.902,LA_PLP_FX
1987-03-05,20.012,LA_PLP_FX
1987-03-06,20.122,LA_PLP_FX
1987-03-09,20.248,LA_PLP_FX
1987-03-10,20.373,LA_PLP_FX
1987-03-11,20.501,LA_PLP_FX
1987-03-12,20.629,LA_PLP_FX
1987-03-13,20.729,LA_PLP_FX
1987-03-16,20.813,LA_PLP_FX
1987-03-17,20.928,LA_PLP_FX
1987-03-18,21.045,LA_PLP_FX
1987-03-19,21.16,LA_PLP_FX
1987-03-20,21.279,LA_PLP_FX
1987-03-23,21.399,LA_PLP_FX
1987-03-24,21.521,LA_PLP_FX
1987-03-25,21.644,LA_PLP_FX
1987-03-26,21.767,LA_PLP_FX
1987-03-27,21.892,LA_PLP_FX
1987-03-30,22.018,LA_PLP_FX
1987-03-31,22.144,LA_PLP_FX
1987-04-01,22.271,LA_PLP_FX
1987-04-02,22.398,LA_PLP_FX
1987-04-03,22.527,LA_PLP_FX
1987-04-06,22.656,LA_PLP_FX
1987-04-07,22.803,LA_PLP_FX
1987-04-08,22.954,LA_PLP_FX
1987-04-09,23.106,LA_PLP_FX
1987-04-10,23.283,LA_PLP_FX
1987-04-13,23.462,LA_PLP_FX
1987-04-14,23.64,LA_PLP_FX
1987-04-15,23.82,LA_PLP_FX
1987-04-21,24.002,LA_PLP_FX
1987-04-22,24.189,LA_PLP_FX
1987-04-23,24.378,LA_PLP_FX
1987-04-24,24.569,LA_PLP_FX
1987-04-27,24.761,LA_PLP_FX
1987-04-28,24.971,LA_PLP_FX
1987-04-29,25.201,LA_PLP_FX
1987-04-30,25.434,LA_PLP_FX
1987-05-04,27.592,LA_PLP_FX
1987-05-05,27.849,LA_PLP_FX
1987-05-06,28.109,LA_PLP_FX
1987-05-07,28.373,LA_PLP_FX
1987-05-08,28.731,LA_PLP_FX
1987-05-11,29.083,LA_PLP_FX
1987-05-12,29.518,LA_PLP_FX
1987-05-13,29.961,LA_PLP_FX
1987-05-14,30.413,LA_PLP_FX
1987-05-15,30.874,LA_PLP_FX
1987-05-18,31.151,LA_PLP_FX
1987-05-19,31.434,LA_PLP_FX
1987-05-20,31.723,LA_PLP_FX
1987-05-21,32.016,LA_PLP_FX
1987-05-22,32.316,LA_PLP_FX
1987-05-25,32.626,LA_PLP_FX
1987-05-26,32.948,LA_PLP_FX
1987-05-27,33.293,LA_PLP_FX
1987-05-28,33.642,LA_PLP_FX
1987-05-29,33.996,LA_PLP_FX
1987-06-01,34.357,LA_PLP_FX
1987-06-02,34.721,LA_PLP_FX
1987-06-03,35.087,LA_PLP_FX
1987-06-04,35.455,LA_PLP_FX
1987-06-05,35.827,LA_PLP_FX
1987-06-08,36.203,LA_PLP_FX
1987-06-09,36.583,LA_PLP_FX
1987-06-10,36.965,LA_PLP_FX
1987-06-11,37.348,LA_PLP_FX
1987-06-12,37.73,LA_PLP_FX
1987-06-15,38.097,LA_PLP_FX
1987-06-16,41.716,LA_PLP_FX
1987-06-17,41.882,LA_PLP_FX
1987-06-18,42.046,LA_PLP_FX
1987-06-19,42.21,LA_PLP_FX
1987-06-22,42.375,LA_PLP_FX
1987-06-23,42.54,LA_PLP_FX
1987-06-24,42.705,LA_PLP_FX
1987-06-25,42.872,LA_PLP_FX
1987-06-26,43.039,LA_PLP_FX
1987-06-29,43.207,LA_PLP_FX
1987-06-30,43.376,LA_PLP_FX
1987-07-01,43.545,LA_PLP_FX
1987-07-02,43.697,LA_PLP_FX
1987-07-03,43.85,LA_PLP_FX
1987-07-06,44.004,LA_PLP_FX
1987-07-07,44.158,LA_PLP_FX
1987-07-08,44.299,LA_PLP_FX
1987-07-09,44.432,LA_PLP_FX
1987-07-10,44.566,LA_PLP_FX
1987-07-13,44.69,LA_PLP_FX
1987-07-14,44.807,LA_PLP_FX
1987-07-15,44.918,LA_PLP_FX
1987-07-16,45.029,LA_PLP_FX
1987-07-17,45.133,LA_PLP_FX
1987-07-20,45.234,LA_PLP_FX
1987-07-21,45.336,LA_PLP_FX
1987-07-22,45.426,LA_PLP_FX
1987-07-23,45.51,LA_PLP_FX
1987-07-24,45.597,LA_PLP_FX
1987-07-27,45.683,LA_PLP_FX
1987-07-28,45.763,LA_PLP_FX
1987-07-29,45.849,LA_PLP_FX
1987-07-30,45.932,LA_PLP_FX
1987-07-31,46.021,LA_PLP_FX
1987-08-03,46.108,LA_PLP_FX
1987-08-04,46.196,LA_PLP_FX
1987-08-05,46.284,LA_PLP_FX
1987-08-06,46.372,LA_PLP_FX
1987-08-07,46.46,LA_PLP_FX
1987-08-10,46.548,LA_PLP_FX
1987-08-11,46.636,LA_PLP_FX
1987-08-12,46.725,LA_PLP_FX
1987-08-13,46.823,LA_PLP_FX
1987-08-14,46.931,LA_PLP_FX
1987-08-17,47.048,LA_PLP_FX
1987-08-18,47.174,LA_PLP_FX
1987-08-19,47.3,LA_PLP_FX
1987-08-20,47.427,LA_PLP_FX
1987-08-21,47.559,LA_PLP_FX
1987-08-24,47.691,LA_PLP_FX
1987-08-25,47.824,LA_PLP_FX
1987-08-26,47.957,LA_PLP_FX
1987-08-27,48.09,LA_PLP_FX
1987-08-28,48.224,LA_PLP_FX
1987-08-31,48.358,LA_PLP_FX
1987-09-01,48.492,LA_PLP_FX
1987-09-02,48.627,LA_PLP_FX
1987-09-03,48.762,LA_PLP_FX
1987-09-04,48.898,LA_PLP_FX
1987-09-08,49.034,LA_PLP_FX
1987-09-09,49.17,LA_PLP_FX
1987-09-10,49.307,LA_PLP_FX
1987-09-11,49.444,LA_PLP_FX
1987-09-14,49.581,LA_PLP_FX
1987-09-15,49.719,LA_PLP_FX
1987-09-16,49.857,LA_PLP_FX
1987-09-17,49.996,LA_PLP_FX
1987-09-18,50.135,LA_PLP_FX
1987-09-21,50.274,LA_PLP_FX
1987-09-22,50.414,LA_PLP_FX
1987-09-23,50.554,LA_PLP_FX
1987-09-24,50.694,LA_PLP_FX
1987-09-25,50.835,LA_PLP_FX
1987-09-28,50.976,LA_PLP_FX
1987-09-29,51.129,LA_PLP_FX
1987-09-30,51.282,LA_PLP_FX
1987-10-01,51.436,LA_PLP_FX
1987-10-02,51.59,LA_PLP_FX
1987-10-05,51.745,LA_PLP_FX
1987-10-06,51.9,LA_PLP_FX
1987-10-07,52.07,LA_PLP_FX
1987-10-08,52.241,LA_PLP_FX
1987-10-09,52.429,LA_PLP_FX
1987-10-13,52.617,LA_PLP_FX
1987-10-14,52.806,LA_PLP_FX
1987-10-15,53.016,LA_PLP_FX
1987-10-16,53.227,LA_PLP_FX
1987-10-19,53.464,LA_PLP_FX
1987-10-20,53.702,LA_PLP_FX
1987-10-21,53.941,LA_PLP_FX
1987-10-22,54.216,LA_PLP_FX
1987-10-23,54.493,LA_PLP_FX
1987-10-26,54.771,LA_PLP_FX
1987-10-27,55.05,LA_PLP_FX
1987-10-28,55.331,LA_PLP_FX
1987-10-29,55.613,LA_PLP_FX
1987-10-30,55.897,LA_PLP_FX
1987-11-03,56.189,LA_PLP_FX
1987-11-04,56.483,LA_PLP_FX
1987-11-05,56.778,LA_PLP_FX
1987-11-06,57.075,LA_PLP_FX
1987-11-09,57.374,LA_PLP_FX
1987-11-10,57.674,LA_PLP_FX
1987-11-11,57.994,LA_PLP_FX
1987-11-12,58.316,LA_PLP_FX
1987-11-13,58.64,LA_PLP_FX
1987-11-16,58.966,LA_PLP_FX
1987-11-17,59.304,LA_PLP_FX
1987-11-18,59.644,LA_PLP_FX
1987-11-19,59.986,LA_PLP_FX
1987-11-20,60.33,LA_PLP_FX
1987-11-23,60.685,LA_PLP_FX
1987-11-24,61.129,LA_PLP_FX
1987-11-25,61.576,LA_PLP_FX
1987-11-26,62.027,LA_PLP_FX
1987-11-27,62.546,LA_PLP_FX
1987-11-30,63.069,LA_PLP_FX
1987-12-01,63.596,LA_PLP_FX
1987-12-02,63.969,LA_PLP_FX
1987-12-03,64.344,LA_PLP_FX
1987-12-04,64.721,LA_PLP_FX
1987-12-07,65.1,LA_PLP_FX
1987-12-08,65.481,LA_PLP_FX
1987-12-09,65.865,LA_PLP_FX
1987-12-10,66.251,LA_PLP_FX
1987-12-11,66.639,LA_PLP_FX
1987-12-14,67.03,LA_PLP_FX
1987-12-15,67.423,LA_PLP_FX
1987-12-16,67.818,LA_PLP_FX
1987-12-17,68.215,LA_PLP_FX
1987-12-18,68.615,LA_PLP_FX
1987-12-21,69.017,LA_PLP_FX
1987-12-22,69.421,LA_PLP_FX
1987-12-23,69.828,LA_PLP_FX
1987-12-24,70.237,LA_PLP_FX
1987-12-28,70.649,LA_PLP_FX
1987-12-29,71.179,LA_PLP_FX
1987-12-30,71.713,LA_PLP_FX
1987-12-31,72.251,LA_PLP_FX
1988-01-04,72.251,LA_PLP_FX
1988-01-05,72.793,LA_PLP_FX
1988-01-06,73.339,LA_PLP_FX
1988-01-07,73.889,LA_PLP_FX
1988-01-08,74.443,LA_PLP_FX
1988-01-11,75.001,LA_PLP_FX
1988-01-12,75.564,LA_PLP_FX
1988-01-13,76.131,LA_PLP_FX
1988-01-14,76.702,LA_PLP_FX
1988-01-15,77.277,LA_PLP_FX
1988-01-18,77.857,LA_PLP_FX
1988-01-19,78.441,LA_PLP_FX
1988-01-20,79.029,LA_PLP_FX
1988-01-21,79.622,LA_PLP_FX
1988-01-22,80.219,LA_PLP_FX
1988-01-25,80.821,LA_PLP_FX
1988-01-26,81.459,LA_PLP_FX
1988-01-27,82.102,LA_PLP_FX
1988-01-28,82.75,LA_PLP_FX
1988-01-29,83.403,LA_PLP_FX
1988-02-01,84.061,LA_PLP_FX
1988-02-02,84.748,LA_PLP_FX
1988-02-03,85.441,LA_PLP_FX
1988-02-04,86.14,LA_PLP_FX
1988-02-05,86.844,LA_PLP_FX
1988-02-08,87.554,LA_PLP_FX
1988-02-09,88.27,LA_PLP_FX
1988-02-10,88.992,LA_PLP_FX
1988-02-11,89.72,LA_PLP_FX
1988-02-12,90.538,LA_PLP_FX
1988-02-17,91.364,LA_PLP_FX
1988-02-18,92.197,LA_PLP_FX
1988-02-19,93.038,LA_PLP_FX
1988-02-22,93.887,LA_PLP_FX
1988-02-23,94.792,LA_PLP_FX
1988-02-24,95.706,LA_PLP_FX
1988-02-25,96.628,LA_PLP_FX
1988-02-26,97.559,LA_PLP_FX
1988-02-29,98.499,LA_PLP_FX
1988-03-01,99.448,LA_PLP_FX
1988-03-02,100.29,LA_PLP_FX
1988-03-03,101.14,LA_PLP_FX
1988-03-04,101.86,LA_PLP_FX
1988-03-07,102.56,LA_PLP_FX
1988-03-08,103.27,LA_PLP_FX
1988-03-09,103.98,LA_PLP_FX
1988-03-10,104.7,LA_PLP_FX
1988-03-11,105.42,LA_PLP_FX
1988-03-14,106.11,LA_PLP_FX
1988-03-15,106.8,LA_PLP_FX
1988-03-16,107.5,LA_PLP_FX
1988-03-17,108.2,LA_PLP_FX
1988-03-18,108.91,LA_PLP_FX
1988-03-21,109.62,LA_PLP_FX
1988-03-22,110.34,LA_PLP_FX
1988-03-23,111.06,LA_PLP_FX
1988-03-24,111.79,LA_PLP_FX
1988-03-25,112.47,LA_PLP_FX
1988-03-28,113.16,LA_PLP_FX
1988-03-29,113.85,LA_PLP_FX
1988-03-30,114.55,LA_PLP_FX
1988-04-04,115.54,LA_PLP_FX
1988-04-05,116.54,LA_PLP_FX
1988-04-06,117.55,LA_PLP_FX
1988-04-07,118.57,LA_PLP_FX
1988-04-08,119.64,LA_PLP_FX
1988-04-11,120.72,LA_PLP_FX
1988-04-12,121.81,LA_PLP_FX
1988-04-13,122.91,LA_PLP_FX
1988-04-14,123.97,LA_PLP_FX
1988-04-15,125.15,LA_PLP_FX
1988-04-19,126.4,LA_PLP_FX
1988-04-20,127.67,LA_PLP_FX
1988-04-21,128.95,LA_PLP_FX
1988-04-22,130.24,LA_PLP_FX
1988-04-25,131.54,LA_PLP_FX
1988-04-26,132.99,LA_PLP_FX
1988-04-27,134.46,LA_PLP_FX
1988-04-28,135.94,LA_PLP_FX
1988-04-29,137.44,LA_PLP_FX
1988-05-02,138.56,LA_PLP_FX
1988-05-03,139.77,LA_PLP_FX
1988-05-04,141.0,LA_PLP_FX
1988-05-05,142.24,LA_PLP_FX
1988-05-06,143.49,LA_PLP_FX
1988-05-09,144.75,LA_PLP_FX
1988-05-10,146.02,LA_PLP_FX
1988-05-11,147.3,LA_PLP_FX
1988-05-12,148.59,LA_PLP_FX
1988-05-16,149.89,LA_PLP_FX
1988-05-17,151.2,LA_PLP_FX
1988-05-18,152.53,LA_PLP_FX
1988-05-19,153.87,LA_PLP_FX
1988-05-20,155.24,LA_PLP_FX
1988-05-23,156.62,LA_PLP_FX
1988-05-24,157.93,LA_PLP_FX
1988-05-25,159.25,LA_PLP_FX
1988-05-26,160.58,LA_PLP_FX
1988-05-27,161.25,LA_PLP_FX
1988-05-31,162.69,LA_PLP_FX
1988-06-01,163.95,LA_PLP_FX
1988-06-02,165.22,LA_PLP_FX
1988-06-03,166.5,LA_PLP_FX
1988-06-06,167.79,LA_PLP_FX
1988-06-07,169.09,LA_PLP_FX
1988-06-08,170.4,LA_PLP_FX
1988-06-09,171.72,LA_PLP_FX
1988-06-10,173.05,LA_PLP_FX
1988-06-13,174.34,LA_PLP_FX
1988-06-14,175.69,LA_PLP_FX
1988-06-15,177.05,LA_PLP_FX
1988-06-16,178.43,LA_PLP_FX
1988-06-17,179.83,LA_PLP_FX
1988-06-20,181.26,LA_PLP_FX
1988-06-21,182.76,LA_PLP_FX
1988-06-22,184.27,LA_PLP_FX
1988-06-23,185.79,LA_PLP_FX
1988-06-24,187.55,LA_PLP_FX
1988-06-27,189.32,LA_PLP_FX
1988-06-28,191.11,LA_PLP_FX
1988-06-29,192.92,LA_PLP_FX
1988-06-30,194.63,LA_PLP_FX
1988-07-01,196.23,LA_PLP_FX
1988-07-04,197.84,LA_PLP_FX
1988-07-05,199.47,LA_PLP_FX
1988-07-06,201.11,LA_PLP_FX
1988-07-07,202.84,LA_PLP_FX
1988-07-08,204.55,LA_PLP_FX
1988-07-11,206.31,LA_PLP_FX
1988-07-12,208.13,LA_PLP_FX
1988-07-13,209.97,LA_PLP_FX
1988-07-14,211.86,LA_PLP_FX
1988-07-15,213.91,LA_PLP_FX
1988-07-18,216.07,LA_PLP_FX
1988-07-19,218.29,LA_PLP_FX
1988-07-20,220.59,LA_PLP_FX
1988-07-21,223.31,LA_PLP_FX
1988-07-22,226.07,LA_PLP_FX
1988-07-25,228.87,LA_PLP_FX
1988-07-26,231.83,LA_PLP_FX
1988-07-27,235.02,LA_PLP_FX
1988-07-28,238.35,LA_PLP_FX
1988-07-29,241.73,LA_PLP_FX
1988-08-01,243.69,LA_PLP_FX
1988-08-02,245.72,LA_PLP_FX
1988-08-03,247.77,LA_PLP_FX
1988-08-04,249.83,LA_PLP_FX
1988-08-05,251.97,LA_PLP_FX
1988-08-08,254.12,LA_PLP_FX
1988-08-09,256.29,LA_PLP_FX
1988-08-10,258.48,LA_PLP_FX
1988-08-11,260.69,LA_PLP_FX
1988-08-12,262.82,LA_PLP_FX
1988-08-15,264.97,LA_PLP_FX
1988-08-16,267.14,LA_PLP_FX
1988-08-17,269.32,LA_PLP_FX
1988-08-18,271.52,LA_PLP_FX
1988-08-19,273.74,LA_PLP_FX
1988-08-22,275.98,LA_PLP_FX
1988-08-23,278.18,LA_PLP_FX
1988-08-24,280.4,LA_PLP_FX
1988-08-25,282.64,LA_PLP_FX
1988-08-26,285.07,LA_PLP_FX
1988-08-29,287.52,LA_PLP_FX
1988-08-30,289.99,LA_PLP_FX
1988-08-31,292.49,LA_PLP_FX
1988-09-01,295.13,LA_PLP_FX
1988-09-02,297.8,LA_PLP_FX
1988-09-05,300.49,LA_PLP_FX
1988-09-06,303.21,LA_PLP_FX
1988-09-08,306.05,LA_PLP_FX
1988-09-09,308.92,LA_PLP_FX
1988-09-12,311.9,LA_PLP_FX
1988-09-13,314.91,LA_PLP_FX
1988-09-14,317.95,LA_PLP_FX
1988-09-15,321.35,LA_PLP_FX
1988-09-16,324.78,LA_PLP_FX
1988-09-19,328.25,LA_PLP_FX
1988-09-20,331.76,LA_PLP_FX
1988-09-21,335.3,LA_PLP_FX
1988-09-22,338.88,LA_PLP_FX
1988-09-23,342.5,LA_PLP_FX
1988-09-26,346.22,LA_PLP_FX
1988-09-27,350.02,LA_PLP_FX
1988-09-28,353.86,LA_PLP_FX
1988-09-29,358.68,LA_PLP_FX
1988-09-30,362.98,LA_PLP_FX
1988-10-03,367.22,LA_PLP_FX
1988-10-04,371.51,LA_PLP_FX
1988-10-05,375.85,LA_PLP_FX
1988-10-06,380.24,LA_PLP_FX
1988-10-07,384.68,LA_PLP_FX
1988-10-11,389.18,LA_PLP_FX
1988-10-12,393.73,LA_PLP_FX
1988-10-13,398.68,LA_PLP_FX
1988-10-14,403.69,LA_PLP_FX
1988-10-17,409.24,LA_PLP_FX
1988-10-18,414.87,LA_PLP_FX
1988-10-19,420.58,LA_PLP_FX
1988-10-20,426.37,LA_PLP_FX
1988-10-21,432.24,LA_PLP_FX
1988-10-24,438.19,LA_PLP_FX
1988-10-25,444.48,LA_PLP_FX
1988-10-26,450.86,LA_PLP_FX
1988-10-27,457.29,LA_PLP_FX
1988-10-28,463.34,LA_PLP_FX
1988-11-01,468.76,LA_PLP_FX
1988-11-02,474.24,LA_PLP_FX
1988-11-03,479.79,LA_PLP_FX
1988-11-04,485.3,LA_PLP_FX
1988-11-07,490.88,LA_PLP_FX
1988-11-08,496.51,LA_PLP_FX
1988-11-09,502.19,LA_PLP_FX
1988-11-10,507.94,LA_PLP_FX
1988-11-11,513.74,LA_PLP_FX
1988-11-14,519.6,LA_PLP_FX
1988-11-16,525.47,LA_PLP_FX
1988-11-17,531.24,LA_PLP_FX
1988-11-18,537.08,LA_PLP_FX
1988-11-21,542.98,LA_PLP_FX
1988-11-22,548.94,LA_PLP_FX
1988-11-23,554.97,LA_PLP_FX
1988-11-24,561.07,LA_PLP_FX
1988-11-25,567.23,LA_PLP_FX
1988-11-28,573.46,LA_PLP_FX
1988-11-29,579.76,LA_PLP_FX
1988-11-30,588.07,LA_PLP_FX
1988-12-01,594.07,LA_PLP_FX
1988-12-02,600.13,LA_PLP_FX
1988-12-05,606.44,LA_PLP_FX
1988-12-06,612.82,LA_PLP_FX
1988-12-07,619.32,LA_PLP_FX
1988-12-08,625.89,LA_PLP_FX
1988-12-09,632.68,LA_PLP_FX
1988-12-12,639.55,LA_PLP_FX
1988-12-13,646.67,LA_PLP_FX
1988-12-14,653.87,LA_PLP_FX
1988-12-15,661.37,LA_PLP_FX
1988-12-16,668.96,LA_PLP_FX
1988-12-19,676.72,LA_PLP_FX
1988-12-20,684.97,LA_PLP_FX
1988-12-21,694.57,LA_PLP_FX
1988-12-22,704.31,LA_PLP_FX
1988-12-23,714.18,LA_PLP_FX
1988-12-26,724.19,LA_PLP_FX
1988-12-27,734.73,LA_PLP_FX
1988-12-28,745.42,LA_PLP_FX
1988-12-29,756.55,LA_PLP_FX
1988-12-30,765.3,LA_PLP_FX
1989-01-02,765.3,LA_PLP_FX
1989-01-03,774.21,LA_PLP_FX
1989-01-04,783.23,LA_PLP_FX
1989-01-05,792.35,LA_PLP_FX
1989-01-06,801.58,LA_PLP_FX
1989-01-09,810.92,LA_PLP_FX
1989-01-10,820.36,LA_PLP_FX
1989-01-11,829.91,LA_PLP_FX
1989-01-12,839.58,LA_PLP_FX
1989-01-13,849.36,LA_PLP_FX
1989-01-15,859.25,LA_PLP_FX
1989-01-16,1.0,LA_PLP_FX
1989-01-17,1.0,LA_PLP_FX
1989-01-18,1.0,LA_PLP_FX
1989-01-19,1.0,LA_PLP_FX
1989-01-20,1.0,LA_PLP_FX
1989-01-23,1.0,LA_PLP_FX
1989-01-24,1.0,LA_PLP_FX
1989-01-25,1.0,LA_PLP_FX
1989-01-26,1.0,LA_PLP_FX
1989-01-27,1.0,LA_PLP_FX
1989-01-30,1.0,LA_PLP_FX
1989-01-31,1.0,LA_PLP_FX
1989-02-01,1.0,LA_PLP_FX
1989-02-02,1.0,LA_PLP_FX
1989-02-03,1.0,LA_PLP_FX
1989-02-08,1.0,LA_PLP_FX
1989-02-09,1.0,LA_PLP_FX
1989-02-10,1.0,LA_PLP_FX
1989-02-13,1.0,LA_PLP_FX
1989-02-14,1.0,LA_PLP_FX
1989-02-15,1.0,LA_PLP_FX
1989-02-16,1.0,LA_PLP_FX
1989-02-17,1.0,LA_PLP_FX
1989-02-20,1.0,LA_PLP_FX
1989-02-21,1.0,LA_PLP_FX
1989-02-22,1.0,LA_PLP_FX
1989-02-23,1.0,LA_PLP_FX
1989-02-24,1.0,LA_PLP_FX
1989-02-27,1.0,LA_PLP_FX
1989-02-28,1.0,LA_PLP_FX
1989-03-01,1.0,LA_PLP_FX
1989-03-02,1.0,LA_PLP_FX
1989-03-03,1.0,LA_PLP_FX
1989-03-06,1.0,LA_PLP_FX
1989-03-07,1.0,LA_PLP_FX
1989-03-08,1.0,LA_PLP_FX
1989-03-09,1.0,LA_PLP_FX
1989-03-10,1.0,LA_PLP_FX
1989-03-13,1.0,LA_PLP_FX
1989-03-14,1.0,LA_PLP_FX
1989-03-15,1.0,LA_PLP_FX
1989-03-16,1.0,LA_PLP_FX
1989-03-17,1.0,LA_PLP_FX
1989-03-20,1.0,LA_PLP_FX
1989-03-21,1.0,LA_PLP_FX
1989-03-22,1.0,LA_PLP_FX
1989-03-27,1.0,LA_PLP_FX
1989-03-28,1.0,LA_PLP_FX
1989-03-29,1.0,LA_PLP_FX
1989-03-30,1.0,LA_PLP_FX
1989-03-31,1.0,LA_PLP_FX
1989-04-03,1.0,LA_PLP_FX
1989-04-04,1.0,LA_PLP_FX
1989-04-05,1.0,LA_PLP_FX
1989-04-06,1.0,LA_PLP_FX
1989-04-07,1.0,LA_PLP_FX
1989-04-10,1.0,LA_PLP_FX
1989-04-11,1.0,LA_PLP_FX
1989-04-12,1.0,LA_PLP_FX
1989-04-13,1.0,LA_PLP_FX
1989-04-14,1.0,LA_PLP_FX
1989-04-18,1.032,LA_PLP_FX
1989-04-19,1.032,LA_PLP_FX
1989-04-20,1.032,LA_PLP_FX
1989-04-21,1.032,LA_PLP_FX
1989-04-24,1.032,LA_PLP_FX
1989-04-25,1.032,LA_PLP_FX
1989-04-26,1.032,LA_PLP_FX
1989-04-27,1.032,LA_PLP_FX
1989-04-28,1.032,LA_PLP_FX
1989-05-02,1.032,LA_PLP_FX
1989-05-03,1.032,LA_PLP_FX
1989-05-04,1.032,LA_PLP_FX
1989-05-05,1.053,LA_PLP_FX
1989-05-08,1.053,LA_PLP_FX
1989-05-09,1.053,LA_PLP_FX
1989-05-10,1.053,LA_PLP_FX
1989-05-11,1.053,LA_PLP_FX
1989-05-12,1.1,LA_PLP_FX
1989-05-15,1.1,LA_PLP_FX
1989-05-16,1.122,LA_PLP_FX
1989-05-17,1.122,LA_PLP_FX
1989-05-18,1.122,LA_PLP_FX
1989-05-19,1.122,LA_PLP_FX
1989-05-22,1.142,LA_PLP_FX
1989-05-23,1.142,LA_PLP_FX
1989-05-24,1.142,LA_PLP_FX
1989-05-26,1.142,LA_PLP_FX
1989-05-29,1.153,LA_PLP_FX
1989-05-30,1.153,LA_PLP_FX
1989-05-31,1.153,LA_PLP_FX
1989-06-01,1.17,LA_PLP_FX
1989-06-02,1.17,LA_PLP_FX
1989-06-05,1.17,LA_PLP_FX
1989-06-06,1.217,LA_PLP_FX
1989-06-07,1.217,LA_PLP_FX
1989-06-08,1.217,LA_PLP_FX
1989-06-09,1.254,LA_PLP_FX
1989-06-12,1.254,LA_PLP_FX
1989-06-13,1.322,LA_PLP_FX
1989-06-14,1.322,LA_PLP_FX
1989-06-15,1.348,LA_PLP_FX
1989-06-16,1.36,LA_PLP_FX
1989-06-19,1.372,LA_PLP_FX
1989-06-20,1.385,LA_PLP_FX
1989-06-21,1.398,LA_PLP_FX
1989-06-22,1.411,LA_PLP_FX
1989-06-23,1.426,LA_PLP_FX
1989-06-26,1.444,LA_PLP_FX
1989-06-27,1.462,LA_PLP_FX
1989-06-28,1.481,LA_PLP_FX
1989-06-29,1.5,LA_PLP_FX
1989-06-30,1.519,LA_PLP_FX
1989-07-03,1.701,LA_PLP_FX
1989-07-04,1.72,LA_PLP_FX
1989-07-05,1.739,LA_PLP_FX
1989-07-06,1.758,LA_PLP_FX
1989-07-07,1.777,LA_PLP_FX
1989-07-10,1.797,LA_PLP_FX
1989-07-11,1.817,LA_PLP_FX
1989-07-12,1.838,LA_PLP_FX
1989-07-13,1.86,LA_PLP_FX
1989-07-14,1.882,LA_PLP_FX
1989-07-17,1.905,LA_PLP_FX
1989-07-18,1.928,LA_PLP_FX
1989-07-19,1.951,LA_PLP_FX
1989-07-20,1.975,LA_PLP_FX
1989-07-21,1.999,LA_PLP_FX
1989-07-24,2.023,LA_PLP_FX
1989-07-25,2.047,LA_PLP_FX
1989-07-26,2.076,LA_PLP_FX
1989-07-27,2.105,LA_PLP_FX
1989-07-28,2.135,LA_PLP_FX
1989-07-31,2.166,LA_PLP_FX
1989-08-01,2.189,LA_PLP_FX
1989-08-02,2.212,LA_PLP_FX
1989-08-03,2.235,LA_PLP_FX
1989-08-04,2.259,LA_PLP_FX
1989-08-07,2.283,LA_PLP_FX
1989-08-08,2.307,LA_PLP_FX
1989-08-09,2.332,LA_PLP_FX
1989-08-10,2.357,LA_PLP_FX
1989-08-11,2.382,LA_PLP_FX
1989-08-14,2.409,LA_PLP_FX
1989-08-15,2.436,LA_PLP_FX
1989-08-16,2.464,LA_PLP_FX
1989-08-17,2.492,LA_PLP_FX
1989-08-18,2.52,LA_PLP_FX
1989-08-21,2.55,LA_PLP_FX
1989-08-22,2.58,LA_PLP_FX
1989-08-23,2.61,LA_PLP_FX
1989-08-24,2.641,LA_PLP_FX
1989-08-25,2.672,LA_PLP_FX
1989-08-28,2.701,LA_PLP_FX
1989-08-29,2.731,LA_PLP_FX
1989-08-30,2.761,LA_PLP_FX
1989-08-31,2.802,LA_PLP_FX
1989-09-01,2.838,LA_PLP_FX
1989-09-04,2.877,LA_PLP_FX
1989-09-05,2.916,LA_PLP_FX
1989-09-06,2.956,LA_PLP_FX
1989-09-08,2.998,LA_PLP_FX
1989-09-11,3.04,LA_PLP_FX
1989-09-12,3.083,LA_PLP_FX
1989-09-13,3.126,LA_PLP_FX
1989-09-14,3.172,LA_PLP_FX
1989-09-15,3.219,LA_PLP_FX
1989-09-18,3.267,LA_PLP_FX
1989-09-19,3.316,LA_PLP_FX
1989-09-20,3.365,LA_PLP_FX
1989-09-21,3.415,LA_PLP_FX
1989-09-22,3.466,LA_PLP_FX
1989-09-25,3.527,LA_PLP_FX
1989-09-26,3.589,LA_PLP_FX
1989-09-27,3.652,LA_PLP_FX
1989-09-28,3.722,LA_PLP_FX
1989-09-29,3.797,LA_PLP_FX
1989-10-02,3.853,LA_PLP_FX
1989-10-03,3.91,LA_PLP_FX
1989-10-04,3.968,LA_PLP_FX
1989-10-05,4.027,LA_PLP_FX
1989-10-06,4.087,LA_PLP_FX
1989-10-10,4.148,LA_PLP_FX
1989-10-11,4.21,LA_PLP_FX
1989-10-12,4.273,LA_PLP_FX
1989-10-13,4.338,LA_PLP_FX
1989-10-16,4.401,LA_PLP_FX
1989-10-17,4.465,LA_PLP_FX
1989-10-18,4.53,LA_PLP_FX
1989-10-19,4.596,LA_PLP_FX
1989-10-20,4.663,LA_PLP_FX
1989-10-23,4.738,LA_PLP_FX
1989-10-24,4.814,LA_PLP_FX
1989-10-25,4.891,LA_PLP_FX
1989-10-26,4.97,LA_PLP_FX
1989-10-27,5.05,LA_PLP_FX
1989-10-30,5.138,LA_PLP_FX
1989-10-31,5.225,LA_PLP_FX
1989-11-01,5.309,LA_PLP_FX
1989-11-03,5.394,LA_PLP_FX
1989-11-06,5.481,LA_PLP_FX
1989-11-07,5.57,LA_PLP_FX
1989-11-08,5.661,LA_PLP_FX
1989-11-09,5.753,LA_PLP_FX
1989-11-10,5.85,LA_PLP_FX
1989-11-13,5.948,LA_PLP_FX
1989-11-14,6.048,LA_PLP_FX
1989-11-16,6.15,LA_PLP_FX
1989-11-17,6.255,LA_PLP_FX
1989-11-20,6.362,LA_PLP_FX
1989-11-21,6.471,LA_PLP_FX
1989-11-22,6.582,LA_PLP_FX
1989-11-23,6.695,LA_PLP_FX
1989-11-24,6.82,LA_PLP_FX
1989-11-27,6.947,LA_PLP_FX
1989-11-28,7.076,LA_PLP_FX
1989-11-29,7.22,LA_PLP_FX
1989-11-30,7.368,LA_PLP_FX
1989-12-01,7.507,LA_PLP_FX
1989-12-04,7.671,LA_PLP_FX
1989-12-05,7.815,LA_PLP_FX
1989-12-06,7.962,LA_PLP_FX
1989-12-07,8.112,LA_PLP_FX
1989-12-08,8.265,LA_PLP_FX
1989-12-11,8.421,LA_PLP_FX
1989-12-12,8.592,LA_PLP_FX
1989-12-13,8.783,LA_PLP_FX
1989-12-14,8.978,LA_PLP_FX
1989-12-15,9.177,LA_PLP_FX
1989-12-18,9.381,LA_PLP_FX
1989-12-19,9.589,LA_PLP_FX
1989-12-20,9.845,LA_PLP_FX
1989-12-21,10.135,LA_PLP_FX
1989-12-22,10.433,LA_PLP_FX
1989-12-26,10.74,LA_PLP_FX
1989-12-27,11.056,LA_PLP_FX
1989-12-28,11.358,LA_PLP_FX
1989-12-29,11.358,LA_PLP_FX
1990-01-02,11.582,LA_PLP_FX
1990-01-03,11.81,LA_PLP_FX
1990-01-04,12.042,LA_PLP_FX
1990-01-05,12.27,LA_PLP_FX
1990-01-08,12.503,LA_PLP_FX
1990-01-09,12.74,LA_PLP_FX
1990-01-10,12.982,LA_PLP_FX
1990-01-11,13.228,LA_PLP_FX
1990-01-12,13.479,LA_PLP_FX
1990-01-15,13.735,LA_PLP_FX
1990-01-16,13.995,LA_PLP_FX
1990-01-17,14.26,LA_PLP_FX
1990-01-18,14.53,LA_PLP_FX
1990-01-19,14.806,LA_PLP_FX
1990-01-22,15.13,LA_PLP_FX
1990-01-23,15.461,LA_PLP_FX
1990-01-24,15.799,LA_PLP_FX
1990-01-25,16.145,LA_PLP_FX
1990-01-26,16.512,LA_PLP_FX
1990-01-29,16.887,LA_PLP_FX
1990-01-30,17.27,LA_PLP_FX
1990-01-31,17.731,LA_PLP_FX
1990-02-01,18.175,LA_PLP_FX
1990-02-02,18.63,LA_PLP_FX
1990-02-05,19.097,LA_PLP_FX
1990-02-06,19.664,LA_PLP_FX
1990-02-07,20.247,LA_PLP_FX
1990-02-08,20.848,LA_PLP_FX
1990-02-09,21.467,LA_PLP_FX
1990-02-12,22.104,LA_PLP_FX
1990-02-13,22.827,LA_PLP_FX
1990-02-14,23.574,LA_PLP_FX
1990-02-15,24.345,LA_PLP_FX
1990-02-16,25.141,LA_PLP_FX
1990-02-19,25.989,LA_PLP_FX
1990-02-20,26.877,LA_PLP_FX
1990-02-21,27.796,LA_PLP_FX
1990-02-22,28.746,LA_PLP_FX
1990-02-23,29.729,LA_PLP_FX
1990-02-28,30.636,LA_PLP_FX
1990-03-01,31.407,LA_PLP_FX
1990-03-02,32.197,LA_PLP_FX
1990-03-05,33.007,LA_PLP_FX
1990-03-06,33.838,LA_PLP_FX
1990-03-07,34.69,LA_PLP_FX
1990-03-08,35.563,LA_PLP_FX
1990-03-09,36.481,LA_PLP_FX
1990-03-12,37.422,LA_PLP_FX
1990-03-13,38.388,LA_PLP_FX
1990-03-19,42.506,LA_PLP_FX
1990-03-20,38.963,LA_PLP_FX
1990-03-21,38.989,LA_PLP_FX
1990-03-22,39.825,LA_PLP_FX
1990-03-23,38.435,LA_PLP_FX
1990-03-26,38.58,LA_PLP_FX
1990-03-27,40.345,LA_PLP_FX
1990-03-28,40.814,LA_PLP_FX
1990-03-29,42.313,LA_PLP_FX
1990-03-30,42.56,LA_PLP_FX
1990-04-02,42.626,LA_PLP_FX
1990-04-03,42.676,LA_PLP_FX
1990-04-04,42.724,LA_PLP_FX
1990-04-05,42.725,LA_PLP_FX
1990-04-06,42.694,LA_PLP_FX
1990-04-09,42.742,LA_PLP_FX
1990-04-10,43.46,LA_PLP_FX
1990-04-11,46.853,LA_PLP_FX
1990-04-16,49.39,LA_PLP_FX
1990-04-17,52.306,LA_PLP_FX
1990-04-18,51.467,LA_PLP_FX
1990-04-19,51.485,LA_PLP_FX
1990-04-20,51.405,LA_PLP_FX
1990-04-23,51.268,LA_PLP_FX
1990-04-24,51.154,LA_PLP_FX
1990-04-25,51.207,LA_PLP_FX
1990-04-26,51.292,LA_PLP_FX
1990-04-27,51.185,LA_PLP_FX
1990-04-30,51.243,LA_PLP_FX
1990-05-02,51.189,LA_PLP_FX
1990-05-03,51.33,LA_PLP_FX
1990-05-04,51.143,LA_PLP_FX
1990-05-07,51.173,LA_PLP_FX
1990-05-08,51.132,LA_PLP_FX
1990-05-09,51.133,LA_PLP_FX
1990-05-10,51.23,LA_PLP_FX
1990-05-11,51.19,LA_PLP_FX
1990-05-14,51.131,LA_PLP_FX
1990-05-15,51.239,LA_PLP_FX
1990-05-16,51.198,LA_PLP_FX
1990-05-17,51.223,LA_PLP_FX
1990-05-18,51.358,LA_PLP_FX
1990-05-21,51.505,LA_PLP_FX
1990-05-22,51.836,LA_PLP_FX
1990-05-23,52.536,LA_PLP_FX
1990-05-24,52.858,LA_PLP_FX
1990-05-25,54.351,LA_PLP_FX
1990-05-28,54.826,LA_PLP_FX
1990-05-29,55.114,LA_PLP_FX
1990-05-30,55.143,LA_PLP_FX
1990-05-31,55.219,LA_PLP_FX
1990-06-01,55.081,LA_PLP_FX
1990-06-04,55.149,LA_PLP_FX
1990-06-05,55.247,LA_PLP_FX
1990-06-06,55.858,LA_PLP_FX
1990-06-07,55.787,LA_PLP_FX
1990-06-08,55.747,LA_PLP_FX
1990-06-11,55.665,LA_PLP_FX
1990-06-12,55.66,LA_PLP_FX
1990-06-13,55.675,LA_PLP_FX
1990-06-15,55.962,LA_PLP_FX
1990-06-18,56.311,LA_PLP_FX
1990-06-19,56.672,LA_PLP_FX
1990-06-20,56.793,LA_PLP_FX
1990-06-21,57.137,LA_PLP_FX
1990-06-22,58.363,LA_PLP_FX
1990-06-25,59.872,LA_PLP_FX
1990-06-26,60.046,LA_PLP_FX
1990-06-27,60.077,LA_PLP_FX
1990-06-28,60.198,LA_PLP_FX
1990-06-29,61.022,LA_PLP_FX
1990-07-02,62.018,LA_PLP_FX
1990-07-03,62.373,LA_PLP_FX
1990-07-04,63.056,LA_PLP_FX
1990-07-05,66.04,LA_PLP_FX
1990-07-06,66.312,LA_PLP_FX
1990-07-09,65.994,LA_PLP_FX
1990-07-10,65.907,LA_PLP_FX
1990-07-11,65.985,LA_PLP_FX
1990-07-12,65.895,LA_PLP_FX
1990-07-13,66.252,LA_PLP_FX
1990-07-16,66.615,LA_PLP_FX
1990-07-17,66.531,LA_PLP_FX
1990-07-18,66.919,LA_PLP_FX
1990-07-19,67.295,LA_PLP_FX
1990-07-20,67.907,LA_PLP_FX
1990-07-23,68.175,LA_PLP_FX
1990-07-24,68.119,LA_PLP_FX
1990-07-25,68.097,LA_PLP_FX
1990-07-26,68.174,LA_PLP_FX
1990-07-27,68.211,LA_PLP_FX
1990-07-30,68.518,LA_PLP_FX
1990-07-31,68.99,LA_PLP_FX
1990-08-01,69.79,LA_PLP_FX
1990-08-02,70.815,LA_PLP_FX
1990-08-03,71.036,LA_PLP_FX
1990-08-06,71.303,LA_PLP_FX
1990-08-07,71.517,LA_PLP_FX
1990-08-08,71.561,LA_PLP_FX
1990-08-09,71.577,LA_PLP_FX
1990-08-10,71.57,LA_PLP_FX
1990-08-13,71.688,LA_PLP_FX
1990-08-14,71.717,LA_PLP_FX
1990-08-15,71.982,LA_PLP_FX
1990-08-16,72.247,LA_PLP_FX
1990-08-17,72.486,LA_PLP_FX
1990-08-20,72.405,LA_PLP_FX
1990-08-21,72.3,LA_PLP_FX
1990-08-22,72.095,LA_PLP_FX
1990-08-23,71.371,LA_PLP_FX
1990-08-24,72.257,LA_PLP_FX
1990-08-27,72.349,LA_PLP_FX
1990-08-28,72.439,LA_PLP_FX
1990-08-29,72.261,LA_PLP_FX
1990-08-30,71.963,LA_PLP_FX
1990-08-31,71.674,LA_PLP_FX
1990-09-03,70.854,LA_PLP_FX
1990-09-04,69.552,LA_PLP_FX
1990-09-05,67.964,LA_PLP_FX
1990-09-06,68.104,LA_PLP_FX
1990-09-10,67.917,LA_PLP_FX
1990-09-11,67.747,LA_PLP_FX
1990-09-12,70.327,LA_PLP_FX
1990-09-13,73.787,LA_PLP_FX
1990-09-14,75.493,LA_PLP_FX
1990-09-17,75.213,LA_PLP_FX
1990-09-18,75.218,LA_PLP_FX
1990-09-19,77.548,LA_PLP_FX
1990-09-20,78.075,LA_PLP_FX
1990-09-21,81.96,LA_PLP_FX
1990-09-24,82.081,LA_PLP_FX
1990-09-25,82.374,LA_PLP_FX
1990-09-26,82.728,LA_PLP_FX
1990-09-27,84.107,LA_PLP_FX
1990-09-28,84.223,LA_PLP_FX
1990-10-01,84.716,LA_PLP_FX
1990-10-02,84.61,LA_PLP_FX
1990-10-04,84.979,LA_PLP_FX
1990-10-05,87.36,LA_PLP_FX
1990-10-09,89.601,LA_PLP_FX
1990-10-10,90.6,LA_PLP_FX
1990-10-11,90.657,LA_PLP_FX
1990-10-12,91.33,LA_PLP_FX
1990-10-15,92.477,LA_PLP_FX
1990-10-16,92.993,LA_PLP_FX
1990-10-17,94.179,LA_PLP_FX
1990-10-18,95.649,LA_PLP_FX
1990-10-19,99.169,LA_PLP_FX
1990-10-22,99.766,LA_PLP_FX
1990-10-23,99.244,LA_PLP_FX
1990-10-24,99.765,LA_PLP_FX
1990-10-25,100.72,LA_PLP_FX
1990-10-26,103.12,LA_PLP_FX
1990-10-29,104.78,LA_PLP_FX
1990-10-30,105.8,LA_PLP_FX
1990-10-31,106.95,LA_PLP_FX
1990-11-01,108.19,LA_PLP_FX
1990-11-05,113.76,LA_PLP_FX
1990-11-06,114.93,LA_PLP_FX
1990-11-07,114.57,LA_PLP_FX
1990-11-08,114.05,LA_PLP_FX
1990-11-09,114.9,LA_PLP_FX
1990-11-12,116.31,LA_PLP_FX
1990-11-13,118.08,LA_PLP_FX
1990-11-14,118.24,LA_PLP_FX
1990-11-16,117.91,LA_PLP_FX
1990-11-19,118.73,LA_PLP_FX
1990-11-20,122.01,LA_PLP_FX
1990-11-21,125.34,LA_PLP_FX
1990-11-22,129.02,LA_PLP_FX
1990-11-23,129.66,LA_PLP_FX
1990-11-26,130.58,LA_PLP_FX
1990-11-27,133.86,LA_PLP_FX
1990-11-28,136.76,LA_PLP_FX
1990-11-29,141.05,LA_PLP_FX
1990-11-30,144.71,LA_PLP_FX
1990-12-03,147.17,LA_PLP_FX
1990-12-04,147.59,LA_PLP_FX
1990-12-05,147.54,LA_PLP_FX
1990-12-06,148.42,LA_PLP_FX
1990-12-07,149.61,LA_PLP_FX
1990-12-10,149.92,LA_PLP_FX
1990-12-11,149.98,LA_PLP_FX
1990-12-12,149.82,LA_PLP_FX
1990-12-13,150.73,LA_PLP_FX
1990-12-14,151.31,LA_PLP_FX
1990-12-17,152.05,LA_PLP_FX
1990-12-18,153.63,LA_PLP_FX
1990-12-19,158.32,LA_PLP_FX
1990-12-20,159.02,LA_PLP_FX
1990-12-21,160.89,LA_PLP_FX
1990-12-24,161.31,LA_PLP_FX
1990-12-26,163.88,LA_PLP_FX
1990-12-27,165.89,LA_PLP_FX
1990-12-28,170.06,LA_PLP_FX
1990-12-31,170.06,LA_PLP_FX
1991-01-02,172.6,LA_PLP_FX
1991-01-03,173.39,LA_PLP_FX
1991-01-04,174.31,LA_PLP_FX
1991-01-07,177.28,LA_PLP_FX
1991-01-08,181.06,LA_PLP_FX
1991-01-09,182.3,LA_PLP_FX
1991-01-10,183.0,LA_PLP_FX
1991-01-11,183.6,LA_PLP_FX
1991-01-14,187.98,LA_PLP_FX
1991-01-15,190.47,LA_PLP_FX
1991-01-16,195.08,LA_PLP_FX
1991-01-17,197.46,LA_PLP_FX
1991-01-18,200.01,LA_PLP_FX
1991-01-21,199.76,LA_PLP_FX
1991-01-22,198.18,LA_PLP_FX
1991-01-23,198.31,LA_PLP_FX
1991-01-24,198.97,LA_PLP_FX
1991-01-25,201.51,LA_PLP_FX
1991-01-28,206.27,LA_PLP_FX
1991-01-29,212.31,LA_PLP_FX
1991-01-30,216.17,LA_PLP_FX
1991-01-31,220.14,LA_PLP_FX
1991-02-04,221.34,LA_PLP_FX
1991-02-05,220.77,LA_PLP_FX
1991-02-06,220.42,LA_PLP_FX
1991-02-07,221.0,LA_PLP_FX
1991-02-08,221.41,LA_PLP_FX
1991-02-13,222.09,LA_PLP_FX
1991-02-14,221.3,LA_PLP_FX
1991-02-15,221.56,LA_PLP_FX
1991-02-18,220.94,LA_PLP_FX
1991-02-19,220.75,LA_PLP_FX
1991-02-20,221.72,LA_PLP_FX
1991-02-21,221.66,LA_PLP_FX
1991-02-22,222.05,LA_PLP_FX
1991-02-25,222.62,LA_PLP_FX
1991-02-26,223.17,LA_PLP_FX
1991-02-27,223.63,LA_PLP_FX
1991-02-28,223.43,LA_PLP_FX
1991-03-01,224.67,LA_PLP_FX
1991-03-04,226.11,LA_PLP_FX
1991-03-05,225.66,LA_PLP_FX
1991-03-06,225.97,LA_PLP_FX
1991-03-07,226.34,LA_PLP_FX
1991-03-08,226.48,LA_PLP_FX
1991-03-11,227.4,LA_PLP_FX
1991-03-12,228.08,LA_PLP_FX
1991-03-13,228.75,LA_PLP_FX
1991-03-14,229.27,LA_PLP_FX
1991-03-15,229.15,LA_PLP_FX
1991-03-18,230.11,LA_PLP_FX
1991-03-19,231.15,LA_PLP_FX
1991-03-20,233.43,LA_PLP_FX
1991-03-21,233.5,LA_PLP_FX
1991-03-22,234.28,LA_PLP_FX
1991-03-25,235.6,LA_PLP_FX
1991-03-26,236.74,LA_PLP_FX
1991-03-27,238.93,LA_PLP_FX
1991-04-01,241.83,LA_PLP_FX
1991-04-02,244.74,LA_PLP_FX
1991-04-03,246.14,LA_PLP_FX
1991-04-04,245.96,LA_PLP_FX
1991-04-05,246.06,LA_PLP_FX
1991-04-08,246.89,LA_PLP_FX
1991-04-09,248.53,LA_PLP_FX
1991-04-10,249.81,LA_PLP_FX
1991-04-11,250.41,LA_PLP_FX
1991-04-12,251.06,LA_PLP_FX
1991-04-15,251.37,LA_PLP_FX
1991-04-16,252.83,LA_PLP_FX
1991-04-17,253.57,LA_PLP_FX
1991-04-18,255.08,LA_PLP_FX
1991-04-19,255.74,LA_PLP_FX
1991-04-22,255.93,LA_PLP_FX
1991-04-23,256.2,LA_PLP_FX
1991-04-24,257.22,LA_PLP_FX
1991-04-25,258.34,LA_PLP_FX
1991-04-26,258.95,LA_PLP_FX
1991-04-29,260.47,LA_PLP_FX
1991-04-30,260.73,LA_PLP_FX
1991-05-02,261.78,LA_PLP_FX
1991-05-03,262.13,LA_PLP_FX
1991-05-06,263.1,LA_PLP_FX
1991-05-07,264.01,LA_PLP_FX
1991-05-08,264.94,LA_PLP_FX
1991-05-09,267.43,LA_PLP_FX
1991-05-10,269.81,LA_PLP_FX
1991-05-13,269.15,LA_PLP_FX
1991-05-14,270.69,LA_PLP_FX
1991-05-15,272.69,LA_PLP_FX
1991-05-16,273.96,LA_PLP_FX
1991-05-17,275.14,LA_PLP_FX
1991-05-20,275.1,LA_PLP_FX
1991-05-21,276.24,LA_PLP_FX
1991-05-22,277.08,LA_PLP_FX
1991-05-23,278.39,LA_PLP_FX
1991-05-24,279.59,LA_PLP_FX
1991-05-27,281.14,LA_PLP_FX
1991-05-28,282.21,LA_PLP_FX
1991-05-29,283.24,LA_PLP_FX
1991-05-31,284.7,LA_PLP_FX
1991-06-03,286.01,LA_PLP_FX
1991-06-04,287.11,LA_PLP_FX
1991-06-05,288.41,LA_PLP_FX
1991-06-06,288.94,LA_PLP_FX
1991-06-07,289.88,LA_PLP_FX
1991-06-10,291.31,LA_PLP_FX
1991-06-11,292.15,LA_PLP_FX
1991-06-12,293.35,LA_PLP_FX
1991-06-13,294.65,LA_PLP_FX
1991-06-14,296.06,LA_PLP_FX
1991-06-17,297.96,LA_PLP_FX
1991-06-18,300.11,LA_PLP_FX
1991-06-19,301.02,LA_PLP_FX
1991-06-20,301.96,LA_PLP_FX
1991-06-21,303.33,LA_PLP_FX
1991-06-24,305.36,LA_PLP_FX
1991-06-25,307.14,LA_PLP_FX
1991-06-26,309.22,LA_PLP_FX
1991-06-27,311.23,LA_PLP_FX
1991-06-28,312.22,LA_PLP_FX
1991-07-01,313.37,LA_PLP_FX
1991-07-02,314.72,LA_PLP_FX
1991-07-03,315.49,LA_PLP_FX
1991-07-04,317.24,LA_PLP_FX
1991-07-05,318.64,LA_PLP_FX
1991-07-08,320.47,LA_PLP_FX
1991-07-09,321.95,LA_PLP_FX
1991-07-10,323.23,LA_PLP_FX
1991-07-11,324.18,LA_PLP_FX
1991-07-12,325.36,LA_PLP_FX
1991-07-15,326.53,LA_PLP_FX
1991-07-16,328.41,LA_PLP_FX
1991-07-17,329.66,LA_PLP_FX
1991-07-18,330.99,LA_PLP_FX
1991-07-19,332.52,LA_PLP_FX
1991-07-22,334.1,LA_PLP_FX
1991-07-23,335.99,LA_PLP_FX
1991-07-24,337.75,LA_PLP_FX
1991-07-25,339.58,LA_PLP_FX
1991-07-26,340.96,LA_PLP_FX
1991-07-29,342.69,LA_PLP_FX
1991-07-30,344.8,LA_PLP_FX
1991-07-31,346.57,LA_PLP_FX
1991-08-01,348.84,LA_PLP_FX
1991-08-02,351.19,LA_PLP_FX
1991-08-05,353.18,LA_PLP_FX
1991-08-06,354.93,LA_PLP_FX
1991-08-07,356.81,LA_PLP_FX
1991-08-08,358.96,LA_PLP_FX
1991-08-09,361.07,LA_PLP_FX
1991-08-12,363.04,LA_PLP_FX
1991-08-13,365.91,LA_PLP_FX
1991-08-14,368.76,LA_PLP_FX
1991-08-15,370.09,LA_PLP_FX
1991-08-16,372.27,LA_PLP_FX
1991-08-19,374.34,LA_PLP_FX
1991-08-20,376.84,LA_PLP_FX
1991-08-21,379.22,LA_PLP_FX
1991-08-22,381.73,LA_PLP_FX
1991-08-23,383.79,LA_PLP_FX
1991-08-26,384.82,LA_PLP_FX
1991-08-27,386.9,LA_PLP_FX
1991-08-28,388.95,LA_PLP_FX
1991-08-29,392.82,LA_PLP_FX
1991-08-30,393.76,LA_PLP_FX
1991-09-02,397.19,LA_PLP_FX
1991-09-03,399.58,LA_PLP_FX
1991-09-04,402.84,LA_PLP_FX
1991-09-05,405.39,LA_PLP_FX
1991-09-06,407.37,LA_PLP_FX
1991-09-09,411.5,LA_PLP_FX
1991-09-10,414.44,LA_PLP_FX
1991-09-11,417.64,LA_PLP_FX
1991-09-12,421.64,LA_PLP_FX
1991-09-13,425.87,LA_PLP_FX
1991-09-16,429.0,LA_PLP_FX
1991-09-17,432.24,LA_PLP_FX
1991-09-18,436.46,LA_PLP_FX
1991-09-19,439.13,LA_PLP_FX
1991-09-20,442.11,LA_PLP_FX
1991-09-23,445.82,LA_PLP_FX
1991-09-24,449.35,LA_PLP_FX
1991-09-25,452.61,LA_PLP_FX
1991-09-26,454.21,LA_PLP_FX
1991-09-27,458.65,LA_PLP_FX
1991-09-30,464.93,LA_PLP_FX
1991-10-01,530.66,LA_PLP_FX
1991-10-02,536.99,LA_PLP_FX
1991-10-03,540.6,LA_PLP_FX
1991-10-04,544.18,LA_PLP_FX
1991-10-07,547.39,LA_PLP_FX
1991-10-08,553.21,LA_PLP_FX
1991-10-09,558.25,LA_PLP_FX
1991-10-10,562.48,LA_PLP_FX
1991-10-11,566.5,LA_PLP_FX
1991-10-14,572.27,LA_PLP_FX
1991-10-15,577.23,LA_PLP_FX
1991-10-16,581.77,LA_PLP_FX
1991-10-17,586.32,LA_PLP_FX
1991-10-18,590.9,LA_PLP_FX
1991-10-21,598.21,LA_PLP_FX
1991-10-22,604.99,LA_PLP_FX
1991-10-23,608.05,LA_PLP_FX
1991-10-24,613.67,LA_PLP_FX
1991-10-25,620.39,LA_PLP_FX
1991-10-28,622.59,LA_PLP_FX
1991-10-29,628.99,LA_PLP_FX
1991-10-30,637.94,LA_PLP_FX
1991-10-31,645.02,LA_PLP_FX
1991-11-01,650.57,LA_PLP_FX
1991-11-04,661.02,LA_PLP_FX
1991-11-05,668.68,LA_PLP_FX
1991-11-06,677.0,LA_PLP_FX
1991-11-07,689.35,LA_PLP_FX
1991-11-08,695.7,LA_PLP_FX
1991-11-11,705.21,LA_PLP_FX
1991-11-12,712.81,LA_PLP_FX
1991-11-13,720.83,LA_PLP_FX
1991-11-14,731.57,LA_PLP_FX
1991-11-18,742.14,LA_PLP_FX
1991-11-19,751.63,LA_PLP_FX
1991-11-20,762.21,LA_PLP_FX
1991-11-21,773.62,LA_PLP_FX
1991-11-22,783.67,LA_PLP_FX
1991-11-25,794.75,LA_PLP_FX
1991-11-26,805.0,LA_PLP_FX
1991-11-27,816.05,LA_PLP_FX
1991-11-28,825.13,LA_PLP_FX
1991-11-29,840.4,LA_PLP_FX
1991-12-02,850.6,LA_PLP_FX
1991-12-03,861.2,LA_PLP_FX
1991-12-04,871.75,LA_PLP_FX
1991-12-05,882.5,LA_PLP_FX
1991-12-06,893.15,LA_PLP_FX
1991-12-09,903.6,LA_PLP_FX
1991-12-10,913.9,LA_PLP_FX
1991-12-11,924.7,LA_PLP_FX
1991-12-12,935.25,LA_PLP_FX
1991-12-13,945.85,LA_PLP_FX
1991-12-16,956.45,LA_PLP_FX
1991-12-17,967.55,LA_PLP_FX
1991-12-18,978.45,LA_PLP_FX
1991-12-19,989.45,LA_PLP_FX
1991-12-20,1000.45,LA_PLP_FX
1991-12-23,1011.6,LA_PLP_FX
1991-12-24,1023.9,LA_PLP_FX
1991-12-26,1033.9,LA_PLP_FX
1991-12-27,1045.1,LA_PLP_FX
1991-12-30,1057.2,LA_PLP_FX
1991-12-31,1068.8,LA_PLP_FX
1992-01-02,1079.4,LA_PLP_FX
1992-01-03,1090.1,LA_PLP_FX
1992-01-06,1100.9,LA_PLP_FX
1992-01-07,1111.55,LA_PLP_FX
1992-01-08,1122.2,LA_PLP_FX
1992-01-09,1133.0,LA_PLP_FX
1992-01-10,1143.85,LA_PLP_FX
1992-01-13,1155.6,LA_PLP_FX
1992-01-14,1167.0,LA_PLP_FX
1992-01-15,1179.05,LA_PLP_FX
1992-01-16,1202.2,LA_PLP_FX
1992-01-17,1201.65,LA_PLP_FX
1992-01-20,1213.1,LA_PLP_FX
1992-01-21,1224.4,LA_PLP_FX
1992-01-22,1235.9,LA_PLP_FX
1992-01-23,1247.55,LA_PLP_FX
1992-01-24,1259.2,LA_PLP_FX
1992-01-27,1270.9,LA_PLP_FX
1992-01-28,1282.6,LA_PLP_FX
1992-01-29,1295.35,LA_PLP_FX
1992-01-30,1307.35,LA_PLP_FX
1992-01-31,1319.45,LA_PLP_FX
1992-02-03,1333.25,LA_PLP_FX
1992-02-04,1346.9,LA_PLP_FX
1992-02-05,1360.8,LA_PLP_FX
1992-02-06,1376.0,LA_PLP_FX
1992-02-07,1390.95,LA_PLP_FX
1992-02-10,1405.7,LA_PLP_FX
1992-02-11,1420.6,LA_PLP_FX
1992-02-12,1435.7,LA_PLP_FX
1992-02-13,1467.45,LA_PLP_FX
1992-02-14,1467.45,LA_PLP_FX
1992-02-17,1483.45,LA_PLP_FX
1992-02-18,1499.7,LA_PLP_FX
1992-02-19,1516.5,LA_PLP_FX
1992-02-20,1532.75,LA_PLP_FX
1992-02-21,1548.4,LA_PLP_FX
1992-02-24,1564.35,LA_PLP_FX
1992-02-25,1580.8,LA_PLP_FX
1992-02-26,1597.4,LA_PLP_FX
1992-02-27,1614.1,LA_PLP_FX
1992-02-28,1630.85,LA_PLP_FX
1992-03-04,1647.55,LA_PLP_FX
1992-03-05,1664.35,LA_PLP_FX
1992-03-06,1681.15,LA_PLP_FX
1992-03-09,1698.35,LA_PLP_FX
1992-03-10,1715.55,LA_PLP_FX
1992-03-11,1733.2,LA_PLP_FX
1992-03-12,1750.8,LA_PLP_FX
1992-03-13,1768.4,LA_PLP_FX
1992-03-16,1786.35,LA_PLP_FX
1992-03-17,1804.25,LA_PLP_FX
1992-03-18,1822.0,LA_PLP_FX
1992-03-19,1840.0,LA_PLP_FX
1992-03-20,1858.02,LA_PLP_FX
1992-03-23,1876.0,LA_PLP_FX
1992-03-24,1894.05,LA_PLP_FX
1992-03-25,1912.4,LA_PLP_FX
1992-03-26,1930.95,LA_PLP_FX
1992-03-27,1949.9,LA_PLP_FX
1992-03-30,1969.1,LA_PLP_FX
1992-03-31,1988.0,LA_PLP_FX
1992-04-01,2007.1,LA_PLP_FX
1992-04-02,2027.1,LA_PLP_FX
1992-04-03,2027.5,LA_PLP_FX
1992-04-06,2068.05,LA_PLP_FX
1992-04-07,2089.15,LA_PLP_FX
1992-04-08,2110.0,LA_PLP_FX
1992-04-09,2131.1,LA_PLP_FX
1992-04-10,2152.45,LA_PLP_FX
1992-04-13,2174.1,LA_PLP_FX
1992-04-14,2196.0,LA_PLP_FX
1992-04-15,2217.95,LA_PLP_FX
1992-04-20,2239.6,LA_PLP_FX
1992-04-22,2261.5,LA_PLP_FX
1992-04-23,2283.45,LA_PLP_FX
1992-04-24,2305.65,LA_PLP_FX
1992-04-27,2328.05,LA_PLP_FX
1992-04-28,2350.7,LA_PLP_FX
1992-04-29,2373.35,LA_PLP_FX
1992-04-30,2396.1,LA_PLP_FX
1992-05-04,2417.0,LA_PLP_FX
1992-05-05,2438.2,LA_PLP_FX
1992-05-06,2459.35,LA_PLP_FX
1992-05-07,2480.9,LA_PLP_FX
1992-05-08,2502.55,LA_PLP_FX
1992-05-11,2524.4,LA_PLP_FX
1992-05-12,2546.4,LA_PLP_FX
1992-05-13,2568.55,LA_PLP_FX
1992-05-14,2590.55,LA_PLP_FX
1992-05-15,2612.8,LA_PLP_FX
1992-05-18,2635.3,LA_PLP_FX
1992-05-19,2658.2,LA_PLP_FX
1992-05-20,2681.3,LA_PLP_FX
1992-05-21,2728.65,LA_PLP_FX
1992-05-22,2728.0,LA_PLP_FX
1992-05-25,2751.7,LA_PLP_FX
1992-05-26,2775.65,LA_PLP_FX
1992-05-27,2799.8,LA_PLP_FX
1992-05-28,2824.45,LA_PLP_FX
1992-05-29,2849.1,LA_PLP_FX
1992-06-01,2874.5,LA_PLP_FX
1992-06-02,2900.1,LA_PLP_FX
1992-06-03,2925.9,LA_PLP_FX
1992-06-04,2952.15,LA_PLP_FX
1992-06-05,2978.55,LA_PLP_FX
1992-06-08,3005.0,LA_PLP_FX
1992-06-09,3031.8,LA_PLP_FX
1992-06-10,3058.9,LA_PLP_FX
1992-06-11,3087.6,LA_PLP_FX
1992-06-12,3115.7,LA_PLP_FX
1992-06-15,3144.1,LA_PLP_FX
1992-06-16,3173.0,LA_PLP_FX
1992-06-17,3202.6,LA_PLP_FX
1992-06-19,3230.8,LA_PLP_FX
1992-06-22,3260.15,LA_PLP_FX
1992-06-23,3289.95,LA_PLP_FX
1992-06-24,3320.3,LA_PLP_FX
1992-06-25,3351.1,LA_PLP_FX
1992-06-26,3382.6,LA_PLP_FX
1992-06-29,3413.6,LA_PLP_FX
1992-06-30,3446.7,LA_PLP_FX
1992-07-01,3475.9,LA_PLP_FX
1992-07-02,3505.8,LA_PLP_FX
1992-07-03,3536.2,LA_PLP_FX
1992-07-06,3566.95,LA_PLP_FX
1992-07-07,3597.85,LA_PLP_FX
1992-07-08,3629.15,LA_PLP_FX
1992-07-09,3660.75,LA_PLP_FX
1992-07-10,3692.65,LA_PLP_FX
1992-07-13,3724.85,LA_PLP_FX
1992-07-14,3757.25,LA_PLP_FX
1992-07-15,3789.95,LA_PLP_FX
1992-07-16,3822.9,LA_PLP_FX
1992-07-17,3856.2,LA_PLP_FX
1992-07-20,3889.75,LA_PLP_FX
1992-07-21,3923.6,LA_PLP_FX
1992-07-22,3957.7,LA_PLP_FX
1992-07-23,3992.15,LA_PLP_FX
1992-07-24,4026.85,LA_PLP_FX
1992-07-27,4061.85,LA_PLP_FX
1992-07-28,4097.0,LA_PLP_FX
1992-07-29,4132.6,LA_PLP_FX
1992-07-30,4169.0,LA_PLP_FX
1992-07-31,4204.6,LA_PLP_FX
1992-08-03,4244.5,LA_PLP_FX
1992-08-04,4284.85,LA_PLP_FX
1992-08-05,4325.05,LA_PLP_FX
1992-08-06,4365.8,LA_PLP_FX
1992-08-07,4407.0,LA_PLP_FX
1992-08-10,4448.65,LA_PLP_FX
1992-08-11,4490.8,LA_PLP_FX
1992-08-12,4533.4,LA_PLP_FX
1992-08-13,4576.65,LA_PLP_FX
1992-08-14,4620.45,LA_PLP_FX
1992-08-17,4664.45,LA_PLP_FX
1992-08-18,4708.9,LA_PLP_FX
1992-08-19,4754.3,LA_PLP_FX
1992-08-20,4797.6,LA_PLP_FX
1992-08-21,4844.55,LA_PLP_FX
1992-08-24,4890.65,LA_PLP_FX
1992-08-25,4936.1,LA_PLP_FX
1992-08-26,4982.9,LA_PLP_FX
1992-08-27,5029.9,LA_PLP_FX
1992-08-28,5077.5,LA_PLP_FX
1992-08-31,5131.0,LA_PLP_FX
1992-09-01,5184.6,LA_PLP_FX
1992-09-02,5239.0,LA_PLP_FX
1992-09-03,5294.7,LA_PLP_FX
1992-09-04,5350.5,LA_PLP_FX
1992-09-08,5406.2,LA_PLP_FX
1992-09-09,5462.8,LA_PLP_FX
1992-09-10,5520.2,LA_PLP_FX
1992-09-11,5578.4,LA_PLP_FX
1992-09-14,5637.4,LA_PLP_FX
1992-09-15,5697.4,LA_PLP_FX
1992-09-16,5758.4,LA_PLP_FX
1992-09-17,5819.6,LA_PLP_FX
1992-09-18,5881.35,LA_PLP_FX
1992-09-21,5943.75,LA_PLP_FX
1992-09-22,6006.85,LA_PLP_FX
1992-09-23,6070.85,LA_PLP_FX
1992-09-24,6138.0,LA_PLP_FX
1992-09-25,6205.0,LA_PLP_FX
1992-09-28,6273.0,LA_PLP_FX
1992-09-29,6334.0,LA_PLP_FX
1992-09-30,6400.0,LA_PLP_FX
1992-10-01,6468.5,LA_PLP_FX
1992-10-02,6537.6,LA_PLP_FX
1992-10-05,6607.4,LA_PLP_FX
1992-10-06,6677.9,LA_PLP_FX
1992-10-07,6749.2,LA_PLP_FX
1992-10-08,6821.3,LA_PLP_FX
1992-10-09,6894.2,LA_PLP_FX
1992-10-13,6968.0,LA_PLP_FX
1992-10-14,7042.6,LA_PLP_FX
1992-10-15,7118.1,LA_PLP_FX
1992-10-16,7194.4,LA_PLP_FX
1992-10-19,7271.8,LA_PLP_FX
1992-10-20,7350.1,LA_PLP_FX
1992-10-21,7429.6,LA_PLP_FX
1992-10-22,7510.5,LA_PLP_FX
1992-10-23,7593.4,LA_PLP_FX
1992-10-26,7679.4,LA_PLP_FX
1992-10-27,7766.5,LA_PLP_FX
1992-10-28,7854.6,LA_PLP_FX
1992-10-29,7943.7,LA_PLP_FX
1992-10-30,8034.1,LA_PLP_FX
1992-11-03,8123.0,LA_PLP_FX
1992-11-04,8213.1,LA_PLP_FX
1992-11-05,8304.2,LA_PLP_FX
1992-11-06,8396.3,LA_PLP_FX
1992-11-09,8583.6,LA_PLP_FX
1992-11-10,8678.8,LA_PLP_FX
1992-11-11,8678.8,LA_PLP_FX
1992-11-12,8775.05,LA_PLP_FX
1992-11-13,8872.3,LA_PLP_FX
1992-11-16,8970.7,LA_PLP_FX
1992-11-17,9069.8,LA_PLP_FX
1992-11-18,9169.7,LA_PLP_FX
1992-11-19,9269.5,LA_PLP_FX
1992-11-20,9369.0,LA_PLP_FX
1992-11-23,9468.4,LA_PLP_FX
1992-11-24,9667.0,LA_PLP_FX
1992-11-25,9761.0,LA_PLP_FX
1992-11-26,9760.8,LA_PLP_FX
1992-11-27,9855.0,LA_PLP_FX
1992-11-30,9949.9,LA_PLP_FX
1992-12-01,10046.2,LA_PLP_FX
1992-12-02,10143.7,LA_PLP_FX
1992-12-03,10241.9,LA_PLP_FX
1992-12-04,10341.2,LA_PLP_FX
1992-12-07,10441.6,LA_PLP_FX
1992-12-08,10543.0,LA_PLP_FX
1992-12-09,10645.7,LA_PLP_FX
1992-12-10,10749.2,LA_PLP_FX
1992-12-11,10854.3,LA_PLP_FX
1992-12-14,10960.1,LA_PLP_FX
1992-12-15,11066.95,LA_PLP_FX
1992-12-16,11174.5,LA_PLP_FX
1992-12-17,11283.4,LA_PLP_FX
1992-12-18,11393.5,LA_PLP_FX
1992-12-21,11505.5,LA_PLP_FX
1992-12-22,11621.0,LA_PLP_FX
1992-12-23,11737.5,LA_PLP_FX
1992-12-24,11855.3,LA_PLP_FX
1992-12-28,11977.7,LA_PLP_FX
1992-12-29,12106.5,LA_PLP_FX
1992-12-30,12243.0,LA_PLP_FX
1992-12-31,12387.5,LA_PLP_FX
1993-01-04,12531.5,LA_PLP_FX
1993-01-05,12677.2,LA_PLP_FX
1993-01-06,12824.6,LA_PLP_FX
1993-01-07,12973.7,LA_PLP_FX
1993-01-08,13124.7,LA_PLP_FX
1993-01-11,13278.4,LA_PLP_FX
1993-01-12,13434.5,LA_PLP_FX
1993-01-13,13592.9,LA_PLP_FX
1993-01-14,13915.9,LA_PLP_FX
1993-01-15,14080.5,LA_PLP_FX
1993-01-18,14081.0,LA_PLP_FX
1993-01-19,14249.35,LA_PLP_FX
1993-01-20,14419.9,LA_PLP_FX
1993-01-21,14592.3,LA_PLP_FX
1993-01-22,14768.6,LA_PLP_FX
1993-01-25,14949.0,LA_PLP_FX
1993-01-26,15133.8,LA_PLP_FX
1993-01-27,15322.0,LA_PLP_FX
1993-01-28,15513.0,LA_PLP_FX
1993-01-29,15720.0,LA_PLP_FX
1993-02-01,15931.25,LA_PLP_FX
1993-02-02,16145.4,LA_PLP_FX
1993-02-03,16361.5,LA_PLP_FX
1993-02-04,16580.4,LA_PLP_FX
1993-02-05,16800.2,LA_PLP_FX
1993-02-08,17022.1,LA_PLP_FX
1993-02-09,17244.2,LA_PLP_FX
1993-02-10,17468.1,LA_PLP_FX
1993-02-11,17924.3,LA_PLP_FX
1993-02-12,18156.9,LA_PLP_FX
1993-02-15,18156.75,LA_PLP_FX
1993-02-16,18392.05,LA_PLP_FX
1993-02-17,18630.3,LA_PLP_FX
1993-02-18,18872.0,LA_PLP_FX
1993-02-19,19117.1,LA_PLP_FX
1993-02-24,19364.5,LA_PLP_FX
1993-02-25,19609.6,LA_PLP_FX
1993-02-26,19858.0,LA_PLP_FX
1993-03-01,20062.0,LA_PLP_FX
1993-03-02,20267.4,LA_PLP_FX
1993-03-03,20473.9,LA_PLP_FX
1993-03-04,20681.4,LA_PLP_FX
1993-03-05,20890.55,LA_PLP_FX
1993-03-08,21101.5,LA_PLP_FX
1993-03-09,21314.4,LA_PLP_FX
1993-03-10,21529.6,LA_PLP_FX
1993-03-11,21745.2,LA_PLP_FX
1993-03-12,21963.0,LA_PLP_FX
1993-03-15,22182.9,LA_PLP_FX
1993-03-16,22405.0,LA_PLP_FX
1993-03-17,22630.0,LA_PLP_FX
1993-03-18,22857.25,LA_PLP_FX
1993-03-19,23088.0,LA_PLP_FX
1993-03-22,23323.0,LA_PLP_FX
1993-03-23,23562.3,LA_PLP_FX
1993-03-24,23806.3,LA_PLP_FX
1993-03-25,24054.75,LA_PLP_FX
1993-03-26,24309.7,LA_PLP_FX
1993-03-29,24576.5,LA_PLP_FX
1993-03-30,24847.0,LA_PLP_FX
1993-03-31,25121.0,LA_PLP_FX
1993-04-01,25444.5,LA_PLP_FX
1993-04-02,25773.0,LA_PLP_FX
1993-04-05,26108.4,LA_PLP_FX
1993-04-06,26450.5,LA_PLP_FX
1993-04-07,26799.9,LA_PLP_FX
1993-04-12,27156.9,LA_PLP_FX
1993-04-13,27520.4,LA_PLP_FX
1993-04-14,27892.3,LA_PLP_FX
1993-04-15,28270.0,LA_PLP_FX
1993-04-16,28653.1,LA_PLP_FX
1993-04-19,29041.1,LA_PLP_FX
1993-04-20,29434.4,LA_PLP_FX
1993-04-22,29833.6,LA_PLP_FX
1993-04-23,30232.0,LA_PLP_FX
1993-04-26,30624.0,LA_PLP_FX
1993-04-27,31035.3,LA_PLP_FX
1993-04-28,31450.5,LA_PLP_FX
1993-04-29,31862.0,LA_PLP_FX
1993-04-30,32268.0,LA_PLP_FX
1993-05-03,32665.0,LA_PLP_FX
1993-05-04,33067.2,LA_PLP_FX
1993-05-05,33474.3,LA_PLP_FX
1993-05-06,33885.7,LA_PLP_FX
1993-05-07,34301.7,LA_PLP_FX
1993-05-10,34721.6,LA_PLP_FX
1993-05-11,35145.6,LA_PLP_FX
1993-05-12,35575.2,LA_PLP_FX
1993-05-13,36007.8,LA_PLP_FX
1993-05-14,36445.4,LA_PLP_FX
1993-05-17,36888.4,LA_PLP_FX
1993-05-18,37336.9,LA_PLP_FX
1993-05-19,37790.8,LA_PLP_FX
1993-05-20,38250.3,LA_PLP_FX
1993-05-21,38715.3,LA_PLP_FX
1993-05-24,39187.5,LA_PLP_FX
1993-05-25,39666.8,LA_PLP_FX
1993-05-26,40156.0,LA_PLP_FX
1993-05-27,41165.0,LA_PLP_FX
1993-05-28,41700.0,LA_PLP_FX
1993-05-31,41700.0,LA_PLP_FX
1993-06-01,42239.65,LA_PLP_FX
1993-06-02,42786.3,LA_PLP_FX
1993-06-03,43340.0,LA_PLP_FX
1993-06-04,43900.7,LA_PLP_FX
1993-06-07,44466.9,LA_PLP_FX
1993-06-08,45042.5,LA_PLP_FX
1993-06-09,45629.5,LA_PLP_FX
1993-06-11,46230.0,LA_PLP_FX
1993-06-14,46815.0,LA_PLP_FX
1993-06-15,47413.0,LA_PLP_FX
1993-06-16,48020.0,LA_PLP_FX
1993-06-17,48626.3,LA_PLP_FX
1993-06-18,49234.0,LA_PLP_FX
1993-06-21,49848.0,LA_PLP_FX
1993-06-22,50462.8,LA_PLP_FX
1993-06-23,51096.0,LA_PLP_FX
1993-06-24,51720.0,LA_PLP_FX
1993-06-25,52356.0,LA_PLP_FX
1993-06-28,53007.0,LA_PLP_FX
1993-06-29,53666.0,LA_PLP_FX
1993-06-30,54336.0,LA_PLP_FX
1993-07-01,55676.7,LA_PLP_FX
1993-07-02,56364.0,LA_PLP_FX
1993-07-05,56361.0,LA_PLP_FX
1993-07-06,57052.0,LA_PLP_FX
1993-07-07,57754.0,LA_PLP_FX
1993-07-08,58463.0,LA_PLP_FX
1993-07-09,59178.0,LA_PLP_FX
1993-07-12,59901.5,LA_PLP_FX
1993-07-13,60639.0,LA_PLP_FX
1993-07-14,61383.0,LA_PLP_FX
1993-07-15,62136.0,LA_PLP_FX
1993-07-16,62899.0,LA_PLP_FX
1993-07-19,63669.0,LA_PLP_FX
1993-07-20,64450.0,LA_PLP_FX
1993-07-21,65240.0,LA_PLP_FX
1993-07-22,66040.0,LA_PLP_FX
1993-07-23,66850.0,LA_PLP_FX
1993-07-26,67672.0,LA_PLP_FX
1993-07-27,68508.0,LA_PLP_FX
1993-07-28,69370.0,LA_PLP_FX
1993-07-29,70252.0,LA_PLP_FX
1993-07-30,71153.0,LA_PLP_FX
1993-08-02,72.069,LA_PLP_FX
1993-08-03,72.994,LA_PLP_FX
1993-08-04,73.929,LA_PLP_FX
1993-08-05,74.881,LA_PLP_FX
1993-08-06,75.845,LA_PLP_FX
1993-08-09,76.821,LA_PLP_FX
1993-08-10,77.809,LA_PLP_FX
1993-08-11,78.808,LA_PLP_FX
1993-08-12,79.823,LA_PLP_FX
1993-08-13,80.851,LA_PLP_FX
1993-08-16,81.892,LA_PLP_FX
1993-08-17,82.946,LA_PLP_FX
1993-08-18,84.012,LA_PLP_FX
1993-08-19,85.092,LA_PLP_FX
1993-08-20,86.192,LA_PLP_FX
1993-08-23,87.305,LA_PLP_FX
1993-08-24,88.441,LA_PLP_FX
1993-08-25,89.63,LA_PLP_FX
1993-08-26,90.835,LA_PLP_FX
1993-08-27,92.09,LA_PLP_FX
1993-08-30,93.36,LA_PLP_FX
1993-08-31,94.652,LA_PLP_FX
1993-09-01,95.98,LA_PLP_FX
1993-09-02,98.751,LA_PLP_FX
1993-09-03,100.13,LA_PLP_FX
1993-09-06,100.112,LA_PLP_FX
1993-09-08,101.502,LA_PLP_FX
1993-09-09,102.925,LA_PLP_FX
1993-09-10,104.386,LA_PLP_FX
1993-09-13,105.866,LA_PLP_FX
1993-09-14,107.392,LA_PLP_FX
1993-09-15,108.944,LA_PLP_FX
1993-09-16,110.505,LA_PLP_FX
1993-09-17,112.145,LA_PLP_FX
1993-09-20,113.736,LA_PLP_FX
1993-09-21,115.345,LA_PLP_FX
1993-09-22,117.065,LA_PLP_FX
1993-09-23,118.782,LA_PLP_FX
1993-09-24,120.57,LA_PLP_FX
1993-09-27,122.36,LA_PLP_FX
1993-09-28,124.28,LA_PLP_FX
1993-09-29,126.125,LA_PLP_FX
1993-09-30,128.07,LA_PLP_FX
1993-10-01,130.04,LA_PLP_FX
1993-10-04,132.055,LA_PLP_FX
1993-10-05,134.09,LA_PLP_FX
1993-10-06,136.156,LA_PLP_FX
1993-10-07,140.39,LA_PLP_FX
1993-10-08,142.58,LA_PLP_FX
1993-10-11,142.56,LA_PLP_FX
1993-10-13,144.76,LA_PLP_FX
1993-10-14,146.998,LA_PLP_FX
1993-10-15,149.26,LA_PLP_FX
1993-10-18,151.6,LA_PLP_FX
1993-10-19,153.905,LA_PLP_FX
1993-10-20,156.295,LA_PLP_FX
1993-10-21,158.695,LA_PLP_FX
1993-10-22,161.155,LA_PLP_FX
1993-10-25,163.645,LA_PLP_FX
1993-10-26,166.17,LA_PLP_FX
1993-10-27,168.741,LA_PLP_FX
1993-10-28,171.4,LA_PLP_FX
1993-10-29,174.0,LA_PLP_FX
1993-11-01,176.69,LA_PLP_FX
1993-11-03,179.413,LA_PLP_FX
1993-11-04,182.22,LA_PLP_FX
1993-11-05,185.0,LA_PLP_FX
1993-11-08,187.86,LA_PLP_FX
1993-11-09,193.7,LA_PLP_FX
1993-11-10,196.696,LA_PLP_FX
1993-11-11,196.695,LA_PLP_FX
1993-11-12,199.765,LA_PLP_FX
1993-11-16,202.81,LA_PLP_FX
1993-11-17,205.94,LA_PLP_FX
1993-11-18,209.11,LA_PLP_FX
1993-11-19,212.33,LA_PLP_FX
1993-11-22,215.66,LA_PLP_FX
1993-11-23,222.325,LA_PLP_FX
1993-11-24,225.84,LA_PLP_FX
1993-11-25,225.765,LA_PLP_FX
1993-11-26,229.31,LA_PLP_FX
1993-11-29,232.92,LA_PLP_FX
1993-11-30,235.98,LA_PLP_FX
1993-12-01,239.165,LA_PLP_FX
1993-12-02,242.37,LA_PLP_FX
1993-12-03,245.62,LA_PLP_FX
1993-12-06,248.92,LA_PLP_FX
1993-12-07,252.27,LA_PLP_FX
1993-12-08,255.685,LA_PLP_FX
1993-12-09,259.1,LA_PLP_FX
1993-12-10,262.61,LA_PLP_FX
1993-12-13,266.32,LA_PLP_FX
1993-12-14,270.065,LA_PLP_FX
1993-12-15,273.88,LA_PLP_FX
1993-12-16,277.735,LA_PLP_FX
1993-12-17,281.665,LA_PLP_FX
1993-12-20,285.64,LA_PLP_FX
1993-12-21,289.69,LA_PLP_FX
1993-12-22,293.87,LA_PLP_FX
1993-12-23,297.98,LA_PLP_FX
1993-12-24,302.29,LA_PLP_FX
1993-12-27,306.69,LA_PLP_FX
1993-12-28,311.26,LA_PLP_FX
1993-12-29,316.01,LA_PLP_FX
1993-12-30,320.92,LA_PLP_FX
1993-12-31,326.105,LA_PLP_FX
1994-01-03,331.22,LA_PLP_FX
1994-01-04,336.49,LA_PLP_FX
1994-01-05,341.83,LA_PLP_FX
1994-01-06,347.235,LA_PLP_FX
1994-01-07,352.73,LA_PLP_FX
1994-01-10,358.305,LA_PLP_FX
1994-01-11,363.975,LA_PLP_FX
1994-01-12,369.735,LA_PLP_FX
1994-01-13,381.535,LA_PLP_FX
1994-01-14,387.57,LA_PLP_FX
1994-01-17,387.555,LA_PLP_FX
1994-01-18,393.915,LA_PLP_FX
1994-01-19,400.39,LA_PLP_FX
1994-01-20,406.985,LA_PLP_FX
1994-01-21,413.695,LA_PLP_FX
1994-01-24,420.53,LA_PLP_FX
1994-01-25,427.73,LA_PLP_FX
1994-01-26,435.05,LA_PLP_FX
1994-01-27,442.505,LA_PLP_FX
1994-01-28,450.095,LA_PLP_FX
1994-01-31,458.66,LA_PLP_FX
1994-02-01,467.371,LA_PLP_FX
1994-02-02,476.255,LA_PLP_FX
1994-02-03,485.306,LA_PLP_FX
1994-02-04,494.453,LA_PLP_FX
1994-02-07,503.765,LA_PLP_FX
1994-02-08,513.254,LA_PLP_FX
1994-02-09,522.939,LA_PLP_FX
1994-02-10,532.665,LA_PLP_FX
1994-02-11,542.575,LA_PLP_FX
1994-02-16,552.672,LA_PLP_FX
1994-02-17,573.432,LA_PLP_FX
1994-02-18,584.122,LA_PLP_FX
1994-02-21,584.108,LA_PLP_FX
1994-02-22,594.642,LA_PLP_FX
1994-02-23,605.406,LA_PLP_FX
1994-02-24,616.417,LA_PLP_FX
1994-02-25,627.688,LA_PLP_FX
1994-02-28,637.45,LA_PLP_FX
1994-03-01,647.303,LA_PLP_FX
1994-03-02,657.326,LA_PLP_FX
1994-03-03,667.506,LA_PLP_FX
1994-03-04,677.862,LA_PLP_FX
1994-03-07,688.353,LA_PLP_FX
1994-03-08,699.054,LA_PLP_FX
1994-03-09,709.887,LA_PLP_FX
1994-03-10,720.894,LA_PLP_FX
1994-03-11,732.111,LA_PLP_FX
1994-03-14,743.676,LA_PLP_FX
1994-03-15,755.437,LA_PLP_FX
1994-03-16,767.402,LA_PLP_FX
1994-03-17,779.546,LA_PLP_FX
1994-03-18,792.075,LA_PLP_FX
1994-03-21,805.452,LA_PLP_FX
1994-03-22,819.705,LA_PLP_FX
1994-03-23,834.235,LA_PLP_FX
1994-03-24,849.03,LA_PLP_FX
1994-03-25,864.071,LA_PLP_FX
1994-03-28,879.444,LA_PLP_FX
1994-03-29,894.932,LA_PLP_FX
1994-03-30,913.345,LA_PLP_FX
1994-04-04,930.902,LA_PLP_FX
1994-04-05,948.808,LA_PLP_FX
1994-04-06,967.048,LA_PLP_FX
1994-04-07,985.635,LA_PLP_FX
1994-04-08,1004.57,LA_PLP_FX
1994-04-11,1023.87,LA_PLP_FX
1994-04-12,1043.53,LA_PLP_FX
1994-04-13,1063.59,LA_PLP_FX
1994-04-14,1084.04,LA_PLP_FX
1994-04-15,1104.88,LA_PLP_FX
1994-04-18,1126.09,LA_PLP_FX
1994-04-19,1147.73,LA_PLP_FX
1994-04-20,1169.71,LA_PLP_FX
1994-04-22,1191.84,LA_PLP_FX
1994-04-25,1213.83,LA_PLP_FX
1994-04-26,1235.75,LA_PLP_FX
1994-04-27,1258.04,LA_PLP_FX
1994-04-28,1279.58,LA_PLP_FX
1994-04-29,1302.28,LA_PLP_FX
1994-05-02,1323.53,LA_PLP_FX
1994-05-03,1345.14,LA_PLP_FX
1994-05-04,1367.16,LA_PLP_FX
1994-05-05,1389.54,LA_PLP_FX
1994-05-06,1412.35,LA_PLP_FX
1994-05-09,1435.54,LA_PLP_FX
1994-05-10,1459.37,LA_PLP_FX
1994-05-11,1483.9,LA_PLP_FX
1994-05-12,1508.84,LA_PLP_FX
1994-05-13,1534.3,LA_PLP_FX
1994-05-16,1560.18,LA_PLP_FX
1994-05-17,1586.5,LA_PLP_FX
1994-05-18,1613.28,LA_PLP_FX
1994-05-19,1640.49,LA_PLP_FX
1994-05-20,1668.17,LA_PLP_FX
1994-05-23,1696.32,LA_PLP_FX
1994-05-24,1724.93,LA_PLP_FX
1994-05-25,1754.03,LA_PLP_FX
1994-05-26,1813.69,LA_PLP_FX
1994-05-27,1844.05,LA_PLP_FX
1994-05-30,1843.87,LA_PLP_FX
1994-05-31,1875.27,LA_PLP_FX
1994-06-01,1908.12,LA_PLP_FX
1994-06-03,1941.53,LA_PLP_FX
1994-06-06,1975.51,LA_PLP_FX
1994-06-07,2010.09,LA_PLP_FX
1994-06-08,2045.71,LA_PLP_FX
1994-06-09,2081.99,LA_PLP_FX
1994-06-10,2119.2,LA_PLP_FX
1994-06-13,2157.19,LA_PLP_FX
1994-06-14,2195.99,LA_PLP_FX
1994-06-15,2235.51,LA_PLP_FX
1994-06-16,2276.43,LA_PLP_FX
1994-06-17,2318.13,LA_PLP_FX
1994-06-20,2361.09,LA_PLP_FX
1994-06-21,2405.65,LA_PLP_FX
1994-06-22,2451.79,LA_PLP_FX
1994-06-23,2498.79,LA_PLP_FX
1994-06-24,2546.9,LA_PLP_FX
1994-06-27,2596.3,LA_PLP_FX
1994-06-28,2647.0,LA_PLP_FX
1994-06-29,2698.46,LA_PLP_FX
1994-06-30,2750.0,LA_PLP_FX
1994-07-01,1.0,LA_PLP_FX
1994-07-04,0.94,LA_PLP_FX
1994-07-05,0.932,LA_PLP_FX
1994-07-06,0.915,LA_PLP_FX
1994-07-07,0.91,LA_PLP_FX
1994-07-08,0.92,LA_PLP_FX
1994-07-11,0.925,LA_PLP_FX
1994-07-12,0.92,LA_PLP_FX
1994-07-13,0.92,LA_PLP_FX
1994-07-14,0.925,LA_PLP_FX
1994-07-15,0.935,LA_PLP_FX
1994-07-18,0.935,LA_PLP_FX
1994-07-19,0.935,LA_PLP_FX
1994-07-20,0.932,LA_PLP_FX
1994-07-21,0.932,LA_PLP_FX
1994-07-22,0.937,LA_PLP_FX
1994-07-25,0.936,LA_PLP_FX
1994-07-26,0.934,LA_PLP_FX
1994-07-27,0.936,LA_PLP_FX
1994-07-28,0.94,LA_PLP_FX
1994-07-29,0.94,LA_PLP_FX
1994-08-01,0.932,LA_PLP_FX
1994-08-02,0.92,LA_PLP_FX
1994-08-03,0.91,LA_PLP_FX
1994-08-04,0.91,LA_PLP_FX
1994-08-05,0.912,LA_PLP_FX
1994-08-08,0.906,LA_PLP_FX
1994-08-09,0.891,LA_PLP_FX
1994-08-10,0.892,LA_PLP_FX
1994-08-11,0.894,LA_PLP_FX
1994-08-12,0.906,LA_PLP_FX
1994-08-15,0.901,LA_PLP_FX
1994-08-16,0.896,LA_PLP_FX
1994-08-17,0.901,LA_PLP_FX
1994-08-18,0.897,LA_PLP_FX
1994-08-19,0.894,LA_PLP_FX
1994-08-22,0.887,LA_PLP_FX
1994-08-23,0.887,LA_PLP_FX
1994-08-24,0.884,LA_PLP_FX
1994-08-25,0.888,LA_PLP_FX
1994-08-26,0.888,LA_PLP_FX
1994-08-29,0.896,LA_PLP_FX
1994-08-30,0.887,LA_PLP_FX
1994-08-31,0.889,LA_PLP_FX
1994-09-01,0.885,LA_PLP_FX
1994-09-02,0.886,LA_PLP_FX
1994-09-05,0.892,LA_PLP_FX
1994-09-06,0.886,LA_PLP_FX
1994-09-08,0.881,LA_PLP_FX
1994-09-09,0.872,LA_PLP_FX
1994-09-12,0.853,LA_PLP_FX
1994-09-13,0.86,LA_PLP_FX
1994-09-14,0.855,LA_PLP_FX
1994-09-15,0.857,LA_PLP_FX
1994-09-16,0.857,LA_PLP_FX
1994-09-19,0.854,LA_PLP_FX
1994-09-20,0.854,LA_PLP_FX
1994-09-21,0.857,LA_PLP_FX
1994-09-22,0.855,LA_PLP_FX
1994-09-23,0.857,LA_PLP_FX
1994-09-26,0.862,LA_PLP_FX
1994-09-27,0.868,LA_PLP_FX
1994-09-28,0.864,LA_PLP_FX
1994-09-29,0.861,LA_PLP_FX
1994-09-30,0.853,LA_PLP_FX
1994-10-04,0.849,LA_PLP_FX
1994-10-05,0.847,LA_PLP_FX
1994-10-06,0.846,LA_PLP_FX
1994-10-07,0.844,LA_PLP_FX
1994-10-10,0.839,LA_PLP_FX
1994-10-11,0.835,LA_PLP_FX
1994-10-13,0.836,LA_PLP_FX
1994-10-14,0.829,LA_PLP_FX
1994-10-17,0.829,LA_PLP_FX
1994-10-18,0.847,LA_PLP_FX
1994-10-19,0.853,LA_PLP_FX
1994-10-20,0.856,LA_PLP_FX
1994-10-21,0.853,LA_PLP_FX
1994-10-24,0.853,LA_PLP_FX
1994-10-25,0.854,LA_PLP_FX
1994-10-26,0.856,LA_PLP_FX
1994-10-27,0.852,LA_PLP_FX
1994-10-28,0.85,LA_PLP_FX
1994-10-31,0.846,LA_PLP_FX
1994-11-01,0.845,LA_PLP_FX
1994-11-03,0.846,LA_PLP_FX
1994-11-04,0.845,LA_PLP_FX
1994-11-07,0.84,LA_PLP_FX
1994-11-08,0.834,LA_PLP_FX
1994-11-09,0.831,LA_PLP_FX
1994-11-10,0.834,LA_PLP_FX
1994-11-11,0.838,LA_PLP_FX
1994-11-14,0.838,LA_PLP_FX
1994-11-16,0.833,LA_PLP_FX
1994-11-17,0.833,LA_PLP_FX
1994-11-18,0.836,LA_PLP_FX
1994-11-21,0.835,LA_PLP_FX
1994-11-22,0.836,LA_PLP_FX
1994-11-23,0.843,LA_PLP_FX
1994-11-24,0.854,LA_PLP_FX
1994-11-25,0.859,LA_PLP_FX
1994-11-28,0.857,LA_PLP_FX
1994-11-29,0.853,LA_PLP_FX
1994-11-30,0.845,LA_PLP_FX
1994-12-01,0.848,LA_PLP_FX
1994-12-02,0.857,LA_PLP_FX
1994-12-05,0.858,LA_PLP_FX
1994-12-06,0.846,LA_PLP_FX
1994-12-07,0.847,LA_PLP_FX
1994-12-08,0.847,LA_PLP_FX
1994-12-09,0.848,LA_PLP_FX
1994-12-12,0.844,LA_PLP_FX
1994-12-13,0.843,LA_PLP_FX
1994-12-14,0.847,LA_PLP_FX
1994-12-15,0.851,LA_PLP_FX
1994-12-16,0.849,LA_PLP_FX
1994-12-19,0.848,LA_PLP_FX
1994-12-20,0.85,LA_PLP_FX
1994-12-21,0.853,LA_PLP_FX
1994-12-22,0.86,LA_PLP_FX
1994-12-23,0.855,LA_PLP_FX
1994-12-26,0.85,LA_PLP_FX
1994-12-27,0.852,LA_PLP_FX
1994-12-28,0.856,LA_PLP_FX
1994-12-29,0.848,LA_PLP_FX
1994-12-30,0.846,LA_PLP_FX
1995-01-02,0.845,LA_PLP_FX
1995-01-03,0.846,LA_PLP_FX
1995-01-04,0.846,LA_PLP_FX
1995-01-05,0.844,LA_PLP_FX
1995-01-06,0.841,LA_PLP_FX
1995-01-09,0.846,LA_PLP_FX
1995-01-10,0.848,LA_PLP_FX
1995-01-11,0.851,LA_PLP_FX
1995-01-12,0.846,LA_PLP_FX
1995-01-13,0.847,LA_PLP_FX
1995-01-16,0.85,LA_PLP_FX
1995-01-17,0.846,LA_PLP_FX
1995-01-18,0.846,LA_PLP_FX
1995-01-19,0.848,LA_PLP_FX
1995-01-20,0.848,LA_PLP_FX
1995-01-23,0.852,LA_PLP_FX
1995-01-24,0.854,LA_PLP_FX
1995-01-25,0.853,LA_PLP_FX
1995-01-26,0.846,LA_PLP_FX
1995-01-27,0.845,LA_PLP_FX
1995-01-30,0.847,LA_PLP_FX
1995-01-31,0.842,LA_PLP_FX
1995-02-01,0.843,LA_PLP_FX
1995-02-02,0.84,LA_PLP_FX
1995-02-03,0.84,LA_PLP_FX
1995-02-06,0.838,LA_PLP_FX
1995-02-07,0.837,LA_PLP_FX
1995-02-08,0.836,LA_PLP_FX
1995-02-09,0.834,LA_PLP_FX
1995-02-10,0.835,LA_PLP_FX
1995-02-13,0.834,LA_PLP_FX
1995-02-14,0.835,LA_PLP_FX
1995-02-15,0.837,LA_PLP_FX
1995-02-16,0.845,LA_PLP_FX
1995-02-17,0.85,LA_PLP_FX
1995-02-20,0.842,LA_PLP_FX
1995-02-21,0.843,LA_PLP_FX
1995-02-22,0.848,LA_PLP_FX
1995-02-23,0.845,LA_PLP_FX
1995-02-24,0.8515,LA_PLP_FX
1995-03-01,0.85,LA_PLP_FX
1995-03-02,0.853,LA_PLP_FX
1995-03-03,0.858,LA_PLP_FX
1995-03-06,0.868,LA_PLP_FX
1995-03-07,0.886,LA_PLP_FX
1995-03-08,0.886,LA_PLP_FX
1995-03-09,0.888,LA_PLP_FX
1995-03-10,0.88,LA_PLP_FX
1995-03-13,0.8805,LA_PLP_FX
1995-03-14,0.881,LA_PLP_FX
1995-03-15,0.884,LA_PLP_FX
1995-03-16,0.895,LA_PLP_FX
1995-03-17,0.89,LA_PLP_FX
1995-03-20,0.903,LA_PLP_FX
1995-03-21,0.901,LA_PLP_FX
1995-03-22,0.902,LA_PLP_FX
1995-03-23,0.914,LA_PLP_FX
1995-03-24,0.909,LA_PLP_FX
1995-03-27,0.91,LA_PLP_FX
1995-03-28,0.911,LA_PLP_FX
1995-03-29,0.907,LA_PLP_FX
1995-03-30,0.903,LA_PLP_FX
1995-03-31,0.896,LA_PLP_FX
1995-04-03,0.902,LA_PLP_FX
1995-04-04,0.901,LA_PLP_FX
1995-04-05,0.9,LA_PLP_FX
1995-04-06,0.894,LA_PLP_FX
1995-04-07,0.9,LA_PLP_FX
1995-04-10,0.897,LA_PLP_FX
1995-04-11,0.901,LA_PLP_FX
1995-04-12,0.908,LA_PLP_FX
1995-04-17,0.905,LA_PLP_FX
1995-04-18,0.905,LA_PLP_FX
1995-04-19,0.914,LA_PLP_FX
1995-04-20,0.918,LA_PLP_FX
1995-04-24,0.913,LA_PLP_FX
1995-04-25,0.921,LA_PLP_FX
1995-04-26,0.917,LA_PLP_FX
1995-04-27,0.919,LA_PLP_FX
1995-04-28,0.913,LA_PLP_FX
1995-05-02,0.914,LA_PLP_FX
1995-05-03,0.906,LA_PLP_FX
1995-05-04,0.905,LA_PLP_FX
1995-05-05,0.902,LA_PLP_FX
1995-05-08,0.899,LA_PLP_FX
1995-05-09,0.897,LA_PLP_FX
1995-05-10,0.894,LA_PLP_FX
1995-05-11,0.896,LA_PLP_FX
1995-05-12,0.897,LA_PLP_FX
1995-05-15,0.891,LA_PLP_FX
1995-05-16,0.891,LA_PLP_FX
1995-05-17,0.891,LA_PLP_FX
1995-05-18,0.89,LA_PLP_FX
1995-05-19,0.891,LA_PLP_FX
1995-05-22,0.89,LA_PLP_FX
1995-05-23,0.89,LA_PLP_FX
1995-05-24,0.89,LA_PLP_FX
1995-05-25,0.893,LA_PLP_FX
1995-05-26,0.897,LA_PLP_FX
1995-05-29,0.906,LA_PLP_FX
1995-05-30,0.906,LA_PLP_FX
1995-05-31,0.906,LA_PLP_FX
1995-06-01,0.908,LA_PLP_FX
1995-06-02,0.905,LA_PLP_FX
1995-06-05,0.905,LA_PLP_FX
1995-06-06,0.906,LA_PLP_FX
1995-06-07,0.911,LA_PLP_FX
1995-06-08,0.912,LA_PLP_FX
1995-06-09,0.913,LA_PLP_FX
1995-06-12,0.918,LA_PLP_FX
1995-06-13,0.915,LA_PLP_FX
1995-06-14,0.907,LA_PLP_FX
1995-06-16,0.909,LA_PLP_FX
1995-06-19,0.912,LA_PLP_FX
1995-06-20,0.914,LA_PLP_FX
1995-06-21,0.919,LA_PLP_FX
1995-06-22,0.92,LA_PLP_FX
1995-06-23,0.92,LA_PLP_FX
1995-06-26,0.919,LA_PLP_FX
1995-06-27,0.92,LA_PLP_FX
1995-06-28,0.92,LA_PLP_FX
1995-06-29,0.92,LA_PLP_FX
1995-06-30,0.922,LA_PLP_FX
1995-07-03,0.92,LA_PLP_FX
1995-07-04,0.92,LA_PLP_FX
1995-07-05,0.922,LA_PLP_FX
1995-07-06,0.925,LA_PLP_FX
1995-07-07,0.925,LA_PLP_FX
1995-07-10,0.925,LA_PLP_FX
1995-07-11,0.925,LA_PLP_FX
1995-07-12,0.925,LA_PLP_FX
1995-07-13,0.926,LA_PLP_FX
1995-07-14,0.926,LA_PLP_FX
1995-07-17,0.928,LA_PLP_FX
1995-07-18,0.929,LA_PLP_FX
1995-07-19,0.929,LA_PLP_FX
1995-07-20,0.929,LA_PLP_FX
1995-07-21,0.934,LA_PLP_FX
1995-07-24,0.934,LA_PLP_FX
1995-07-25,0.936,LA_PLP_FX
1995-07-26,0.936,LA_PLP_FX
1995-07-27,0.937,LA_PLP_FX
1995-07-28,0.937,LA_PLP_FX
1995-07-31,0.936,LA_PLP_FX
1995-08-01,0.936,LA_PLP_FX
1995-08-02,0.936,LA_PLP_FX
1995-08-03,0.936,LA_PLP_FX
1995-08-04,0.936,LA_PLP_FX
1995-08-07,0.936,LA_PLP_FX
1995-08-08,0.936,LA_PLP_FX
1995-08-09,0.936,LA_PLP_FX
1995-08-10,0.936,LA_PLP_FX
1995-08-11,0.937,LA_PLP_FX
1995-08-14,0.941,LA_PLP_FX
1995-08-15,0.942,LA_PLP_FX
1995-08-16,0.942,LA_PLP_FX
1995-08-17,0.942,LA_PLP_FX
1995-08-18,0.943,LA_PLP_FX
1995-08-21,0.942,LA_PLP_FX
1995-08-22,0.944,LA_PLP_FX
1995-08-23,0.947,LA_PLP_FX
1995-08-24,0.947,LA_PLP_FX
1995-08-25,0.948,LA_PLP_FX
1995-08-28,0.949,LA_PLP_FX
1995-08-29,0.951,LA_PLP_FX
1995-08-30,0.951,LA_PLP_FX
1995-08-31,0.951,LA_PLP_FX
1995-09-01,0.951,LA_PLP_FX
1995-09-04,0.949,LA_PLP_FX
1995-09-05,0.949,LA_PLP_FX
1995-09-06,0.949,LA_PLP_FX
1995-09-08,0.951,LA_PLP_FX
1995-09-11,0.952,LA_PLP_FX
1995-09-12,0.952,LA_PLP_FX
1995-09-13,0.953,LA_PLP_FX
1995-09-14,0.953,LA_PLP_FX
1995-09-15,0.953,LA_PLP_FX
1995-09-18,0.953,LA_PLP_FX
1995-09-19,0.953,LA_PLP_FX
1995-09-20,0.954,LA_PLP_FX
1995-09-21,0.954,LA_PLP_FX
1995-09-22,0.954,LA_PLP_FX
1995-09-25,0.954,LA_PLP_FX
1995-09-26,0.955,LA_PLP_FX
1995-09-27,0.956,LA_PLP_FX
1995-09-28,0.956,LA_PLP_FX
1995-09-29,0.954,LA_PLP_FX
1995-10-02,0.9555,LA_PLP_FX
1995-10-03,0.9585,LA_PLP_FX
1995-10-04,0.9585,LA_PLP_FX
1995-10-05,0.9585,LA_PLP_FX
1995-10-06,0.959,LA_PLP_FX
1995-10-09,0.9585,LA_PLP_FX
1995-10-10,0.9585,LA_PLP_FX
1995-10-11,0.9585,LA_PLP_FX
1995-10-13,0.9585,LA_PLP_FX
1995-10-16,0.9585,LA_PLP_FX
1995-10-17,0.9585,LA_PLP_FX
1995-10-18,0.959,LA_PLP_FX
1995-10-19,0.9593,LA_PLP_FX
1995-10-20,0.9613,LA_PLP_FX
1995-10-23,0.9615,LA_PLP_FX
1995-10-24,0.9617,LA_PLP_FX
1995-10-25,0.9617,LA_PLP_FX
1995-10-26,0.962,LA_PLP_FX
1995-10-27,0.9622,LA_PLP_FX
1995-10-30,0.9617,LA_PLP_FX
1995-10-31,0.9619,LA_PLP_FX
1995-11-01,0.963,LA_PLP_FX
1995-11-03,0.9627,LA_PLP_FX
1995-11-06,0.9623,LA_PLP_FX
1995-11-07,0.9618,LA_PLP_FX
1995-11-08,0.9618,LA_PLP_FX
1995-11-09,0.9617,LA_PLP_FX
1995-11-10,0.9617,LA_PLP_FX
1995-11-13,0.962,LA_PLP_FX
1995-11-14,0.9628,LA_PLP_FX
1995-11-16,0.9628,LA_PLP_FX
1995-11-17,0.9624,LA_PLP_FX
1995-11-20,0.9626,LA_PLP_FX
1995-11-21,0.9639,LA_PLP_FX
1995-11-22,0.9648,LA_PLP_FX
1995-11-23,0.9647,LA_PLP_FX
1995-11-24,0.9655,LA_PLP_FX
1995-11-27,0.9649,LA_PLP_FX
1995-11-28,0.9648,LA_PLP_FX
1995-11-29,0.9647,LA_PLP_FX
1995-11-30,0.9666,LA_PLP_FX
1995-12-01,0.9666,LA_PLP_FX
1995-12-04,0.9666,LA_PLP_FX
1995-12-05,0.9667,LA_PLP_FX
1995-12-06,0.9667,LA_PLP_FX
1995-12-07,0.9666,LA_PLP_FX
1995-12-08,0.9667,LA_PLP_FX
1995-12-11,0.9667,LA_PLP_FX
1995-12-12,0.9668,LA_PLP_FX
1995-12-13,0.9671,LA_PLP_FX
1995-12-14,0.9673,LA_PLP_FX
1995-12-15,0.9677,LA_PLP_FX
1995-12-18,0.9681,LA_PLP_FX
1995-12-19,0.9676,LA_PLP_FX
1995-12-20,0.9687,LA_PLP_FX
1995-12-21,0.9694,LA_PLP_FX
1995-12-22,0.9702,LA_PLP_FX
1995-12-26,0.9702,LA_PLP_FX
1995-12-27,0.9709,LA_PLP_FX
1995-12-28,0.9726,LA_PLP_FX
1995-12-29,0.9725,LA_PLP_FX
1996-01-02,0.9726,LA_PLP_FX
1996-01-03,0.9727,LA_PLP_FX
1996-01-04,0.9728,LA_PLP_FX
1996-01-05,0.9727,LA_PLP_FX
1996-01-08,0.9726,LA_PLP_FX
1996-01-09,0.9726,LA_PLP_FX
1996-01-10,0.9726,LA_PLP_FX
1996-01-11,0.973,LA_PLP_FX
1996-01-12,0.9734,LA_PLP_FX
1996-01-15,0.9727,LA_PLP_FX
1996-01-16,0.9726,LA_PLP_FX
1996-01-17,0.9727,LA_PLP_FX
1996-01-18,0.9729,LA_PLP_FX
1996-01-19,0.9732,LA_PLP_FX
1996-01-22,0.9746,LA_PLP_FX
1996-01-23,0.9766,LA_PLP_FX
1996-01-24,0.9769,LA_PLP_FX
1996-01-25,0.9768,LA_PLP_FX
1996-01-26,0.9784,LA_PLP_FX
1996-01-29,0.9788,LA_PLP_FX
1996-01-30,0.9787,LA_PLP_FX
1996-01-31,0.9786,LA_PLP_FX
1996-02-01,0.9786,LA_PLP_FX
1996-02-02,0.9786,LA_PLP_FX
1996-02-05,0.9787,LA_PLP_FX
1996-02-06,0.9786,LA_PLP_FX
1996-02-07,0.9788,LA_PLP_FX
1996-02-08,0.9787,LA_PLP_FX
1996-02-09,0.9788,LA_PLP_FX
1996-02-12,0.9787,LA_PLP_FX
1996-02-13,0.9806,LA_PLP_FX
1996-02-14,0.9813,LA_PLP_FX
1996-02-15,0.9834,LA_PLP_FX
1996-02-16,0.9832,LA_PLP_FX
1996-02-21,0.9823,LA_PLP_FX
1996-02-22,0.9824,LA_PLP_FX
1996-02-23,0.9822,LA_PLP_FX
1996-02-26,0.9836,LA_PLP_FX
1996-02-27,0.984,LA_PLP_FX
1996-02-28,0.9838,LA_PLP_FX
1996-02-29,0.9842,LA_PLP_FX
1996-03-01,0.984,LA_PLP_FX
1996-03-04,0.9837,LA_PLP_FX
1996-03-05,0.9837,LA_PLP_FX
1996-03-06,0.9837,LA_PLP_FX
1996-03-07,0.9845,LA_PLP_FX
1996-03-08,0.9843,LA_PLP_FX
1996-03-11,0.9843,LA_PLP_FX
1996-03-12,0.9842,LA_PLP_FX
1996-03-13,0.9854,LA_PLP_FX
1996-03-14,0.9869,LA_PLP_FX
1996-03-15,0.9868,LA_PLP_FX
1996-03-18,0.9866,LA_PLP_FX
1996-03-19,0.9868,LA_PLP_FX
1996-03-20,0.9883,LA_PLP_FX
1996-03-21,0.9874,LA_PLP_FX
1996-03-22,0.9875,LA_PLP_FX
1996-03-25,0.9879,LA_PLP_FX
1996-03-26,0.9881,LA_PLP_FX
1996-03-27,0.9883,LA_PLP_FX
1996-03-28,0.9881,LA_PLP_FX
1996-03-29,0.988,LA_PLP_FX
1996-04-01,0.9881,LA_PLP_FX
1996-04-02,0.9875,LA_PLP_FX
1996-04-03,0.9874,LA_PLP_FX
1996-04-08,0.9875,LA_PLP_FX
1996-04-09,0.9886,LA_PLP_FX
1996-04-10,0.9896,LA_PLP_FX
1996-04-11,0.9908,LA_PLP_FX
1996-04-12,0.9905,LA_PLP_FX
1996-04-15,0.9899,LA_PLP_FX
1996-04-16,0.9903,LA_PLP_FX
1996-04-17,0.99,LA_PLP_FX
1996-04-18,0.9896,LA_PLP_FX
1996-04-19,0.9915,LA_PLP_FX
1996-04-22,0.9916,LA_PLP_FX
1996-04-23,0.9915,LA_PLP_FX
1996-04-24,0.9916,LA_PLP_FX
1996-04-25,0.9917,LA_PLP_FX
1996-04-26,0.9922,LA_PLP_FX
1996-04-29,0.9926,LA_PLP_FX
1996-04-30,0.9925,LA_PLP_FX
1996-05-02,0.9925,LA_PLP_FX
1996-05-03,0.9926,LA_PLP_FX
1996-05-06,0.9926,LA_PLP_FX
1996-05-07,0.9927,LA_PLP_FX
1996-05-08,0.9928,LA_PLP_FX
1996-05-09,0.9939,LA_PLP_FX
1996-05-10,0.9946,LA_PLP_FX
1996-05-13,0.9951,LA_PLP_FX
1996-05-14,0.996,LA_PLP_FX
1996-05-15,0.9958,LA_PLP_FX
1996-05-16,0.9965,LA_PLP_FX
1996-05-17,0.9958,LA_PLP_FX
1996-05-20,0.9956,LA_PLP_FX
1996-05-21,0.9956,LA_PLP_FX
1996-05-22,0.9958,LA_PLP_FX
1996-05-23,0.9962,LA_PLP_FX
1996-05-24,0.9968,LA_PLP_FX
1996-05-27,0.9966,LA_PLP_FX
1996-05-28,0.9965,LA_PLP_FX
1996-05-29,0.9967,LA_PLP_FX
1996-05-30,0.9971,LA_PLP_FX
1996-05-31,0.9984,LA_PLP_FX
1996-06-03,0.9986,LA_PLP_FX
1996-06-04,0.9985,LA_PLP_FX
1996-06-05,0.9987,LA_PLP_FX
1996-06-07,0.9989,LA_PLP_FX
1996-06-10,0.9998,LA_PLP_FX
1996-06-11,0.9996,LA_PLP_FX
1996-06-12,1.0007,LA_PLP_FX
1996-06-13,1.0005,LA_PLP_FX
1996-06-14,1.0015,LA_PLP_FX
1996-06-17,1.0016,LA_PLP_FX
1996-06-18,1.0016,LA_PLP_FX
1996-06-19,1.002,LA_PLP_FX
1996-06-20,1.0025,LA_PLP_FX
1996-06-21,1.003,LA_PLP_FX
1996-06-24,1.003,LA_PLP_FX
1996-06-25,1.0029,LA_PLP_FX
1996-06-26,1.0039,LA_PLP_FX
1996-06-27,1.0036,LA_PLP_FX
1996-06-28,1.0044,LA_PLP_FX
1996-07-01,1.0045,LA_PLP_FX
1996-07-02,1.0052,LA_PLP_FX
1996-07-03,1.0051,LA_PLP_FX
1996-07-04,1.0049,LA_PLP_FX
1996-07-05,1.0048,LA_PLP_FX
1996-07-08,1.0049,LA_PLP_FX
1996-07-09,1.0055,LA_PLP_FX
1996-07-10,1.0057,LA_PLP_FX
1996-07-11,1.0056,LA_PLP_FX
1996-07-12,1.0056,LA_PLP_FX
1996-07-15,1.0062,LA_PLP_FX
1996-07-16,1.0065,LA_PLP_FX
1996-07-17,1.0066,LA_PLP_FX
1996-07-18,1.0071,LA_PLP_FX
1996-07-19,1.0075,LA_PLP_FX
1996-07-22,1.0077,LA_PLP_FX
1996-07-23,1.0078,LA_PLP_FX
1996-07-24,1.0086,LA_PLP_FX
1996-07-25,1.0087,LA_PLP_FX
1996-07-26,1.0092,LA_PLP_FX
1996-07-29,1.0099,LA_PLP_FX
1996-07-30,1.0107,LA_PLP_FX
1996-07-31,1.0112,LA_PLP_FX
1996-08-01,1.0108,LA_PLP_FX
1996-08-02,1.0104,LA_PLP_FX
1996-08-05,1.0101,LA_PLP_FX
1996-08-06,1.0107,LA_PLP_FX
1996-08-07,1.0116,LA_PLP_FX
1996-08-08,1.0115,LA_PLP_FX
1996-08-09,1.0119,LA_PLP_FX
1996-08-12,1.0122,LA_PLP_FX
1996-08-13,1.0126,LA_PLP_FX
1996-08-14,1.0129,LA_PLP_FX
1996-08-15,1.013,LA_PLP_FX
1996-08-16,1.0135,LA_PLP_FX
1996-08-19,1.0136,LA_PLP_FX
1996-08-20,1.0144,LA_PLP_FX
1996-08-21,1.0147,LA_PLP_FX
1996-08-22,1.0148,LA_PLP_FX
1996-08-23,1.0153,LA_PLP_FX
1996-08-26,1.0155,LA_PLP_FX
1996-08-27,1.0159,LA_PLP_FX
1996-08-28,1.0161,LA_PLP_FX
1996-08-29,1.0167,LA_PLP_FX
1996-08-30,1.0169,LA_PLP_FX
1996-09-02,1.0165,LA_PLP_FX
1996-09-03,1.0167,LA_PLP_FX
1996-09-04,1.0172,LA_PLP_FX
1996-09-05,1.0174,LA_PLP_FX
1996-09-06,1.0179,LA_PLP_FX
1996-09-09,1.019,LA_PLP_FX
1996-09-10,1.0202,LA_PLP_FX
1996-09-11,1.0188,LA_PLP_FX
1996-09-12,1.0197,LA_PLP_FX
1996-09-13,1.02,LA_PLP_FX
1996-09-16,1.0192,LA_PLP_FX
1996-09-17,1.0195,LA_PLP_FX
1996-09-18,1.0196,LA_PLP_FX
1996-09-19,1.0196,LA_PLP_FX
1996-09-20,1.0199,LA_PLP_FX
1996-09-23,1.0202,LA_PLP_FX
1996-09-24,1.0202,LA_PLP_FX
1996-09-25,1.0205,LA_PLP_FX
1996-09-26,1.0205,LA_PLP_FX
1996-09-27,1.021,LA_PLP_FX
1996-09-30,1.0215,LA_PLP_FX
1996-10-01,1.0215,LA_PLP_FX
1996-10-02,1.0215,LA_PLP_FX
1996-10-04,1.022,LA_PLP_FX
1996-10-07,1.0225,LA_PLP_FX
1996-10-08,1.0225,LA_PLP_FX
1996-10-09,1.0233,LA_PLP_FX
1996-10-10,1.0247,LA_PLP_FX
1996-10-11,1.0254,LA_PLP_FX
1996-10-14,1.0247,LA_PLP_FX
1996-10-15,1.0251,LA_PLP_FX
1996-10-16,1.0253,LA_PLP_FX
1996-10-17,1.025,LA_PLP_FX
1996-10-18,1.0252,LA_PLP_FX
1996-10-21,1.0254,LA_PLP_FX
1996-10-22,1.0263,LA_PLP_FX
1996-10-23,1.027,LA_PLP_FX
1996-10-24,1.0264,LA_PLP_FX
1996-10-25,1.0272,LA_PLP_FX
1996-10-28,1.0279,LA_PLP_FX
1996-10-29,1.0285,LA_PLP_FX
1996-10-30,1.0275,LA_PLP_FX
1996-10-31,1.0276,LA_PLP_FX
1996-11-01,1.028,LA_PLP_FX
1996-11-04,1.028,LA_PLP_FX
1996-11-05,1.028,LA_PLP_FX
1996-11-06,1.028,LA_PLP_FX
1996-11-07,1.0288,LA_PLP_FX
1996-11-08,1.0295,LA_PLP_FX
1996-11-11,1.0297,LA_PLP_FX
1996-11-12,1.0311,LA_PLP_FX
1996-11-13,1.0309,LA_PLP_FX
1996-11-14,1.0305,LA_PLP_FX
1996-11-18,1.0304,LA_PLP_FX
1996-11-19,1.0303,LA_PLP_FX
1996-11-20,1.0308,LA_PLP_FX
1996-11-21,1.0311,LA_PLP_FX
1996-11-22,1.0311,LA_PLP_FX
1996-11-25,1.0311,LA_PLP_FX
1996-11-26,1.032,LA_PLP_FX
1996-11-27,1.0324,LA_PLP_FX
1996-11-28,1.0328,LA_PLP_FX
1996-11-29,1.0332,LA_PLP_FX
1996-12-02,1.0331,LA_PLP_FX
1996-12-03,1.0331,LA_PLP_FX
1996-12-04,1.0338,LA_PLP_FX
1996-12-05,1.0346,LA_PLP_FX
1996-12-06,1.0351,LA_PLP_FX
1996-12-09,1.035,LA_PLP_FX
1996-12-10,1.0359,LA_PLP_FX
1996-12-11,1.0369,LA_PLP_FX
1996-12-12,1.0376,LA_PLP_FX
1996-12-13,1.0381,LA_PLP_FX
1996-12-16,1.0389,LA_PLP_FX
1996-12-17,1.0407,LA_PLP_FX
1996-12-18,1.0383,LA_PLP_FX
1996-12-19,1.0384,LA_PLP_FX
1996-12-20,1.0387,LA_PLP_FX
1996-12-23,1.0388,LA_PLP_FX
1996-12-24,1.039,LA_PLP_FX
1996-12-26,1.0389,LA_PLP_FX
1996-12-27,1.04,LA_PLP_FX
1996-12-30,1.0394,LA_PLP_FX
1996-12-31,1.0394,LA_PLP_FX
1997-01-02,1.0395,LA_PLP_FX
1997-01-03,1.0398,LA_PLP_FX
1997-01-06,1.0405,LA_PLP_FX
1997-01-07,1.0405,LA_PLP_FX
1997-01-08,1.041,LA_PLP_FX
1997-01-09,1.0415,LA_PLP_FX
1997-01-10,1.0414,LA_PLP_FX
1997-01-13,1.042,LA_PLP_FX
1997-01-14,1.0422,LA_PLP_FX
1997-01-15,1.0426,LA_PLP_FX
1997-01-16,1.0436,LA_PLP_FX
1997-01-17,1.0439,LA_PLP_FX
1997-01-20,1.0432,LA_PLP_FX
1997-01-21,1.0435,LA_PLP_FX
1997-01-22,1.0436,LA_PLP_FX
1997-01-23,1.0438,LA_PLP_FX
1997-01-24,1.0441,LA_PLP_FX
1997-01-27,1.0441,LA_PLP_FX
1997-01-28,1.0449,LA_PLP_FX
1997-01-29,1.0456,LA_PLP_FX
1997-01-30,1.0457,LA_PLP_FX
1997-01-31,1.0461,LA_PLP_FX
1997-02-03,1.0457,LA_PLP_FX
1997-02-04,1.0463,LA_PLP_FX
1997-02-05,1.047,LA_PLP_FX
1997-02-06,1.0472,LA_PLP_FX
1997-02-07,1.048,LA_PLP_FX
1997-02-12,1.0476,LA_PLP_FX
1997-02-13,1.0487,LA_PLP_FX
1997-02-14,1.0495,LA_PLP_FX
1997-02-17,1.0491,LA_PLP_FX
1997-02-18,1.0495,LA_PLP_FX
1997-02-19,1.0504,LA_PLP_FX
1997-02-20,1.0505,LA_PLP_FX
1997-02-21,1.0508,LA_PLP_FX
1997-02-24,1.0507,LA_PLP_FX
1997-02-25,1.0511,LA_PLP_FX
1997-02-26,1.0517,LA_PLP_FX
1997-02-27,1.0515,LA_PLP_FX
1997-02-28,1.0515,LA_PLP_FX
1997-03-03,1.0515,LA_PLP_FX
1997-03-04,1.0517,LA_PLP_FX
1997-03-05,1.0526,LA_PLP_FX
1997-03-06,1.053,LA_PLP_FX
1997-03-07,1.0532,LA_PLP_FX
1997-03-10,1.0532,LA_PLP_FX
1997-03-11,1.0539,LA_PLP_FX
1997-03-12,1.0544,LA_PLP_FX
1997-03-13,1.0557,LA_PLP_FX
1997-03-14,1.0554,LA_PLP_FX
1997-03-17,1.0582,LA_PLP_FX
1997-03-18,1.0589,LA_PLP_FX
1997-03-19,1.0605,LA_PLP_FX
1997-03-20,1.0602,LA_PLP_FX
1997-03-21,1.0611,LA_PLP_FX
1997-03-24,1.0615,LA_PLP_FX
1997-03-25,1.0612,LA_PLP_FX
1997-03-26,1.0609,LA_PLP_FX
1997-03-31,1.0593,LA_PLP_FX
1997-04-01,1.0594,LA_PLP_FX
1997-04-02,1.0598,LA_PLP_FX
1997-04-03,1.0584,LA_PLP_FX
1997-04-04,1.0585,LA_PLP_FX
1997-04-07,1.059,LA_PLP_FX
1997-04-08,1.0588,LA_PLP_FX
1997-04-09,1.059,LA_PLP_FX
1997-04-10,1.0589,LA_PLP_FX
1997-04-11,1.0595,LA_PLP_FX
1997-04-14,1.06,LA_PLP_FX
1997-04-15,1.0606,LA_PLP_FX
1997-04-16,1.0611,LA_PLP_FX
1997-04-17,1.0613,LA_PLP_FX
1997-04-18,1.0618,LA_PLP_FX
1997-04-22,1.0629,LA_PLP_FX
1997-04-23,1.0633,LA_PLP_FX
1997-04-24,1.0631,LA_PLP_FX
1997-04-25,1.0632,LA_PLP_FX
1997-04-28,1.0632,LA_PLP_FX
1997-04-29,1.0633,LA_PLP_FX
1997-04-30,1.0638,LA_PLP_FX
1997-05-02,1.0643,LA_PLP_FX
1997-05-05,1.0647,LA_PLP_FX
1997-05-06,1.065,LA_PLP_FX
1997-05-07,1.0653,LA_PLP_FX
1997-05-08,1.0651,LA_PLP_FX
1997-05-09,1.066,LA_PLP_FX
1997-05-12,1.0673,LA_PLP_FX
1997-05-13,1.068,LA_PLP_FX
1997-05-14,1.0683,LA_PLP_FX
1997-05-15,1.0678,LA_PLP_FX
1997-05-16,1.0677,LA_PLP_FX
1997-05-19,1.068,LA_PLP_FX
1997-05-20,1.0685,LA_PLP_FX
1997-05-21,1.0689,LA_PLP_FX
1997-05-22,1.0698,LA_PLP_FX
1997-05-23,1.0709,LA_PLP_FX
1997-05-26,1.0721,LA_PLP_FX
1997-05-27,1.0728,LA_PLP_FX
1997-05-28,1.0732,LA_PLP_FX
1997-05-30,1.0717,LA_PLP_FX
1997-06-02,1.0709,LA_PLP_FX
1997-06-03,1.0715,LA_PLP_FX
1997-06-04,1.0726,LA_PLP_FX
1997-06-05,1.0728,LA_PLP_FX
1997-06-06,1.0728,LA_PLP_FX
1997-06-09,1.073,LA_PLP_FX
1997-06-10,1.0729,LA_PLP_FX
1997-06-11,1.0734,LA_PLP_FX
1997-06-12,1.0738,LA_PLP_FX
1997-06-13,1.0745,LA_PLP_FX
1997-06-16,1.0741,LA_PLP_FX
1997-06-17,1.0741,LA_PLP_FX
1997-06-18,1.075,LA_PLP_FX
1997-06-19,1.0757,LA_PLP_FX
1997-06-20,1.0777,LA_PLP_FX
1997-06-23,1.0769,LA_PLP_FX
1997-06-24,1.077,LA_PLP_FX
1997-06-25,1.0769,LA_PLP_FX
1997-06-26,1.0768,LA_PLP_FX
1997-06-27,1.0772,LA_PLP_FX
1997-06-30,1.0769,LA_PLP_FX
1997-07-01,1.0771,LA_PLP_FX
1997-07-02,1.0773,LA_PLP_FX
1997-07-03,1.0778,LA_PLP_FX
1997-07-04,1.0779,LA_PLP_FX
1997-07-07,1.0781,LA_PLP_FX
1997-07-08,1.079,LA_PLP_FX
1997-07-09,1.0796,LA_PLP_FX
1997-07-10,1.0797,LA_PLP_FX
1997-07-11,1.0803,LA_PLP_FX
1997-07-14,1.0806,LA_PLP_FX
1997-07-15,1.0808,LA_PLP_FX
1997-07-16,1.0811,LA_PLP_FX
1997-07-17,1.0812,LA_PLP_FX
1997-07-18,1.0816,LA_PLP_FX
1997-07-21,1.0815,LA_PLP_FX
1997-07-22,1.0817,LA_PLP_FX
1997-07-23,1.0823,LA_PLP_FX
1997-07-24,1.0822,LA_PLP_FX
1997-07-25,1.0824,LA_PLP_FX
1997-07-28,1.0827,LA_PLP_FX
1997-07-29,1.0833,LA_PLP_FX
1997-07-30,1.0834,LA_PLP_FX
1997-07-31,1.0834,LA_PLP_FX
1997-08-01,1.0835,LA_PLP_FX
1997-08-04,1.0835,LA_PLP_FX
1997-08-05,1.0843,LA_PLP_FX
1997-08-06,1.0845,LA_PLP_FX
1997-08-07,1.0851,LA_PLP_FX
1997-08-08,1.0858,LA_PLP_FX
1997-08-11,1.0858,LA_PLP_FX
1997-08-12,1.0859,LA_PLP_FX
1997-08-13,1.0863,LA_PLP_FX
1997-08-14,1.0864,LA_PLP_FX
1997-08-15,1.0873,LA_PLP_FX
1997-08-18,1.0885,LA_PLP_FX
1997-08-19,1.0894,LA_PLP_FX
1997-08-20,1.089,LA_PLP_FX
1997-08-21,1.0888,LA_PLP_FX
1997-08-22,1.0912,LA_PLP_FX
1997-08-25,1.092,LA_PLP_FX
1997-08-26,1.0925,LA_PLP_FX
1997-08-27,1.0922,LA_PLP_FX
1997-08-28,1.0916,LA_PLP_FX
1997-08-29,1.0916,LA_PLP_FX
1997-09-01,1.0914,LA_PLP_FX
1997-09-02,1.0922,LA_PLP_FX
1997-09-03,1.0925,LA_PLP_FX
1997-09-04,1.0925,LA_PLP_FX
1997-09-05,1.0929,LA_PLP_FX
1997-09-08,1.0916,LA_PLP_FX
1997-09-09,1.0915,LA_PLP_FX
1997-09-10,1.0918,LA_PLP_FX
1997-09-11,1.0922,LA_PLP_FX
1997-09-12,1.0925,LA_PLP_FX
1997-09-15,1.0927,LA_PLP_FX
1997-09-16,1.0932,LA_PLP_FX
1997-09-17,1.0938,LA_PLP_FX
1997-09-18,1.0942,LA_PLP_FX
1997-09-19,1.0943,LA_PLP_FX
1997-09-22,1.0949,LA_PLP_FX
1997-09-23,1.0952,LA_PLP_FX
1997-09-24,1.0954,LA_PLP_FX
1997-09-25,1.0955,LA_PLP_FX
1997-09-26,1.0961,LA_PLP_FX
1997-09-29,1.0962,LA_PLP_FX
1997-09-30,1.0964,LA_PLP_FX
1997-10-01,1.0967,LA_PLP_FX
1997-10-02,1.097,LA_PLP_FX
1997-10-03,1.0971,LA_PLP_FX
1997-10-06,1.0974,LA_PLP_FX
1997-10-07,1.0977,LA_PLP_FX
1997-10-08,1.0979,LA_PLP_FX
1997-10-09,1.0982,LA_PLP_FX
1997-10-10,1.0985,LA_PLP_FX
1997-10-13,1.0985,LA_PLP_FX
1997-10-14,1.0988,LA_PLP_FX
1997-10-15,1.0994,LA_PLP_FX
1997-10-16,1.0996,LA_PLP_FX
1997-10-17,1.1,LA_PLP_FX
1997-10-20,1.1003,LA_PLP_FX
1997-10-21,1.1004,LA_PLP_FX
1997-10-22,1.1008,LA_PLP_FX
1997-10-23,1.1009,LA_PLP_FX
1997-10-24,1.1012,LA_PLP_FX
1997-10-27,1.1027,LA_PLP_FX
1997-10-28,1.1064,LA_PLP_FX
1997-10-29,1.1024,LA_PLP_FX
1997-10-30,1.1063,LA_PLP_FX
1997-10-31,1.1031,LA_PLP_FX
1997-11-03,1.103,LA_PLP_FX
1997-11-04,1.1041,LA_PLP_FX
1997-11-05,1.1041,LA_PLP_FX
1997-11-06,1.1069,LA_PLP_FX
1997-11-07,1.1082,LA_PLP_FX
1997-11-10,1.1053,LA_PLP_FX
1997-11-11,1.105,LA_PLP_FX
1997-11-12,1.1064,LA_PLP_FX
1997-11-13,1.107,LA_PLP_FX
1997-11-14,1.1082,LA_PLP_FX
1997-11-17,1.1067,LA_PLP_FX
1997-11-18,1.1066,LA_PLP_FX
1997-11-19,1.1081,LA_PLP_FX
1997-11-20,1.1081,LA_PLP_FX
1997-11-21,1.1094,LA_PLP_FX
1997-11-24,1.1097,LA_PLP_FX
1997-11-25,1.1104,LA_PLP_FX
1997-11-26,1.1104,LA_PLP_FX
1997-11-27,1.1089,LA_PLP_FX
1997-11-28,1.1098,LA_PLP_FX
1997-12-01,1.1096,LA_PLP_FX
1997-12-02,1.1096,LA_PLP_FX
1997-12-03,1.1104,LA_PLP_FX
1997-12-04,1.1106,LA_PLP_FX
1997-12-05,1.1105,LA_PLP_FX
1997-12-08,1.1119,LA_PLP_FX
1997-12-09,1.1122,LA_PLP_FX
1997-12-10,1.1129,LA_PLP_FX
1997-12-11,1.1151,LA_PLP_FX
1997-12-12,1.1162,LA_PLP_FX
1997-12-15,1.1143,LA_PLP_FX
1997-12-16,1.1134,LA_PLP_FX
1997-12-17,1.1141,LA_PLP_FX
1997-12-18,1.1144,LA_PLP_FX
1997-12-19,1.1148,LA_PLP_FX
1997-12-22,1.1151,LA_PLP_FX
1997-12-23,1.115,LA_PLP_FX
1997-12-24,1.115,LA_PLP_FX
1997-12-26,1.1151,LA_PLP_FX
1997-12-29,1.1157,LA_PLP_FX
1997-12-30,1.1164,LA_PLP_FX
1997-12-31,1.1164,LA_PLP_FX
1998-01-02,1.1165,LA_PLP_FX
1998-01-05,1.1165,LA_PLP_FX
1998-01-06,1.1169,LA_PLP_FX
1998-01-07,1.1175,LA_PLP_FX
1998-01-08,1.118,LA_PLP_FX
1998-01-09,1.1184,LA_PLP_FX
1998-01-12,1.1192,LA_PLP_FX
1998-01-13,1.1187,LA_PLP_FX
1998-01-14,1.119,LA_PLP_FX
1998-01-15,1.1206,LA_PLP_FX
1998-01-16,1.1205,LA_PLP_FX
1998-01-19,1.1201,LA_PLP_FX
1998-01-20,1.1205,LA_PLP_FX
1998-01-21,1.1207,LA_PLP_FX
1998-01-22,1.1206,LA_PLP_FX
1998-01-23,1.1215,LA_PLP_FX
1998-01-26,1.1216,LA_PLP_FX
1998-01-27,1.1224,LA_PLP_FX
1998-01-28,1.1227,LA_PLP_FX
1998-01-29,1.123,LA_PLP_FX
1998-01-30,1.1237,LA_PLP_FX
1998-02-02,1.1236,LA_PLP_FX
1998-02-03,1.1244,LA_PLP_FX
1998-02-04,1.1245,LA_PLP_FX
1998-02-05,1.1245,LA_PLP_FX
1998-02-06,1.1254,LA_PLP_FX
1998-02-09,1.1255,LA_PLP_FX
1998-02-10,1.1264,LA_PLP_FX
1998-02-11,1.1265,LA_PLP_FX
1998-02-12,1.1268,LA_PLP_FX
1998-02-13,1.1276,LA_PLP_FX
1998-02-16,1.1274,LA_PLP_FX
1998-02-17,1.1284,LA_PLP_FX
1998-02-18,1.1286,LA_PLP_FX
1998-02-19,1.1292,LA_PLP_FX
1998-02-20,1.1295,LA_PLP_FX
1998-02-25,1.1297,LA_PLP_FX
1998-02-26,1.1298,LA_PLP_FX
1998-02-27,1.1304,LA_PLP_FX
1998-03-02,1.1305,LA_PLP_FX
1998-03-03,1.1306,LA_PLP_FX
1998-03-04,1.1314,LA_PLP_FX
1998-03-05,1.1314,LA_PLP_FX
1998-03-06,1.1315,LA_PLP_FX
1998-03-09,1.1323,LA_PLP_FX
1998-03-10,1.1324,LA_PLP_FX
1998-03-11,1.1325,LA_PLP_FX
1998-03-12,1.1328,LA_PLP_FX
1998-03-13,1.1334,LA_PLP_FX
1998-03-16,1.1335,LA_PLP_FX
1998-03-17,1.1335,LA_PLP_FX
1998-03-18,1.1344,LA_PLP_FX
1998-03-19,1.1344,LA_PLP_FX
1998-03-20,1.1346,LA_PLP_FX
1998-03-23,1.1349,LA_PLP_FX
1998-03-24,1.1352,LA_PLP_FX
1998-03-25,1.1358,LA_PLP_FX
1998-03-26,1.136,LA_PLP_FX
1998-03-27,1.1364,LA_PLP_FX
1998-03-30,1.1365,LA_PLP_FX
1998-03-31,1.1374,LA_PLP_FX
1998-04-01,1.1375,LA_PLP_FX
1998-04-02,1.1375,LA_PLP_FX
1998-04-03,1.1384,LA_PLP_FX
1998-04-06,1.1388,LA_PLP_FX
1998-04-07,1.1388,LA_PLP_FX
1998-04-08,1.1394,LA_PLP_FX
1998-04-13,1.1397,LA_PLP_FX
1998-04-14,1.1404,LA_PLP_FX
1998-04-15,1.1407,LA_PLP_FX
1998-04-16,1.1409,LA_PLP_FX
1998-04-17,1.1414,LA_PLP_FX
1998-04-20,1.1418,LA_PLP_FX
1998-04-22,1.1425,LA_PLP_FX
1998-04-23,1.1428,LA_PLP_FX
1998-04-24,1.1435,LA_PLP_FX
1998-04-27,1.1441,LA_PLP_FX
1998-04-28,1.1449,LA_PLP_FX
1998-04-29,1.1453,LA_PLP_FX
1998-04-30,1.1443,LA_PLP_FX
1998-05-04,1.1442,LA_PLP_FX
1998-05-05,1.1449,LA_PLP_FX
1998-05-06,1.1452,LA_PLP_FX
1998-05-07,1.1451,LA_PLP_FX
1998-05-08,1.1455,LA_PLP_FX
1998-05-11,1.1459,LA_PLP_FX
1998-05-12,1.1463,LA_PLP_FX
1998-05-13,1.1474,LA_PLP_FX
1998-05-14,1.1473,LA_PLP_FX
1998-05-15,1.1472,LA_PLP_FX
1998-05-18,1.1475,LA_PLP_FX
1998-05-19,1.1488,LA_PLP_FX
1998-05-20,1.1489,LA_PLP_FX
1998-05-21,1.1497,LA_PLP_FX
1998-05-22,1.1515,LA_PLP_FX
1998-05-25,1.1516,LA_PLP_FX
1998-05-26,1.1531,LA_PLP_FX
1998-05-27,1.152,LA_PLP_FX
1998-05-28,1.15,LA_PLP_FX
1998-05-29,1.1505,LA_PLP_FX
1998-06-01,1.152,LA_PLP_FX
1998-06-02,1.1517,LA_PLP_FX
1998-06-03,1.1518,LA_PLP_FX
1998-06-04,1.1517,LA_PLP_FX
1998-06-05,1.1524,LA_PLP_FX
1998-06-08,1.1529,LA_PLP_FX
1998-06-09,1.1536,LA_PLP_FX
1998-06-10,1.1546,LA_PLP_FX
1998-06-12,1.1553,LA_PLP_FX
1998-06-15,1.1551,LA_PLP_FX
1998-06-16,1.1549,LA_PLP_FX
1998-06-17,1.1553,LA_PLP_FX
1998-06-18,1.1557,LA_PLP_FX
1998-06-19,1.1562,LA_PLP_FX
1998-06-22,1.1554,LA_PLP_FX
1998-06-23,1.1555,LA_PLP_FX
1998-06-24,1.1559,LA_PLP_FX
1998-06-25,1.1561,LA_PLP_FX
1998-06-26,1.1564,LA_PLP_FX
1998-06-29,1.1566,LA_PLP_FX
1998-06-30,1.1569,LA_PLP_FX
1998-07-01,1.1572,LA_PLP_FX
1998-07-02,1.1572,LA_PLP_FX
1998-07-03,1.1575,LA_PLP_FX
1998-07-06,1.1583,LA_PLP_FX
1998-07-07,1.1589,LA_PLP_FX
1998-07-08,1.1597,LA_PLP_FX
1998-07-09,1.1612,LA_PLP_FX
1998-07-10,1.1612,LA_PLP_FX
1998-07-13,1.1619,LA_PLP_FX
1998-07-14,1.1634,LA_PLP_FX
1998-07-15,1.1615,LA_PLP_FX
1998-07-16,1.1621,LA_PLP_FX
1998-07-17,1.1617,LA_PLP_FX
1998-07-20,1.1607,LA_PLP_FX
1998-07-21,1.161,LA_PLP_FX
1998-07-22,1.162,LA_PLP_FX
1998-07-23,1.1647,LA_PLP_FX
1998-07-24,1.1655,LA_PLP_FX
1998-07-27,1.1661,LA_PLP_FX
1998-07-28,1.1635,LA_PLP_FX
1998-07-29,1.1632,LA_PLP_FX
1998-07-30,1.1624,LA_PLP_FX
1998-07-31,1.1634,LA_PLP_FX
1998-08-03,1.1643,LA_PLP_FX
1998-08-04,1.1659,LA_PLP_FX
1998-08-05,1.1671,LA_PLP_FX
1998-08-06,1.1681,LA_PLP_FX
1998-08-07,1.1683,LA_PLP_FX
1998-08-10,1.1692,LA_PLP_FX
1998-08-11,1.1689,LA_PLP_FX
1998-08-12,1.17,LA_PLP_FX
1998-08-13,1.1716,LA_PLP_FX
1998-08-14,1.1716,LA_PLP_FX
1998-08-17,1.173,LA_PLP_FX
1998-08-18,1.1739,LA_PLP_FX
1998-08-19,1.1742,LA_PLP_FX
1998-08-20,1.1738,LA_PLP_FX
1998-08-21,1.1753,LA_PLP_FX
1998-08-24,1.175,LA_PLP_FX
1998-08-25,1.1747,LA_PLP_FX
1998-08-26,1.1728,LA_PLP_FX
1998-08-27,1.1753,LA_PLP_FX
1998-08-28,1.1763,LA_PLP_FX
1998-08-31,1.1769,LA_PLP_FX
1998-09-01,1.1772,LA_PLP_FX
1998-09-02,1.1774,LA_PLP_FX
1998-09-03,1.178,LA_PLP_FX
1998-09-04,1.1784,LA_PLP_FX
1998-09-08,1.1769,LA_PLP_FX
1998-09-09,1.1792,LA_PLP_FX
1998-09-10,1.1794,LA_PLP_FX
1998-09-11,1.1793,LA_PLP_FX
1998-09-14,1.1803,LA_PLP_FX
1998-09-15,1.1798,LA_PLP_FX
1998-09-16,1.1796,LA_PLP_FX
1998-09-17,1.1801,LA_PLP_FX
1998-09-18,1.1808,LA_PLP_FX
1998-09-21,1.1816,LA_PLP_FX
1998-09-22,1.183,LA_PLP_FX
1998-09-23,1.1838,LA_PLP_FX
1998-09-24,1.1835,LA_PLP_FX
1998-09-25,1.1848,LA_PLP_FX
1998-09-28,1.1849,LA_PLP_FX
1998-09-29,1.185,LA_PLP_FX
1998-09-30,1.1856,LA_PLP_FX
1998-10-01,1.1807,LA_PLP_FX
1998-10-02,1.1837,LA_PLP_FX
1998-10-05,1.186,LA_PLP_FX
1998-10-06,1.1849,LA_PLP_FX
1998-10-07,1.1831,LA_PLP_FX
1998-10-08,1.1846,LA_PLP_FX
1998-10-09,1.1867,LA_PLP_FX
1998-10-13,1.1877,LA_PLP_FX
1998-10-14,1.1888,LA_PLP_FX
1998-10-15,1.1886,LA_PLP_FX
1998-10-16,1.1886,LA_PLP_FX
1998-10-19,1.1899,LA_PLP_FX
1998-10-20,1.1896,LA_PLP_FX
1998-10-21,1.1899,LA_PLP_FX
1998-10-22,1.1905,LA_PLP_FX
1998-10-23,1.1911,LA_PLP_FX
1998-10-26,1.1913,LA_PLP_FX
1998-10-27,1.1922,LA_PLP_FX
1998-10-28,1.1924,LA_PLP_FX
1998-10-29,1.1922,LA_PLP_FX
1998-10-30,1.1932,LA_PLP_FX
1998-11-03,1.1929,LA_PLP_FX
1998-11-04,1.1916,LA_PLP_FX
1998-11-05,1.1905,LA_PLP_FX
1998-11-06,1.1884,LA_PLP_FX
1998-11-09,1.1899,LA_PLP_FX
1998-11-10,1.1911,LA_PLP_FX
1998-11-11,1.1908,LA_PLP_FX
1998-11-12,1.1913,LA_PLP_FX
1998-11-13,1.1915,LA_PLP_FX
1998-11-16,1.1909,LA_PLP_FX
1998-11-17,1.1909,LA_PLP_FX
1998-11-18,1.1913,LA_PLP_FX
1998-11-19,1.1932,LA_PLP_FX
1998-11-20,1.195,LA_PLP_FX
1998-11-23,1.1974,LA_PLP_FX
1998-11-24,1.1978,LA_PLP_FX
1998-11-25,1.1982,LA_PLP_FX
1998-11-26,1.1992,LA_PLP_FX
1998-11-27,1.2003,LA_PLP_FX
1998-11-30,1.2012,LA_PLP_FX
1998-12-01,1.2016,LA_PLP_FX
1998-12-02,1.2013,LA_PLP_FX
1998-12-03,1.2023,LA_PLP_FX
1998-12-04,1.2026,LA_PLP_FX
1998-12-07,1.2029,LA_PLP_FX
1998-12-08,1.2035,LA_PLP_FX
1998-12-09,1.2037,LA_PLP_FX
1998-12-10,1.2034,LA_PLP_FX
1998-12-11,1.204,LA_PLP_FX
1998-12-14,1.2048,LA_PLP_FX
1998-12-15,1.2052,LA_PLP_FX
1998-12-16,1.2053,LA_PLP_FX
1998-12-17,1.2065,LA_PLP_FX
1998-12-18,1.2068,LA_PLP_FX
1998-12-21,1.2069,LA_PLP_FX
1998-12-22,1.2074,LA_PLP_FX
1998-12-23,1.2078,LA_PLP_FX
1998-12-24,1.2079,LA_PLP_FX
1998-12-28,1.2084,LA_PLP_FX
1998-12-29,1.2084,LA_PLP_FX
1998-12-30,1.2083,LA_PLP_FX
1998-12-31,1.2087,LA_PLP_FX
1999-01-04,1.2078,LA_PLP_FX
1999-01-05,1.2085,LA_PLP_FX
1999-01-06,1.2096,LA_PLP_FX
1999-01-07,1.2101,LA_PLP_FX
1999-01-08,1.2104,LA_PLP_FX
1999-01-11,1.2109,LA_PLP_FX
1999-01-12,1.2114,LA_PLP_FX
1999-01-13,1.3193,LA_PLP_FX
1999-01-14,1.3194,LA_PLP_FX
1999-01-15,1.4659,LA_PLP_FX
1999-01-18,1.5384,LA_PLP_FX
1999-01-19,1.558,LA_PLP_FX
1999-01-20,1.5735,LA_PLP_FX
1999-01-21,1.6602,LA_PLP_FX
1999-01-22,1.7049,LA_PLP_FX
1999-01-25,1.7606,LA_PLP_FX
1999-01-26,1.877,LA_PLP_FX
1999-01-27,1.8886,LA_PLP_FX
1999-01-28,1.9206,LA_PLP_FX
1999-01-29,1.9832,LA_PLP_FX
1999-02-01,1.9638,LA_PLP_FX
1999-02-02,1.798,LA_PLP_FX
1999-02-03,1.7709,LA_PLP_FX
1999-02-04,1.814,LA_PLP_FX
1999-02-05,1.8317,LA_PLP_FX
1999-02-08,1.8609,LA_PLP_FX
1999-02-09,1.9333,LA_PLP_FX
1999-02-10,1.8953,LA_PLP_FX
1999-02-11,1.8868,LA_PLP_FX
1999-02-12,1.8984,LA_PLP_FX
1999-02-17,1.9179,LA_PLP_FX
1999-02-18,1.9029,LA_PLP_FX
1999-02-19,1.9208,LA_PLP_FX
1999-02-22,1.9356,LA_PLP_FX
1999-02-23,2.0128,LA_PLP_FX
1999-02-24,2.0033,LA_PLP_FX
1999-02-25,2.0351,LA_PLP_FX
1999-02-26,2.0648,LA_PLP_FX
1999-03-01,2.0284,LA_PLP_FX
1999-03-02,2.1308,LA_PLP_FX
1999-03-03,2.1647,LA_PLP_FX
1999-03-04,2.1022,LA_PLP_FX
1999-03-05,1.9934,LA_PLP_FX
1999-03-08,1.9708,LA_PLP_FX
1999-03-09,1.9056,LA_PLP_FX
1999-03-10,1.8631,LA_PLP_FX
1999-03-11,1.8784,LA_PLP_FX
1999-03-12,1.9051,LA_PLP_FX
1999-03-15,1.8825,LA_PLP_FX
1999-03-16,1.8521,LA_PLP_FX
1999-03-17,1.8777,LA_PLP_FX
1999-03-18,1.8596,LA_PLP_FX
1999-03-19,1.8507,LA_PLP_FX
1999-03-22,1.8615,LA_PLP_FX
1999-03-23,1.8516,LA_PLP_FX
1999-03-24,1.8428,LA_PLP_FX
1999-03-25,1.81,LA_PLP_FX
1999-03-26,1.775,LA_PLP_FX
1999-03-29,1.7655,LA_PLP_FX
1999-03-30,1.7334,LA_PLP_FX
1999-03-31,1.722,LA_PLP_FX
1999-04-05,1.7251,LA_PLP_FX
1999-04-06,1.7314,LA_PLP_FX
1999-04-07,1.7295,LA_PLP_FX
1999-04-08,1.7206,LA_PLP_FX
1999-04-09,1.709,LA_PLP_FX
1999-04-12,1.7054,LA_PLP_FX
1999-04-13,1.672,LA_PLP_FX
1999-04-14,1.6575,LA_PLP_FX
1999-04-15,1.6688,LA_PLP_FX
1999-04-16,1.67,LA_PLP_FX
1999-04-19,1.6721,LA_PLP_FX
1999-04-20,1.7101,LA_PLP_FX
1999-04-22,1.7014,LA_PLP_FX
1999-04-23,1.6851,LA_PLP_FX
1999-04-26,1.6978,LA_PLP_FX
1999-04-27,1.7069,LA_PLP_FX
1999-04-28,1.6963,LA_PLP_FX
1999-04-29,1.6676,LA_PLP_FX
1999-04-30,1.6607,LA_PLP_FX
1999-05-03,1.6735,LA_PLP_FX
1999-05-04,1.6734,LA_PLP_FX
1999-05-05,1.6847,LA_PLP_FX
1999-05-06,1.6729,LA_PLP_FX
1999-05-07,1.6712,LA_PLP_FX
1999-05-10,1.6518,LA_PLP_FX
1999-05-11,1.6468,LA_PLP_FX
1999-05-12,1.6614,LA_PLP_FX
1999-05-13,1.651,LA_PLP_FX
1999-05-14,1.657,LA_PLP_FX
1999-05-17,1.667,LA_PLP_FX
1999-05-18,1.6659,LA_PLP_FX
1999-05-19,1.6636,LA_PLP_FX
1999-05-20,1.6834,LA_PLP_FX
1999-05-21,1.6963,LA_PLP_FX
1999-05-24,1.6985,LA_PLP_FX
1999-05-25,1.748,LA_PLP_FX
1999-05-26,1.7186,LA_PLP_FX
1999-05-27,1.7137,LA_PLP_FX
1999-05-28,1.7311,LA_PLP_FX
1999-05-31,1.724,LA_PLP_FX
1999-06-01,1.7336,LA_PLP_FX
1999-06-02,1.7542,LA_PLP_FX
1999-06-04,1.7365,LA_PLP_FX
1999-06-07,1.7412,LA_PLP_FX
1999-06-08,1.7479,LA_PLP_FX
1999-06-09,1.7491,LA_PLP_FX
1999-06-10,1.7597,LA_PLP_FX
1999-06-11,1.773,LA_PLP_FX
1999-06-14,1.7783,LA_PLP_FX
1999-06-15,1.7892,LA_PLP_FX
1999-06-16,1.7675,LA_PLP_FX
1999-06-17,1.7605,LA_PLP_FX
1999-06-18,1.7485,LA_PLP_FX
1999-06-21,1.7636,LA_PLP_FX
1999-06-22,1.7688,LA_PLP_FX
1999-06-23,1.7848,LA_PLP_FX
1999-06-24,1.8003,LA_PLP_FX
1999-06-25,1.7904,LA_PLP_FX
1999-06-28,1.79,LA_PLP_FX
1999-06-29,1.7672,LA_PLP_FX
1999-06-30,1.7695,LA_PLP_FX
1999-07-01,1.7575,LA_PLP_FX
1999-07-02,1.7706,LA_PLP_FX
1999-07-05,1.7663,LA_PLP_FX
1999-07-06,1.7754,LA_PLP_FX
1999-07-07,1.7815,LA_PLP_FX
1999-07-08,1.7911,LA_PLP_FX
1999-07-09,1.8044,LA_PLP_FX
1999-07-12,1.819,LA_PLP_FX
1999-07-13,1.8392,LA_PLP_FX
1999-07-14,1.8109,LA_PLP_FX
1999-07-15,1.8281,LA_PLP_FX
1999-07-16,1.8107,LA_PLP_FX
1999-07-19,1.7929,LA_PLP_FX
1999-07-20,1.7982,LA_PLP_FX
1999-07-21,1.8171,LA_PLP_FX
1999-07-22,1.8171,LA_PLP_FX
1999-07-23,1.8147,LA_PLP_FX
1999-07-26,1.8203,LA_PLP_FX
1999-07-27,1.8173,LA_PLP_FX
1999-07-28,1.7915,LA_PLP_FX
1999-07-29,1.7939,LA_PLP_FX
1999-07-30,1.7892,LA_PLP_FX
1999-08-02,1.8115,LA_PLP_FX
1999-08-03,1.8278,LA_PLP_FX
1999-08-04,1.8217,LA_PLP_FX
1999-08-05,1.8476,LA_PLP_FX
1999-08-06,1.8493,LA_PLP_FX
1999-08-09,1.8454,LA_PLP_FX
1999-08-10,1.8729,LA_PLP_FX
1999-08-11,1.863,LA_PLP_FX
1999-08-12,1.8511,LA_PLP_FX
1999-08-13,1.8711,LA_PLP_FX
1999-08-16,1.8768,LA_PLP_FX
1999-08-17,1.882,LA_PLP_FX
1999-08-18,1.8927,LA_PLP_FX
1999-08-19,1.9171,LA_PLP_FX
1999-08-20,1.9497,LA_PLP_FX
1999-08-23,1.8706,LA_PLP_FX
1999-08-24,1.9026,LA_PLP_FX
1999-08-25,1.9311,LA_PLP_FX
1999-08-26,1.9087,LA_PLP_FX
1999-08-27,1.9243,LA_PLP_FX
1999-08-30,1.9436,LA_PLP_FX
1999-08-31,1.9159,LA_PLP_FX
1999-09-01,1.9217,LA_PLP_FX
1999-09-02,1.9244,LA_PLP_FX
1999-09-03,1.904,LA_PLP_FX
1999-09-06,1.9059,LA_PLP_FX
1999-09-08,1.8983,LA_PLP_FX
1999-09-09,1.8735,LA_PLP_FX
1999-09-10,1.8621,LA_PLP_FX
1999-09-13,1.8822,LA_PLP_FX
1999-09-14,1.8923,LA_PLP_FX
1999-09-15,1.8779,LA_PLP_FX
1999-09-16,1.8794,LA_PLP_FX
1999-09-17,1.8861,LA_PLP_FX
1999-09-20,1.8745,LA_PLP_FX
1999-09-21,1.8791,LA_PLP_FX
1999-09-22,1.8906,LA_PLP_FX
1999-09-23,1.8914,LA_PLP_FX
1999-09-24,1.9144,LA_PLP_FX
1999-09-27,1.9174,LA_PLP_FX
1999-09-28,1.9393,LA_PLP_FX
1999-09-29,1.9224,LA_PLP_FX
1999-09-30,1.9223,LA_PLP_FX
1999-10-01,1.9565,LA_PLP_FX
1999-10-04,1.9388,LA_PLP_FX
1999-10-05,1.9525,LA_PLP_FX
1999-10-06,1.96,LA_PLP_FX
1999-10-07,1.9339,LA_PLP_FX
1999-10-08,1.943,LA_PLP_FX
1999-10-11,1.955,LA_PLP_FX
1999-10-13,1.9587,LA_PLP_FX
1999-10-14,1.9648,LA_PLP_FX
1999-10-15,1.9794,LA_PLP_FX
1999-10-18,1.9829,LA_PLP_FX
1999-10-19,1.9933,LA_PLP_FX
1999-10-20,2.0025,LA_PLP_FX
1999-10-21,1.9936,LA_PLP_FX
1999-10-22,1.9834,LA_PLP_FX
1999-10-25,1.9777,LA_PLP_FX
1999-10-26,1.9869,LA_PLP_FX
1999-10-27,1.9954,LA_PLP_FX
1999-10-28,1.9789,LA_PLP_FX
1999-10-29,1.953,LA_PLP_FX
1999-11-01,1.9431,LA_PLP_FX
1999-11-03,1.9414,LA_PLP_FX
1999-11-04,1.9295,LA_PLP_FX
1999-11-05,1.9155,LA_PLP_FX
1999-11-08,1.9266,LA_PLP_FX
1999-11-09,1.9241,LA_PLP_FX
1999-11-10,1.9348,LA_PLP_FX
1999-11-11,1.9288,LA_PLP_FX
1999-11-12,1.9331,LA_PLP_FX
1999-11-16,1.9331,LA_PLP_FX
1999-11-17,1.9327,LA_PLP_FX
1999-11-18,1.929,LA_PLP_FX
1999-11-19,1.9313,LA_PLP_FX
1999-11-22,1.9322,LA_PLP_FX
1999-11-23,1.9328,LA_PLP_FX
1999-11-24,1.9295,LA_PLP_FX
1999-11-25,1.93,LA_PLP_FX
1999-11-26,1.9263,LA_PLP_FX
1999-11-29,1.9213,LA_PLP_FX
1999-11-30,1.9227,LA_PLP_FX
1999-12-01,1.9221,LA_PLP_FX
1999-12-02,1.895,LA_PLP_FX
1999-12-03,1.8774,LA_PLP_FX
1999-12-06,1.8669,LA_PLP_FX
1999-12-07,1.8594,LA_PLP_FX
1999-12-08,1.8627,LA_PLP_FX
1999-12-09,1.8668,LA_PLP_FX
1999-12-10,1.8667,LA_PLP_FX
1999-12-13,1.8564,LA_PLP_FX
1999-12-14,1.8463,LA_PLP_FX
1999-12-15,1.8501,LA_PLP_FX
1999-12-16,1.8407,LA_PLP_FX
1999-12-17,1.8178,LA_PLP_FX
1999-12-20,1.8048,LA_PLP_FX
1999-12-21,1.8234,LA_PLP_FX
1999-12-22,1.8204,LA_PLP_FX
1999-12-23,1.8286,LA_PLP_FX
1999-12-24,1.829,LA_PLP_FX
1999-12-27,1.8267,LA_PLP_FX
1999-12-28,1.8289,LA_PLP_FX
1999-12-29,1.817,LA_PLP_FX
1999-12-30,1.789,LA_PLP_FX
1999-12-31,1.789,LA_PLP_FX
2000-01-03,1.8011,LA_PLP_FX
2000-01-04,1.8337,LA_PLP_FX
2000-01-05,1.8544,LA_PLP_FX
2000-01-06,1.8461,LA_PLP_FX
2000-01-07,1.8281,LA_PLP_FX
2000-01-10,1.8161,LA_PLP_FX
2000-01-11,1.8219,LA_PLP_FX
2000-01-12,1.8314,LA_PLP_FX
2000-01-13,1.8193,LA_PLP_FX
2000-01-14,1.7997,LA_PLP_FX
2000-01-17,1.7957,LA_PLP_FX
2000-01-18,1.7924,LA_PLP_FX
2000-01-19,1.7984,LA_PLP_FX
2000-01-20,1.7801,LA_PLP_FX
2000-01-21,1.7784,LA_PLP_FX
2000-01-24,1.7652,LA_PLP_FX
2000-01-25,1.7741,LA_PLP_FX
2000-01-26,1.7769,LA_PLP_FX
2000-01-27,1.7753,LA_PLP_FX
2000-01-28,1.7875,LA_PLP_FX
2000-01-31,1.8024,LA_PLP_FX
2000-02-01,1.7932,LA_PLP_FX
2000-02-02,1.79,LA_PLP_FX
2000-02-03,1.7779,LA_PLP_FX
2000-02-04,1.7785,LA_PLP_FX
2000-02-07,1.7659,LA_PLP_FX
2000-02-08,1.7654,LA_PLP_FX
2000-02-09,1.7632,LA_PLP_FX
2000-02-10,1.7695,LA_PLP_FX
2000-02-11,1.7647,LA_PLP_FX
2000-02-14,1.7699,LA_PLP_FX
2000-02-15,1.7764,LA_PLP_FX
2000-02-16,1.7732,LA_PLP_FX
2000-02-17,1.774,LA_PLP_FX
2000-02-18,1.7705,LA_PLP_FX
2000-02-21,1.7784,LA_PLP_FX
2000-02-22,1.7825,LA_PLP_FX
2000-02-23,1.7886,LA_PLP_FX
2000-02-24,1.7779,LA_PLP_FX
2000-02-25,1.7741,LA_PLP_FX
2000-02-28,1.7788,LA_PLP_FX
2000-02-29,1.7685,LA_PLP_FX
2000-03-01,1.7678,LA_PLP_FX
2000-03-02,1.76,LA_PLP_FX
2000-03-03,1.7511,LA_PLP_FX
2000-03-08,1.7498,LA_PLP_FX
2000-03-09,1.7343,LA_PLP_FX
2000-03-10,1.7386,LA_PLP_FX
2000-03-13,1.7502,LA_PLP_FX
2000-03-14,1.7372,LA_PLP_FX
2000-03-15,1.7431,LA_PLP_FX
2000-03-16,1.7357,LA_PLP_FX
2000-03-17,1.7407,LA_PLP_FX
2000-03-20,1.7388,LA_PLP_FX
2000-03-21,1.7381,LA_PLP_FX
2000-03-22,1.7305,LA_PLP_FX
2000-03-23,1.7242,LA_PLP_FX
2000-03-24,1.7234,LA_PLP_FX
2000-03-27,1.7362,LA_PLP_FX
2000-03-28,1.7456,LA_PLP_FX
2000-03-29,1.7379,LA_PLP_FX
2000-03-30,1.7522,LA_PLP_FX
2000-03-31,1.7473,LA_PLP_FX
2000-04-03,1.7407,LA_PLP_FX
2000-04-04,1.7425,LA_PLP_FX
2000-04-05,1.7532,LA_PLP_FX
2000-04-06,1.7423,LA_PLP_FX
2000-04-07,1.7439,LA_PLP_FX
2000-04-10,1.7387,LA_PLP_FX
2000-04-11,1.7448,LA_PLP_FX
2000-04-12,1.7471,LA_PLP_FX
2000-04-13,1.7633,LA_PLP_FX
2000-04-14,1.7833,LA_PLP_FX
2000-04-17,1.7873,LA_PLP_FX
2000-04-18,1.7696,LA_PLP_FX
2000-04-19,1.7662,LA_PLP_FX
2000-04-20,1.7784,LA_PLP_FX
2000-04-24,1.7916,LA_PLP_FX
2000-04-25,1.7888,LA_PLP_FX
2000-04-26,1.7985,LA_PLP_FX
2000-04-27,1.8083,LA_PLP_FX
2000-04-28,1.8067,LA_PLP_FX
2000-05-02,1.8008,LA_PLP_FX
2000-05-03,1.8162,LA_PLP_FX
2000-05-04,1.8144,LA_PLP_FX
2000-05-05,1.8118,LA_PLP_FX
2000-05-08,1.8058,LA_PLP_FX
2000-05-09,1.8079,LA_PLP_FX
2000-05-10,1.8169,LA_PLP_FX
2000-05-11,1.8162,LA_PLP_FX
2000-05-12,1.8266,LA_PLP_FX
2000-05-15,1.8382,LA_PLP_FX
2000-05-16,1.8198,LA_PLP_FX
2000-05-17,1.8292,LA_PLP_FX
2000-05-18,1.8305,LA_PLP_FX
2000-05-19,1.8454,LA_PLP_FX
2000-05-22,1.8468,LA_PLP_FX
2000-05-23,1.8537,LA_PLP_FX
2000-05-24,1.8537,LA_PLP_FX
2000-05-25,1.8392,LA_PLP_FX
2000-05-26,1.8455,LA_PLP_FX
2000-05-29,1.8388,LA_PLP_FX
2000-05-30,1.8305,LA_PLP_FX
2000-05-31,1.8266,LA_PLP_FX
2000-06-01,1.8202,LA_PLP_FX
2000-06-02,1.8104,LA_PLP_FX
2000-06-05,1.7933,LA_PLP_FX
2000-06-06,1.7899,LA_PLP_FX
2000-06-07,1.8036,LA_PLP_FX
2000-06-08,1.7948,LA_PLP_FX
2000-06-09,1.7999,LA_PLP_FX
2000-06-12,1.804,LA_PLP_FX
2000-06-13,1.81,LA_PLP_FX
2000-06-14,1.8107,LA_PLP_FX
2000-06-15,1.8079,LA_PLP_FX
2000-06-16,1.8073,LA_PLP_FX
2000-06-19,1.803,LA_PLP_FX
2000-06-20,1.7991,LA_PLP_FX
2000-06-21,1.8121,LA_PLP_FX
2000-06-23,1.8203,LA_PLP_FX
2000-06-26,1.8282,LA_PLP_FX
2000-06-27,1.8235,LA_PLP_FX
2000-06-28,1.8195,LA_PLP_FX
2000-06-29,1.8172,LA_PLP_FX
2000-06-30,1.8,LA_PLP_FX
2000-07-03,1.808,LA_PLP_FX
2000-07-04,1.8121,LA_PLP_FX
2000-07-05,1.8047,LA_PLP_FX
2000-07-06,1.797,LA_PLP_FX
2000-07-07,1.7972,LA_PLP_FX
2000-07-10,1.8006,LA_PLP_FX
2000-07-11,1.7972,LA_PLP_FX
2000-07-12,1.8034,LA_PLP_FX
2000-07-13,1.8104,LA_PLP_FX
2000-07-14,1.8106,LA_PLP_FX
2000-07-17,1.7979,LA_PLP_FX
2000-07-18,1.797,LA_PLP_FX
2000-07-19,1.8044,LA_PLP_FX
2000-07-20,1.8015,LA_PLP_FX
2000-07-21,1.7921,LA_PLP_FX
2000-07-24,1.7956,LA_PLP_FX
2000-07-25,1.7898,LA_PLP_FX
2000-07-26,1.7925,LA_PLP_FX
2000-07-27,1.7847,LA_PLP_FX
2000-07-28,1.7828,LA_PLP_FX
2000-07-31,1.7748,LA_PLP_FX
2000-08-01,1.788,LA_PLP_FX
2000-08-02,1.7916,LA_PLP_FX
2000-08-03,1.8079,LA_PLP_FX
2000-08-04,1.7919,LA_PLP_FX
2000-08-07,1.7961,LA_PLP_FX
2000-08-08,1.7992,LA_PLP_FX
2000-08-09,1.795,LA_PLP_FX
2000-08-10,1.7962,LA_PLP_FX
2000-08-11,1.7959,LA_PLP_FX
2000-08-14,1.8021,LA_PLP_FX
2000-08-15,1.8056,LA_PLP_FX
2000-08-16,1.807,LA_PLP_FX
2000-08-17,1.8096,LA_PLP_FX
2000-08-18,1.8174,LA_PLP_FX
2000-08-21,1.8199,LA_PLP_FX
2000-08-22,1.8169,LA_PLP_FX
2000-08-23,1.8186,LA_PLP_FX
2000-08-24,1.8204,LA_PLP_FX
2000-08-25,1.8213,LA_PLP_FX
2000-08-28,1.8277,LA_PLP_FX
2000-08-29,1.8349,LA_PLP_FX
2000-08-30,1.8259,LA_PLP_FX
2000-08-31,1.8234,LA_PLP_FX
2000-09-01,1.8218,LA_PLP_FX
2000-09-04,1.8255,LA_PLP_FX
2000-09-05,1.8294,LA_PLP_FX
2000-09-06,1.8207,LA_PLP_FX
2000-09-08,1.8224,LA_PLP_FX
2000-09-11,1.8199,LA_PLP_FX
2000-09-12,1.8279,LA_PLP_FX
2000-09-13,1.832,LA_PLP_FX
2000-09-14,1.8317,LA_PLP_FX
2000-09-15,1.8438,LA_PLP_FX
2000-09-18,1.8558,LA_PLP_FX
2000-09-19,1.8538,LA_PLP_FX
2000-09-20,1.8546,LA_PLP_FX
2000-09-21,1.8517,LA_PLP_FX
2000-09-22,1.8594,LA_PLP_FX
2000-09-25,1.842,LA_PLP_FX
2000-09-26,1.8506,LA_PLP_FX
2000-09-27,1.8492,LA_PLP_FX
2000-09-28,1.8479,LA_PLP_FX
2000-09-29,1.8437,LA_PLP_FX
2000-10-02,1.8483,LA_PLP_FX
2000-10-03,1.8498,LA_PLP_FX
2000-10-04,1.8529,LA_PLP_FX
2000-10-05,1.8501,LA_PLP_FX
2000-10-06,1.852,LA_PLP_FX
2000-10-09,1.8574,LA_PLP_FX
2000-10-10,1.8541,LA_PLP_FX
2000-10-11,1.8603,LA_PLP_FX
2000-10-13,1.8764,LA_PLP_FX
2000-10-16,1.8704,LA_PLP_FX
2000-10-17,1.8667,LA_PLP_FX
2000-10-18,1.8795,LA_PLP_FX
2000-10-19,1.8714,LA_PLP_FX
2000-10-20,1.8796,LA_PLP_FX
2000-10-23,1.8918,LA_PLP_FX
2000-10-24,1.8981,LA_PLP_FX
2000-10-25,1.9282,LA_PLP_FX
2000-10-26,1.934,LA_PLP_FX
2000-10-27,1.924,LA_PLP_FX
2000-10-30,1.9184,LA_PLP_FX
2000-10-31,1.909,LA_PLP_FX
2000-11-01,1.9099,LA_PLP_FX
2000-11-03,1.9286,LA_PLP_FX
2000-11-06,1.9462,LA_PLP_FX
2000-11-07,1.9573,LA_PLP_FX
2000-11-08,1.9503,LA_PLP_FX
2000-11-09,1.9683,LA_PLP_FX
2000-11-10,1.9566,LA_PLP_FX
2000-11-13,1.9579,LA_PLP_FX
2000-11-14,1.9441,LA_PLP_FX
2000-11-16,1.9486,LA_PLP_FX
2000-11-17,1.9609,LA_PLP_FX
2000-11-20,1.9365,LA_PLP_FX
2000-11-21,1.91,LA_PLP_FX
2000-11-22,1.9322,LA_PLP_FX
2000-11-23,1.9413,LA_PLP_FX
2000-11-24,1.956,LA_PLP_FX
2000-11-27,1.9571,LA_PLP_FX
2000-11-28,1.9778,LA_PLP_FX
2000-11-29,1.961,LA_PLP_FX
2000-11-30,1.9596,LA_PLP_FX
2000-12-01,1.9795,LA_PLP_FX
2000-12-04,1.9847,LA_PLP_FX
2000-12-05,1.9648,LA_PLP_FX
2000-12-06,1.9657,LA_PLP_FX
2000-12-07,1.9698,LA_PLP_FX
2000-12-08,1.9695,LA_PLP_FX
2000-12-11,1.9648,LA_PLP_FX
2000-12-12,1.9676,LA_PLP_FX
2000-12-13,1.9623,LA_PLP_FX
2000-12-14,1.9635,LA_PLP_FX
2000-12-15,1.9678,LA_PLP_FX
2000-12-18,1.9539,LA_PLP_FX
2000-12-19,1.9556,LA_PLP_FX
2000-12-20,1.9559,LA_PLP_FX
2000-12-21,1.9578,LA_PLP_FX
2000-12-22,1.9524,LA_PLP_FX
2000-12-26,1.9578,LA_PLP_FX
2000-12-27,1.9608,LA_PLP_FX
2000-12-28,1.9554,LA_PLP_FX
2000-12-29,1.9554,LA_PLP_FX
2001-01-02,1.9384,LA_PLP_FX
2001-01-03,1.9422,LA_PLP_FX
2001-01-04,1.9357,LA_PLP_FX
2001-01-05,1.9484,LA_PLP_FX
2001-01-08,1.9524,LA_PLP_FX
2001-01-09,1.9441,LA_PLP_FX
2001-01-10,1.9429,LA_PLP_FX
2001-01-11,1.9463,LA_PLP_FX
2001-01-12,1.9508,LA_PLP_FX
2001-01-15,1.9475,LA_PLP_FX
2001-01-16,1.9516,LA_PLP_FX
2001-01-17,1.9501,LA_PLP_FX
2001-01-18,1.9527,LA_PLP_FX
2001-01-19,1.9553,LA_PLP_FX
2001-01-22,1.9571,LA_PLP_FX
2001-01-23,1.9586,LA_PLP_FX
2001-01-24,1.9595,LA_PLP_FX
2001-01-25,1.9738,LA_PLP_FX
2001-01-26,1.974,LA_PLP_FX
2001-01-29,1.9753,LA_PLP_FX
2001-01-30,1.9714,LA_PLP_FX
2001-01-31,1.9711,LA_PLP_FX
2001-02-01,1.9739,LA_PLP_FX
2001-02-02,1.9934,LA_PLP_FX
2001-02-05,1.9945,LA_PLP_FX
2001-02-06,1.998,LA_PLP_FX
2001-02-07,2.0045,LA_PLP_FX
2001-02-08,1.9959,LA_PLP_FX
2001-02-09,1.9884,LA_PLP_FX
2001-02-12,1.9813,LA_PLP_FX
2001-02-13,1.9803,LA_PLP_FX
2001-02-14,1.9894,LA_PLP_FX
2001-02-15,1.9812,LA_PLP_FX
2001-02-16,1.994,LA_PLP_FX
2001-02-19,2.0027,LA_PLP_FX
2001-02-20,2.0063,LA_PLP_FX
2001-02-21,2.024,LA_PLP_FX
2001-02-22,2.0368,LA_PLP_FX
2001-02-23,2.0436,LA_PLP_FX
2001-02-28,2.0452,LA_PLP_FX
2001-03-01,2.0428,LA_PLP_FX
2001-03-02,2.0355,LA_PLP_FX
2001-03-05,2.0232,LA_PLP_FX
2001-03-06,2.0208,LA_PLP_FX
2001-03-07,2.0391,LA_PLP_FX
2001-03-08,2.0385,LA_PLP_FX
2001-03-09,2.0599,LA_PLP_FX
2001-03-12,2.0552,LA_PLP_FX
2001-03-13,2.0622,LA_PLP_FX
2001-03-14,2.0763,LA_PLP_FX
2001-03-15,2.0864,LA_PLP_FX
2001-03-16,2.1217,LA_PLP_FX
2001-03-19,2.1277,LA_PLP_FX
2001-03-20,2.0929,LA_PLP_FX
2001-03-21,2.1,LA_PLP_FX
2001-03-22,2.1419,LA_PLP_FX
2001-03-23,2.1586,LA_PLP_FX
2001-03-26,2.1373,LA_PLP_FX
2001-03-27,2.1236,LA_PLP_FX
2001-03-28,2.117,LA_PLP_FX
2001-03-29,2.1369,LA_PLP_FX
2001-03-30,2.1616,LA_PLP_FX
2001-04-02,2.1584,LA_PLP_FX
2001-04-03,2.1732,LA_PLP_FX
2001-04-04,2.1632,LA_PLP_FX
2001-04-05,2.1589,LA_PLP_FX
2001-04-06,2.1521,LA_PLP_FX
2001-04-09,2.1642,LA_PLP_FX
2001-04-10,2.1422,LA_PLP_FX
2001-04-11,2.1384,LA_PLP_FX
2001-04-12,2.1573,LA_PLP_FX
2001-04-16,2.1825,LA_PLP_FX
2001-04-17,2.1888,LA_PLP_FX
2001-04-18,2.175,LA_PLP_FX
2001-04-19,2.1882,LA_PLP_FX
2001-04-20,2.2364,LA_PLP_FX
2001-04-23,2.2586,LA_PLP_FX
2001-04-24,2.2538,LA_PLP_FX
2001-04-25,2.3011,LA_PLP_FX
2001-04-26,2.2541,LA_PLP_FX
2001-04-27,2.218,LA_PLP_FX
2001-04-30,2.1847,LA_PLP_FX
2001-05-02,2.2239,LA_PLP_FX
2001-05-03,2.2353,LA_PLP_FX
2001-05-04,2.2187,LA_PLP_FX
2001-05-07,2.1957,LA_PLP_FX
2001-05-08,2.2319,LA_PLP_FX
2001-05-09,2.2586,LA_PLP_FX
2001-05-10,2.2695,LA_PLP_FX
2001-05-11,2.2863,LA_PLP_FX
2001-05-14,2.3062,LA_PLP_FX
2001-05-15,2.3384,LA_PLP_FX
2001-05-16,2.3219,LA_PLP_FX
2001-05-17,2.3036,LA_PLP_FX
2001-05-18,2.2941,LA_PLP_FX
2001-05-21,2.3278,LA_PLP_FX
2001-05-22,2.3062,LA_PLP_FX
2001-05-23,2.3427,LA_PLP_FX
2001-05-24,2.3494,LA_PLP_FX
2001-05-25,2.3403,LA_PLP_FX
2001-05-28,2.3265,LA_PLP_FX
2001-05-29,2.3425,LA_PLP_FX
2001-05-30,2.3596,LA_PLP_FX
2001-05-31,2.36,LA_PLP_FX
2001-06-01,2.3833,LA_PLP_FX
2001-06-04,2.3629,LA_PLP_FX
2001-06-05,2.3895,LA_PLP_FX
2001-06-06,2.3821,LA_PLP_FX
2001-06-07,2.388,LA_PLP_FX
2001-06-08,2.3619,LA_PLP_FX
2001-06-11,2.3722,LA_PLP_FX
2001-06-12,2.3906,LA_PLP_FX
2001-06-13,2.4078,LA_PLP_FX
2001-06-15,2.4079,LA_PLP_FX
2001-06-18,2.4586,LA_PLP_FX
2001-06-19,2.4675,LA_PLP_FX
2001-06-20,2.4748,LA_PLP_FX
2001-06-21,2.4054,LA_PLP_FX
2001-06-22,2.3296,LA_PLP_FX
2001-06-25,2.2997,LA_PLP_FX
2001-06-26,2.3139,LA_PLP_FX
2001-06-27,2.3236,LA_PLP_FX
2001-06-28,2.2923,LA_PLP_FX
2001-06-29,2.3049,LA_PLP_FX
2001-07-02,2.3249,LA_PLP_FX
2001-07-03,2.3395,LA_PLP_FX
2001-07-04,2.3907,LA_PLP_FX
2001-07-05,2.4113,LA_PLP_FX
2001-07-06,2.4943,LA_PLP_FX
2001-07-09,2.4548,LA_PLP_FX
2001-07-10,2.4802,LA_PLP_FX
2001-07-11,2.53,LA_PLP_FX
2001-07-12,2.5423,LA_PLP_FX
2001-07-13,2.5538,LA_PLP_FX
2001-07-16,2.5979,LA_PLP_FX
2001-07-17,2.5304,LA_PLP_FX
2001-07-18,2.4696,LA_PLP_FX
2001-07-19,2.5032,LA_PLP_FX
2001-07-20,2.4573,LA_PLP_FX
2001-07-23,2.4108,LA_PLP_FX
2001-07-24,2.4247,LA_PLP_FX
2001-07-25,2.4914,LA_PLP_FX
2001-07-26,2.4836,LA_PLP_FX
2001-07-27,2.4971,LA_PLP_FX
2001-07-30,2.4334,LA_PLP_FX
2001-07-31,2.4313,LA_PLP_FX
2001-08-01,2.4935,LA_PLP_FX
2001-08-02,2.4877,LA_PLP_FX
2001-08-03,2.4884,LA_PLP_FX
2001-08-06,2.469,LA_PLP_FX
2001-08-07,2.4463,LA_PLP_FX
2001-08-08,2.4704,LA_PLP_FX
2001-08-09,2.4668,LA_PLP_FX
2001-08-10,2.4842,LA_PLP_FX
2001-08-13,2.491,LA_PLP_FX
2001-08-14,2.514,LA_PLP_FX
2001-08-15,2.5005,LA_PLP_FX
2001-08-16,2.4877,LA_PLP_FX
2001-08-17,2.5235,LA_PLP_FX
2001-08-20,2.5306,LA_PLP_FX
2001-08-21,2.5353,LA_PLP_FX
2001-08-22,2.5231,LA_PLP_FX
2001-08-23,2.5282,LA_PLP_FX
2001-08-24,2.55,LA_PLP_FX
2001-08-27,2.5585,LA_PLP_FX
2001-08-28,2.5564,LA_PLP_FX
2001-08-29,2.5474,LA_PLP_FX
2001-08-30,2.5403,LA_PLP_FX
2001-08-31,2.5517,LA_PLP_FX
2001-09-03,2.559,LA_PLP_FX
2001-09-04,2.5642,LA_PLP_FX
2001-09-05,2.5669,LA_PLP_FX
2001-09-06,2.5927,LA_PLP_FX
2001-09-10,2.6013,LA_PLP_FX
2001-09-11,2.6369,LA_PLP_FX
2001-09-12,2.6741,LA_PLP_FX
2001-09-13,2.6978,LA_PLP_FX
2001-09-14,2.6986,LA_PLP_FX
2001-09-17,2.6679,LA_PLP_FX
2001-09-18,2.6793,LA_PLP_FX
2001-09-19,2.7065,LA_PLP_FX
2001-09-20,2.7322,LA_PLP_FX
2001-09-21,2.8007,LA_PLP_FX
2001-09-24,2.7675,LA_PLP_FX
2001-09-25,2.7133,LA_PLP_FX
2001-09-26,2.7264,LA_PLP_FX
2001-09-27,2.705,LA_PLP_FX
2001-09-28,2.6713,LA_PLP_FX
2001-10-01,2.6866,LA_PLP_FX
2001-10-02,2.7038,LA_PLP_FX
2001-10-03,2.7287,LA_PLP_FX
2001-10-04,2.7326,LA_PLP_FX
2001-10-05,2.754,LA_PLP_FX
2001-10-08,2.7828,LA_PLP_FX
2001-10-09,2.7797,LA_PLP_FX
2001-10-10,2.7784,LA_PLP_FX
2001-10-11,2.7799,LA_PLP_FX
2001-10-15,2.779,LA_PLP_FX
2001-10-16,2.7526,LA_PLP_FX
2001-10-17,2.7211,LA_PLP_FX
2001-10-18,2.7425,LA_PLP_FX
2001-10-19,2.7573,LA_PLP_FX
2001-10-22,2.7176,LA_PLP_FX
2001-10-23,2.7168,LA_PLP_FX
2001-10-24,2.7438,LA_PLP_FX
2001-10-25,2.7428,LA_PLP_FX
2001-10-26,2.729,LA_PLP_FX
2001-10-29,2.7246,LA_PLP_FX
2001-10-30,2.7231,LA_PLP_FX
2001-10-31,2.7071,LA_PLP_FX
2001-11-01,2.682,LA_PLP_FX
2001-11-05,2.6208,LA_PLP_FX
2001-11-06,2.6003,LA_PLP_FX
2001-11-07,2.6055,LA_PLP_FX
2001-11-08,2.5571,LA_PLP_FX
2001-11-09,2.5347,LA_PLP_FX
2001-11-12,2.5502,LA_PLP_FX
2001-11-13,2.527,LA_PLP_FX
2001-11-14,2.5299,LA_PLP_FX
2001-11-16,2.5392,LA_PLP_FX
2001-11-19,2.5154,LA_PLP_FX
2001-11-20,2.535,LA_PLP_FX
2001-11-21,2.5411,LA_PLP_FX
2001-11-22,2.5383,LA_PLP_FX
2001-11-23,2.5134,LA_PLP_FX
2001-11-26,2.4894,LA_PLP_FX
2001-11-27,2.4604,LA_PLP_FX
2001-11-28,2.4857,LA_PLP_FX
2001-11-29,2.5072,LA_PLP_FX
2001-11-30,2.5287,LA_PLP_FX
2001-12-03,2.4672,LA_PLP_FX
2001-12-04,2.4289,LA_PLP_FX
2001-12-05,2.4306,LA_PLP_FX
2001-12-06,2.4435,LA_PLP_FX
2001-12-07,2.4005,LA_PLP_FX
2001-12-10,2.3579,LA_PLP_FX
2001-12-11,2.3417,LA_PLP_FX
2001-12-12,2.3551,LA_PLP_FX
2001-12-13,2.3847,LA_PLP_FX
2001-12-14,2.384,LA_PLP_FX
2001-12-17,2.358,LA_PLP_FX
2001-12-18,2.343,LA_PLP_FX
2001-12-19,2.293,LA_PLP_FX
2001-12-20,2.3202,LA_PLP_FX
2001-12-21,2.3311,LA_PLP_FX
2001-12-24,2.3378,LA_PLP_FX
2001-12-26,2.3145,LA_PLP_FX
2001-12-27,2.3215,LA_PLP_FX
2001-12-28,2.3204,LA_PLP_FX
2001-12-31,2.3204,LA_PLP_FX
2002-01-02,2.3066,LA_PLP_FX
2002-01-03,2.2932,LA_PLP_FX
2002-01-04,2.3101,LA_PLP_FX
2002-01-07,2.3428,LA_PLP_FX
2002-01-08,2.3454,LA_PLP_FX
2002-01-09,2.3794,LA_PLP_FX
2002-01-10,2.3896,LA_PLP_FX
2002-01-11,2.4168,LA_PLP_FX
2002-01-14,2.4072,LA_PLP_FX
2002-01-15,2.3705,LA_PLP_FX
2002-01-16,2.3867,LA_PLP_FX
2002-01-17,2.3641,LA_PLP_FX
2002-01-18,2.3752,LA_PLP_FX
2002-01-21,2.3742,LA_PLP_FX
2002-01-22,2.3667,LA_PLP_FX
2002-01-23,2.3804,LA_PLP_FX
2002-01-24,2.3981,LA_PLP_FX
2002-01-25,2.4046,LA_PLP_FX
2002-01-28,2.4228,LA_PLP_FX
2002-01-29,2.4234,LA_PLP_FX
2002-01-30,2.4384,LA_PLP_FX
2002-01-31,2.4183,LA_PLP_FX
2002-02-01,2.4161,LA_PLP_FX
2002-02-04,2.4228,LA_PLP_FX
2002-02-05,2.4214,LA_PLP_FX
2002-02-06,2.4206,LA_PLP_FX
2002-02-07,2.4518,LA_PLP_FX
2002-02-08,2.4691,LA_PLP_FX
2002-02-13,2.4232,LA_PLP_FX
2002-02-14,2.4249,LA_PLP_FX
2002-02-15,2.438,LA_PLP_FX
2002-02-18,2.4284,LA_PLP_FX
2002-02-19,2.4249,LA_PLP_FX
2002-02-20,2.4284,LA_PLP_FX
2002-02-21,2.4241,LA_PLP_FX
2002-02-22,2.4273,LA_PLP_FX
2002-02-25,2.4062,LA_PLP_FX
2002-02-26,2.3947,LA_PLP_FX
2002-02-27,2.3827,LA_PLP_FX
2002-02-28,2.3482,LA_PLP_FX
2002-03-01,2.3596,LA_PLP_FX
2002-03-04,2.3432,LA_PLP_FX
2002-03-05,2.3251,LA_PLP_FX
2002-03-06,2.352,LA_PLP_FX
2002-03-07,2.3663,LA_PLP_FX
2002-03-08,2.3582,LA_PLP_FX
2002-03-11,2.3487,LA_PLP_FX
2002-03-12,2.3496,LA_PLP_FX
2002-03-13,2.3368,LA_PLP_FX
2002-03-14,2.3441,LA_PLP_FX
2002-03-15,2.3542,LA_PLP_FX
2002-03-18,2.3406,LA_PLP_FX
2002-03-19,2.3432,LA_PLP_FX
2002-03-20,2.338,LA_PLP_FX
2002-03-21,2.3475,LA_PLP_FX
2002-03-22,2.3508,LA_PLP_FX
2002-03-25,2.3641,LA_PLP_FX
2002-03-26,2.3502,LA_PLP_FX
2002-03-27,2.3371,LA_PLP_FX
2002-03-28,2.3236,LA_PLP_FX
2002-04-01,2.322,LA_PLP_FX
2002-04-02,2.3022,LA_PLP_FX
2002-04-03,2.2977,LA_PLP_FX
2002-04-04,2.3118,LA_PLP_FX
2002-04-05,2.2924,LA_PLP_FX
2002-04-08,2.2907,LA_PLP_FX
2002-04-09,2.2842,LA_PLP_FX
2002-04-10,2.2728,LA_PLP_FX
2002-04-11,2.2709,LA_PLP_FX
2002-04-12,2.2988,LA_PLP_FX
2002-04-15,2.318,LA_PLP_FX
2002-04-16,2.3172,LA_PLP_FX
2002-04-17,2.3165,LA_PLP_FX
2002-04-18,2.3327,LA_PLP_FX
2002-04-19,2.3269,LA_PLP_FX
2002-04-22,2.3347,LA_PLP_FX
2002-04-23,2.3487,LA_PLP_FX
2002-04-24,2.3568,LA_PLP_FX
2002-04-25,2.3666,LA_PLP_FX
2002-04-26,2.3558,LA_PLP_FX
2002-04-29,2.3689,LA_PLP_FX
2002-04-30,2.3625,LA_PLP_FX
2002-05-02,2.377,LA_PLP_FX
2002-05-03,2.4149,LA_PLP_FX
2002-05-06,2.4327,LA_PLP_FX
2002-05-07,2.4174,LA_PLP_FX
2002-05-08,2.4341,LA_PLP_FX
2002-05-09,2.4519,LA_PLP_FX
2002-05-10,2.4838,LA_PLP_FX
2002-05-13,2.4952,LA_PLP_FX
2002-05-14,2.5154,LA_PLP_FX
2002-05-15,2.5117,LA_PLP_FX
2002-05-16,2.4799,LA_PLP_FX
2002-05-17,2.4763,LA_PLP_FX
2002-05-20,2.4737,LA_PLP_FX
2002-05-21,2.4787,LA_PLP_FX
2002-05-22,2.5016,LA_PLP_FX
2002-05-23,2.5296,LA_PLP_FX
2002-05-24,2.524,LA_PLP_FX
2002-05-27,2.5228,LA_PLP_FX
2002-05-28,2.5248,LA_PLP_FX
2002-05-29,2.5201,LA_PLP_FX
2002-05-31,2.522,LA_PLP_FX
2002-06-03,2.5413,LA_PLP_FX
2002-06-04,2.5697,LA_PLP_FX
2002-06-05,2.6086,LA_PLP_FX
2002-06-06,2.6418,LA_PLP_FX
2002-06-07,2.6708,LA_PLP_FX
2002-06-10,2.6367,LA_PLP_FX
2002-06-11,2.6664,LA_PLP_FX
2002-06-12,2.7486,LA_PLP_FX
2002-06-13,2.6922,LA_PLP_FX
2002-06-14,2.7181,LA_PLP_FX
2002-06-17,2.6823,LA_PLP_FX
2002-06-18,2.67,LA_PLP_FX
2002-06-19,2.703,LA_PLP_FX
2002-06-20,2.7505,LA_PLP_FX
2002-06-21,2.791,LA_PLP_FX
2002-06-24,2.8269,LA_PLP_FX
2002-06-25,2.7995,LA_PLP_FX
2002-06-26,2.8584,LA_PLP_FX
2002-06-27,2.8593,LA_PLP_FX
2002-06-28,2.8444,LA_PLP_FX
2002-07-01,2.8595,LA_PLP_FX
2002-07-02,2.9141,LA_PLP_FX
2002-07-03,2.8617,LA_PLP_FX
2002-07-04,2.8481,LA_PLP_FX
2002-07-05,2.8746,LA_PLP_FX
2002-07-08,2.8711,LA_PLP_FX
2002-07-09,2.8551,LA_PLP_FX
2002-07-10,2.8541,LA_PLP_FX
2002-07-11,2.8232,LA_PLP_FX
2002-07-12,2.8147,LA_PLP_FX
2002-07-15,2.8455,LA_PLP_FX
2002-07-16,2.8671,LA_PLP_FX
2002-07-17,2.8783,LA_PLP_FX
2002-07-18,2.8772,LA_PLP_FX
2002-07-19,2.8671,LA_PLP_FX
2002-07-22,2.8816,LA_PLP_FX
2002-07-23,2.9132,LA_PLP_FX
2002-07-24,2.9479,LA_PLP_FX
2002-07-25,2.9822,LA_PLP_FX
2002-07-26,3.0177,LA_PLP_FX
2002-07-29,3.1449,LA_PLP_FX
2002-07-30,3.2692,LA_PLP_FX
2002-07-31,3.4285,LA_PLP_FX
2002-08-01,3.3275,LA_PLP_FX
2002-08-02,3.0302,LA_PLP_FX
2002-08-05,3.0732,LA_PLP_FX
2002-08-06,3.207,LA_PLP_FX
2002-08-07,3.0598,LA_PLP_FX
2002-08-08,2.8883,LA_PLP_FX
2002-08-09,2.9964,LA_PLP_FX
2002-08-12,3.0979,LA_PLP_FX
2002-08-13,3.2094,LA_PLP_FX
2002-08-14,3.1965,LA_PLP_FX
2002-08-15,3.1912,LA_PLP_FX
2002-08-16,3.162,LA_PLP_FX
2002-08-19,3.1142,LA_PLP_FX
2002-08-20,3.0923,LA_PLP_FX
2002-08-21,3.0794,LA_PLP_FX
2002-08-22,3.1417,LA_PLP_FX
2002-08-23,3.1136,LA_PLP_FX
2002-08-26,3.0788,LA_PLP_FX
2002-08-27,3.0949,LA_PLP_FX
2002-08-28,3.1219,LA_PLP_FX
2002-08-29,3.1239,LA_PLP_FX
2002-08-30,3.0223,LA_PLP_FX
2002-09-02,3.0286,LA_PLP_FX
2002-09-03,3.0988,LA_PLP_FX
2002-09-04,3.1325,LA_PLP_FX
2002-09-05,3.1512,LA_PLP_FX
2002-09-06,3.1783,LA_PLP_FX
2002-09-09,3.1312,LA_PLP_FX
2002-09-10,3.1306,LA_PLP_FX
2002-09-11,3.1153,LA_PLP_FX
2002-09-12,3.1239,LA_PLP_FX
2002-09-13,3.1506,LA_PLP_FX
2002-09-16,3.1884,LA_PLP_FX
2002-09-17,3.2248,LA_PLP_FX
2002-09-18,3.324,LA_PLP_FX
2002-09-19,3.3843,LA_PLP_FX
2002-09-20,3.4277,LA_PLP_FX
2002-09-23,3.5448,LA_PLP_FX
2002-09-24,3.6216,LA_PLP_FX
2002-09-25,3.7257,LA_PLP_FX
2002-09-26,3.7516,LA_PLP_FX
2002-09-27,3.8541,LA_PLP_FX
2002-09-30,3.8949,LA_PLP_FX
2002-10-01,3.7467,LA_PLP_FX
2002-10-02,3.5936,LA_PLP_FX
2002-10-03,3.6952,LA_PLP_FX
2002-10-04,3.6593,LA_PLP_FX
2002-10-07,3.6965,LA_PLP_FX
2002-10-08,3.7017,LA_PLP_FX
2002-10-09,3.852,LA_PLP_FX
2002-10-10,3.9228,LA_PLP_FX
2002-10-11,3.9235,LA_PLP_FX
2002-10-14,3.8613,LA_PLP_FX
2002-10-15,3.8567,LA_PLP_FX
2002-10-16,3.8744,LA_PLP_FX
2002-10-17,3.9245,LA_PLP_FX
2002-10-18,3.8759,LA_PLP_FX
2002-10-21,3.9125,LA_PLP_FX
2002-10-22,3.9552,LA_PLP_FX
2002-10-23,3.8704,LA_PLP_FX
2002-10-24,3.8617,LA_PLP_FX
2002-10-25,3.8015,LA_PLP_FX
2002-10-28,3.7406,LA_PLP_FX
2002-10-29,3.8211,LA_PLP_FX
2002-10-30,3.7443,LA_PLP_FX
2002-10-31,3.645,LA_PLP_FX
2002-11-01,3.6113,LA_PLP_FX
2002-11-04,3.5418,LA_PLP_FX
2002-11-05,3.5625,LA_PLP_FX
2002-11-06,3.5976,LA_PLP_FX
2002-11-07,3.6218,LA_PLP_FX
2002-11-08,3.5271,LA_PLP_FX
2002-11-11,3.5035,LA_PLP_FX
2002-11-12,3.5527,LA_PLP_FX
2002-11-13,3.6342,LA_PLP_FX
2002-11-14,3.6797,LA_PLP_FX
2002-11-18,3.5889,LA_PLP_FX
2002-11-19,3.5547,LA_PLP_FX
2002-11-20,3.5146,LA_PLP_FX
2002-11-21,3.5103,LA_PLP_FX
2002-11-22,3.5616,LA_PLP_FX
2002-11-25,3.5492,LA_PLP_FX
2002-11-26,3.5872,LA_PLP_FX
2002-11-27,3.5898,LA_PLP_FX
2002-11-28,3.603,LA_PLP_FX
2002-11-29,3.6365,LA_PLP_FX
2002-12-02,3.616,LA_PLP_FX
2002-12-03,3.6625,LA_PLP_FX
2002-12-04,3.7049,LA_PLP_FX
2002-12-05,3.7514,LA_PLP_FX
2002-12-06,3.7526,LA_PLP_FX
2002-12-09,3.798,LA_PLP_FX
2002-12-10,3.7685,LA_PLP_FX
2002-12-11,3.7954,LA_PLP_FX
2002-12-12,3.7535,LA_PLP_FX
2002-12-13,3.7342,LA_PLP_FX
2002-12-16,3.6318,LA_PLP_FX
2002-12-17,3.5827,LA_PLP_FX
2002-12-18,3.5316,LA_PLP_FX
2002-12-19,3.5047,LA_PLP_FX
2002-12-20,3.4278,LA_PLP_FX
2002-12-23,3.4947,LA_PLP_FX
2002-12-24,3.501,LA_PLP_FX
2002-12-26,3.5251,LA_PLP_FX
2002-12-27,3.5413,LA_PLP_FX
2002-12-30,3.5333,LA_PLP_FX
2002-12-31,3.5333,LA_PLP_FX
2003-01-02,3.5224,LA_PLP_FX
2003-01-03,3.4698,LA_PLP_FX
2003-01-06,3.3664,LA_PLP_FX
2003-01-07,3.3423,LA_PLP_FX
2003-01-08,3.3124,LA_PLP_FX
2003-01-09,3.3297,LA_PLP_FX
2003-01-10,3.2918,LA_PLP_FX
2003-01-13,3.2956,LA_PLP_FX
2003-01-14,3.2758,LA_PLP_FX
2003-01-15,3.2983,LA_PLP_FX
2003-01-16,3.2937,LA_PLP_FX
2003-01-17,3.3632,LA_PLP_FX
2003-01-20,3.4103,LA_PLP_FX
2003-01-21,3.4402,LA_PLP_FX
2003-01-22,3.5189,LA_PLP_FX
2003-01-23,3.4901,LA_PLP_FX
2003-01-24,3.5923,LA_PLP_FX
2003-01-27,3.6623,LA_PLP_FX
2003-01-28,3.6312,LA_PLP_FX
2003-01-29,3.6417,LA_PLP_FX
2003-01-30,3.5696,LA_PLP_FX
2003-01-31,3.5258,LA_PLP_FX
2003-02-03,3.493,LA_PLP_FX
2003-02-04,3.5406,LA_PLP_FX
2003-02-05,3.5845,LA_PLP_FX
2003-02-06,3.6045,LA_PLP_FX
2003-02-07,3.5802,LA_PLP_FX
2003-02-10,3.6042,LA_PLP_FX
2003-02-11,3.5737,LA_PLP_FX
2003-02-12,3.6003,LA_PLP_FX
2003-02-13,3.6359,LA_PLP_FX
2003-02-14,3.658,LA_PLP_FX
2003-02-17,3.6232,LA_PLP_FX
2003-02-18,3.5889,LA_PLP_FX
2003-02-19,3.5935,LA_PLP_FX
2003-02-20,3.6067,LA_PLP_FX
2003-02-21,3.6097,LA_PLP_FX
2003-02-24,3.587,LA_PLP_FX
2003-02-25,3.6013,LA_PLP_FX
2003-02-26,3.5817,LA_PLP_FX
2003-02-27,3.585,LA_PLP_FX
2003-02-28,3.5632,LA_PLP_FX
2003-03-05,3.5637,LA_PLP_FX
2003-03-06,3.526,LA_PLP_FX
2003-03-07,3.501,LA_PLP_FX
2003-03-10,3.5281,LA_PLP_FX
2003-03-11,3.5061,LA_PLP_FX
2003-03-12,3.4763,LA_PLP_FX
2003-03-13,3.4293,LA_PLP_FX
2003-03-14,3.3958,LA_PLP_FX
2003-03-17,3.4442,LA_PLP_FX
2003-03-18,3.4308,LA_PLP_FX
2003-03-19,3.4576,LA_PLP_FX
2003-03-20,3.483,LA_PLP_FX
2003-03-21,3.4462,LA_PLP_FX
2003-03-24,3.407,LA_PLP_FX
2003-03-25,3.3892,LA_PLP_FX
2003-03-26,3.3747,LA_PLP_FX
2003-03-27,3.4031,LA_PLP_FX
2003-03-28,3.3757,LA_PLP_FX
2003-03-31,3.3531,LA_PLP_FX
2003-04-01,3.3359,LA_PLP_FX
2003-04-02,3.2795,LA_PLP_FX
2003-04-03,3.2563,LA_PLP_FX
2003-04-04,3.2469,LA_PLP_FX
2003-04-07,3.1723,LA_PLP_FX
2003-04-08,3.1649,LA_PLP_FX
2003-04-09,3.1857,LA_PLP_FX
2003-04-10,3.2157,LA_PLP_FX
2003-04-11,3.2147,LA_PLP_FX
2003-04-14,3.1818,LA_PLP_FX
2003-04-15,3.1154,LA_PLP_FX
2003-04-16,3.0752,LA_PLP_FX
2003-04-17,3.0289,LA_PLP_FX
2003-04-22,3.0639,LA_PLP_FX
2003-04-23,3.0147,LA_PLP_FX
2003-04-24,3.0029,LA_PLP_FX
2003-04-25,3.0123,LA_PLP_FX
2003-04-28,2.9915,LA_PLP_FX
2003-04-29,2.9251,LA_PLP_FX
2003-04-30,2.8898,LA_PLP_FX
2003-05-02,2.9159,LA_PLP_FX
2003-05-05,2.9845,LA_PLP_FX
2003-05-06,3.0277,LA_PLP_FX
2003-05-07,2.9639,LA_PLP_FX
2003-05-08,2.9177,LA_PLP_FX
2003-05-09,2.8802,LA_PLP_FX
2003-05-12,2.8757,LA_PLP_FX
2003-05-13,2.8653,LA_PLP_FX
2003-05-14,2.8902,LA_PLP_FX
2003-05-15,2.9306,LA_PLP_FX
2003-05-16,2.9731,LA_PLP_FX
2003-05-19,2.9815,LA_PLP_FX
2003-05-20,3.0141,LA_PLP_FX
2003-05-21,3.0109,LA_PLP_FX
2003-05-22,2.9842,LA_PLP_FX
2003-05-23,2.9445,LA_PLP_FX
2003-05-26,2.9565,LA_PLP_FX
2003-05-27,3.0257,LA_PLP_FX
2003-05-28,3.014,LA_PLP_FX
2003-05-29,2.9488,LA_PLP_FX
2003-05-30,2.9656,LA_PLP_FX
2003-06-02,2.978,LA_PLP_FX
2003-06-03,2.964,LA_PLP_FX
2003-06-04,2.9112,LA_PLP_FX
2003-06-05,2.8929,LA_PLP_FX
2003-06-06,2.8491,LA_PLP_FX
2003-06-09,2.8682,LA_PLP_FX
2003-06-10,2.8603,LA_PLP_FX
2003-06-11,2.8692,LA_PLP_FX
2003-06-12,2.862,LA_PLP_FX
2003-06-13,2.857,LA_PLP_FX
2003-06-16,2.8508,LA_PLP_FX
2003-06-17,2.8744,LA_PLP_FX
2003-06-18,2.8902,LA_PLP_FX
2003-06-20,2.8933,LA_PLP_FX
2003-06-23,2.8788,LA_PLP_FX
2003-06-24,2.8616,LA_PLP_FX
2003-06-25,2.8559,LA_PLP_FX
2003-06-26,2.894,LA_PLP_FX
2003-06-27,2.8812,LA_PLP_FX
2003-06-30,2.872,LA_PLP_FX
2003-07-01,2.8443,LA_PLP_FX
2003-07-02,2.8219,LA_PLP_FX
2003-07-03,2.8332,LA_PLP_FX
2003-07-04,2.8299,LA_PLP_FX
2003-07-07,2.8676,LA_PLP_FX
2003-07-08,2.8823,LA_PLP_FX
2003-07-09,2.8671,LA_PLP_FX
2003-07-10,2.8922,LA_PLP_FX
2003-07-11,2.9029,LA_PLP_FX
2003-07-14,2.8753,LA_PLP_FX
2003-07-15,2.8554,LA_PLP_FX
2003-07-16,2.8677,LA_PLP_FX
2003-07-17,2.8563,LA_PLP_FX
2003-07-18,2.8774,LA_PLP_FX
2003-07-21,2.8828,LA_PLP_FX
2003-07-22,2.8826,LA_PLP_FX
2003-07-23,2.8878,LA_PLP_FX
2003-07-24,2.8961,LA_PLP_FX
2003-07-25,2.8885,LA_PLP_FX
2003-07-28,2.8965,LA_PLP_FX
2003-07-29,2.9155,LA_PLP_FX
2003-07-30,2.9473,LA_PLP_FX
2003-07-31,2.9655,LA_PLP_FX
2003-08-01,3.0006,LA_PLP_FX
2003-08-04,3.074,LA_PLP_FX
2003-08-05,3.0366,LA_PLP_FX
2003-08-06,3.039,LA_PLP_FX
2003-08-07,3.0069,LA_PLP_FX
2003-08-08,2.9892,LA_PLP_FX
2003-08-11,2.9945,LA_PLP_FX
2003-08-12,3.0237,LA_PLP_FX
2003-08-13,3.0309,LA_PLP_FX
2003-08-14,3.014,LA_PLP_FX
2003-08-15,2.993,LA_PLP_FX
2003-08-18,2.9848,LA_PLP_FX
2003-08-19,2.9973,LA_PLP_FX
2003-08-20,3.001,LA_PLP_FX
2003-08-21,3.0032,LA_PLP_FX
2003-08-22,2.9926,LA_PLP_FX
2003-08-25,2.9895,LA_PLP_FX
2003-08-26,2.9896,LA_PLP_FX
2003-08-27,2.9734,LA_PLP_FX
2003-08-28,2.9531,LA_PLP_FX
2003-08-29,2.9665,LA_PLP_FX
2003-09-01,2.984,LA_PLP_FX
2003-09-02,2.9789,LA_PLP_FX
2003-09-03,2.9568,LA_PLP_FX
2003-09-04,2.9418,LA_PLP_FX
2003-09-05,2.9216,LA_PLP_FX
2003-09-08,2.9155,LA_PLP_FX
2003-09-09,2.9306,LA_PLP_FX
2003-09-10,2.9125,LA_PLP_FX
2003-09-11,2.8991,LA_PLP_FX
2003-09-12,2.8959,LA_PLP_FX
2003-09-15,2.8898,LA_PLP_FX
2003-09-16,2.8967,LA_PLP_FX
2003-09-17,2.9057,LA_PLP_FX
2003-09-18,2.8975,LA_PLP_FX
2003-09-19,2.9065,LA_PLP_FX
2003-09-22,2.9021,LA_PLP_FX
2003-09-23,2.9145,LA_PLP_FX
2003-09-24,2.9244,LA_PLP_FX
2003-09-25,2.9306,LA_PLP_FX
2003-09-26,2.9373,LA_PLP_FX
2003-09-29,2.9374,LA_PLP_FX
2003-09-30,2.9234,LA_PLP_FX
2003-10-01,2.9034,LA_PLP_FX
2003-10-02,2.8989,LA_PLP_FX
2003-10-03,2.8875,LA_PLP_FX
2003-10-06,2.8753,LA_PLP_FX
2003-10-07,2.8701,LA_PLP_FX
2003-10-08,2.8444,LA_PLP_FX
2003-10-09,2.8422,LA_PLP_FX
2003-10-10,2.8401,LA_PLP_FX
2003-10-13,2.8371,LA_PLP_FX
2003-10-14,2.8425,LA_PLP_FX
2003-10-15,2.8268,LA_PLP_FX
2003-10-16,2.8409,LA_PLP_FX
2003-10-17,2.8635,LA_PLP_FX
2003-10-20,2.8839,LA_PLP_FX
2003-10-21,2.8642,LA_PLP_FX
2003-10-22,2.8602,LA_PLP_FX
2003-10-23,2.8698,LA_PLP_FX
2003-10-24,2.8695,LA_PLP_FX
2003-10-27,2.8728,LA_PLP_FX
2003-10-28,2.8675,LA_PLP_FX
2003-10-29,2.8537,LA_PLP_FX
2003-10-30,2.844,LA_PLP_FX
2003-10-31,2.8562,LA_PLP_FX
2003-11-03,2.8559,LA_PLP_FX
2003-11-04,2.8607,LA_PLP_FX
2003-11-05,2.8596,LA_PLP_FX
2003-11-06,2.8708,LA_PLP_FX
2003-11-07,2.8699,LA_PLP_FX
2003-11-10,2.8807,LA_PLP_FX
2003-11-11,2.8955,LA_PLP_FX
2003-11-12,2.9112,LA_PLP_FX
2003-11-13,2.9196,LA_PLP_FX
2003-11-14,2.9418,LA_PLP_FX
2003-11-17,2.9546,LA_PLP_FX
2003-11-18,2.9421,LA_PLP_FX
2003-11-19,2.9507,LA_PLP_FX
2003-11-20,2.948,LA_PLP_FX
2003-11-21,2.9301,LA_PLP_FX
2003-11-24,2.927,LA_PLP_FX
2003-11-25,2.9246,LA_PLP_FX
2003-11-26,2.9361,LA_PLP_FX
2003-11-27,2.9477,LA_PLP_FX
2003-11-28,2.9494,LA_PLP_FX
2003-12-01,2.9341,LA_PLP_FX
2003-12-02,2.9273,LA_PLP_FX
2003-12-03,2.9316,LA_PLP_FX
2003-12-04,2.9403,LA_PLP_FX
2003-12-05,2.9398,LA_PLP_FX
2003-12-08,2.9422,LA_PLP_FX
2003-12-09,2.935,LA_PLP_FX
2003-12-10,2.9429,LA_PLP_FX
2003-12-11,2.9434,LA_PLP_FX
2003-12-12,2.942,LA_PLP_FX
2003-12-15,2.9293,LA_PLP_FX
2003-12-16,2.932,LA_PLP_FX
2003-12-17,2.9381,LA_PLP_FX
2003-12-18,2.9341,LA_PLP_FX
2003-12-19,2.9278,LA_PLP_FX
2003-12-22,2.9239,LA_PLP_FX
2003-12-23,2.9175,LA_PLP_FX
2003-12-24,2.9082,LA_PLP_FX
2003-12-26,2.8994,LA_PLP_FX
2003-12-29,2.8883,LA_PLP_FX
2003-12-30,2.8892,LA_PLP_FX
2003-12-31,2.8892,LA_PLP_FX
2004-01-02,2.8862,LA_PLP_FX
2004-01-05,2.8627,LA_PLP_FX
2004-01-06,2.8508,LA_PLP_FX
2004-01-07,2.8723,LA_PLP_FX
2004-01-08,2.8588,LA_PLP_FX
2004-01-09,2.8422,LA_PLP_FX
2004-01-12,2.8163,LA_PLP_FX
2004-01-13,2.8022,LA_PLP_FX
2004-01-14,2.8142,LA_PLP_FX
2004-01-15,2.8126,LA_PLP_FX
2004-01-16,2.8184,LA_PLP_FX
2004-01-19,2.8419,LA_PLP_FX
2004-01-20,2.8382,LA_PLP_FX
2004-01-21,2.8417,LA_PLP_FX
2004-01-22,2.8417,LA_PLP_FX
2004-01-23,2.8435,LA_PLP_FX
2004-01-26,2.8431,LA_PLP_FX
2004-01-27,2.8587,LA_PLP_FX
2004-01-28,2.8785,LA_PLP_FX
2004-01-29,2.9236,LA_PLP_FX
2004-01-30,2.9409,LA_PLP_FX
2004-02-02,2.9486,LA_PLP_FX
2004-02-03,2.9326,LA_PLP_FX
2004-02-04,2.9106,LA_PLP_FX
2004-02-05,2.9335,LA_PLP_FX
2004-02-06,2.95,LA_PLP_FX
2004-02-09,2.9341,LA_PLP_FX
2004-02-10,2.9198,LA_PLP_FX
2004-02-11,2.9253,LA_PLP_FX
2004-02-12,2.9042,LA_PLP_FX
2004-02-13,2.9085,LA_PLP_FX
2004-02-16,2.9066,LA_PLP_FX
2004-02-17,2.9125,LA_PLP_FX
2004-02-18,2.9296,LA_PLP_FX
2004-02-19,2.9509,LA_PLP_FX
2004-02-20,2.9878,LA_PLP_FX
2004-02-25,2.9403,LA_PLP_FX
2004-02-26,2.9369,LA_PLP_FX
2004-02-27,2.9138,LA_PLP_FX
2004-03-01,2.8945,LA_PLP_FX
2004-03-02,2.9086,LA_PLP_FX
2004-03-03,2.8812,LA_PLP_FX
2004-03-04,2.8878,LA_PLP_FX
2004-03-05,2.879,LA_PLP_FX
2004-03-08,2.8752,LA_PLP_FX
2004-03-09,2.8758,LA_PLP_FX
2004-03-10,2.8891,LA_PLP_FX
2004-03-11,2.9132,LA_PLP_FX
2004-03-12,2.9063,LA_PLP_FX
2004-03-15,2.9013,LA_PLP_FX
2004-03-16,2.9001,LA_PLP_FX
2004-03-17,2.907,LA_PLP_FX
2004-03-18,2.9135,LA_PLP_FX
2004-03-19,2.9,LA_PLP_FX
2004-03-22,2.9107,LA_PLP_FX
2004-03-23,2.9144,LA_PLP_FX
2004-03-24,2.9264,LA_PLP_FX
2004-03-25,2.9337,LA_PLP_FX
2004-03-26,2.941,LA_PLP_FX
2004-03-29,2.9365,LA_PLP_FX
2004-03-30,2.9216,LA_PLP_FX
2004-03-31,2.9086,LA_PLP_FX
2004-04-01,2.8904,LA_PLP_FX
2004-04-02,2.893,LA_PLP_FX
2004-04-05,2.8851,LA_PLP_FX
2004-04-06,2.8743,LA_PLP_FX
2004-04-07,2.8773,LA_PLP_FX
2004-04-08,2.8802,LA_PLP_FX
2004-04-12,2.8855,LA_PLP_FX
2004-04-13,2.8851,LA_PLP_FX
2004-04-14,2.8956,LA_PLP_FX
2004-04-15,2.9064,LA_PLP_FX
2004-04-16,2.9153,LA_PLP_FX
2004-04-19,2.9101,LA_PLP_FX
2004-04-20,2.9186,LA_PLP_FX
2004-04-22,2.9305,LA_PLP_FX
2004-04-23,2.9173,LA_PLP_FX
2004-04-26,2.9085,LA_PLP_FX
2004-04-27,2.9161,LA_PLP_FX
2004-04-28,2.9335,LA_PLP_FX
2004-04-29,2.9522,LA_PLP_FX
2004-04-30,2.9447,LA_PLP_FX
2004-05-03,2.9569,LA_PLP_FX
2004-05-04,2.9696,LA_PLP_FX
2004-05-05,2.9616,LA_PLP_FX
2004-05-06,2.9899,LA_PLP_FX
2004-05-07,3.0504,LA_PLP_FX
2004-05-10,3.1249,LA_PLP_FX
2004-05-11,3.1051,LA_PLP_FX
2004-05-12,3.1211,LA_PLP_FX
2004-05-13,3.1279,LA_PLP_FX
2004-05-14,3.0982,LA_PLP_FX
2004-05-17,3.122,LA_PLP_FX
2004-05-18,3.1169,LA_PLP_FX
2004-05-19,3.1059,LA_PLP_FX
2004-05-20,3.1813,LA_PLP_FX
2004-05-21,3.2051,LA_PLP_FX
2004-05-24,3.1798,LA_PLP_FX
2004-05-25,3.1576,LA_PLP_FX
2004-05-26,3.157,LA_PLP_FX
2004-05-27,3.1524,LA_PLP_FX
2004-05-28,3.0961,LA_PLP_FX
2004-05-31,3.1291,LA_PLP_FX
2004-06-01,3.1567,LA_PLP_FX
2004-06-02,3.1302,LA_PLP_FX
2004-06-03,3.1443,LA_PLP_FX
2004-06-04,3.1335,LA_PLP_FX
2004-06-07,3.1119,LA_PLP_FX
2004-06-08,3.1155,LA_PLP_FX
2004-06-09,3.1166,LA_PLP_FX
2004-06-11,3.1402,LA_PLP_FX
2004-06-14,3.1651,LA_PLP_FX
2004-06-15,3.138,LA_PLP_FX
2004-06-16,3.1405,LA_PLP_FX
2004-06-17,3.128,LA_PLP_FX
2004-06-18,3.1388,LA_PLP_FX
2004-06-21,3.1298,LA_PLP_FX
2004-06-22,3.1341,LA_PLP_FX
2004-06-23,3.1258,LA_PLP_FX
2004-06-24,3.103,LA_PLP_FX
2004-06-25,3.1096,LA_PLP_FX
2004-06-28,3.1247,LA_PLP_FX
2004-06-29,3.1183,LA_PLP_FX
2004-06-30,3.1075,LA_PLP_FX
2004-07-01,3.0747,LA_PLP_FX
2004-07-02,3.0502,LA_PLP_FX
2004-07-05,3.0316,LA_PLP_FX
2004-07-06,3.0418,LA_PLP_FX
2004-07-07,3.0367,LA_PLP_FX
2004-07-08,3.0475,LA_PLP_FX
2004-07-09,3.0429,LA_PLP_FX
2004-07-12,3.0371,LA_PLP_FX
2004-07-13,3.042,LA_PLP_FX
2004-07-14,3.0284,LA_PLP_FX
2004-07-15,3.0215,LA_PLP_FX
2004-07-16,3.0021,LA_PLP_FX
2004-07-19,2.9939,LA_PLP_FX
2004-07-20,3.0041,LA_PLP_FX
2004-07-21,3.0247,LA_PLP_FX
2004-07-22,3.0392,LA_PLP_FX
2004-07-23,3.0465,LA_PLP_FX
2004-07-26,3.0573,LA_PLP_FX
2004-07-27,3.067,LA_PLP_FX
2004-07-28,3.0557,LA_PLP_FX
2004-07-29,3.0374,LA_PLP_FX
2004-07-30,3.0268,LA_PLP_FX
2004-08-02,3.0466,LA_PLP_FX
2004-08-03,3.055,LA_PLP_FX
2004-08-04,3.0579,LA_PLP_FX
2004-08-05,3.0637,LA_PLP_FX
2004-08-06,3.0489,LA_PLP_FX
2004-08-09,3.0396,LA_PLP_FX
2004-08-10,3.0285,LA_PLP_FX
2004-08-11,3.0392,LA_PLP_FX
2004-08-12,3.0307,LA_PLP_FX
2004-08-13,3.0235,LA_PLP_FX
2004-08-16,3.0146,LA_PLP_FX
2004-08-17,2.9989,LA_PLP_FX
2004-08-18,2.9922,LA_PLP_FX
2004-08-19,2.9793,LA_PLP_FX
2004-08-20,2.9742,LA_PLP_FX
2004-08-23,2.9687,LA_PLP_FX
2004-08-24,2.9576,LA_PLP_FX
2004-08-25,2.9512,LA_PLP_FX
2004-08-26,2.9541,LA_PLP_FX
2004-08-27,2.9571,LA_PLP_FX
2004-08-30,2.9488,LA_PLP_FX
2004-08-31,2.9338,LA_PLP_FX
2004-09-01,2.9298,LA_PLP_FX
2004-09-02,2.9361,LA_PLP_FX
2004-09-03,2.9289,LA_PLP_FX
2004-09-06,2.9142,LA_PLP_FX
2004-09-08,2.9014,LA_PLP_FX
2004-09-09,2.9028,LA_PLP_FX
2004-09-10,2.8988,LA_PLP_FX
2004-09-13,2.906,LA_PLP_FX
2004-09-14,2.9125,LA_PLP_FX
2004-09-15,2.9042,LA_PLP_FX
2004-09-16,2.8892,LA_PLP_FX
2004-09-17,2.8744,LA_PLP_FX
2004-09-20,2.8676,LA_PLP_FX
2004-09-21,2.8737,LA_PLP_FX
2004-09-22,2.8677,LA_PLP_FX
2004-09-23,2.8725,LA_PLP_FX
2004-09-24,2.8735,LA_PLP_FX
2004-09-27,2.8728,LA_PLP_FX
2004-09-28,2.8692,LA_PLP_FX
2004-09-29,2.8602,LA_PLP_FX
2004-09-30,2.8586,LA_PLP_FX
2004-10-01,2.8513,LA_PLP_FX
2004-10-04,2.8265,LA_PLP_FX
2004-10-05,2.8241,LA_PLP_FX
2004-10-06,2.8362,LA_PLP_FX
2004-10-07,2.8518,LA_PLP_FX
2004-10-08,2.8251,LA_PLP_FX
2004-10-11,2.8318,LA_PLP_FX
2004-10-13,2.8374,LA_PLP_FX
2004-10-14,2.8631,LA_PLP_FX
2004-10-15,2.8623,LA_PLP_FX
2004-10-18,2.8547,LA_PLP_FX
2004-10-19,2.8706,LA_PLP_FX
2004-10-20,2.8847,LA_PLP_FX
2004-10-21,2.8535,LA_PLP_FX
2004-10-22,2.8489,LA_PLP_FX
2004-10-25,2.8817,LA_PLP_FX
2004-10-26,2.8729,LA_PLP_FX
2004-10-27,2.8585,LA_PLP_FX
2004-10-28,2.8655,LA_PLP_FX
2004-10-29,2.8565,LA_PLP_FX
2004-11-01,2.859,LA_PLP_FX
2004-11-03,2.8304,LA_PLP_FX
2004-11-04,2.8211,LA_PLP_FX
2004-11-05,2.8186,LA_PLP_FX
2004-11-08,2.8299,LA_PLP_FX
2004-11-09,2.8287,LA_PLP_FX
2004-11-10,2.8209,LA_PLP_FX
2004-11-11,2.82,LA_PLP_FX
2004-11-12,2.7991,LA_PLP_FX
2004-11-16,2.7856,LA_PLP_FX
2004-11-17,2.7674,LA_PLP_FX
2004-11-18,2.7603,LA_PLP_FX
2004-11-19,2.7637,LA_PLP_FX
2004-11-22,2.7678,LA_PLP_FX
2004-11-23,2.7446,LA_PLP_FX
2004-11-24,2.7485,LA_PLP_FX
2004-11-25,2.7511,LA_PLP_FX
2004-11-26,2.7332,LA_PLP_FX
2004-11-29,2.7402,LA_PLP_FX
2004-11-30,2.7307,LA_PLP_FX
2004-12-01,2.7145,LA_PLP_FX
2004-12-02,2.7239,LA_PLP_FX
2004-12-03,2.7095,LA_PLP_FX
2004-12-06,2.7186,LA_PLP_FX
2004-12-07,2.7322,LA_PLP_FX
2004-12-08,2.7664,LA_PLP_FX
2004-12-09,2.7744,LA_PLP_FX
2004-12-10,2.7867,LA_PLP_FX
2004-12-13,2.7697,LA_PLP_FX
2004-12-14,2.758,LA_PLP_FX
2004-12-15,2.7508,LA_PLP_FX
2004-12-16,2.7293,LA_PLP_FX
2004-12-17,2.7247,LA_PLP_FX
2004-12-20,2.6927,LA_PLP_FX
2004-12-21,2.6892,LA_PLP_FX
2004-12-22,2.699,LA_PLP_FX
2004-12-23,2.7067,LA_PLP_FX
2004-12-24,2.6912,LA_PLP_FX
2004-12-27,2.6983,LA_PLP_FX
2004-12-28,2.6895,LA_PLP_FX
2004-12-29,2.6836,LA_PLP_FX
2004-12-30,2.6544,LA_PLP_FX
2004-12-31,2.6544,LA_PLP_FX
2005-01-03,2.6682,LA_PLP_FX
2005-01-04,2.6887,LA_PLP_FX
2005-01-05,2.7096,LA_PLP_FX
2005-01-06,2.7207,LA_PLP_FX
2005-01-07,2.7032,LA_PLP_FX
2005-01-10,2.6973,LA_PLP_FX
2005-01-11,2.7106,LA_PLP_FX
2005-01-12,2.7113,LA_PLP_FX
2005-01-13,2.7011,LA_PLP_FX
2005-01-14,2.7074,LA_PLP_FX
2005-01-17,2.7007,LA_PLP_FX
2005-01-18,2.7139,LA_PLP_FX
2005-01-19,2.7185,LA_PLP_FX
2005-01-20,2.7222,LA_PLP_FX
2005-01-21,2.6999,LA_PLP_FX
2005-01-24,2.678,LA_PLP_FX
2005-01-25,2.6794,LA_PLP_FX
2005-01-26,2.6748,LA_PLP_FX
2005-01-27,2.6645,LA_PLP_FX
2005-01-28,2.6587,LA_PLP_FX
2005-01-31,2.6248,LA_PLP_FX
2005-02-01,2.613,LA_PLP_FX
2005-02-02,2.624,LA_PLP_FX
2005-02-03,2.6034,LA_PLP_FX
2005-02-04,2.603,LA_PLP_FX
2005-02-09,2.6078,LA_PLP_FX
2005-02-10,2.6122,LA_PLP_FX
2005-02-11,2.6173,LA_PLP_FX
2005-02-14,2.5834,LA_PLP_FX
2005-02-15,2.5762,LA_PLP_FX
2005-02-16,2.5926,LA_PLP_FX
2005-02-17,2.5737,LA_PLP_FX
2005-02-18,2.5621,LA_PLP_FX
2005-02-21,2.5762,LA_PLP_FX
2005-02-22,2.5937,LA_PLP_FX
2005-02-23,2.5857,LA_PLP_FX
2005-02-24,2.6098,LA_PLP_FX
2005-02-25,2.632,LA_PLP_FX
2005-02-28,2.595,LA_PLP_FX
2005-03-01,2.6011,LA_PLP_FX
2005-03-02,2.6368,LA_PLP_FX
2005-03-03,2.6698,LA_PLP_FX
2005-03-04,2.6615,LA_PLP_FX
2005-03-07,2.6624,LA_PLP_FX
2005-03-08,2.6934,LA_PLP_FX
2005-03-09,2.7113,LA_PLP_FX
2005-03-10,2.7319,LA_PLP_FX
2005-03-11,2.7021,LA_PLP_FX
2005-03-14,2.7523,LA_PLP_FX
2005-03-15,2.7621,LA_PLP_FX
2005-03-16,2.757,LA_PLP_FX
2005-03-17,2.7522,LA_PLP_FX
2005-03-18,2.7163,LA_PLP_FX
2005-03-21,2.7288,LA_PLP_FX
2005-03-22,2.706,LA_PLP_FX
2005-03-23,2.7403,LA_PLP_FX
2005-03-24,2.7303,LA_PLP_FX
2005-03-28,2.7385,LA_PLP_FX
2005-03-29,2.7031,LA_PLP_FX
2005-03-30,2.6808,LA_PLP_FX
2005-03-31,2.6662,LA_PLP_FX
2005-04-01,2.655,LA_PLP_FX
2005-04-04,2.6598,LA_PLP_FX
2005-04-05,2.6255,LA_PLP_FX
2005-04-06,2.6067,LA_PLP_FX
2005-04-07,2.6019,LA_PLP_FX
2005-04-08,2.5942,LA_PLP_FX
2005-04-11,2.5783,LA_PLP_FX
2005-04-12,2.5899,LA_PLP_FX
2005-04-13,2.5598,LA_PLP_FX
2005-04-14,2.5747,LA_PLP_FX
2005-04-15,2.5971,LA_PLP_FX
2005-04-18,2.6157,LA_PLP_FX
2005-04-19,2.5825,LA_PLP_FX
2005-04-20,2.5645,LA_PLP_FX
2005-04-22,2.5392,LA_PLP_FX
2005-04-25,2.5308,LA_PLP_FX
2005-04-26,2.5355,LA_PLP_FX
2005-04-27,2.5195,LA_PLP_FX
2005-04-28,2.5217,LA_PLP_FX
2005-04-29,2.5313,LA_PLP_FX
2005-05-02,2.5146,LA_PLP_FX
2005-05-03,2.5007,LA_PLP_FX
2005-05-04,2.4765,LA_PLP_FX
2005-05-05,2.4687,LA_PLP_FX
2005-05-06,2.4594,LA_PLP_FX
2005-05-09,2.4538,LA_PLP_FX
2005-05-10,2.465,LA_PLP_FX
2005-05-11,2.4719,LA_PLP_FX
2005-05-12,2.4648,LA_PLP_FX
2005-05-13,2.4715,LA_PLP_FX
2005-05-16,2.4772,LA_PLP_FX
2005-05-17,2.4779,LA_PLP_FX
2005-05-18,2.4636,LA_PLP_FX
2005-05-19,2.4458,LA_PLP_FX
2005-05-20,2.4493,LA_PLP_FX
2005-05-23,2.4299,LA_PLP_FX
2005-05-24,2.4313,LA_PLP_FX
2005-05-25,2.4116,LA_PLP_FX
2005-05-27,2.3934,LA_PLP_FX
2005-05-30,2.3784,LA_PLP_FX
2005-05-31,2.4038,LA_PLP_FX
2005-06-01,2.4286,LA_PLP_FX
2005-06-02,2.4202,LA_PLP_FX
2005-06-03,2.4029,LA_PLP_FX
2005-06-06,2.4576,LA_PLP_FX
2005-06-07,2.4632,LA_PLP_FX
2005-06-08,2.4464,LA_PLP_FX
2005-06-09,2.4891,LA_PLP_FX
2005-06-10,2.4751,LA_PLP_FX
2005-06-13,2.4562,LA_PLP_FX
2005-06-14,2.4375,LA_PLP_FX
2005-06-15,2.4455,LA_PLP_FX
2005-06-16,2.4161,LA_PLP_FX
2005-06-17,2.3873,LA_PLP_FX
2005-06-20,2.3855,LA_PLP_FX
2005-06-21,2.3772,LA_PLP_FX
2005-06-22,2.3703,LA_PLP_FX
2005-06-23,2.3932,LA_PLP_FX
2005-06-24,2.3877,LA_PLP_FX
2005-06-27,2.383,LA_PLP_FX
2005-06-28,2.3694,LA_PLP_FX
2005-06-29,2.3549,LA_PLP_FX
2005-06-30,2.3504,LA_PLP_FX
2005-07-01,2.3459,LA_PLP_FX
2005-07-04,2.3715,LA_PLP_FX
2005-07-05,2.3668,LA_PLP_FX
2005-07-06,2.3901,LA_PLP_FX
2005-07-07,2.389,LA_PLP_FX
2005-07-08,2.3683,LA_PLP_FX
2005-07-11,2.3502,LA_PLP_FX
2005-07-12,2.3353,LA_PLP_FX
2005-07-13,2.3482,LA_PLP_FX
2005-07-14,2.3433,LA_PLP_FX
2005-07-15,2.3427,LA_PLP_FX
2005-07-18,2.3304,LA_PLP_FX
2005-07-19,2.3434,LA_PLP_FX
2005-07-20,2.3522,LA_PLP_FX
2005-07-21,2.3405,LA_PLP_FX
2005-07-22,2.3761,LA_PLP_FX
2005-07-25,2.4287,LA_PLP_FX
2005-07-26,2.4656,LA_PLP_FX
2005-07-27,2.4439,LA_PLP_FX
2005-07-28,2.4211,LA_PLP_FX
2005-07-29,2.3905,LA_PLP_FX
2005-08-01,2.3785,LA_PLP_FX
2005-08-02,2.353,LA_PLP_FX
2005-08-03,2.3151,LA_PLP_FX
2005-08-04,2.3054,LA_PLP_FX
2005-08-05,2.2986,LA_PLP_FX
2005-08-08,2.31,LA_PLP_FX
2005-08-09,2.3151,LA_PLP_FX
2005-08-10,2.2767,LA_PLP_FX
2005-08-11,2.3169,LA_PLP_FX
2005-08-12,2.3758,LA_PLP_FX
2005-08-15,2.3422,LA_PLP_FX
2005-08-16,2.3442,LA_PLP_FX
2005-08-17,2.3492,LA_PLP_FX
2005-08-18,2.3637,LA_PLP_FX
2005-08-19,2.4316,LA_PLP_FX
2005-08-22,2.4028,LA_PLP_FX
2005-08-23,2.4097,LA_PLP_FX
2005-08-24,2.4235,LA_PLP_FX
2005-08-25,2.4203,LA_PLP_FX
2005-08-26,2.4129,LA_PLP_FX
2005-08-29,2.3995,LA_PLP_FX
2005-08-30,2.3861,LA_PLP_FX
2005-08-31,2.3637,LA_PLP_FX
2005-09-01,2.3623,LA_PLP_FX
2005-09-02,2.3429,LA_PLP_FX
2005-09-05,2.3295,LA_PLP_FX
2005-09-06,2.3262,LA_PLP_FX
2005-09-08,2.3198,LA_PLP_FX
2005-09-09,2.3175,LA_PLP_FX
2005-09-12,2.3197,LA_PLP_FX
2005-09-13,2.3269,LA_PLP_FX
2005-09-14,2.33,LA_PLP_FX
2005-09-15,2.3012,LA_PLP_FX
2005-09-16,2.2937,LA_PLP_FX
2005-09-19,2.2905,LA_PLP_FX
2005-09-20,2.2948,LA_PLP_FX
2005-09-21,2.2827,LA_PLP_FX
2005-09-22,2.2752,LA_PLP_FX
2005-09-23,2.2682,LA_PLP_FX
2005-09-26,2.2583,LA_PLP_FX
2005-09-27,2.2533,LA_PLP_FX
2005-09-28,2.2433,LA_PLP_FX
2005-09-29,2.2244,LA_PLP_FX
2005-09-30,2.2222,LA_PLP_FX
2005-10-03,2.2339,LA_PLP_FX
2005-10-04,2.2424,LA_PLP_FX
2005-10-05,2.2685,LA_PLP_FX
2005-10-06,2.2886,LA_PLP_FX
2005-10-07,2.263,LA_PLP_FX
2005-10-10,2.2384,LA_PLP_FX
2005-10-11,2.2351,LA_PLP_FX
2005-10-13,2.2627,LA_PLP_FX
2005-10-14,2.2511,LA_PLP_FX
2005-10-17,2.2352,LA_PLP_FX
2005-10-18,2.2405,LA_PLP_FX
2005-10-19,2.2535,LA_PLP_FX
2005-10-20,2.2443,LA_PLP_FX
2005-10-21,2.2546,LA_PLP_FX
2005-10-24,2.2623,LA_PLP_FX
2005-10-25,2.2618,LA_PLP_FX
2005-10-26,2.2746,LA_PLP_FX
2005-10-27,2.2851,LA_PLP_FX
2005-10-28,2.2791,LA_PLP_FX
2005-10-31,2.2543,LA_PLP_FX
2005-11-01,2.2516,LA_PLP_FX
2005-11-03,2.2336,LA_PLP_FX
2005-11-04,2.2231,LA_PLP_FX
2005-11-07,2.2013,LA_PLP_FX
2005-11-08,2.2032,LA_PLP_FX
2005-11-09,2.1717,LA_PLP_FX
2005-11-10,2.1757,LA_PLP_FX
2005-11-11,2.1633,LA_PLP_FX
2005-11-14,2.199,LA_PLP_FX
2005-11-16,2.1974,LA_PLP_FX
2005-11-17,2.1866,LA_PLP_FX
2005-11-18,2.2187,LA_PLP_FX
2005-11-21,2.2181,LA_PLP_FX
2005-11-22,2.2511,LA_PLP_FX
2005-11-23,2.238,LA_PLP_FX
2005-11-24,2.237,LA_PLP_FX
2005-11-25,2.2329,LA_PLP_FX
2005-11-28,2.2094,LA_PLP_FX
2005-11-29,2.198,LA_PLP_FX
2005-11-30,2.207,LA_PLP_FX
2005-12-01,2.2177,LA_PLP_FX
2005-12-02,2.2061,LA_PLP_FX
2005-12-05,2.1968,LA_PLP_FX
2005-12-06,2.1807,LA_PLP_FX
2005-12-07,2.18,LA_PLP_FX
2005-12-08,2.2127,LA_PLP_FX
2005-12-09,2.2446,LA_PLP_FX
2005-12-12,2.2634,LA_PLP_FX
2005-12-13,2.2565,LA_PLP_FX
2005-12-14,2.2779,LA_PLP_FX
2005-12-15,2.2957,LA_PLP_FX
2005-12-16,2.3356,LA_PLP_FX
2005-12-19,2.3735,LA_PLP_FX
2005-12-20,2.3497,LA_PLP_FX
2005-12-21,2.3168,LA_PLP_FX
2005-12-22,2.3254,LA_PLP_FX
2005-12-23,2.3327,LA_PLP_FX
2005-12-26,2.3325,LA_PLP_FX
2005-12-27,2.3526,LA_PLP_FX
2005-12-28,2.3483,LA_PLP_FX
2005-12-29,2.3407,LA_PLP_FX
2005-12-30,2.3407,LA_PLP_FX
2006-01-02,2.337,LA_PLP_FX
2006-01-03,2.346,LA_PLP_FX
2006-01-04,2.3066,LA_PLP_FX
2006-01-05,2.2825,LA_PLP_FX
2006-01-06,2.287,LA_PLP_FX
2006-01-09,2.2632,LA_PLP_FX
2006-01-10,2.2638,LA_PLP_FX
2006-01-11,2.2679,LA_PLP_FX
2006-01-12,2.2729,LA_PLP_FX
2006-01-13,2.2747,LA_PLP_FX
2006-01-16,2.2762,LA_PLP_FX
2006-01-17,2.2924,LA_PLP_FX
2006-01-18,2.3276,LA_PLP_FX
2006-01-19,2.3225,LA_PLP_FX
2006-01-20,2.2756,LA_PLP_FX
2006-01-23,2.2609,LA_PLP_FX
2006-01-24,2.244,LA_PLP_FX
2006-01-25,2.2433,LA_PLP_FX
2006-01-26,2.2382,LA_PLP_FX
2006-01-27,2.2152,LA_PLP_FX
2006-01-30,2.2116,LA_PLP_FX
2006-01-31,2.216,LA_PLP_FX
2006-02-01,2.2217,LA_PLP_FX
2006-02-02,2.221,LA_PLP_FX
2006-02-03,2.2202,LA_PLP_FX
2006-02-06,2.1877,LA_PLP_FX
2006-02-07,2.1866,LA_PLP_FX
2006-02-08,2.1956,LA_PLP_FX
2006-02-09,2.1778,LA_PLP_FX
2006-02-10,2.1575,LA_PLP_FX
2006-02-13,2.1621,LA_PLP_FX
2006-02-14,2.1435,LA_PLP_FX
2006-02-15,2.1375,LA_PLP_FX
2006-02-16,2.1177,LA_PLP_FX
2006-02-17,2.1186,LA_PLP_FX
2006-02-20,2.1182,LA_PLP_FX
2006-02-21,2.1297,LA_PLP_FX
2006-02-22,2.1484,LA_PLP_FX
2006-02-23,2.1353,LA_PLP_FX
2006-02-24,2.1355,LA_PLP_FX
2006-03-01,2.1181,LA_PLP_FX
2006-03-02,2.1134,LA_PLP_FX
2006-03-03,2.1155,LA_PLP_FX
2006-03-06,2.1261,LA_PLP_FX
2006-03-07,2.1682,LA_PLP_FX
2006-03-08,2.1778,LA_PLP_FX
2006-03-09,2.1615,LA_PLP_FX
2006-03-10,2.1447,LA_PLP_FX
2006-03-13,2.1349,LA_PLP_FX
2006-03-14,2.1269,LA_PLP_FX
2006-03-15,2.1215,LA_PLP_FX
2006-03-16,2.1067,LA_PLP_FX
2006-03-17,2.1188,LA_PLP_FX
2006-03-20,2.1386,LA_PLP_FX
2006-03-21,2.1591,LA_PLP_FX
2006-03-22,2.1553,LA_PLP_FX
2006-03-23,2.1506,LA_PLP_FX
2006-03-24,2.1628,LA_PLP_FX
2006-03-27,2.1804,LA_PLP_FX
2006-03-28,2.2238,LA_PLP_FX
2006-03-29,2.2228,LA_PLP_FX
2006-03-30,2.1952,LA_PLP_FX
2006-03-31,2.1724,LA_PLP_FX
2006-04-03,2.1542,LA_PLP_FX
2006-04-04,2.1293,LA_PLP_FX
2006-04-05,2.1344,LA_PLP_FX
2006-04-06,2.1299,LA_PLP_FX
2006-04-07,2.1409,LA_PLP_FX
2006-04-10,2.1522,LA_PLP_FX
2006-04-11,2.142,LA_PLP_FX
2006-04-12,2.1336,LA_PLP_FX
2006-04-13,2.1426,LA_PLP_FX
2006-04-17,2.1343,LA_PLP_FX
2006-04-18,2.1292,LA_PLP_FX
2006-04-19,2.1143,LA_PLP_FX
2006-04-20,2.1236,LA_PLP_FX
2006-04-24,2.1182,LA_PLP_FX
2006-04-25,2.1233,LA_PLP_FX
2006-04-26,2.1224,LA_PLP_FX
2006-04-27,2.1136,LA_PLP_FX
2006-04-28,2.0892,LA_PLP_FX
2006-05-02,2.0718,LA_PLP_FX
2006-05-03,2.0706,LA_PLP_FX
2006-05-04,2.0667,LA_PLP_FX
2006-05-05,2.0587,LA_PLP_FX
2006-05-08,2.0651,LA_PLP_FX
2006-05-09,2.0642,LA_PLP_FX
2006-05-10,2.0586,LA_PLP_FX
2006-05-11,2.0881,LA_PLP_FX
2006-05-12,2.1307,LA_PLP_FX
2006-05-15,2.1774,LA_PLP_FX
2006-05-16,2.1403,LA_PLP_FX
2006-05-17,2.1826,LA_PLP_FX
2006-05-18,2.1833,LA_PLP_FX
2006-05-19,2.193,LA_PLP_FX
2006-05-22,2.2883,LA_PLP_FX
2006-05-23,2.2601,LA_PLP_FX
2006-05-24,2.3711,LA_PLP_FX
2006-05-25,2.315,LA_PLP_FX
2006-05-26,2.252,LA_PLP_FX
2006-05-29,2.2566,LA_PLP_FX
2006-05-30,2.3235,LA_PLP_FX
2006-05-31,2.3005,LA_PLP_FX
2006-06-01,2.2713,LA_PLP_FX
2006-06-02,2.2595,LA_PLP_FX
2006-06-05,2.2557,LA_PLP_FX
2006-06-06,2.2686,LA_PLP_FX
2006-06-07,2.25,LA_PLP_FX
2006-06-08,2.2701,LA_PLP_FX
2006-06-09,2.2615,LA_PLP_FX
2006-06-12,2.2707,LA_PLP_FX
2006-06-13,2.3018,LA_PLP_FX
2006-06-14,2.2845,LA_PLP_FX
2006-06-16,2.2521,LA_PLP_FX
2006-06-19,2.2404,LA_PLP_FX
2006-06-20,2.2506,LA_PLP_FX
2006-06-21,2.2378,LA_PLP_FX
2006-06-22,2.2391,LA_PLP_FX
2006-06-23,2.2462,LA_PLP_FX
2006-06-26,2.2259,LA_PLP_FX
2006-06-27,2.2315,LA_PLP_FX
2006-06-28,2.2262,LA_PLP_FX
2006-06-29,2.2063,LA_PLP_FX
2006-06-30,2.1643,LA_PLP_FX
2006-07-03,2.1701,LA_PLP_FX
2006-07-04,2.1646,LA_PLP_FX
2006-07-05,2.1955,LA_PLP_FX
2006-07-06,2.184,LA_PLP_FX
2006-07-07,2.1765,LA_PLP_FX
2006-07-10,2.175,LA_PLP_FX
2006-07-11,2.1859,LA_PLP_FX
2006-07-12,2.1915,LA_PLP_FX
2006-07-13,2.2106,LA_PLP_FX
2006-07-14,2.213,LA_PLP_FX
2006-07-17,2.2126,LA_PLP_FX
2006-07-18,2.1962,LA_PLP_FX
2006-07-19,2.181,LA_PLP_FX
2006-07-20,2.1895,LA_PLP_FX
2006-07-21,2.1935,LA_PLP_FX
2006-07-24,2.1916,LA_PLP_FX
2006-07-25,2.1993,LA_PLP_FX
2006-07-26,2.1984,LA_PLP_FX
2006-07-27,2.1899,LA_PLP_FX
2006-07-28,2.18,LA_PLP_FX
2006-07-31,2.1762,LA_PLP_FX
2006-08-01,2.1905,LA_PLP_FX
2006-08-02,2.1821,LA_PLP_FX
2006-08-03,2.1835,LA_PLP_FX
2006-08-04,2.172,LA_PLP_FX
2006-08-07,2.1793,LA_PLP_FX
2006-08-08,2.1839,LA_PLP_FX
2006-08-09,2.1687,LA_PLP_FX
2006-08-10,2.1628,LA_PLP_FX
2006-08-11,2.1616,LA_PLP_FX
2006-08-14,2.1605,LA_PLP_FX
2006-08-15,2.148,LA_PLP_FX
2006-08-16,2.1329,LA_PLP_FX
2006-08-17,2.1365,LA_PLP_FX
2006-08-18,2.1456,LA_PLP_FX
2006-08-21,2.1361,LA_PLP_FX
2006-08-22,2.1355,LA_PLP_FX
2006-08-23,2.1354,LA_PLP_FX
2006-08-24,2.1523,LA_PLP_FX
2006-08-25,2.1571,LA_PLP_FX
2006-08-28,2.1473,LA_PLP_FX
2006-08-29,2.1419,LA_PLP_FX
2006-08-30,2.133,LA_PLP_FX
2006-08-31,2.1388,LA_PLP_FX
2006-09-01,2.1468,LA_PLP_FX
2006-09-04,2.1282,LA_PLP_FX
2006-09-05,2.1288,LA_PLP_FX
2006-09-06,2.1443,LA_PLP_FX
2006-09-08,2.1582,LA_PLP_FX
2006-09-11,2.1751,LA_PLP_FX
2006-09-12,2.1732,LA_PLP_FX
2006-09-13,2.17,LA_PLP_FX
2006-09-14,2.1593,LA_PLP_FX
2006-09-15,2.154,LA_PLP_FX
2006-09-18,2.1453,LA_PLP_FX
2006-09-19,2.1518,LA_PLP_FX
2006-09-20,2.169,LA_PLP_FX
2006-09-21,2.1969,LA_PLP_FX
2006-09-22,2.2177,LA_PLP_FX
2006-09-25,2.2188,LA_PLP_FX
2006-09-26,2.198,LA_PLP_FX
2006-09-27,2.186,LA_PLP_FX
2006-09-28,2.1793,LA_PLP_FX
2006-09-29,2.1742,LA_PLP_FX
2006-10-02,2.1623,LA_PLP_FX
2006-10-03,2.1655,LA_PLP_FX
2006-10-04,2.1676,LA_PLP_FX
2006-10-05,2.1629,LA_PLP_FX
2006-10-06,2.1636,LA_PLP_FX
2006-10-09,2.1588,LA_PLP_FX
2006-10-10,2.1497,LA_PLP_FX
2006-10-11,2.1546,LA_PLP_FX
2006-10-13,2.1419,LA_PLP_FX
2006-10-16,2.1331,LA_PLP_FX
2006-10-17,2.1361,LA_PLP_FX
2006-10-18,2.1339,LA_PLP_FX
2006-10-19,2.1387,LA_PLP_FX
2006-10-20,2.1457,LA_PLP_FX
2006-10-23,2.1391,LA_PLP_FX
2006-10-24,2.1467,LA_PLP_FX
2006-10-25,2.151,LA_PLP_FX
2006-10-26,2.1363,LA_PLP_FX
2006-10-27,2.1378,LA_PLP_FX
2006-10-30,2.1456,LA_PLP_FX
2006-10-31,2.143,LA_PLP_FX
2006-11-01,2.141,LA_PLP_FX
2006-11-03,2.142,LA_PLP_FX
2006-11-06,2.1378,LA_PLP_FX
2006-11-07,2.1353,LA_PLP_FX
2006-11-08,2.1464,LA_PLP_FX
2006-11-09,2.1412,LA_PLP_FX
2006-11-10,2.1489,LA_PLP_FX
2006-11-13,2.162,LA_PLP_FX
2006-11-14,2.1537,LA_PLP_FX
2006-11-16,2.1517,LA_PLP_FX
2006-11-17,2.1593,LA_PLP_FX
2006-11-20,2.1622,LA_PLP_FX
2006-11-21,2.1638,LA_PLP_FX
2006-11-22,2.1623,LA_PLP_FX
2006-11-23,2.1683,LA_PLP_FX
2006-11-24,2.17,LA_PLP_FX
2006-11-27,2.18,LA_PLP_FX
2006-11-28,2.187,LA_PLP_FX
2006-11-29,2.1783,LA_PLP_FX
2006-11-30,2.1668,LA_PLP_FX
2006-12-01,2.1672,LA_PLP_FX
2006-12-04,2.1693,LA_PLP_FX
2006-12-05,2.156,LA_PLP_FX
2006-12-06,2.1528,LA_PLP_FX
2006-12-07,2.1428,LA_PLP_FX
2006-12-08,2.1442,LA_PLP_FX
2006-12-11,2.1384,LA_PLP_FX
2006-12-12,2.1481,LA_PLP_FX
2006-12-13,2.1459,LA_PLP_FX
2006-12-14,2.146,LA_PLP_FX
2006-12-15,2.147,LA_PLP_FX
2006-12-18,2.147,LA_PLP_FX
2006-12-19,2.1572,LA_PLP_FX
2006-12-20,2.156,LA_PLP_FX
2006-12-21,2.1593,LA_PLP_FX
2006-12-22,2.1518,LA_PLP_FX
2006-12-26,2.1437,LA_PLP_FX
2006-12-27,2.1497,LA_PLP_FX
2006-12-28,2.138,LA_PLP_FX
2006-12-29,2.138,LA_PLP_FX
2007-01-02,2.1342,LA_PLP_FX
2007-01-03,2.1372,LA_PLP_FX
2007-01-04,2.1429,LA_PLP_FX
2007-01-05,2.1474,LA_PLP_FX
2007-01-08,2.1505,LA_PLP_FX
2007-01-09,2.1506,LA_PLP_FX
2007-01-10,2.1556,LA_PLP_FX
2007-01-11,2.1465,LA_PLP_FX
2007-01-12,2.1421,LA_PLP_FX
2007-01-15,2.1407,LA_PLP_FX
2007-01-16,2.1444,LA_PLP_FX
2007-01-17,2.135,LA_PLP_FX
2007-01-18,2.1329,LA_PLP_FX
2007-01-19,2.1307,LA_PLP_FX
2007-01-22,2.1327,LA_PLP_FX
2007-01-23,2.1368,LA_PLP_FX
2007-01-24,2.1286,LA_PLP_FX
2007-01-25,2.1281,LA_PLP_FX
2007-01-26,2.136,LA_PLP_FX
2007-01-29,2.136,LA_PLP_FX
2007-01-30,2.1329,LA_PLP_FX
2007-01-31,2.1247,LA_PLP_FX
2007-02-01,2.1093,LA_PLP_FX
2007-02-02,2.0982,LA_PLP_FX
2007-02-05,2.0964,LA_PLP_FX
2007-02-06,2.0833,LA_PLP_FX
2007-02-07,2.0852,LA_PLP_FX
2007-02-08,2.0951,LA_PLP_FX
2007-02-09,2.1033,LA_PLP_FX
2007-02-12,2.114,LA_PLP_FX
2007-02-13,2.1088,LA_PLP_FX
2007-02-14,2.1,LA_PLP_FX
2007-02-15,2.0896,LA_PLP_FX
2007-02-16,2.0913,LA_PLP_FX
2007-02-21,2.0802,LA_PLP_FX
2007-02-22,2.0766,LA_PLP_FX
2007-02-23,2.0868,LA_PLP_FX
2007-02-26,2.0863,LA_PLP_FX
2007-02-27,2.1099,LA_PLP_FX
2007-02-28,2.1182,LA_PLP_FX
2007-03-01,2.126,LA_PLP_FX
2007-03-02,2.1274,LA_PLP_FX
2007-03-05,2.1388,LA_PLP_FX
2007-03-06,2.1209,LA_PLP_FX
2007-03-07,2.1121,LA_PLP_FX
2007-03-08,2.1054,LA_PLP_FX
2007-03-09,2.0983,LA_PLP_FX
2007-03-12,2.0902,LA_PLP_FX
2007-03-13,2.0962,LA_PLP_FX
2007-03-14,2.1044,LA_PLP_FX
2007-03-15,2.0909,LA_PLP_FX
2007-03-16,2.0915,LA_PLP_FX
2007-03-19,2.0792,LA_PLP_FX
2007-03-20,2.0763,LA_PLP_FX
2007-03-21,2.0676,LA_PLP_FX
2007-03-22,2.0602,LA_PLP_FX
2007-03-23,2.0652,LA_PLP_FX
2007-03-26,2.0601,LA_PLP_FX
2007-03-27,2.0637,LA_PLP_FX
2007-03-28,2.0716,LA_PLP_FX
2007-03-29,2.0545,LA_PLP_FX
2007-03-30,2.0504,LA_PLP_FX
2007-04-02,2.0478,LA_PLP_FX
2007-04-03,2.0372,LA_PLP_FX
2007-04-04,2.0321,LA_PLP_FX
2007-04-05,2.0333,LA_PLP_FX
2007-04-09,2.0236,LA_PLP_FX
2007-04-10,2.0282,LA_PLP_FX
2007-04-11,2.0333,LA_PLP_FX
2007-04-12,2.0371,LA_PLP_FX
2007-04-13,2.0231,LA_PLP_FX
2007-04-16,2.034,LA_PLP_FX
2007-04-17,2.0348,LA_PLP_FX
2007-04-18,2.0365,LA_PLP_FX
2007-04-19,2.0312,LA_PLP_FX
2007-04-20,2.0262,LA_PLP_FX
2007-04-23,2.029,LA_PLP_FX
2007-04-24,2.0385,LA_PLP_FX
2007-04-25,2.0236,LA_PLP_FX
2007-04-26,2.0252,LA_PLP_FX
2007-04-27,2.0321,LA_PLP_FX
2007-04-30,2.0339,LA_PLP_FX
2007-05-02,2.0268,LA_PLP_FX
2007-05-03,2.0239,LA_PLP_FX
2007-05-04,2.0309,LA_PLP_FX
2007-05-07,2.0266,LA_PLP_FX
2007-05-08,2.0226,LA_PLP_FX
2007-05-09,2.0222,LA_PLP_FX
2007-05-10,2.0217,LA_PLP_FX
2007-05-11,2.0194,LA_PLP_FX
2007-05-14,2.0138,LA_PLP_FX
2007-05-15,1.9922,LA_PLP_FX
2007-05-16,1.9586,LA_PLP_FX
2007-05-17,1.9573,LA_PLP_FX
2007-05-18,1.963,LA_PLP_FX
2007-05-21,1.9435,LA_PLP_FX
2007-05-22,1.9409,LA_PLP_FX
2007-05-23,1.9489,LA_PLP_FX
2007-05-24,1.9653,LA_PLP_FX
2007-05-25,1.952,LA_PLP_FX
2007-05-28,1.9441,LA_PLP_FX
2007-05-29,1.9461,LA_PLP_FX
2007-05-30,1.9468,LA_PLP_FX
2007-05-31,1.9289,LA_PLP_FX
2007-06-01,1.9056,LA_PLP_FX
2007-06-04,1.9215,LA_PLP_FX
2007-06-05,1.9395,LA_PLP_FX
2007-06-06,1.9617,LA_PLP_FX
2007-06-08,1.9638,LA_PLP_FX
2007-06-11,1.9473,LA_PLP_FX
2007-06-12,1.942,LA_PLP_FX
2007-06-13,1.9442,LA_PLP_FX
2007-06-14,1.9303,LA_PLP_FX
2007-06-15,1.9097,LA_PLP_FX
2007-06-18,1.9047,LA_PLP_FX
2007-06-19,1.9058,LA_PLP_FX
2007-06-20,1.9198,LA_PLP_FX
2007-06-21,1.9197,LA_PLP_FX
2007-06-22,1.9334,LA_PLP_FX
2007-06-25,1.9379,LA_PLP_FX
2007-06-26,1.9488,LA_PLP_FX
2007-06-27,1.9499,LA_PLP_FX
2007-06-28,1.9256,LA_PLP_FX
2007-06-29,1.9262,LA_PLP_FX
2007-07-02,1.9176,LA_PLP_FX
2007-07-03,1.9122,LA_PLP_FX
2007-07-04,1.9099,LA_PLP_FX
2007-07-05,1.9157,LA_PLP_FX
2007-07-06,1.9033,LA_PLP_FX
2007-07-09,1.8992,LA_PLP_FX
2007-07-10,1.8947,LA_PLP_FX
2007-07-11,1.89,LA_PLP_FX
2007-07-12,1.8767,LA_PLP_FX
2007-07-13,1.8684,LA_PLP_FX
2007-07-16,1.8647,LA_PLP_FX
2007-07-17,1.8621,LA_PLP_FX
2007-07-18,1.8609,LA_PLP_FX
2007-07-19,1.8536,LA_PLP_FX
2007-07-20,1.8606,LA_PLP_FX
2007-07-23,1.8448,LA_PLP_FX
2007-07-24,1.8525,LA_PLP_FX
2007-07-25,1.8643,LA_PLP_FX
2007-07-26,1.9054,LA_PLP_FX
2007-07-27,1.9069,LA_PLP_FX
2007-07-30,1.8809,LA_PLP_FX
2007-07-31,1.8776,LA_PLP_FX
2007-08-01,1.8856,LA_PLP_FX
2007-08-02,1.8729,LA_PLP_FX
2007-08-03,1.8814,LA_PLP_FX
2007-08-06,1.9106,LA_PLP_FX
2007-08-07,1.9077,LA_PLP_FX
2007-08-08,1.8866,LA_PLP_FX
2007-08-09,1.9191,LA_PLP_FX
2007-08-10,1.955,LA_PLP_FX
2007-08-13,1.9411,LA_PLP_FX
2007-08-14,1.9809,LA_PLP_FX
2007-08-15,2.0043,LA_PLP_FX
2007-08-16,2.1124,LA_PLP_FX
2007-08-17,2.0376,LA_PLP_FX
2007-08-20,2.028,LA_PLP_FX
2007-08-21,2.0385,LA_PLP_FX
2007-08-22,2.0173,LA_PLP_FX
2007-08-23,1.9939,LA_PLP_FX
2007-08-24,1.9855,LA_PLP_FX
2007-08-27,1.9489,LA_PLP_FX
2007-08-28,1.9849,LA_PLP_FX
2007-08-29,1.9864,LA_PLP_FX
2007-08-30,1.9777,LA_PLP_FX
2007-08-31,1.962,LA_PLP_FX
2007-09-03,1.9547,LA_PLP_FX
2007-09-04,1.9528,LA_PLP_FX
2007-09-05,1.964,LA_PLP_FX
2007-09-06,1.9545,LA_PLP_FX
2007-09-10,1.9591,LA_PLP_FX
2007-09-11,1.9304,LA_PLP_FX
2007-09-12,1.9125,LA_PLP_FX
2007-09-13,1.8991,LA_PLP_FX
2007-09-14,1.9031,LA_PLP_FX
2007-09-17,1.9123,LA_PLP_FX
2007-09-18,1.896,LA_PLP_FX
2007-09-19,1.8639,LA_PLP_FX
2007-09-20,1.8637,LA_PLP_FX
2007-09-21,1.8618,LA_PLP_FX
2007-09-24,1.8694,LA_PLP_FX
2007-09-25,1.8656,LA_PLP_FX
2007-09-26,1.8493,LA_PLP_FX
2007-09-27,1.8409,LA_PLP_FX
2007-09-28,1.8389,LA_PLP_FX
2007-10-01,1.8225,LA_PLP_FX
2007-10-02,1.8235,LA_PLP_FX
2007-10-03,1.8274,LA_PLP_FX
2007-10-04,1.8284,LA_PLP_FX
2007-10-05,1.8092,LA_PLP_FX
2007-10-08,1.8133,LA_PLP_FX
2007-10-09,1.8108,LA_PLP_FX
2007-10-10,1.8048,LA_PLP_FX
2007-10-11,1.792,LA_PLP_FX
2007-10-15,1.8078,LA_PLP_FX
2007-10-16,1.8242,LA_PLP_FX
2007-10-17,1.8138,LA_PLP_FX
2007-10-18,1.8071,LA_PLP_FX
2007-10-19,1.7964,LA_PLP_FX
2007-10-22,1.8206,LA_PLP_FX
2007-10-23,1.8007,LA_PLP_FX
2007-10-24,1.7969,LA_PLP_FX
2007-10-25,1.7896,LA_PLP_FX
2007-10-26,1.7752,LA_PLP_FX
2007-10-29,1.7595,LA_PLP_FX
2007-10-30,1.7552,LA_PLP_FX
2007-10-31,1.744,LA_PLP_FX
2007-11-01,1.746,LA_PLP_FX
2007-11-05,1.7556,LA_PLP_FX
2007-11-06,1.7325,LA_PLP_FX
2007-11-07,1.74,LA_PLP_FX
2007-11-08,1.7354,LA_PLP_FX
2007-11-09,1.749,LA_PLP_FX
2007-11-12,1.774,LA_PLP_FX
2007-11-13,1.7682,LA_PLP_FX
2007-11-14,1.7378,LA_PLP_FX
2007-11-16,1.7414,LA_PLP_FX
2007-11-19,1.7593,LA_PLP_FX
2007-11-20,1.7647,LA_PLP_FX
2007-11-21,1.7866,LA_PLP_FX
2007-11-22,1.7747,LA_PLP_FX
2007-11-23,1.7962,LA_PLP_FX
2007-11-26,1.811,LA_PLP_FX
2007-11-27,1.8501,LA_PLP_FX
2007-11-28,1.8018,LA_PLP_FX
2007-11-29,1.7905,LA_PLP_FX
2007-11-30,1.7837,LA_PLP_FX
2007-12-03,1.7888,LA_PLP_FX
2007-12-04,1.8233,LA_PLP_FX
2007-12-05,1.7956,LA_PLP_FX
2007-12-06,1.7873,LA_PLP_FX
2007-12-07,1.7616,LA_PLP_FX
2007-12-10,1.762,LA_PLP_FX
2007-12-11,1.765,LA_PLP_FX
2007-12-12,1.7624,LA_PLP_FX
2007-12-13,1.7746,LA_PLP_FX
2007-12-14,1.7959,LA_PLP_FX
2007-12-17,1.8123,LA_PLP_FX
2007-12-18,1.8091,LA_PLP_FX
2007-12-19,1.8019,LA_PLP_FX
2007-12-20,1.8032,LA_PLP_FX
2007-12-21,1.7966,LA_PLP_FX
2007-12-24,1.7909,LA_PLP_FX
2007-12-26,1.7795,LA_PLP_FX
2007-12-27,1.7671,LA_PLP_FX
2007-12-28,1.7713,LA_PLP_FX
2007-12-31,1.7713,LA_PLP_FX
2008-01-02,1.7722,LA_PLP_FX
2008-01-03,1.7569,LA_PLP_FX
2008-01-04,1.7574,LA_PLP_FX
2008-01-07,1.7675,LA_PLP_FX
2008-01-08,1.7554,LA_PLP_FX
2008-01-09,1.7691,LA_PLP_FX
2008-01-10,1.7628,LA_PLP_FX
2008-01-11,1.7536,LA_PLP_FX
2008-01-14,1.7414,LA_PLP_FX
2008-01-15,1.745,LA_PLP_FX
2008-01-16,1.763,LA_PLP_FX
2008-01-17,1.7687,LA_PLP_FX
2008-01-18,1.785,LA_PLP_FX
2008-01-21,1.8301,LA_PLP_FX
2008-01-22,1.8041,LA_PLP_FX
2008-01-23,1.8147,LA_PLP_FX
2008-01-24,1.7883,LA_PLP_FX
2008-01-25,1.7912,LA_PLP_FX
2008-01-28,1.7906,LA_PLP_FX
2008-01-29,1.7762,LA_PLP_FX
2008-01-30,1.7802,LA_PLP_FX
2008-01-31,1.7603,LA_PLP_FX
2008-02-01,1.7451,LA_PLP_FX
2008-02-06,1.7531,LA_PLP_FX
2008-02-07,1.7627,LA_PLP_FX
2008-02-08,1.7681,LA_PLP_FX
2008-02-11,1.7601,LA_PLP_FX
2008-02-12,1.7478,LA_PLP_FX
2008-02-13,1.7459,LA_PLP_FX
2008-02-14,1.7469,LA_PLP_FX
2008-02-15,1.7541,LA_PLP_FX
2008-02-18,1.7394,LA_PLP_FX
2008-02-19,1.7329,LA_PLP_FX
2008-02-20,1.7351,LA_PLP_FX
2008-02-21,1.7104,LA_PLP_FX
2008-02-22,1.704,LA_PLP_FX
2008-02-25,1.7062,LA_PLP_FX
2008-02-26,1.6882,LA_PLP_FX
2008-02-27,1.6715,LA_PLP_FX
2008-02-28,1.6723,LA_PLP_FX
2008-02-29,1.6833,LA_PLP_FX
2008-03-03,1.6816,LA_PLP_FX
2008-03-04,1.673,LA_PLP_FX
2008-03-05,1.67,LA_PLP_FX
2008-03-06,1.672,LA_PLP_FX
2008-03-07,1.6841,LA_PLP_FX
2008-03-10,1.6996,LA_PLP_FX
2008-03-11,1.6947,LA_PLP_FX
2008-03-12,1.6796,LA_PLP_FX
2008-03-13,1.6971,LA_PLP_FX
2008-03-14,1.6947,LA_PLP_FX
2008-03-17,1.7248,LA_PLP_FX
2008-03-18,1.7007,LA_PLP_FX
2008-03-19,1.7045,LA_PLP_FX
2008-03-20,1.7424,LA_PLP_FX
2008-03-24,1.7407,LA_PLP_FX
2008-03-25,1.7341,LA_PLP_FX
2008-03-26,1.7288,LA_PLP_FX
2008-03-27,1.7345,LA_PLP_FX
2008-03-28,1.7456,LA_PLP_FX
2008-03-31,1.7491,LA_PLP_FX
2008-04-01,1.7534,LA_PLP_FX
2008-04-02,1.7273,LA_PLP_FX
2008-04-03,1.7252,LA_PLP_FX
2008-04-04,1.7117,LA_PLP_FX
2008-04-07,1.699,LA_PLP_FX
2008-04-08,1.7038,LA_PLP_FX
2008-04-09,1.6878,LA_PLP_FX
2008-04-10,1.6822,LA_PLP_FX
2008-04-11,1.6876,LA_PLP_FX
2008-04-14,1.6867,LA_PLP_FX
2008-04-15,1.6822,LA_PLP_FX
2008-04-16,1.6699,LA_PLP_FX
2008-04-17,1.6588,LA_PLP_FX
2008-04-18,1.6693,LA_PLP_FX
2008-04-22,1.6575,LA_PLP_FX
2008-04-23,1.6582,LA_PLP_FX
2008-04-24,1.6687,LA_PLP_FX
2008-04-25,1.6688,LA_PLP_FX
2008-04-28,1.6764,LA_PLP_FX
2008-04-29,1.7058,LA_PLP_FX
2008-04-30,1.6872,LA_PLP_FX
2008-05-02,1.6506,LA_PLP_FX
2008-05-05,1.6578,LA_PLP_FX
2008-05-06,1.6615,LA_PLP_FX
2008-05-07,1.6741,LA_PLP_FX
2008-05-08,1.6936,LA_PLP_FX
2008-05-09,1.6949,LA_PLP_FX
2008-05-12,1.6743,LA_PLP_FX
2008-05-13,1.6583,LA_PLP_FX
2008-05-14,1.6641,LA_PLP_FX
2008-05-15,1.6601,LA_PLP_FX
2008-05-16,1.6434,LA_PLP_FX
2008-05-19,1.646,LA_PLP_FX
2008-05-20,1.657,LA_PLP_FX
2008-05-21,1.6492,LA_PLP_FX
2008-05-23,1.6547,LA_PLP_FX
2008-05-26,1.661,LA_PLP_FX
2008-05-27,1.6681,LA_PLP_FX
2008-05-28,1.663,LA_PLP_FX
2008-05-29,1.6496,LA_PLP_FX
2008-05-30,1.6294,LA_PLP_FX
2008-06-02,1.632,LA_PLP_FX
2008-06-03,1.6215,LA_PLP_FX
2008-06-04,1.6307,LA_PLP_FX
2008-06-05,1.6262,LA_PLP_FX
2008-06-06,1.6282,LA_PLP_FX
2008-06-09,1.6265,LA_PLP_FX
2008-06-10,1.6392,LA_PLP_FX
2008-06-11,1.6428,LA_PLP_FX
2008-06-12,1.64,LA_PLP_FX
2008-06-13,1.6368,LA_PLP_FX
2008-06-16,1.6277,LA_PLP_FX
2008-06-17,1.6127,LA_PLP_FX
2008-06-18,1.6113,LA_PLP_FX
2008-06-19,1.6051,LA_PLP_FX
2008-06-20,1.6042,LA_PLP_FX
2008-06-23,1.6117,LA_PLP_FX
2008-06-24,1.6046,LA_PLP_FX
2008-06-25,1.6001,LA_PLP_FX
2008-06-26,1.5951,LA_PLP_FX
2008-06-27,1.6077,LA_PLP_FX
2008-06-30,1.5919,LA_PLP_FX
2008-07-01,1.6061,LA_PLP_FX
2008-07-02,1.5993,LA_PLP_FX
2008-07-03,1.6089,LA_PLP_FX
2008-07-04,1.61,LA_PLP_FX
2008-07-07,1.6041,LA_PLP_FX
2008-07-08,1.6027,LA_PLP_FX
2008-07-09,1.6092,LA_PLP_FX
2008-07-10,1.6147,LA_PLP_FX
2008-07-11,1.6032,LA_PLP_FX
2008-07-14,1.5942,LA_PLP_FX
2008-07-15,1.591,LA_PLP_FX
2008-07-16,1.596,LA_PLP_FX
2008-07-17,1.5913,LA_PLP_FX
2008-07-18,1.5938,LA_PLP_FX
2008-07-21,1.5818,LA_PLP_FX
2008-07-22,1.5811,LA_PLP_FX
2008-07-23,1.5834,LA_PLP_FX
2008-07-24,1.5781,LA_PLP_FX
2008-07-25,1.5745,LA_PLP_FX
2008-07-28,1.5754,LA_PLP_FX
2008-07-29,1.573,LA_PLP_FX
2008-07-30,1.5641,LA_PLP_FX
2008-07-31,1.5666,LA_PLP_FX
2008-08-01,1.5593,LA_PLP_FX
2008-08-04,1.5659,LA_PLP_FX
2008-08-05,1.5732,LA_PLP_FX
2008-08-06,1.5782,LA_PLP_FX
2008-08-07,1.5843,LA_PLP_FX
2008-08-08,1.6136,LA_PLP_FX
2008-08-11,1.6148,LA_PLP_FX
2008-08-12,1.6161,LA_PLP_FX
2008-08-13,1.6211,LA_PLP_FX
2008-08-14,1.6204,LA_PLP_FX
2008-08-15,1.6389,LA_PLP_FX
2008-08-18,1.6349,LA_PLP_FX
2008-08-19,1.6343,LA_PLP_FX
2008-08-20,1.6207,LA_PLP_FX
2008-08-21,1.6143,LA_PLP_FX
2008-08-22,1.6217,LA_PLP_FX
2008-08-25,1.6275,LA_PLP_FX
2008-08-26,1.6375,LA_PLP_FX
2008-08-27,1.6213,LA_PLP_FX
2008-08-28,1.6262,LA_PLP_FX
2008-08-29,1.6344,LA_PLP_FX
2008-09-01,1.6447,LA_PLP_FX
2008-09-02,1.6602,LA_PLP_FX
2008-09-03,1.6728,LA_PLP_FX
2008-09-04,1.701,LA_PLP_FX
2008-09-05,1.7305,LA_PLP_FX
2008-09-08,1.7282,LA_PLP_FX
2008-09-09,1.7544,LA_PLP_FX
2008-09-10,1.7858,LA_PLP_FX
2008-09-11,1.8255,LA_PLP_FX
2008-09-12,1.7912,LA_PLP_FX
2008-09-15,1.8125,LA_PLP_FX
2008-09-16,1.841,LA_PLP_FX
2008-09-17,1.866,LA_PLP_FX
2008-09-18,1.9159,LA_PLP_FX
2008-09-19,1.8398,LA_PLP_FX
2008-09-22,1.7989,LA_PLP_FX
2008-09-23,1.8242,LA_PLP_FX
2008-09-24,1.8445,LA_PLP_FX
2008-09-25,1.8277,LA_PLP_FX
2008-09-26,1.8555,LA_PLP_FX
2008-09-29,1.9559,LA_PLP_FX
2008-09-30,1.9143,LA_PLP_FX
2008-10-01,1.9213,LA_PLP_FX
2008-10-02,2.0081,LA_PLP_FX
2008-10-03,2.054,LA_PLP_FX
2008-10-06,2.1769,LA_PLP_FX
2008-10-07,2.1883,LA_PLP_FX
2008-10-08,2.3924,LA_PLP_FX
2008-10-09,2.1818,LA_PLP_FX
2008-10-10,2.288,LA_PLP_FX
2008-10-13,2.1562,LA_PLP_FX
2008-10-14,2.0789,LA_PLP_FX
2008-10-15,2.1551,LA_PLP_FX
2008-10-16,2.1854,LA_PLP_FX
2008-10-17,2.102,LA_PLP_FX
2008-10-20,2.1174,LA_PLP_FX
2008-10-21,2.1941,LA_PLP_FX
2008-10-22,2.365,LA_PLP_FX
2008-10-23,2.3147,LA_PLP_FX
2008-10-24,2.3112,LA_PLP_FX
2008-10-27,2.2524,LA_PLP_FX
2008-10-28,2.17,LA_PLP_FX
2008-10-29,2.132,LA_PLP_FX
2008-10-30,2.1151,LA_PLP_FX
2008-10-31,2.1153,LA_PLP_FX
2008-11-03,2.1818,LA_PLP_FX
2008-11-04,2.1227,LA_PLP_FX
2008-11-05,2.121,LA_PLP_FX
2008-11-06,2.1593,LA_PLP_FX
2008-11-07,2.1613,LA_PLP_FX
2008-11-10,2.1335,LA_PLP_FX
2008-11-11,2.201,LA_PLP_FX
2008-11-12,2.2632,LA_PLP_FX
2008-11-13,2.3314,LA_PLP_FX
2008-11-14,2.28,LA_PLP_FX
2008-11-17,2.294,LA_PLP_FX
2008-11-18,2.2996,LA_PLP_FX
2008-11-19,2.3766,LA_PLP_FX
2008-11-20,2.3962,LA_PLP_FX
2008-11-21,2.4277,LA_PLP_FX
2008-11-24,2.35,LA_PLP_FX
2008-11-25,2.3056,LA_PLP_FX
2008-11-26,2.3221,LA_PLP_FX
2008-11-27,2.2657,LA_PLP_FX
2008-11-28,2.3331,LA_PLP_FX
2008-12-01,2.3565,LA_PLP_FX
2008-12-02,2.3457,LA_PLP_FX
2008-12-03,2.4213,LA_PLP_FX
2008-12-04,2.4905,LA_PLP_FX
2008-12-05,2.5004,LA_PLP_FX
2008-12-08,2.4689,LA_PLP_FX
2008-12-09,2.4829,LA_PLP_FX
2008-12-10,2.4683,LA_PLP_FX
2008-12-11,2.3397,LA_PLP_FX
2008-12-12,2.392,LA_PLP_FX
2008-12-15,2.369,LA_PLP_FX
2008-12-16,2.3783,LA_PLP_FX
2008-12-17,2.3576,LA_PLP_FX
2008-12-18,2.3572,LA_PLP_FX
2008-12-19,2.3859,LA_PLP_FX
2008-12-22,2.374,LA_PLP_FX
2008-12-23,2.3829,LA_PLP_FX
2008-12-24,2.3751,LA_PLP_FX
2008-12-26,2.3613,LA_PLP_FX
2008-12-29,2.3956,LA_PLP_FX
2008-12-30,2.337,LA_PLP_FX
2008-12-31,2.337,LA_PLP_FX
2009-01-02,2.3298,LA_PLP_FX
2009-01-05,2.278,LA_PLP_FX
2009-01-06,2.1889,LA_PLP_FX
2009-01-07,2.2174,LA_PLP_FX
2009-01-08,2.2683,LA_PLP_FX
2009-01-09,2.2867,LA_PLP_FX
2009-01-12,2.2969,LA_PLP_FX
2009-01-13,2.3083,LA_PLP_FX
2009-01-14,2.3341,LA_PLP_FX
2009-01-15,2.3803,LA_PLP_FX
2009-01-16,2.3248,LA_PLP_FX
2009-01-19,2.3306,LA_PLP_FX
2009-01-20,2.3548,LA_PLP_FX
2009-01-21,2.3544,LA_PLP_FX
2009-01-22,2.3299,LA_PLP_FX
2009-01-23,2.3568,LA_PLP_FX
2009-01-26,2.3149,LA_PLP_FX
2009-01-27,2.3109,LA_PLP_FX
2009-01-28,2.2982,LA_PLP_FX
2009-01-29,2.2761,LA_PLP_FX
2009-01-30,2.3162,LA_PLP_FX
2009-02-02,2.3475,LA_PLP_FX
2009-02-03,2.3144,LA_PLP_FX
2009-02-04,2.2994,LA_PLP_FX
2009-02-05,2.3065,LA_PLP_FX
2009-02-06,2.2658,LA_PLP_FX
2009-02-09,2.2446,LA_PLP_FX
2009-02-10,2.2528,LA_PLP_FX
2009-02-11,2.287,LA_PLP_FX
2009-02-12,2.2909,LA_PLP_FX
2009-02-13,2.268,LA_PLP_FX
2009-02-16,2.2719,LA_PLP_FX
2009-02-17,2.3131,LA_PLP_FX
2009-02-18,2.3396,LA_PLP_FX
2009-02-19,2.3249,LA_PLP_FX
2009-02-20,2.3916,LA_PLP_FX
2009-02-25,2.3814,LA_PLP_FX
2009-02-26,2.3503,LA_PLP_FX
2009-02-27,2.3784,LA_PLP_FX
2009-03-02,2.4121,LA_PLP_FX
2009-03-03,2.4218,LA_PLP_FX
2009-03-04,2.3917,LA_PLP_FX
2009-03-05,2.3822,LA_PLP_FX
2009-03-06,2.3768,LA_PLP_FX
2009-03-09,2.3781,LA_PLP_FX
2009-03-10,2.3515,LA_PLP_FX
2009-03-11,2.3366,LA_PLP_FX
2009-03-12,2.3158,LA_PLP_FX
2009-03-13,2.3012,LA_PLP_FX
2009-03-16,2.2705,LA_PLP_FX
2009-03-17,2.2833,LA_PLP_FX
2009-03-18,2.2806,LA_PLP_FX
2009-03-19,2.2379,LA_PLP_FX
2009-03-20,2.2567,LA_PLP_FX
2009-03-23,2.2505,LA_PLP_FX
2009-03-24,2.2567,LA_PLP_FX
2009-03-25,2.2435,LA_PLP_FX
2009-03-26,2.2375,LA_PLP_FX
2009-03-27,2.2745,LA_PLP_FX
2009-03-30,2.3297,LA_PLP_FX
2009-03-31,2.3152,LA_PLP_FX
2009-04-01,2.2899,LA_PLP_FX
2009-04-02,2.2355,LA_PLP_FX
2009-04-03,2.2072,LA_PLP_FX
2009-04-06,2.2252,LA_PLP_FX
2009-04-07,2.2249,LA_PLP_FX
2009-04-08,2.2014,LA_PLP_FX
2009-04-09,2.1766,LA_PLP_FX
2009-04-13,2.1699,LA_PLP_FX
2009-04-14,2.1876,LA_PLP_FX
2009-04-15,2.1992,LA_PLP_FX
2009-04-16,2.1791,LA_PLP_FX
2009-04-17,2.1864,LA_PLP_FX
2009-04-20,2.235,LA_PLP_FX
2009-04-22,2.2128,LA_PLP_FX
2009-04-23,2.2107,LA_PLP_FX
2009-04-24,2.1933,LA_PLP_FX
2009-04-27,2.2165,LA_PLP_FX
2009-04-28,2.2037,LA_PLP_FX
2009-04-29,2.1838,LA_PLP_FX
2009-04-30,2.1783,LA_PLP_FX
2009-05-04,2.1369,LA_PLP_FX
2009-05-05,2.1476,LA_PLP_FX
2009-05-06,2.1213,LA_PLP_FX
2009-05-07,2.0984,LA_PLP_FX
2009-05-08,2.075,LA_PLP_FX
2009-05-11,2.0579,LA_PLP_FX
2009-05-12,2.0649,LA_PLP_FX
2009-05-13,2.0992,LA_PLP_FX
2009-05-14,2.0929,LA_PLP_FX
2009-05-15,2.0762,LA_PLP_FX
2009-05-18,2.0784,LA_PLP_FX
2009-05-19,2.0488,LA_PLP_FX
2009-05-20,2.0199,LA_PLP_FX
2009-05-21,2.0264,LA_PLP_FX
2009-05-22,2.0279,LA_PLP_FX
2009-05-25,2.0234,LA_PLP_FX
2009-05-26,2.0261,LA_PLP_FX
2009-05-27,2.0095,LA_PLP_FX
2009-05-28,2.0144,LA_PLP_FX
2009-05-29,1.973,LA_PLP_FX
2009-06-01,1.944,LA_PLP_FX
2009-06-02,1.937,LA_PLP_FX
2009-06-03,1.96,LA_PLP_FX
2009-06-04,1.9497,LA_PLP_FX
2009-06-05,1.9534,LA_PLP_FX
2009-06-08,1.9704,LA_PLP_FX
2009-06-09,1.9385,LA_PLP_FX
2009-06-10,1.9474,LA_PLP_FX
2009-06-12,1.9301,LA_PLP_FX
2009-06-15,1.9458,LA_PLP_FX
2009-06-16,1.9461,LA_PLP_FX
2009-06-17,1.9784,LA_PLP_FX
2009-06-18,1.9709,LA_PLP_FX
2009-06-19,1.9592,LA_PLP_FX
2009-06-22,2.0074,LA_PLP_FX
2009-06-23,2.0019,LA_PLP_FX
2009-06-24,1.9724,LA_PLP_FX
2009-06-25,1.9562,LA_PLP_FX
2009-06-26,1.9396,LA_PLP_FX
2009-06-29,1.9487,LA_PLP_FX
2009-06-30,1.9516,LA_PLP_FX
2009-07-01,1.9342,LA_PLP_FX
2009-07-02,1.9469,LA_PLP_FX
2009-07-03,1.9474,LA_PLP_FX
2009-07-06,1.9711,LA_PLP_FX
2009-07-07,1.9641,LA_PLP_FX
2009-07-08,1.9982,LA_PLP_FX
2009-07-09,1.9921,LA_PLP_FX
2009-07-10,2.0147,LA_PLP_FX
2009-07-13,1.9895,LA_PLP_FX
2009-07-14,1.9704,LA_PLP_FX
2009-07-15,1.942,LA_PLP_FX
2009-07-16,1.934,LA_PLP_FX
2009-07-17,1.929,LA_PLP_FX
2009-07-20,1.9068,LA_PLP_FX
2009-07-21,1.9043,LA_PLP_FX
2009-07-22,1.9029,LA_PLP_FX
2009-07-23,1.8922,LA_PLP_FX
2009-07-24,1.896,LA_PLP_FX
2009-07-27,1.8837,LA_PLP_FX
2009-07-28,1.8819,LA_PLP_FX
2009-07-29,1.8982,LA_PLP_FX
2009-07-30,1.8811,LA_PLP_FX
2009-07-31,1.8726,LA_PLP_FX
2009-08-03,1.8369,LA_PLP_FX
2009-08-04,1.8272,LA_PLP_FX
2009-08-05,1.8181,LA_PLP_FX
2009-08-06,1.8348,LA_PLP_FX
2009-08-07,1.8232,LA_PLP_FX
2009-08-10,1.8412,LA_PLP_FX
2009-08-11,1.8457,LA_PLP_FX
2009-08-12,1.8386,LA_PLP_FX
2009-08-13,1.8325,LA_PLP_FX
2009-08-14,1.8385,LA_PLP_FX
2009-08-17,1.8682,LA_PLP_FX
2009-08-18,1.8574,LA_PLP_FX
2009-08-19,1.8433,LA_PLP_FX
2009-08-20,1.8434,LA_PLP_FX
2009-08-21,1.8297,LA_PLP_FX
2009-08-24,1.8339,LA_PLP_FX
2009-08-25,1.8419,LA_PLP_FX
2009-08-26,1.867,LA_PLP_FX
2009-08-27,1.8669,LA_PLP_FX
2009-08-28,1.874,LA_PLP_FX
2009-08-31,1.8864,LA_PLP_FX
2009-09-01,1.8829,LA_PLP_FX
2009-09-02,1.9038,LA_PLP_FX
2009-09-03,1.8702,LA_PLP_FX
2009-09-04,1.8501,LA_PLP_FX
2009-09-08,1.8254,LA_PLP_FX
2009-09-09,1.828,LA_PLP_FX
2009-09-10,1.8261,LA_PLP_FX
2009-09-11,1.8179,LA_PLP_FX
2009-09-14,1.8197,LA_PLP_FX
2009-09-15,1.8087,LA_PLP_FX
2009-09-16,1.7984,LA_PLP_FX
2009-09-17,1.8094,LA_PLP_FX
2009-09-18,1.8049,LA_PLP_FX
2009-09-21,1.8172,LA_PLP_FX
2009-09-22,1.8061,LA_PLP_FX
2009-09-23,1.7916,LA_PLP_FX
2009-09-24,1.7917,LA_PLP_FX
2009-09-25,1.8017,LA_PLP_FX
2009-09-28,1.791,LA_PLP_FX
2009-09-29,1.7928,LA_PLP_FX
2009-09-30,1.7781,LA_PLP_FX
2009-10-01,1.7794,LA_PLP_FX
2009-10-02,1.7844,LA_PLP_FX
2009-10-05,1.7673,LA_PLP_FX
2009-10-06,1.7533,LA_PLP_FX
2009-10-07,1.7595,LA_PLP_FX
2009-10-08,1.7412,LA_PLP_FX
2009-10-09,1.7389,LA_PLP_FX
2009-10-13,1.7298,LA_PLP_FX
2009-10-14,1.7099,LA_PLP_FX
2009-10-15,1.7037,LA_PLP_FX
2009-10-16,1.7135,LA_PLP_FX
2009-10-19,1.713,LA_PLP_FX
2009-10-20,1.745,LA_PLP_FX
2009-10-21,1.744,LA_PLP_FX
2009-10-22,1.7304,LA_PLP_FX
2009-10-23,1.7113,LA_PLP_FX
2009-10-26,1.7157,LA_PLP_FX
2009-10-27,1.7342,LA_PLP_FX
2009-10-28,1.7447,LA_PLP_FX
2009-10-29,1.7436,LA_PLP_FX
2009-10-30,1.744,LA_PLP_FX
2009-11-03,1.7588,LA_PLP_FX
2009-11-04,1.7271,LA_PLP_FX
2009-11-05,1.724,LA_PLP_FX
2009-11-06,1.7179,LA_PLP_FX
2009-11-09,1.7024,LA_PLP_FX
2009-11-10,1.7096,LA_PLP_FX
2009-11-11,1.7112,LA_PLP_FX
2009-11-12,1.725,LA_PLP_FX
2009-11-13,1.729,LA_PLP_FX
2009-11-16,1.7127,LA_PLP_FX
2009-11-17,1.7153,LA_PLP_FX
2009-11-18,1.7103,LA_PLP_FX
2009-11-19,1.7287,LA_PLP_FX
2009-11-20,1.7356,LA_PLP_FX
2009-11-23,1.7245,LA_PLP_FX
2009-11-24,1.7282,LA_PLP_FX
2009-11-25,1.7272,LA_PLP_FX
2009-11-26,1.7409,LA_PLP_FX
2009-11-27,1.7443,LA_PLP_FX
2009-11-30,1.7505,LA_PLP_FX
2009-12-01,1.7293,LA_PLP_FX
2009-12-02,1.7201,LA_PLP_FX
2009-12-03,1.7096,LA_PLP_FX
2009-12-04,1.7131,LA_PLP_FX
2009-12-07,1.7302,LA_PLP_FX
2009-12-08,1.7482,LA_PLP_FX
2009-12-09,1.7611,LA_PLP_FX
2009-12-10,1.7627,LA_PLP_FX
2009-12-11,1.7521,LA_PLP_FX
2009-12-14,1.7483,LA_PLP_FX
2009-12-15,1.7557,LA_PLP_FX
2009-12-16,1.7518,LA_PLP_FX
2009-12-17,1.7823,LA_PLP_FX
2009-12-18,1.7879,LA_PLP_FX
2009-12-21,1.7787,LA_PLP_FX
2009-12-22,1.7825,LA_PLP_FX
2009-12-23,1.7763,LA_PLP_FX
2009-12-24,1.7527,LA_PLP_FX
2009-12-28,1.7398,LA_PLP_FX
2009-12-29,1.7421,LA_PLP_FX
2009-12-30,1.7412,LA_PLP_FX
2009-12-31,1.7412,LA_PLP_FX
2010-01-04,1.724,LA_PLP_FX
2010-01-05,1.7227,LA_PLP_FX
2010-01-06,1.7337,LA_PLP_FX
2010-01-07,1.7413,LA_PLP_FX
2010-01-08,1.739,LA_PLP_FX
2010-01-11,1.7323,LA_PLP_FX
2010-01-12,1.7439,LA_PLP_FX
2010-01-13,1.7442,LA_PLP_FX
2010-01-14,1.7648,LA_PLP_FX
2010-01-15,1.7711,LA_PLP_FX
2010-01-18,1.7721,LA_PLP_FX
2010-01-19,1.7747,LA_PLP_FX
2010-01-20,1.7854,LA_PLP_FX
2010-01-21,1.7903,LA_PLP_FX
2010-01-22,1.8187,LA_PLP_FX
2010-01-25,1.8194,LA_PLP_FX
2010-01-26,1.8367,LA_PLP_FX
2010-01-27,1.8513,LA_PLP_FX
2010-01-28,1.856,LA_PLP_FX
2010-01-29,1.8748,LA_PLP_FX
2010-02-01,1.8773,LA_PLP_FX
2010-02-02,1.8363,LA_PLP_FX
2010-02-03,1.8337,LA_PLP_FX
2010-02-04,1.8715,LA_PLP_FX
2010-02-05,1.8753,LA_PLP_FX
2010-02-08,1.873,LA_PLP_FX
2010-02-09,1.855,LA_PLP_FX
2010-02-10,1.8483,LA_PLP_FX
2010-02-11,1.8516,LA_PLP_FX
2010-02-12,1.867,LA_PLP_FX
2010-02-17,1.8313,LA_PLP_FX
2010-02-18,1.8266,LA_PLP_FX
2010-02-19,1.8116,LA_PLP_FX
2010-02-22,1.8046,LA_PLP_FX
2010-02-23,1.8186,LA_PLP_FX
2010-02-24,1.8203,LA_PLP_FX
2010-02-25,1.8364,LA_PLP_FX
2010-02-26,1.811,LA_PLP_FX
2010-03-01,1.8,LA_PLP_FX
2010-03-02,1.7851,LA_PLP_FX
2010-03-03,1.7846,LA_PLP_FX
2010-03-04,1.7888,LA_PLP_FX
2010-03-05,1.7824,LA_PLP_FX
2010-03-08,1.7826,LA_PLP_FX
2010-03-09,1.7899,LA_PLP_FX
2010-03-10,1.7716,LA_PLP_FX
2010-03-11,1.7693,LA_PLP_FX
2010-03-12,1.7637,LA_PLP_FX
2010-03-15,1.7644,LA_PLP_FX
2010-03-16,1.7666,LA_PLP_FX
2010-03-17,1.764,LA_PLP_FX
2010-03-18,1.7848,LA_PLP_FX
2010-03-19,1.7954,LA_PLP_FX
2010-03-22,1.803,LA_PLP_FX
2010-03-23,1.7813,LA_PLP_FX
2010-03-24,1.7904,LA_PLP_FX
2010-03-25,1.8008,LA_PLP_FX
2010-03-26,1.8231,LA_PLP_FX
2010-03-29,1.8064,LA_PLP_FX
2010-03-30,1.7952,LA_PLP_FX
2010-03-31,1.781,LA_PLP_FX
2010-04-01,1.7701,LA_PLP_FX
2010-04-05,1.7573,LA_PLP_FX
2010-04-06,1.7605,LA_PLP_FX
2010-04-07,1.7662,LA_PLP_FX
2010-04-08,1.7806,LA_PLP_FX
2010-04-09,1.773,LA_PLP_FX
2010-04-12,1.7608,LA_PLP_FX
2010-04-13,1.7584,LA_PLP_FX
2010-04-14,1.7446,LA_PLP_FX
2010-04-15,1.7483,LA_PLP_FX
2010-04-16,1.7558,LA_PLP_FX
2010-04-19,1.7588,LA_PLP_FX
2010-04-20,1.7497,LA_PLP_FX
2010-04-22,1.7626,LA_PLP_FX
2010-04-23,1.7624,LA_PLP_FX
2010-04-26,1.7446,LA_PLP_FX
2010-04-27,1.7592,LA_PLP_FX
2010-04-28,1.7558,LA_PLP_FX
2010-04-29,1.7321,LA_PLP_FX
2010-04-30,1.7306,LA_PLP_FX
2010-05-03,1.7315,LA_PLP_FX
2010-05-04,1.7557,LA_PLP_FX
2010-05-05,1.7862,LA_PLP_FX
2010-05-06,1.8353,LA_PLP_FX
2010-05-07,1.8343,LA_PLP_FX
2010-05-10,1.7833,LA_PLP_FX
2010-05-11,1.7843,LA_PLP_FX
2010-05-12,1.7723,LA_PLP_FX
2010-05-13,1.7737,LA_PLP_FX
2010-05-14,1.7967,LA_PLP_FX
2010-05-17,1.8045,LA_PLP_FX
2010-05-18,1.7921,LA_PLP_FX
2010-05-19,1.8366,LA_PLP_FX
2010-05-20,1.8677,LA_PLP_FX
2010-05-21,1.871,LA_PLP_FX
2010-05-24,1.8522,LA_PLP_FX
2010-05-25,1.8811,LA_PLP_FX
2010-05-26,1.8461,LA_PLP_FX
2010-05-27,1.8328,LA_PLP_FX
2010-05-28,1.8229,LA_PLP_FX
2010-05-31,1.8167,LA_PLP_FX
2010-06-01,1.8255,LA_PLP_FX
2010-06-02,1.8362,LA_PLP_FX
2010-06-04,1.8401,LA_PLP_FX
2010-06-07,1.8634,LA_PLP_FX
2010-06-08,1.8658,LA_PLP_FX
2010-06-09,1.8423,LA_PLP_FX
2010-06-10,1.8185,LA_PLP_FX
2010-06-11,1.8125,LA_PLP_FX
2010-06-14,1.803,LA_PLP_FX
2010-06-15,1.7971,LA_PLP_FX
2010-06-16,1.7893,LA_PLP_FX
2010-06-17,1.7817,LA_PLP_FX
2010-06-18,1.7761,LA_PLP_FX
2010-06-21,1.7663,LA_PLP_FX
2010-06-22,1.768,LA_PLP_FX
2010-06-23,1.7908,LA_PLP_FX
2010-06-24,1.7907,LA_PLP_FX
2010-06-25,1.7781,LA_PLP_FX
2010-06-28,1.7826,LA_PLP_FX
2010-06-29,1.8076,LA_PLP_FX
2010-06-30,1.8015,LA_PLP_FX
2010-07-01,1.8006,LA_PLP_FX
2010-07-02,1.7785,LA_PLP_FX
2010-07-05,1.7755,LA_PLP_FX
2010-07-06,1.7665,LA_PLP_FX
2010-07-07,1.7719,LA_PLP_FX
2010-07-08,1.7652,LA_PLP_FX
2010-07-09,1.7572,LA_PLP_FX
2010-07-12,1.7644,LA_PLP_FX
2010-07-13,1.7525,LA_PLP_FX
2010-07-14,1.7657,LA_PLP_FX
2010-07-15,1.769,LA_PLP_FX
2010-07-16,1.7792,LA_PLP_FX
2010-07-19,1.7854,LA_PLP_FX
2010-07-20,1.78,LA_PLP_FX
2010-07-21,1.7766,LA_PLP_FX
2010-07-22,1.7629,LA_PLP_FX
2010-07-23,1.7617,LA_PLP_FX
2010-07-26,1.7669,LA_PLP_FX
2010-07-27,1.7658,LA_PLP_FX
2010-07-28,1.765,LA_PLP_FX
2010-07-29,1.7643,LA_PLP_FX
2010-07-30,1.7572,LA_PLP_FX
2010-08-02,1.7489,LA_PLP_FX
2010-08-03,1.7594,LA_PLP_FX
2010-08-04,1.7563,LA_PLP_FX
2010-08-05,1.7535,LA_PLP_FX
2010-08-06,1.7566,LA_PLP_FX
2010-08-09,1.7537,LA_PLP_FX
2010-08-10,1.7576,LA_PLP_FX
2010-08-11,1.7663,LA_PLP_FX
2010-08-12,1.7731,LA_PLP_FX
2010-08-13,1.7716,LA_PLP_FX
2010-08-16,1.7639,LA_PLP_FX
2010-08-17,1.7528,LA_PLP_FX
2010-08-18,1.7513,LA_PLP_FX
2010-08-19,1.7584,LA_PLP_FX
2010-08-20,1.7597,LA_PLP_FX
2010-08-23,1.7587,LA_PLP_FX
2010-08-24,1.7727,LA_PLP_FX
2010-08-25,1.7668,LA_PLP_FX
2010-08-26,1.7596,LA_PLP_FX
2010-08-27,1.7544,LA_PLP_FX
2010-08-30,1.7591,LA_PLP_FX
2010-08-31,1.756,LA_PLP_FX
2010-09-01,1.7441,LA_PLP_FX
2010-09-02,1.7367,LA_PLP_FX
2010-09-03,1.7281,LA_PLP_FX
2010-09-06,1.7259,LA_PLP_FX
2010-09-08,1.7231,LA_PLP_FX
2010-09-09,1.7238,LA_PLP_FX
2010-09-10,1.7186,LA_PLP_FX
2010-09-13,1.7174,LA_PLP_FX
2010-09-14,1.7076,LA_PLP_FX
2010-09-15,1.7169,LA_PLP_FX
2010-09-16,1.7184,LA_PLP_FX
2010-09-17,1.7166,LA_PLP_FX
2010-09-20,1.7216,LA_PLP_FX
2010-09-21,1.7255,LA_PLP_FX
2010-09-22,1.7184,LA_PLP_FX
2010-09-23,1.7194,LA_PLP_FX
2010-09-24,1.712,LA_PLP_FX
2010-09-27,1.71,LA_PLP_FX
2010-09-28,1.7093,LA_PLP_FX
2010-09-29,1.7053,LA_PLP_FX
2010-09-30,1.6942,LA_PLP_FX
2010-10-01,1.6812,LA_PLP_FX
2010-10-04,1.6882,LA_PLP_FX
2010-10-05,1.6808,LA_PLP_FX
2010-10-06,1.6758,LA_PLP_FX
2010-10-07,1.6777,LA_PLP_FX
2010-10-08,1.6804,LA_PLP_FX
2010-10-11,1.6648,LA_PLP_FX
2010-10-13,1.6554,LA_PLP_FX
2010-10-14,1.6596,LA_PLP_FX
2010-10-15,1.6604,LA_PLP_FX
2010-10-18,1.6686,LA_PLP_FX
2010-10-19,1.6868,LA_PLP_FX
2010-10-20,1.6735,LA_PLP_FX
2010-10-21,1.6897,LA_PLP_FX
2010-10-22,1.6997,LA_PLP_FX
2010-10-25,1.7026,LA_PLP_FX
2010-10-26,1.7045,LA_PLP_FX
2010-10-27,1.7077,LA_PLP_FX
2010-10-28,1.7112,LA_PLP_FX
2010-10-29,1.7014,LA_PLP_FX
2010-11-01,1.7044,LA_PLP_FX
2010-11-03,1.6937,LA_PLP_FX
2010-11-04,1.6819,LA_PLP_FX
2010-11-05,1.6801,LA_PLP_FX
2010-11-08,1.697,LA_PLP_FX
2010-11-09,1.697,LA_PLP_FX
2010-11-10,1.707,LA_PLP_FX
2010-11-11,1.7178,LA_PLP_FX
2010-11-12,1.7198,LA_PLP_FX
2010-11-16,1.7295,LA_PLP_FX
2010-11-17,1.7298,LA_PLP_FX
2010-11-18,1.7143,LA_PLP_FX
2010-11-19,1.7189,LA_PLP_FX
2010-11-22,1.7235,LA_PLP_FX
2010-11-23,1.7336,LA_PLP_FX
2010-11-24,1.7247,LA_PLP_FX
2010-11-25,1.7206,LA_PLP_FX
2010-11-26,1.7298,LA_PLP_FX
2010-11-29,1.7271,LA_PLP_FX
2010-11-30,1.7161,LA_PLP_FX
2010-12-01,1.7052,LA_PLP_FX
2010-12-02,1.7029,LA_PLP_FX
2010-12-03,1.6917,LA_PLP_FX
2010-12-06,1.6836,LA_PLP_FX
2010-12-07,1.6739,LA_PLP_FX
2010-12-08,1.6892,LA_PLP_FX
2010-12-09,1.7024,LA_PLP_FX
2010-12-10,1.7117,LA_PLP_FX
2010-12-13,1.7027,LA_PLP_FX
2010-12-14,1.6949,LA_PLP_FX
2010-12-15,1.6988,LA_PLP_FX
2010-12-16,1.7028,LA_PLP_FX
2010-12-17,1.7098,LA_PLP_FX
2010-12-20,1.7082,LA_PLP_FX
2010-12-21,1.6974,LA_PLP_FX
2010-12-22,1.6946,LA_PLP_FX
2010-12-23,1.6984,LA_PLP_FX
2010-12-24,1.6903,LA_PLP_FX
2010-12-27,1.6922,LA_PLP_FX
2010-12-28,1.6866,LA_PLP_FX
2010-12-29,1.6788,LA_PLP_FX
2010-12-30,1.6662,LA_PLP_FX
2010-12-31,1.6662,LA_PLP_FX
2011-01-03,1.651,LA_PLP_FX
2011-01-04,1.6556,LA_PLP_FX
2011-01-05,1.6713,LA_PLP_FX
2011-01-06,1.6857,LA_PLP_FX
2011-01-07,1.6861,LA_PLP_FX
2011-01-10,1.6912,LA_PLP_FX
2011-01-11,1.6887,LA_PLP_FX
2011-01-12,1.6773,LA_PLP_FX
2011-01-13,1.6701,LA_PLP_FX
2011-01-14,1.6843,LA_PLP_FX
2011-01-17,1.6818,LA_PLP_FX
2011-01-18,1.6745,LA_PLP_FX
2011-01-19,1.6714,LA_PLP_FX
2011-01-20,1.6715,LA_PLP_FX
2011-01-21,1.6723,LA_PLP_FX
2011-01-24,1.6731,LA_PLP_FX
2011-01-25,1.6745,LA_PLP_FX
2011-01-26,1.6692,LA_PLP_FX
2011-01-27,1.672,LA_PLP_FX
2011-01-28,1.6782,LA_PLP_FX
2011-01-31,1.6734,LA_PLP_FX
2011-02-01,1.6631,LA_PLP_FX
2011-02-02,1.6671,LA_PLP_FX
2011-02-03,1.6697,LA_PLP_FX
2011-02-04,1.6738,LA_PLP_FX
2011-02-07,1.6776,LA_PLP_FX
2011-02-08,1.6711,LA_PLP_FX
2011-02-09,1.6643,LA_PLP_FX
2011-02-10,1.668,LA_PLP_FX
2011-02-11,1.6679,LA_PLP_FX
2011-02-14,1.6681,LA_PLP_FX
2011-02-15,1.6682,LA_PLP_FX
2011-02-16,1.6704,LA_PLP_FX
2011-02-17,1.6661,LA_PLP_FX
2011-02-18,1.6677,LA_PLP_FX
2011-02-21,1.6667,LA_PLP_FX
2011-02-22,1.6694,LA_PLP_FX
2011-02-23,1.672,LA_PLP_FX
2011-02-24,1.6649,LA_PLP_FX
2011-02-25,1.6625,LA_PLP_FX
2011-02-28,1.6612,LA_PLP_FX
2011-03-01,1.6627,LA_PLP_FX
2011-03-02,1.661,LA_PLP_FX
2011-03-03,1.6545,LA_PLP_FX
2011-03-04,1.6462,LA_PLP_FX
2011-03-09,1.6559,LA_PLP_FX
2011-03-10,1.6612,LA_PLP_FX
2011-03-11,1.6649,LA_PLP_FX
2011-03-14,1.6631,LA_PLP_FX
2011-03-15,1.6692,LA_PLP_FX
2011-03-16,1.6674,LA_PLP_FX
2011-03-17,1.6757,LA_PLP_FX
2011-03-18,1.672,LA_PLP_FX
2011-03-21,1.6652,LA_PLP_FX
2011-03-22,1.6638,LA_PLP_FX
2011-03-23,1.6602,LA_PLP_FX
2011-03-24,1.6593,LA_PLP_FX
2011-03-25,1.6581,LA_PLP_FX
2011-03-28,1.6614,LA_PLP_FX
2011-03-29,1.6546,LA_PLP_FX
2011-03-30,1.636,LA_PLP_FX
2011-03-31,1.6287,LA_PLP_FX
2011-04-01,1.6194,LA_PLP_FX
2011-04-04,1.611,LA_PLP_FX
2011-04-05,1.6087,LA_PLP_FX
2011-04-06,1.6097,LA_PLP_FX
2011-04-07,1.5927,LA_PLP_FX
2011-04-08,1.5762,LA_PLP_FX
2011-04-11,1.5805,LA_PLP_FX
2011-04-12,1.587,LA_PLP_FX
2011-04-13,1.5864,LA_PLP_FX
2011-04-14,1.5842,LA_PLP_FX
2011-04-15,1.5776,LA_PLP_FX
2011-04-18,1.5912,LA_PLP_FX
2011-04-19,1.5792,LA_PLP_FX
2011-04-20,1.5722,LA_PLP_FX
2011-04-25,1.572,LA_PLP_FX
2011-04-26,1.5654,LA_PLP_FX
2011-04-27,1.5705,LA_PLP_FX
2011-04-28,1.5853,LA_PLP_FX
2011-04-29,1.5733,LA_PLP_FX
2011-05-02,1.5747,LA_PLP_FX
2011-05-03,1.589,LA_PLP_FX
2011-05-04,1.603,LA_PLP_FX
2011-05-05,1.6219,LA_PLP_FX
2011-05-06,1.6111,LA_PLP_FX
2011-05-09,1.6199,LA_PLP_FX
2011-05-10,1.6069,LA_PLP_FX
2011-05-11,1.6178,LA_PLP_FX
2011-05-12,1.6207,LA_PLP_FX
2011-05-13,1.6328,LA_PLP_FX
2011-05-16,1.6317,LA_PLP_FX
2011-05-17,1.629,LA_PLP_FX
2011-05-18,1.6166,LA_PLP_FX
2011-05-19,1.6165,LA_PLP_FX
2011-05-20,1.6169,LA_PLP_FX
2011-05-23,1.6339,LA_PLP_FX
2011-05-24,1.6256,LA_PLP_FX
2011-05-25,1.6297,LA_PLP_FX
2011-05-26,1.6196,LA_PLP_FX
2011-05-27,1.6038,LA_PLP_FX
2011-05-30,1.5958,LA_PLP_FX
2011-05-31,1.5799,LA_PLP_FX
2011-06-01,1.5878,LA_PLP_FX
2011-06-02,1.5805,LA_PLP_FX
2011-06-03,1.5744,LA_PLP_FX
2011-06-06,1.581,LA_PLP_FX
2011-06-07,1.5764,LA_PLP_FX
2011-06-08,1.582,LA_PLP_FX
2011-06-09,1.5877,LA_PLP_FX
2011-06-10,1.5938,LA_PLP_FX
2011-06-13,1.5888,LA_PLP_FX
2011-06-14,1.5821,LA_PLP_FX
2011-06-15,1.596,LA_PLP_FX
2011-06-16,1.6108,LA_PLP_FX
2011-06-17,1.5979,LA_PLP_FX
2011-06-20,1.5969,LA_PLP_FX
2011-06-21,1.591,LA_PLP_FX
2011-06-22,1.5877,LA_PLP_FX
2011-06-24,1.5988,LA_PLP_FX
2011-06-27,1.5969,LA_PLP_FX
2011-06-28,1.5833,LA_PLP_FX
2011-06-29,1.573,LA_PLP_FX
2011-06-30,1.5611,LA_PLP_FX
2011-07-01,1.5599,LA_PLP_FX
2011-07-04,1.558,LA_PLP_FX
2011-07-05,1.5637,LA_PLP_FX
2011-07-06,1.5662,LA_PLP_FX
2011-07-07,1.5581,LA_PLP_FX
2011-07-08,1.5634,LA_PLP_FX
2011-07-11,1.5796,LA_PLP_FX
2011-07-12,1.5773,LA_PLP_FX
2011-07-13,1.5762,LA_PLP_FX
2011-07-14,1.5729,LA_PLP_FX
2011-07-15,1.5743,LA_PLP_FX
2011-07-18,1.5828,LA_PLP_FX
2011-07-19,1.5691,LA_PLP_FX
2011-07-20,1.5651,LA_PLP_FX
2011-07-21,1.5567,LA_PLP_FX
2011-07-22,1.5547,LA_PLP_FX
2011-07-25,1.5449,LA_PLP_FX
2011-07-26,1.5345,LA_PLP_FX
2011-07-27,1.5639,LA_PLP_FX
2011-07-28,1.5651,LA_PLP_FX
2011-07-29,1.5563,LA_PLP_FX
2011-08-01,1.5551,LA_PLP_FX
2011-08-02,1.5656,LA_PLP_FX
2011-08-03,1.5651,LA_PLP_FX
2011-08-04,1.5752,LA_PLP_FX
2011-08-05,1.5895,LA_PLP_FX
2011-08-08,1.5999,LA_PLP_FX
2011-08-09,1.6334,LA_PLP_FX
2011-08-10,1.6183,LA_PLP_FX
2011-08-11,1.6306,LA_PLP_FX
2011-08-12,1.6157,LA_PLP_FX
2011-08-15,1.5956,LA_PLP_FX
2011-08-16,1.5918,LA_PLP_FX
2011-08-17,1.583,LA_PLP_FX
2011-08-18,1.6062,LA_PLP_FX
2011-08-19,1.596,LA_PLP_FX
2011-08-22,1.6009,LA_PLP_FX
2011-08-23,1.6036,LA_PLP_FX
2011-08-24,1.6039,LA_PLP_FX
2011-08-25,1.6154,LA_PLP_FX
2011-08-26,1.6114,LA_PLP_FX
2011-08-29,1.5974,LA_PLP_FX
2011-08-30,1.5904,LA_PLP_FX
2011-08-31,1.5872,LA_PLP_FX
2011-09-01,1.604,LA_PLP_FX
2011-09-02,1.6343,LA_PLP_FX
2011-09-05,1.6522,LA_PLP_FX
2011-09-06,1.6583,LA_PLP_FX
2011-09-08,1.6566,LA_PLP_FX
2011-09-09,1.6774,LA_PLP_FX
2011-09-12,1.6899,LA_PLP_FX
2011-09-13,1.7127,LA_PLP_FX
2011-09-14,1.7288,LA_PLP_FX
2011-09-15,1.7106,LA_PLP_FX
2011-09-16,1.7122,LA_PLP_FX
2011-09-19,1.7763,LA_PLP_FX
2011-09-20,1.787,LA_PLP_FX
2011-09-21,1.828,LA_PLP_FX
2011-09-22,1.9016,LA_PLP_FX
2011-09-23,1.8735,LA_PLP_FX
2011-09-26,1.8445,LA_PLP_FX
2011-09-27,1.8008,LA_PLP_FX
2011-09-28,1.8131,LA_PLP_FX
2011-09-29,1.8291,LA_PLP_FX
2011-09-30,1.8544,LA_PLP_FX
2011-10-03,1.8811,LA_PLP_FX
2011-10-04,1.8856,LA_PLP_FX
2011-10-05,1.8456,LA_PLP_FX
2011-10-06,1.8116,LA_PLP_FX
2011-10-07,1.7666,LA_PLP_FX
2011-10-10,1.7478,LA_PLP_FX
2011-10-11,1.7658,LA_PLP_FX
2011-10-13,1.7536,LA_PLP_FX
2011-10-14,1.7376,LA_PLP_FX
2011-10-17,1.7488,LA_PLP_FX
2011-10-18,1.7724,LA_PLP_FX
2011-10-19,1.7604,LA_PLP_FX
2011-10-20,1.7826,LA_PLP_FX
2011-10-21,1.7803,LA_PLP_FX
2011-10-24,1.7768,LA_PLP_FX
2011-10-25,1.7548,LA_PLP_FX
2011-10-26,1.7606,LA_PLP_FX
2011-10-27,1.7323,LA_PLP_FX
2011-10-28,1.6986,LA_PLP_FX
2011-10-31,1.6885,LA_PLP_FX
2011-11-01,1.7506,LA_PLP_FX
2011-11-03,1.727,LA_PLP_FX
2011-11-04,1.7415,LA_PLP_FX
2011-11-07,1.7503,LA_PLP_FX
2011-11-08,1.7453,LA_PLP_FX
2011-11-09,1.7516,LA_PLP_FX
2011-11-10,1.761,LA_PLP_FX
2011-11-11,1.7547,LA_PLP_FX
2011-11-14,1.7649,LA_PLP_FX
2011-11-16,1.7772,LA_PLP_FX
2011-11-17,1.7775,LA_PLP_FX
2011-11-18,1.7723,LA_PLP_FX
2011-11-21,1.8061,LA_PLP_FX
2011-11-22,1.8069,LA_PLP_FX
2011-11-23,1.8441,LA_PLP_FX
2011-11-24,1.866,LA_PLP_FX
2011-11-25,1.8937,LA_PLP_FX
2011-11-28,1.8596,LA_PLP_FX
2011-11-29,1.8486,LA_PLP_FX
2011-11-30,1.8109,LA_PLP_FX
2011-12-01,1.7929,LA_PLP_FX
2011-12-02,1.7843,LA_PLP_FX
2011-12-05,1.783,LA_PLP_FX
2011-12-06,1.7913,LA_PLP_FX
2011-12-07,1.798,LA_PLP_FX
2011-12-08,1.7941,LA_PLP_FX
2011-12-09,1.813,LA_PLP_FX
2011-12-12,1.8219,LA_PLP_FX
2011-12-13,1.8409,LA_PLP_FX
2011-12-14,1.8728,LA_PLP_FX
2011-12-15,1.8609,LA_PLP_FX
2011-12-16,1.8465,LA_PLP_FX
2011-12-19,1.8616,LA_PLP_FX
2011-12-20,1.8508,LA_PLP_FX
2011-12-21,1.8556,LA_PLP_FX
2011-12-22,1.8578,LA_PLP_FX
2011-12-23,1.856,LA_PLP_FX
2011-12-26,1.8566,LA_PLP_FX
2011-12-27,1.8585,LA_PLP_FX
2011-12-28,1.8634,LA_PLP_FX
2011-12-29,1.8758,LA_PLP_FX
2011-12-30,1.8758,LA_PLP_FX
2012-01-02,1.8683,LA_PLP_FX
2012-01-03,1.8457,LA_PLP_FX
2012-01-04,1.8272,LA_PLP_FX
2012-01-05,1.8371,LA_PLP_FX
2012-01-06,1.8449,LA_PLP_FX
2012-01-09,1.8442,LA_PLP_FX
2012-01-10,1.8042,LA_PLP_FX
2012-01-11,1.8048,LA_PLP_FX
2012-01-12,1.7874,LA_PLP_FX
2012-01-13,1.7853,LA_PLP_FX
2012-01-16,1.7836,LA_PLP_FX
2012-01-17,1.776,LA_PLP_FX
2012-01-18,1.7791,LA_PLP_FX
2012-01-19,1.7648,LA_PLP_FX
2012-01-20,1.767,LA_PLP_FX
2012-01-23,1.7528,LA_PLP_FX
2012-01-24,1.7649,LA_PLP_FX
2012-01-25,1.7632,LA_PLP_FX
2012-01-26,1.7389,LA_PLP_FX
2012-01-27,1.7436,LA_PLP_FX
2012-01-30,1.7509,LA_PLP_FX
2012-01-31,1.7391,LA_PLP_FX
2012-02-01,1.7376,LA_PLP_FX
2012-02-02,1.7326,LA_PLP_FX
2012-02-03,1.7223,LA_PLP_FX
2012-02-06,1.7249,LA_PLP_FX
2012-02-07,1.7261,LA_PLP_FX
2012-02-08,1.7195,LA_PLP_FX
2012-02-09,1.7225,LA_PLP_FX
2012-02-10,1.726,LA_PLP_FX
2012-02-13,1.7169,LA_PLP_FX
2012-02-14,1.7173,LA_PLP_FX
2012-02-15,1.7158,LA_PLP_FX
2012-02-16,1.7326,LA_PLP_FX
2012-02-17,1.7136,LA_PLP_FX
2012-02-22,1.7076,LA_PLP_FX
2012-02-23,1.704,LA_PLP_FX
2012-02-24,1.7098,LA_PLP_FX
2012-02-27,1.7088,LA_PLP_FX
2012-02-28,1.7024,LA_PLP_FX
2012-02-29,1.7092,LA_PLP_FX
2012-03-01,1.7152,LA_PLP_FX
2012-03-02,1.7245,LA_PLP_FX
2012-03-05,1.7314,LA_PLP_FX
2012-03-06,1.7556,LA_PLP_FX
2012-03-07,1.7692,LA_PLP_FX
2012-03-08,1.7697,LA_PLP_FX
2012-03-09,1.7767,LA_PLP_FX
2012-03-12,1.8157,LA_PLP_FX
2012-03-13,1.8102,LA_PLP_FX
2012-03-14,1.8146,LA_PLP_FX
2012-03-15,1.8006,LA_PLP_FX
2012-03-16,1.8018,LA_PLP_FX
2012-03-19,1.809,LA_PLP_FX
2012-03-20,1.8259,LA_PLP_FX
2012-03-21,1.8267,LA_PLP_FX
2012-03-22,1.825,LA_PLP_FX
2012-03-23,1.8194,LA_PLP_FX
2012-03-26,1.8143,LA_PLP_FX
2012-03-27,1.8135,LA_PLP_FX
2012-03-28,1.8223,LA_PLP_FX
2012-03-29,1.8334,LA_PLP_FX
2012-03-30,1.8221,LA_PLP_FX
2012-04-02,1.8314,LA_PLP_FX
2012-04-03,1.8256,LA_PLP_FX
2012-04-04,1.8316,LA_PLP_FX
2012-04-05,1.8301,LA_PLP_FX
2012-04-09,1.826,LA_PLP_FX
2012-04-10,1.8317,LA_PLP_FX
2012-04-11,1.8303,LA_PLP_FX
2012-04-12,1.827,LA_PLP_FX
2012-04-13,1.8364,LA_PLP_FX
2012-04-16,1.8373,LA_PLP_FX
2012-04-17,1.8454,LA_PLP_FX
2012-04-18,1.8694,LA_PLP_FX
2012-04-19,1.8867,LA_PLP_FX
2012-04-20,1.8786,LA_PLP_FX
2012-04-23,1.8864,LA_PLP_FX
2012-04-24,1.878,LA_PLP_FX
2012-04-25,1.8807,LA_PLP_FX
2012-04-26,1.8871,LA_PLP_FX
2012-04-27,1.8852,LA_PLP_FX
2012-04-30,1.8918,LA_PLP_FX
2012-05-02,1.9149,LA_PLP_FX
2012-05-03,1.9277,LA_PLP_FX
2012-05-04,1.921,LA_PLP_FX
2012-05-07,1.9268,LA_PLP_FX
2012-05-08,1.9366,LA_PLP_FX
2012-05-09,1.9577,LA_PLP_FX
2012-05-10,1.9581,LA_PLP_FX
2012-05-11,1.9513,LA_PLP_FX
2012-05-14,1.9866,LA_PLP_FX
2012-05-15,1.9947,LA_PLP_FX
2012-05-16,1.9974,LA_PLP_FX
2012-05-17,1.9973,LA_PLP_FX
2012-05-18,2.0095,LA_PLP_FX
2012-05-21,2.0374,LA_PLP_FX
2012-05-22,2.0493,LA_PLP_FX
2012-05-23,2.0816,LA_PLP_FX
2012-05-24,2.0384,LA_PLP_FX
2012-05-25,2.0032,LA_PLP_FX
2012-05-28,1.9778,LA_PLP_FX
2012-05-29,1.9944,LA_PLP_FX
2012-05-30,2.0078,LA_PLP_FX
2012-05-31,2.0223,LA_PLP_FX
2012-06-01,2.035,LA_PLP_FX
2012-06-04,2.041,LA_PLP_FX
2012-06-05,2.0266,LA_PLP_FX
2012-06-06,2.0183,LA_PLP_FX
2012-06-08,2.0353,LA_PLP_FX
2012-06-11,2.0348,LA_PLP_FX
2012-06-12,2.0564,LA_PLP_FX
2012-06-13,2.0604,LA_PLP_FX
2012-06-14,2.0691,LA_PLP_FX
2012-06-15,2.0443,LA_PLP_FX
2012-06-18,2.0634,LA_PLP_FX
2012-06-19,2.044,LA_PLP_FX
2012-06-20,2.0293,LA_PLP_FX
2012-06-21,2.0363,LA_PLP_FX
2012-06-22,2.0555,LA_PLP_FX
2012-06-25,2.0718,LA_PLP_FX
2012-06-26,2.0743,LA_PLP_FX
2012-06-27,2.0764,LA_PLP_FX
2012-06-28,2.0904,LA_PLP_FX
2012-06-29,2.0213,LA_PLP_FX
2012-07-02,1.9893,LA_PLP_FX
2012-07-03,1.9888,LA_PLP_FX
2012-07-04,2.0201,LA_PLP_FX
2012-07-05,2.0292,LA_PLP_FX
2012-07-06,2.0359,LA_PLP_FX
2012-07-09,2.0312,LA_PLP_FX
2012-07-10,2.0332,LA_PLP_FX
2012-07-11,2.031,LA_PLP_FX
2012-07-12,2.0471,LA_PLP_FX
2012-07-13,2.0338,LA_PLP_FX
2012-07-16,2.038,LA_PLP_FX
2012-07-17,2.0349,LA_PLP_FX
2012-07-18,2.0258,LA_PLP_FX
2012-07-19,2.0239,LA_PLP_FX
2012-07-20,2.0227,LA_PLP_FX
2012-07-23,2.0412,LA_PLP_FX
2012-07-24,2.0418,LA_PLP_FX
2012-07-25,2.0403,LA_PLP_FX
2012-07-26,2.0255,LA_PLP_FX
2012-07-27,2.0173,LA_PLP_FX
2012-07-30,2.0313,LA_PLP_FX
2012-07-31,2.0499,LA_PLP_FX
2012-08-01,2.0432,LA_PLP_FX
2012-08-02,2.0475,LA_PLP_FX
2012-08-03,2.0313,LA_PLP_FX
2012-08-06,2.0279,LA_PLP_FX
2012-08-07,2.0281,LA_PLP_FX
2012-08-08,2.0273,LA_PLP_FX
2012-08-09,2.0182,LA_PLP_FX
2012-08-10,2.0175,LA_PLP_FX
2012-08-13,2.0266,LA_PLP_FX
2012-08-14,2.0258,LA_PLP_FX
2012-08-15,2.0234,LA_PLP_FX
2012-08-16,2.0214,LA_PLP_FX
2012-08-17,2.0182,LA_PLP_FX
2012-08-20,2.0209,LA_PLP_FX
2012-08-21,2.0173,LA_PLP_FX
2012-08-22,2.021,LA_PLP_FX
2012-08-23,2.0241,LA_PLP_FX
2012-08-24,2.0255,LA_PLP_FX
2012-08-27,2.0293,LA_PLP_FX
2012-08-28,2.0433,LA_PLP_FX
2012-08-29,2.0509,LA_PLP_FX
2012-08-30,2.0513,LA_PLP_FX
2012-08-31,2.0372,LA_PLP_FX
2012-09-03,2.0335,LA_PLP_FX
2012-09-04,2.0392,LA_PLP_FX
2012-09-05,2.0385,LA_PLP_FX
2012-09-06,2.0381,LA_PLP_FX
2012-09-10,2.0241,LA_PLP_FX
2012-09-11,2.0197,LA_PLP_FX
2012-09-12,2.0204,LA_PLP_FX
2012-09-13,2.0254,LA_PLP_FX
2012-09-14,2.0139,LA_PLP_FX
2012-09-17,2.0312,LA_PLP_FX
2012-09-18,2.0274,LA_PLP_FX
2012-09-19,2.0236,LA_PLP_FX
2012-09-20,2.0263,LA_PLP_FX
2012-09-21,2.024,LA_PLP_FX
2012-09-24,2.0273,LA_PLP_FX
2012-09-25,2.0251,LA_PLP_FX
2012-09-26,2.0341,LA_PLP_FX
2012-09-27,2.0311,LA_PLP_FX
2012-09-28,2.0306,LA_PLP_FX
2012-10-01,2.026,LA_PLP_FX
2012-10-02,2.0266,LA_PLP_FX
2012-10-03,2.0266,LA_PLP_FX
2012-10-04,2.0224,LA_PLP_FX
2012-10-05,2.0246,LA_PLP_FX
2012-10-08,2.0313,LA_PLP_FX
2012-10-09,2.0337,LA_PLP_FX
2012-10-10,2.0378,LA_PLP_FX
2012-10-11,2.0369,LA_PLP_FX
2012-10-15,2.0382,LA_PLP_FX
2012-10-16,2.0351,LA_PLP_FX
2012-10-17,2.0336,LA_PLP_FX
2012-10-18,2.0295,LA_PLP_FX
2012-10-19,2.0272,LA_PLP_FX
2012-10-22,2.0266,LA_PLP_FX
2012-10-23,2.0286,LA_PLP_FX
2012-10-24,2.0263,LA_PLP_FX
2012-10-25,2.0261,LA_PLP_FX
2012-10-26,2.0263,LA_PLP_FX
2012-10-29,2.0296,LA_PLP_FX
2012-10-30,2.0323,LA_PLP_FX
2012-10-31,2.0313,LA_PLP_FX
2012-11-01,2.0312,LA_PLP_FX
2012-11-05,2.035,LA_PLP_FX
2012-11-06,2.0341,LA_PLP_FX
2012-11-07,2.033,LA_PLP_FX
2012-11-08,2.0357,LA_PLP_FX
2012-11-09,2.0512,LA_PLP_FX
2012-11-12,2.0476,LA_PLP_FX
2012-11-13,2.0614,LA_PLP_FX
2012-11-14,2.0629,LA_PLP_FX
2012-11-16,2.0712,LA_PLP_FX
2012-11-19,2.0745,LA_PLP_FX
2012-11-20,2.0835,LA_PLP_FX
2012-11-21,2.0924,LA_PLP_FX
2012-11-22,2.0912,LA_PLP_FX
2012-11-23,2.0985,LA_PLP_FX
2012-11-26,2.0787,LA_PLP_FX
2012-11-27,2.0752,LA_PLP_FX
2012-11-28,2.0912,LA_PLP_FX
2012-11-29,2.0991,LA_PLP_FX
2012-11-30,2.1074,LA_PLP_FX
2012-12-03,2.1121,LA_PLP_FX
2012-12-04,2.1077,LA_PLP_FX
2012-12-05,2.1046,LA_PLP_FX
2012-12-06,2.0836,LA_PLP_FX
2012-12-07,2.0804,LA_PLP_FX
2012-12-10,2.081,LA_PLP_FX
2012-12-11,2.0743,LA_PLP_FX
2012-12-12,2.0801,LA_PLP_FX
2012-12-13,2.0751,LA_PLP_FX
2012-12-14,2.084,LA_PLP_FX
2012-12-17,2.0902,LA_PLP_FX
2012-12-18,2.0966,LA_PLP_FX
2012-12-19,2.0791,LA_PLP_FX
2012-12-20,2.0625,LA_PLP_FX
2012-12-21,2.0758,LA_PLP_FX
2012-12-24,2.0774,LA_PLP_FX
2012-12-26,2.0569,LA_PLP_FX
2012-12-27,2.0483,LA_PLP_FX
2012-12-28,2.0435,LA_PLP_FX
2012-12-31,2.0435,LA_PLP_FX
2013-01-02,2.0415,LA_PLP_FX
2013-01-03,2.0464,LA_PLP_FX
2013-01-04,2.0425,LA_PLP_FX
2013-01-07,2.0312,LA_PLP_FX
2013-01-08,2.0286,LA_PLP_FX
2013-01-09,2.0417,LA_PLP_FX
2013-01-10,2.0358,LA_PLP_FX
2013-01-11,2.0341,LA_PLP_FX
2013-01-14,2.0334,LA_PLP_FX
2013-01-15,2.0374,LA_PLP_FX
2013-01-16,2.0409,LA_PLP_FX
2013-01-17,2.0411,LA_PLP_FX
2013-01-18,2.0441,LA_PLP_FX
2013-01-21,2.042,LA_PLP_FX
2013-01-22,2.0471,LA_PLP_FX
2013-01-23,2.0394,LA_PLP_FX
2013-01-24,2.0344,LA_PLP_FX
2013-01-25,2.0285,LA_PLP_FX
2013-01-28,2.0241,LA_PLP_FX
2013-01-29,1.9912,LA_PLP_FX
2013-01-30,1.99,LA_PLP_FX
2013-01-31,1.9883,LA_PLP_FX
2013-02-01,1.9843,LA_PLP_FX
2013-02-04,1.9893,LA_PLP_FX
2013-02-05,1.9881,LA_PLP_FX
2013-02-06,1.9884,LA_PLP_FX
2013-02-07,1.9789,LA_PLP_FX
2013-02-08,1.9636,LA_PLP_FX
2013-02-13,1.967,LA_PLP_FX
2013-02-14,1.9666,LA_PLP_FX
2013-02-15,1.96,LA_PLP_FX
2013-02-18,1.9676,LA_PLP_FX
2013-02-19,1.9597,LA_PLP_FX
2013-02-20,1.957,LA_PLP_FX
2013-02-21,1.972,LA_PLP_FX
2013-02-22,1.9705,LA_PLP_FX
2013-02-25,1.9676,LA_PLP_FX
2013-02-26,1.9818,LA_PLP_FX
2013-02-27,1.9807,LA_PLP_FX
2013-02-28,1.9754,LA_PLP_FX
2013-03-01,1.9848,LA_PLP_FX
2013-03-04,1.9827,LA_PLP_FX
2013-03-05,1.9693,LA_PLP_FX
2013-03-06,1.9673,LA_PLP_FX
2013-03-07,1.9642,LA_PLP_FX
2013-03-08,1.9528,LA_PLP_FX
2013-03-11,1.9552,LA_PLP_FX
2013-03-12,1.9585,LA_PLP_FX
2013-03-13,1.9619,LA_PLP_FX
2013-03-14,1.9676,LA_PLP_FX
2013-03-15,1.9749,LA_PLP_FX
2013-03-18,1.9871,LA_PLP_FX
2013-03-19,1.983,LA_PLP_FX
2013-03-20,1.9868,LA_PLP_FX
2013-03-21,1.9931,LA_PLP_FX
2013-03-22,2.0126,LA_PLP_FX
2013-03-25,2.014,LA_PLP_FX
2013-03-26,2.0087,LA_PLP_FX
2013-03-27,2.0185,LA_PLP_FX
2013-03-28,2.0138,LA_PLP_FX
2013-04-01,2.0186,LA_PLP_FX
2013-04-02,2.0179,LA_PLP_FX
2013-04-03,2.0239,LA_PLP_FX
2013-04-04,2.0201,LA_PLP_FX
2013-04-05,2.0035,LA_PLP_FX
2013-04-08,1.9902,LA_PLP_FX
2013-04-09,1.9861,LA_PLP_FX
2013-04-10,1.981,LA_PLP_FX
2013-04-11,1.9736,LA_PLP_FX
2013-04-12,1.9761,LA_PLP_FX
2013-04-15,1.979,LA_PLP_FX
2013-04-16,1.9903,LA_PLP_FX
2013-04-17,1.9939,LA_PLP_FX
2013-04-18,2.0152,LA_PLP_FX
2013-04-19,2.0089,LA_PLP_FX
2013-04-22,2.0154,LA_PLP_FX
2013-04-23,2.017,LA_PLP_FX
2013-04-24,2.0244,LA_PLP_FX
2013-04-25,2.0119,LA_PLP_FX
2013-04-26,2.0001,LA_PLP_FX
2013-04-29,1.9999,LA_PLP_FX
2013-04-30,2.0017,LA_PLP_FX
2013-05-02,2.0095,LA_PLP_FX
2013-05-03,2.0093,LA_PLP_FX
2013-05-06,2.0143,LA_PLP_FX
2013-05-07,2.011,LA_PLP_FX
2013-05-08,2.003,LA_PLP_FX
2013-05-09,2.0051,LA_PLP_FX
2013-05-10,2.0231,LA_PLP_FX
2013-05-13,2.015,LA_PLP_FX
2013-05-14,2.0063,LA_PLP_FX
2013-05-15,2.0233,LA_PLP_FX
2013-05-16,2.0254,LA_PLP_FX
2013-05-17,2.0354,LA_PLP_FX
2013-05-20,2.0333,LA_PLP_FX
2013-05-21,2.0402,LA_PLP_FX
2013-05-22,2.0387,LA_PLP_FX
2013-05-23,2.0537,LA_PLP_FX
2013-05-24,2.0495,LA_PLP_FX
2013-05-27,2.0527,LA_PLP_FX
2013-05-28,2.0616,LA_PLP_FX
2013-05-29,2.0894,LA_PLP_FX
2013-05-31,2.1319,LA_PLP_FX
2013-06-03,2.1355,LA_PLP_FX
2013-06-04,2.1282,LA_PLP_FX
2013-06-05,2.1235,LA_PLP_FX
2013-06-06,2.125,LA_PLP_FX
2013-06-07,2.1372,LA_PLP_FX
2013-06-10,2.1506,LA_PLP_FX
2013-06-11,2.1521,LA_PLP_FX
2013-06-12,2.142,LA_PLP_FX
2013-06-13,2.1447,LA_PLP_FX
2013-06-14,2.1367,LA_PLP_FX
2013-06-17,2.1538,LA_PLP_FX
2013-06-18,2.1706,LA_PLP_FX
2013-06-19,2.1744,LA_PLP_FX
2013-06-20,2.2523,LA_PLP_FX
2013-06-21,2.2648,LA_PLP_FX
2013-06-24,2.2515,LA_PLP_FX
2013-06-25,2.2185,LA_PLP_FX
2013-06-26,2.1975,LA_PLP_FX
2013-06-27,2.1846,LA_PLP_FX
2013-06-28,2.2156,LA_PLP_FX
2013-07-01,2.2297,LA_PLP_FX
2013-07-02,2.2412,LA_PLP_FX
2013-07-03,2.2634,LA_PLP_FX
2013-07-04,2.2595,LA_PLP_FX
2013-07-05,2.2645,LA_PLP_FX
2013-07-08,2.2583,LA_PLP_FX
2013-07-09,2.2628,LA_PLP_FX
2013-07-10,2.2697,LA_PLP_FX
2013-07-11,2.2672,LA_PLP_FX
2013-07-12,2.267,LA_PLP_FX
2013-07-15,2.2548,LA_PLP_FX
2013-07-16,2.2353,LA_PLP_FX
2013-07-17,2.2372,LA_PLP_FX
2013-07-18,2.2297,LA_PLP_FX
2013-07-19,2.2364,LA_PLP_FX
2013-07-22,2.2386,LA_PLP_FX
2013-07-23,2.2267,LA_PLP_FX
2013-07-24,2.2348,LA_PLP_FX
2013-07-25,2.2497,LA_PLP_FX
2013-07-26,2.2488,LA_PLP_FX
2013-07-29,2.2609,LA_PLP_FX
2013-07-30,2.2734,LA_PLP_FX
2013-07-31,2.2903,LA_PLP_FX
2013-08-01,2.2914,LA_PLP_FX
2013-08-02,2.2933,LA_PLP_FX
2013-08-05,2.301,LA_PLP_FX
2013-08-06,2.2955,LA_PLP_FX
2013-08-07,2.3028,LA_PLP_FX
2013-08-08,2.2882,LA_PLP_FX
2013-08-09,2.2748,LA_PLP_FX
2013-08-12,2.2722,LA_PLP_FX
2013-08-13,2.3035,LA_PLP_FX
2013-08-14,2.3118,LA_PLP_FX
2013-08-15,2.3434,LA_PLP_FX
2013-08-16,2.3565,LA_PLP_FX
2013-08-19,2.398,LA_PLP_FX
2013-08-20,2.3943,LA_PLP_FX
2013-08-21,2.4169,LA_PLP_FX
2013-08-22,2.4457,LA_PLP_FX
2013-08-23,2.3868,LA_PLP_FX
2013-08-26,2.3705,LA_PLP_FX
2013-08-27,2.3998,LA_PLP_FX
2013-08-28,2.3515,LA_PLP_FX
2013-08-29,2.3578,LA_PLP_FX
2013-08-30,2.3725,LA_PLP_FX
2013-09-02,2.3643,LA_PLP_FX
2013-09-03,2.3897,LA_PLP_FX
2013-09-04,2.3538,LA_PLP_FX
2013-09-05,2.3314,LA_PLP_FX
2013-09-06,2.2979,LA_PLP_FX
2013-09-09,2.2868,LA_PLP_FX
2013-09-10,2.2779,LA_PLP_FX
2013-09-11,2.2947,LA_PLP_FX
2013-09-12,2.2769,LA_PLP_FX
2013-09-13,2.2785,LA_PLP_FX
2013-09-16,2.2649,LA_PLP_FX
2013-09-17,2.2617,LA_PLP_FX
2013-09-18,2.2489,LA_PLP_FX
2013-09-19,2.2036,LA_PLP_FX
2013-09-20,2.2053,LA_PLP_FX
2013-09-23,2.2033,LA_PLP_FX
2013-09-24,2.2031,LA_PLP_FX
2013-09-25,2.2224,LA_PLP_FX
2013-09-26,2.2285,LA_PLP_FX
2013-09-27,2.2571,LA_PLP_FX
2013-09-30,2.23,LA_PLP_FX
2013-10-01,2.2123,LA_PLP_FX
2013-10-02,2.2088,LA_PLP_FX
2013-10-03,2.2069,LA_PLP_FX
2013-10-04,2.2051,LA_PLP_FX
2013-10-07,2.2087,LA_PLP_FX
2013-10-08,2.2016,LA_PLP_FX
2013-10-09,2.2054,LA_PLP_FX
2013-10-10,2.185,LA_PLP_FX
2013-10-11,2.1821,LA_PLP_FX
2013-10-14,2.1817,LA_PLP_FX
2013-10-15,2.1818,LA_PLP_FX
2013-10-16,2.1629,LA_PLP_FX
2013-10-17,2.1611,LA_PLP_FX
2013-10-18,2.1616,LA_PLP_FX
2013-10-21,2.1738,LA_PLP_FX
2013-10-22,2.176,LA_PLP_FX
2013-10-23,2.1826,LA_PLP_FX
2013-10-24,2.2003,LA_PLP_FX
2013-10-25,2.1848,LA_PLP_FX
2013-10-28,2.1846,LA_PLP_FX
2013-10-29,2.1804,LA_PLP_FX
2013-10-30,2.1888,LA_PLP_FX
2013-10-31,2.2026,LA_PLP_FX
2013-11-01,2.2468,LA_PLP_FX
2013-11-04,2.2426,LA_PLP_FX
2013-11-05,2.2747,LA_PLP_FX
2013-11-06,2.2785,LA_PLP_FX
2013-11-07,2.2825,LA_PLP_FX
2013-11-08,2.317,LA_PLP_FX
2013-11-11,2.3142,LA_PLP_FX
2013-11-12,2.3362,LA_PLP_FX
2013-11-13,2.3234,LA_PLP_FX
2013-11-14,2.3289,LA_PLP_FX
2013-11-18,2.2828,LA_PLP_FX
2013-11-19,2.2662,LA_PLP_FX
2013-11-20,2.2726,LA_PLP_FX
2013-11-21,2.3067,LA_PLP_FX
2013-11-22,2.2913,LA_PLP_FX
2013-11-25,2.2871,LA_PLP_FX
2013-11-26,2.304,LA_PLP_FX
2013-11-27,2.3058,LA_PLP_FX
2013-11-28,2.3208,LA_PLP_FX
2013-11-29,2.3249,LA_PLP_FX
2013-12-02,2.3449,LA_PLP_FX
2013-12-03,2.3558,LA_PLP_FX
2013-12-04,2.374,LA_PLP_FX
2013-12-05,2.3747,LA_PLP_FX
2013-12-06,2.3525,LA_PLP_FX
2013-12-09,2.3225,LA_PLP_FX
2013-12-10,2.3102,LA_PLP_FX
2013-12-11,2.3262,LA_PLP_FX
2013-12-12,2.3338,LA_PLP_FX
2013-12-13,2.3354,LA_PLP_FX
2013-12-16,2.3255,LA_PLP_FX
2013-12-17,2.3221,LA_PLP_FX
2013-12-18,2.3274,LA_PLP_FX
2013-12-19,2.3528,LA_PLP_FX
2013-12-20,2.3817,LA_PLP_FX
2013-12-23,2.3706,LA_PLP_FX
2013-12-24,2.3554,LA_PLP_FX
2013-12-26,2.3507,LA_PLP_FX
2013-12-27,2.3538,LA_PLP_FX
2013-12-30,2.3426,LA_PLP_FX
2013-12-31,2.3426,LA_PLP_FX
2014-01-02,2.3975,LA_PLP_FX
2014-01-03,2.3741,LA_PLP_FX
2014-01-06,2.3789,LA_PLP_FX
2014-01-07,2.3634,LA_PLP_FX
2014-01-08,2.3779,LA_PLP_FX
2014-01-09,2.396,LA_PLP_FX
2014-01-10,2.3819,LA_PLP_FX
2014-01-13,2.3491,LA_PLP_FX
2014-01-14,2.3617,LA_PLP_FX
2014-01-15,2.347,LA_PLP_FX
2014-01-16,2.3683,LA_PLP_FX
2014-01-17,2.3601,LA_PLP_FX
2014-01-20,2.3335,LA_PLP_FX
2014-01-21,2.3608,LA_PLP_FX
2014-01-22,2.3601,LA_PLP_FX
2014-01-23,2.3761,LA_PLP_FX
2014-01-24,2.4129,LA_PLP_FX
2014-01-27,2.4044,LA_PLP_FX
2014-01-28,2.4165,LA_PLP_FX
2014-01-29,2.4397,LA_PLP_FX
2014-01-30,2.4224,LA_PLP_FX
2014-01-31,2.4263,LA_PLP_FX
2014-02-03,2.409,LA_PLP_FX
2014-02-04,2.4177,LA_PLP_FX
2014-02-05,2.4106,LA_PLP_FX
2014-02-06,2.4041,LA_PLP_FX
2014-02-07,2.3817,LA_PLP_FX
2014-02-10,2.3936,LA_PLP_FX
2014-02-11,2.4076,LA_PLP_FX
2014-02-12,2.4086,LA_PLP_FX
2014-02-13,2.4238,LA_PLP_FX
2014-02-14,2.3924,LA_PLP_FX
2014-02-17,2.387,LA_PLP_FX
2014-02-18,2.3983,LA_PLP_FX
2014-02-19,2.3986,LA_PLP_FX
2014-02-20,2.3799,LA_PLP_FX
2014-02-21,2.3625,LA_PLP_FX
2014-02-24,2.3391,LA_PLP_FX
2014-02-25,2.3367,LA_PLP_FX
2014-02-26,2.3454,LA_PLP_FX
2014-02-27,2.3436,LA_PLP_FX
2014-02-28,2.3334,LA_PLP_FX
2014-03-05,2.324,LA_PLP_FX
2014-03-06,2.3094,LA_PLP_FX
2014-03-07,2.3382,LA_PLP_FX
2014-03-10,2.341,LA_PLP_FX
2014-03-11,2.3461,LA_PLP_FX
2014-03-12,2.3649,LA_PLP_FX
2014-03-13,2.3486,LA_PLP_FX
2014-03-14,2.3638,LA_PLP_FX
2014-03-17,2.3518,LA_PLP_FX
2014-03-18,2.3522,LA_PLP_FX
2014-03-19,2.3338,LA_PLP_FX
2014-03-20,2.342,LA_PLP_FX
2014-03-21,2.3245,LA_PLP_FX
2014-03-24,2.3248,LA_PLP_FX
2014-03-25,2.3124,LA_PLP_FX
2014-03-26,2.3119,LA_PLP_FX
2014-03-27,2.283,LA_PLP_FX
2014-03-28,2.2603,LA_PLP_FX
2014-03-31,2.263,LA_PLP_FX
2014-04-01,2.262,LA_PLP_FX
2014-04-02,2.2711,LA_PLP_FX
2014-04-03,2.2811,LA_PLP_FX
2014-04-04,2.242,LA_PLP_FX
2014-04-07,2.2326,LA_PLP_FX
2014-04-08,2.1974,LA_PLP_FX
2014-04-09,2.2111,LA_PLP_FX
2014-04-10,2.1987,LA_PLP_FX
2014-04-11,2.2059,LA_PLP_FX
2014-04-14,2.2096,LA_PLP_FX
2014-04-15,2.2257,LA_PLP_FX
2014-04-16,2.2342,LA_PLP_FX
2014-04-17,2.2482,LA_PLP_FX
2014-04-22,2.2449,LA_PLP_FX
2014-04-23,2.2426,LA_PLP_FX
2014-04-24,2.2229,LA_PLP_FX
2014-04-25,2.2325,LA_PLP_FX
2014-04-28,2.237,LA_PLP_FX
2014-04-29,2.2199,LA_PLP_FX
2014-04-30,2.236,LA_PLP_FX
2014-05-02,2.2221,LA_PLP_FX
2014-05-05,2.2286,LA_PLP_FX
2014-05-06,2.2322,LA_PLP_FX
2014-05-07,2.2282,LA_PLP_FX
2014-05-08,2.2107,LA_PLP_FX
2014-05-09,2.2192,LA_PLP_FX
2014-05-12,2.2164,LA_PLP_FX
2014-05-13,2.2101,LA_PLP_FX
2014-05-14,2.2129,LA_PLP_FX
2014-05-15,2.2166,LA_PLP_FX
2014-05-16,2.211,LA_PLP_FX
2014-05-19,2.2111,LA_PLP_FX
2014-05-20,2.2156,LA_PLP_FX
2014-05-21,2.2111,LA_PLP_FX
2014-05-22,2.2131,LA_PLP_FX
2014-05-23,2.2187,LA_PLP_FX
2014-05-26,2.2209,LA_PLP_FX
2014-05-27,2.2354,LA_PLP_FX
2014-05-28,2.2405,LA_PLP_FX
2014-05-29,2.2251,LA_PLP_FX
2014-05-30,2.239,LA_PLP_FX
2014-06-02,2.264,LA_PLP_FX
2014-06-03,2.2654,LA_PLP_FX
2014-06-04,2.2802,LA_PLP_FX
2014-06-05,2.2695,LA_PLP_FX
2014-06-06,2.2445,LA_PLP_FX
2014-06-09,2.2336,LA_PLP_FX
2014-06-10,2.2296,LA_PLP_FX
2014-06-11,2.2307,LA_PLP_FX
2014-06-12,2.2306,LA_PLP_FX
2014-06-13,2.2347,LA_PLP_FX
2014-06-16,2.2313,LA_PLP_FX
2014-06-17,2.2486,LA_PLP_FX
2014-06-18,2.2534,LA_PLP_FX
2014-06-20,2.238,LA_PLP_FX
2014-06-23,2.2195,LA_PLP_FX
2014-06-24,2.2217,LA_PLP_FX
2014-06-25,2.2052,LA_PLP_FX
2014-06-26,2.2089,LA_PLP_FX
2014-06-27,2.1975,LA_PLP_FX
2014-06-30,2.2025,LA_PLP_FX
2014-07-01,2.2054,LA_PLP_FX
2014-07-02,2.2134,LA_PLP_FX
2014-07-03,2.2281,LA_PLP_FX
2014-07-04,2.2149,LA_PLP_FX
2014-07-07,2.2201,LA_PLP_FX
2014-07-08,2.215,LA_PLP_FX
2014-07-09,2.2139,LA_PLP_FX
2014-07-10,2.2237,LA_PLP_FX
2014-07-11,2.2228,LA_PLP_FX
2014-07-14,2.2176,LA_PLP_FX
2014-07-15,2.2195,LA_PLP_FX
2014-07-16,2.2193,LA_PLP_FX
2014-07-17,2.2403,LA_PLP_FX
2014-07-18,2.2362,LA_PLP_FX
2014-07-21,2.2238,LA_PLP_FX
2014-07-22,2.2129,LA_PLP_FX
2014-07-23,2.2202,LA_PLP_FX
2014-07-24,2.2204,LA_PLP_FX
2014-07-25,2.2293,LA_PLP_FX
2014-07-28,2.2302,LA_PLP_FX
2014-07-29,2.2278,LA_PLP_FX
2014-07-30,2.2447,LA_PLP_FX
2014-07-31,2.2674,LA_PLP_FX
2014-08-01,2.2607,LA_PLP_FX
2014-08-04,2.2577,LA_PLP_FX
2014-08-05,2.2756,LA_PLP_FX
2014-08-06,2.279,LA_PLP_FX
2014-08-07,2.2802,LA_PLP_FX
2014-08-08,2.2986,LA_PLP_FX
2014-08-11,2.2779,LA_PLP_FX
2014-08-12,2.277,LA_PLP_FX
2014-08-13,2.2692,LA_PLP_FX
2014-08-14,2.2703,LA_PLP_FX
2014-08-15,2.269,LA_PLP_FX
2014-08-18,2.2595,LA_PLP_FX
2014-08-19,2.2587,LA_PLP_FX
2014-08-20,2.255,LA_PLP_FX
2014-08-21,2.2582,LA_PLP_FX
2014-08-22,2.2778,LA_PLP_FX
2014-08-25,2.2808,LA_PLP_FX
2014-08-26,2.2748,LA_PLP_FX
2014-08-27,2.2591,LA_PLP_FX
2014-08-28,2.2499,LA_PLP_FX
2014-08-29,2.2396,LA_PLP_FX
2014-09-01,2.2364,LA_PLP_FX
2014-09-02,2.2521,LA_PLP_FX
2014-09-03,2.2319,LA_PLP_FX
2014-09-04,2.2356,LA_PLP_FX
2014-09-05,2.2416,LA_PLP_FX
2014-09-08,2.2491,LA_PLP_FX
2014-09-09,2.2813,LA_PLP_FX
2014-09-10,2.2967,LA_PLP_FX
2014-09-11,2.288,LA_PLP_FX
2014-09-12,2.3251,LA_PLP_FX
2014-09-15,2.3401,LA_PLP_FX
2014-09-16,2.3351,LA_PLP_FX
2014-09-17,2.3384,LA_PLP_FX
2014-09-18,2.3668,LA_PLP_FX
2014-09-19,2.3656,LA_PLP_FX
2014-09-22,2.387,LA_PLP_FX
2014-09-23,2.4026,LA_PLP_FX
2014-09-24,2.407,LA_PLP_FX
2014-09-25,2.4085,LA_PLP_FX
2014-09-26,2.431,LA_PLP_FX
2014-09-29,2.4522,LA_PLP_FX
2014-09-30,2.451,LA_PLP_FX
2014-10-01,2.4623,LA_PLP_FX
2014-10-02,2.4785,LA_PLP_FX
2014-10-03,2.4932,LA_PLP_FX
2014-10-06,2.4098,LA_PLP_FX
2014-10-07,2.4038,LA_PLP_FX
2014-10-08,2.4072,LA_PLP_FX
2014-10-09,2.3914,LA_PLP_FX
2014-10-10,2.4103,LA_PLP_FX
2014-10-13,2.3923,LA_PLP_FX
2014-10-14,2.3991,LA_PLP_FX
2014-10-15,2.4316,LA_PLP_FX
2014-10-16,2.477,LA_PLP_FX
2014-10-17,2.4477,LA_PLP_FX
2014-10-20,2.4554,LA_PLP_FX
2014-10-21,2.4797,LA_PLP_FX
2014-10-22,2.4781,LA_PLP_FX
2014-10-23,2.5004,LA_PLP_FX
2014-10-24,2.4805,LA_PLP_FX
2014-10-27,2.5341,LA_PLP_FX
2014-10-28,2.4869,LA_PLP_FX
2014-10-29,2.4346,LA_PLP_FX
2014-10-30,2.4119,LA_PLP_FX
2014-10-31,2.4442,LA_PLP_FX
2014-11-03,2.4839,LA_PLP_FX
2014-11-04,2.5195,LA_PLP_FX
2014-11-05,2.5168,LA_PLP_FX
2014-11-06,2.5325,LA_PLP_FX
2014-11-07,2.5721,LA_PLP_FX
2014-11-10,2.539,LA_PLP_FX
2014-11-11,2.5644,LA_PLP_FX
2014-11-12,2.555,LA_PLP_FX
2014-11-13,2.5725,LA_PLP_FX
2014-11-14,2.6136,LA_PLP_FX
2014-11-17,2.6035,LA_PLP_FX
2014-11-18,2.5967,LA_PLP_FX
2014-11-19,2.5849,LA_PLP_FX
2014-11-20,2.545,LA_PLP_FX
2014-11-21,2.5391,LA_PLP_FX
2014-11-24,2.5282,LA_PLP_FX
2014-11-25,2.5237,LA_PLP_FX
2014-11-26,2.5103,LA_PLP_FX
2014-11-27,2.5065,LA_PLP_FX
2014-11-28,2.5601,LA_PLP_FX
2014-12-01,2.5624,LA_PLP_FX
2014-12-02,2.5664,LA_PLP_FX
2014-12-03,2.5607,LA_PLP_FX
2014-12-04,2.5797,LA_PLP_FX
2014-12-05,2.5888,LA_PLP_FX
2014-12-08,2.5923,LA_PLP_FX
2014-12-09,2.6016,LA_PLP_FX
2014-12-10,2.5931,LA_PLP_FX
2014-12-11,2.6271,LA_PLP_FX
2014-12-12,2.6558,LA_PLP_FX
2014-12-15,2.6717,LA_PLP_FX
2014-12-16,2.7403,LA_PLP_FX
2014-12-17,2.7246,LA_PLP_FX
2014-12-18,2.6676,LA_PLP_FX
2014-12-19,2.6486,LA_PLP_FX
2014-12-22,2.6527,LA_PLP_FX
2014-12-23,2.6775,LA_PLP_FX
2014-12-24,2.6832,LA_PLP_FX
2014-12-26,2.6812,LA_PLP_FX
2014-12-29,2.6783,LA_PLP_FX
2014-12-30,2.6562,LA_PLP_FX
2014-12-31,2.6562,LA_PLP_FX
2015-01-02,2.6929,LA_PLP_FX
2015-01-05,2.7107,LA_PLP_FX
2015-01-06,2.7023,LA_PLP_FX
2015-01-07,2.6807,LA_PLP_FX
2015-01-08,2.6919,LA_PLP_FX
2015-01-09,2.6583,LA_PLP_FX
2015-01-12,2.6575,LA_PLP_FX
2015-01-13,2.6485,LA_PLP_FX
2015-01-14,2.6222,LA_PLP_FX
2015-01-15,2.6122,LA_PLP_FX
2015-01-16,2.6193,LA_PLP_FX
2015-01-19,2.6243,LA_PLP_FX
2015-01-20,2.6247,LA_PLP_FX
2015-01-21,2.5968,LA_PLP_FX
2015-01-22,2.5754,LA_PLP_FX
2015-01-23,2.5856,LA_PLP_FX
2015-01-26,2.5966,LA_PLP_FX
2015-01-27,2.5809,LA_PLP_FX
2015-01-28,2.5797,LA_PLP_FX
2015-01-29,2.596,LA_PLP_FX
2015-01-30,2.6623,LA_PLP_FX
2015-02-02,2.6894,LA_PLP_FX
2015-02-03,2.7059,LA_PLP_FX
2015-02-04,2.7148,LA_PLP_FX
2015-02-05,2.7386,LA_PLP_FX
2015-02-06,2.7641,LA_PLP_FX
2015-02-09,2.7873,LA_PLP_FX
2015-02-10,2.8075,LA_PLP_FX
2015-02-11,2.8576,LA_PLP_FX
2015-02-12,2.8625,LA_PLP_FX
2015-02-13,2.8392,LA_PLP_FX
2015-02-18,2.843,LA_PLP_FX
2015-02-19,2.8545,LA_PLP_FX
2015-02-20,2.8701,LA_PLP_FX
2015-02-23,2.8811,LA_PLP_FX
2015-02-24,2.8649,LA_PLP_FX
2015-02-25,2.8646,LA_PLP_FX
2015-02-26,2.8728,LA_PLP_FX
2015-02-27,2.8782,LA_PLP_FX
2015-03-02,2.8655,LA_PLP_FX
2015-03-03,2.9051,LA_PLP_FX
2015-03-04,2.9804,LA_PLP_FX
2015-03-05,2.9931,LA_PLP_FX
2015-03-06,3.0366,LA_PLP_FX
2015-03-09,3.1018,LA_PLP_FX
2015-03-10,3.1299,LA_PLP_FX
2015-03-11,3.1162,LA_PLP_FX
2015-03-12,3.1171,LA_PLP_FX
2015-03-13,3.2264,LA_PLP_FX
2015-03-16,3.2257,LA_PLP_FX
2015-03-17,3.2683,LA_PLP_FX
2015-03-18,3.2518,LA_PLP_FX
2015-03-19,3.2642,LA_PLP_FX
2015-03-20,3.2423,LA_PLP_FX
2015-03-23,3.18,LA_PLP_FX
2015-03-24,3.131,LA_PLP_FX
2015-03-25,3.1476,LA_PLP_FX
2015-03-26,3.1915,LA_PLP_FX
2015-03-27,3.2259,LA_PLP_FX
2015-03-30,3.2601,LA_PLP_FX
2015-03-31,3.208,LA_PLP_FX
2015-04-01,3.1556,LA_PLP_FX
2015-04-02,3.1492,LA_PLP_FX
2015-04-06,3.0926,LA_PLP_FX
2015-04-07,3.1231,LA_PLP_FX
2015-04-08,3.0834,LA_PLP_FX
2015-04-09,3.0466,LA_PLP_FX
2015-04-10,3.0796,LA_PLP_FX
2015-04-13,3.1011,LA_PLP_FX
2015-04-14,3.088,LA_PLP_FX
2015-04-15,3.0681,LA_PLP_FX
2015-04-16,3.0249,LA_PLP_FX
2015-04-17,3.0544,LA_PLP_FX
2015-04-20,3.0473,LA_PLP_FX
2015-04-22,3.0186,LA_PLP_FX
2015-04-23,3.0084,LA_PLP_FX
2015-04-24,2.9745,LA_PLP_FX
2015-04-27,2.9236,LA_PLP_FX
2015-04-28,2.8943,LA_PLP_FX
2015-04-29,2.9375,LA_PLP_FX
2015-04-30,2.9936,LA_PLP_FX
2015-05-04,3.0754,LA_PLP_FX
2015-05-05,3.0626,LA_PLP_FX
2015-05-06,3.042,LA_PLP_FX
2015-05-07,3.0421,LA_PLP_FX
2015-05-08,2.9966,LA_PLP_FX
2015-05-11,3.0175,LA_PLP_FX
2015-05-12,3.0389,LA_PLP_FX
2015-05-13,3.0103,LA_PLP_FX
2015-05-14,3.0032,LA_PLP_FX
2015-05-15,2.9894,LA_PLP_FX
2015-05-18,3.0145,LA_PLP_FX
2015-05-19,3.0284,LA_PLP_FX
2015-05-20,3.0347,LA_PLP_FX
2015-05-21,3.0295,LA_PLP_FX
2015-05-22,3.0653,LA_PLP_FX
2015-05-25,3.1212,LA_PLP_FX
2015-05-26,3.1351,LA_PLP_FX
2015-05-27,3.174,LA_PLP_FX
2015-05-28,3.1748,LA_PLP_FX
2015-05-29,3.1788,LA_PLP_FX
2015-06-01,3.1789,LA_PLP_FX
2015-06-02,3.1443,LA_PLP_FX
2015-06-03,3.1184,LA_PLP_FX
2015-06-05,3.1684,LA_PLP_FX
2015-06-08,3.119,LA_PLP_FX
2015-06-09,3.0991,LA_PLP_FX
2015-06-10,3.0843,LA_PLP_FX
2015-06-11,3.1514,LA_PLP_FX
2015-06-12,3.1107,LA_PLP_FX
2015-06-15,3.1036,LA_PLP_FX
2015-06-16,3.1082,LA_PLP_FX
2015-06-17,3.0989,LA_PLP_FX
2015-06-18,3.0472,LA_PLP_FX
2015-06-19,3.0788,LA_PLP_FX
2015-06-22,3.0757,LA_PLP_FX
2015-06-23,3.1042,LA_PLP_FX
2015-06-24,3.0852,LA_PLP_FX
2015-06-25,3.1015,LA_PLP_FX
2015-06-26,3.1271,LA_PLP_FX
2015-06-29,3.139,LA_PLP_FX
2015-06-30,3.1026,LA_PLP_FX
2015-07-01,3.1191,LA_PLP_FX
2015-07-02,3.1173,LA_PLP_FX
2015-07-03,3.1271,LA_PLP_FX
2015-07-06,3.1431,LA_PLP_FX
2015-07-07,3.1809,LA_PLP_FX
2015-07-08,3.2282,LA_PLP_FX
2015-07-09,3.2163,LA_PLP_FX
2015-07-10,3.1897,LA_PLP_FX
2015-07-13,3.1594,LA_PLP_FX
2015-07-14,3.123,LA_PLP_FX
2015-07-15,3.1532,LA_PLP_FX
2015-07-16,3.1375,LA_PLP_FX
2015-07-17,3.1832,LA_PLP_FX
2015-07-20,3.2149,LA_PLP_FX
2015-07-21,3.1813,LA_PLP_FX
2015-07-22,3.2094,LA_PLP_FX
2015-07-23,3.285,LA_PLP_FX
2015-07-24,3.3254,LA_PLP_FX
2015-07-27,3.3557,LA_PLP_FX
2015-07-28,3.3815,LA_PLP_FX
2015-07-29,3.3419,LA_PLP_FX
2015-07-30,3.3652,LA_PLP_FX
2015-07-31,3.394,LA_PLP_FX
2015-08-03,3.4425,LA_PLP_FX
2015-08-04,3.4675,LA_PLP_FX
2015-08-05,3.4851,LA_PLP_FX
2015-08-06,3.5347,LA_PLP_FX
2015-08-07,3.5181,LA_PLP_FX
2015-08-10,3.4909,LA_PLP_FX
2015-08-11,3.4925,LA_PLP_FX
2015-08-12,3.4826,LA_PLP_FX
2015-08-13,3.5074,LA_PLP_FX
2015-08-14,3.4761,LA_PLP_FX
2015-08-17,3.4746,LA_PLP_FX
2015-08-18,3.4811,LA_PLP_FX
2015-08-19,3.4849,LA_PLP_FX
2015-08-20,3.4751,LA_PLP_FX
2015-08-21,3.4896,LA_PLP_FX
2015-08-24,3.5494,LA_PLP_FX
2015-08-25,3.5345,LA_PLP_FX
2015-08-26,3.6326,LA_PLP_FX
2015-08-27,3.5555,LA_PLP_FX
2015-08-28,3.579,LA_PLP_FX
2015-08-31,3.6467,LA_PLP_FX
2015-09-01,3.6725,LA_PLP_FX
2015-09-02,3.7314,LA_PLP_FX
2015-09-03,3.776,LA_PLP_FX
2015-09-04,3.7986,LA_PLP_FX
2015-09-08,3.8028,LA_PLP_FX
2015-09-09,3.787,LA_PLP_FX
2015-09-10,3.8698,LA_PLP_FX
2015-09-11,3.8698,LA_PLP_FX
2015-09-14,3.8653,LA_PLP_FX
2015-09-15,3.8599,LA_PLP_FX
2015-09-16,3.8368,LA_PLP_FX
2015-09-17,3.8921,LA_PLP_FX
2015-09-18,3.9021,LA_PLP_FX
2015-09-21,3.9821,LA_PLP_FX
2015-09-22,4.0425,LA_PLP_FX
2015-09-23,4.1041,LA_PLP_FX
2015-09-24,4.1949,LA_PLP_FX
2015-09-25,3.9479,LA_PLP_FX
2015-09-28,4.0099,LA_PLP_FX
2015-09-29,4.1172,LA_PLP_FX
2015-09-30,3.9729,LA_PLP_FX
2015-10-01,3.9794,LA_PLP_FX
2015-10-02,4.001,LA_PLP_FX
2015-10-05,3.9141,LA_PLP_FX
2015-10-06,3.8567,LA_PLP_FX
2015-10-07,3.806,LA_PLP_FX
2015-10-08,3.8517,LA_PLP_FX
2015-10-09,3.7386,LA_PLP_FX
2015-10-13,3.825,LA_PLP_FX
2015-10-14,3.8507,LA_PLP_FX
2015-10-15,3.8344,LA_PLP_FX
2015-10-16,3.8438,LA_PLP_FX
2015-10-19,3.9015,LA_PLP_FX
2015-10-20,3.8656,LA_PLP_FX
2015-10-21,3.9386,LA_PLP_FX
2015-10-22,3.936,LA_PLP_FX
2015-10-23,3.8988,LA_PLP_FX
2015-10-26,3.8582,LA_PLP_FX
2015-10-27,3.9114,LA_PLP_FX
2015-10-28,3.8797,LA_PLP_FX
2015-10-29,3.9328,LA_PLP_FX
2015-10-30,3.8589,LA_PLP_FX
2015-11-03,3.8126,LA_PLP_FX
2015-11-04,3.7687,LA_PLP_FX
2015-11-05,3.7893,LA_PLP_FX
2015-11-06,3.8059,LA_PLP_FX
2015-11-09,3.7928,LA_PLP_FX
2015-11-10,3.7981,LA_PLP_FX
2015-11-11,3.7327,LA_PLP_FX
2015-11-12,3.7996,LA_PLP_FX
2015-11-13,3.8023,LA_PLP_FX
2015-11-16,3.8336,LA_PLP_FX
2015-11-17,3.8052,LA_PLP_FX
2015-11-18,3.7921,LA_PLP_FX
2015-11-19,3.7442,LA_PLP_FX
2015-11-20,3.701,LA_PLP_FX
2015-11-23,3.7231,LA_PLP_FX
2015-11-24,3.7081,LA_PLP_FX
2015-11-25,3.7688,LA_PLP_FX
2015-11-26,3.7606,LA_PLP_FX
2015-11-27,3.7399,LA_PLP_FX
2015-11-30,3.8506,LA_PLP_FX
2015-12-01,3.8745,LA_PLP_FX
2015-12-02,3.8545,LA_PLP_FX
2015-12-03,3.797,LA_PLP_FX
2015-12-04,3.7575,LA_PLP_FX
2015-12-07,3.7476,LA_PLP_FX
2015-12-08,3.7921,LA_PLP_FX
2015-12-09,3.758,LA_PLP_FX
2015-12-10,3.7685,LA_PLP_FX
2015-12-11,3.8548,LA_PLP_FX
2015-12-14,3.9023,LA_PLP_FX
2015-12-15,3.8703,LA_PLP_FX
2015-12-16,3.9357,LA_PLP_FX
2015-12-17,3.8929,LA_PLP_FX
2015-12-18,3.9062,LA_PLP_FX
2015-12-21,3.9831,LA_PLP_FX
2015-12-22,3.977,LA_PLP_FX
2015-12-23,3.9632,LA_PLP_FX
2015-12-24,3.9524,LA_PLP_FX
2015-12-28,3.9186,LA_PLP_FX
2015-12-29,3.8492,LA_PLP_FX
2015-12-30,3.9048,LA_PLP_FX
2015-12-31,3.9048,LA_PLP_FX
2016-01-04,4.0387,LA_PLP_FX
2016-01-05,4.0114,LA_PLP_FX
2016-01-06,4.0303,LA_PLP_FX
2016-01-07,4.0475,LA_PLP_FX
2016-01-08,4.025,LA_PLP_FX
2016-01-11,4.0153,LA_PLP_FX
2016-01-12,4.0299,LA_PLP_FX
2016-01-13,3.9863,LA_PLP_FX
2016-01-14,4.0223,LA_PLP_FX
2016-01-15,4.0402,LA_PLP_FX
2016-01-18,4.0364,LA_PLP_FX
2016-01-19,4.0303,LA_PLP_FX
2016-01-20,4.0861,LA_PLP_FX
2016-01-21,4.1558,LA_PLP_FX
2016-01-22,4.1232,LA_PLP_FX
2016-01-25,4.1002,LA_PLP_FX
2016-01-26,4.0967,LA_PLP_FX
2016-01-27,4.0448,LA_PLP_FX
2016-01-28,4.0838,LA_PLP_FX
2016-01-29,4.0428,LA_PLP_FX
2016-02-01,3.9986,LA_PLP_FX
2016-02-02,3.9919,LA_PLP_FX
2016-02-03,3.9558,LA_PLP_FX
2016-02-04,3.8653,LA_PLP_FX
2016-02-05,3.8975,LA_PLP_FX
2016-02-10,3.9412,LA_PLP_FX
2016-02-11,3.9642,LA_PLP_FX
2016-02-12,3.9891,LA_PLP_FX
2016-02-15,3.9885,LA_PLP_FX
2016-02-16,4.0213,LA_PLP_FX
2016-02-17,4.0318,LA_PLP_FX
2016-02-18,4.0091,LA_PLP_FX
2016-02-19,4.0492,LA_PLP_FX
2016-02-22,3.9618,LA_PLP_FX
2016-02-23,3.9684,LA_PLP_FX
2016-02-24,3.99,LA_PLP_FX
2016-02-25,3.94,LA_PLP_FX
2016-02-26,3.9578,LA_PLP_FX
2016-02-29,3.9796,LA_PLP_FX
2016-03-01,3.9913,LA_PLP_FX
2016-03-02,3.9116,LA_PLP_FX
2016-03-03,3.8504,LA_PLP_FX
2016-03-04,3.7188,LA_PLP_FX
2016-03-07,3.7714,LA_PLP_FX
2016-03-08,3.7813,LA_PLP_FX
2016-03-09,3.7037,LA_PLP_FX
2016-03-10,3.67,LA_PLP_FX
2016-03-11,3.6271,LA_PLP_FX
2016-03-14,3.6239,LA_PLP_FX
2016-03-15,3.7116,LA_PLP_FX
2016-03-16,3.8079,LA_PLP_FX
2016-03-17,3.6445,LA_PLP_FX
2016-03-18,3.6146,LA_PLP_FX
2016-03-21,3.6229,LA_PLP_FX
2016-03-22,3.6073,LA_PLP_FX
2016-03-23,3.6531,LA_PLP_FX
2016-03-24,3.6948,LA_PLP_FX
2016-03-28,3.6408,LA_PLP_FX
2016-03-29,3.6687,LA_PLP_FX
2016-03-30,3.6116,LA_PLP_FX
2016-03-31,3.5589,LA_PLP_FX
2016-04-01,3.5799,LA_PLP_FX
2016-04-04,3.5871,LA_PLP_FX
2016-04-05,3.6581,LA_PLP_FX
2016-04-06,3.6749,LA_PLP_FX
2016-04-07,3.6921,LA_PLP_FX
2016-04-08,3.6385,LA_PLP_FX
2016-04-11,3.5284,LA_PLP_FX
2016-04-12,3.5406,LA_PLP_FX
2016-04-13,3.5429,LA_PLP_FX
2016-04-14,3.5126,LA_PLP_FX
2016-04-15,3.5276,LA_PLP_FX
2016-04-18,3.5904,LA_PLP_FX
2016-04-19,3.5538,LA_PLP_FX
2016-04-20,3.5503,LA_PLP_FX
2016-04-22,3.5829,LA_PLP_FX
2016-04-25,3.5472,LA_PLP_FX
2016-04-26,3.5301,LA_PLP_FX
2016-04-27,3.5295,LA_PLP_FX
2016-04-28,3.4992,LA_PLP_FX
2016-04-29,3.4508,LA_PLP_FX
2016-05-02,3.4991,LA_PLP_FX
2016-05-03,3.555,LA_PLP_FX
2016-05-04,3.5397,LA_PLP_FX
2016-05-05,3.5296,LA_PLP_FX
2016-05-06,3.5362,LA_PLP_FX
2016-05-09,3.5387,LA_PLP_FX
2016-05-10,3.4772,LA_PLP_FX
2016-05-11,3.4645,LA_PLP_FX
2016-05-12,3.4877,LA_PLP_FX
2016-05-13,3.5041,LA_PLP_FX
2016-05-16,3.5035,LA_PLP_FX
2016-05-17,3.5037,LA_PLP_FX
2016-05-18,3.5368,LA_PLP_FX
2016-05-19,3.6003,LA_PLP_FX
2016-05-20,3.5419,LA_PLP_FX
2016-05-23,3.566,LA_PLP_FX
2016-05-24,3.5491,LA_PLP_FX
2016-05-25,3.5804,LA_PLP_FX
2016-05-27,3.6168,LA_PLP_FX
2016-05-30,3.5997,LA_PLP_FX
2016-05-31,3.5951,LA_PLP_FX
2016-06-01,3.6126,LA_PLP_FX
2016-06-02,3.5961,LA_PLP_FX
2016-06-03,3.5409,LA_PLP_FX
2016-06-06,3.5098,LA_PLP_FX
2016-06-07,3.4745,LA_PLP_FX
2016-06-08,3.3898,LA_PLP_FX
2016-06-09,3.3817,LA_PLP_FX
2016-06-10,3.4261,LA_PLP_FX
2016-06-13,3.4533,LA_PLP_FX
2016-06-14,3.4839,LA_PLP_FX
2016-06-15,3.4768,LA_PLP_FX
2016-06-16,3.4904,LA_PLP_FX
2016-06-17,3.4372,LA_PLP_FX
2016-06-20,3.3835,LA_PLP_FX
2016-06-21,3.3897,LA_PLP_FX
2016-06-22,3.3883,LA_PLP_FX
2016-06-23,3.3533,LA_PLP_FX
2016-06-24,3.3772,LA_PLP_FX
2016-06-27,3.3934,LA_PLP_FX
2016-06-28,3.3267,LA_PLP_FX
2016-06-29,3.2435,LA_PLP_FX
2016-06-30,3.2098,LA_PLP_FX
2016-07-01,3.2298,LA_PLP_FX
2016-07-04,3.248,LA_PLP_FX
2016-07-05,3.2904,LA_PLP_FX
2016-07-06,3.3242,LA_PLP_FX
2016-07-07,3.3388,LA_PLP_FX
2016-07-08,3.2968,LA_PLP_FX
2016-07-11,3.3031,LA_PLP_FX
2016-07-12,3.275,LA_PLP_FX
2016-07-13,3.2896,LA_PLP_FX
2016-07-14,3.2311,LA_PLP_FX
2016-07-15,3.2656,LA_PLP_FX
2016-07-18,3.2634,LA_PLP_FX
2016-07-19,3.2801,LA_PLP_FX
2016-07-20,3.2512,LA_PLP_FX
2016-07-21,3.2585,LA_PLP_FX
2016-07-22,3.2854,LA_PLP_FX
2016-07-25,3.2819,LA_PLP_FX
2016-07-26,3.279,LA_PLP_FX
2016-07-27,3.282,LA_PLP_FX
2016-07-28,3.274,LA_PLP_FX
2016-07-29,3.239,LA_PLP_FX
2016-08-01,3.2662,LA_PLP_FX
2016-08-02,3.249,LA_PLP_FX
2016-08-03,3.2733,LA_PLP_FX
2016-08-04,3.2183,LA_PLP_FX
2016-08-05,3.1859,LA_PLP_FX
2016-08-08,3.1771,LA_PLP_FX
2016-08-09,3.1503,LA_PLP_FX
2016-08-10,3.1302,LA_PLP_FX
2016-08-11,3.1364,LA_PLP_FX
2016-08-12,3.1602,LA_PLP_FX
2016-08-15,3.1672,LA_PLP_FX
2016-08-16,3.1749,LA_PLP_FX
2016-08-17,3.2248,LA_PLP_FX
2016-08-18,3.2215,LA_PLP_FX
2016-08-19,3.2267,LA_PLP_FX
2016-08-22,3.2163,LA_PLP_FX
2016-08-23,3.2054,LA_PLP_FX
2016-08-24,3.2372,LA_PLP_FX
2016-08-25,3.2319,LA_PLP_FX
2016-08-26,3.2153,LA_PLP_FX
2016-08-29,3.2613,LA_PLP_FX
2016-08-30,3.2525,LA_PLP_FX
2016-08-31,3.2403,LA_PLP_FX
2016-09-01,3.2472,LA_PLP_FX
2016-09-02,3.2431,LA_PLP_FX
2016-09-05,3.2721,LA_PLP_FX
2016-09-06,3.2452,LA_PLP_FX
2016-09-08,3.1934,LA_PLP_FX
2016-09-09,3.2638,LA_PLP_FX
2016-09-12,3.2854,LA_PLP_FX
2016-09-13,3.2972,LA_PLP_FX
2016-09-14,3.3262,LA_PLP_FX
2016-09-15,3.3326,LA_PLP_FX
2016-09-16,3.3004,LA_PLP_FX
2016-09-19,3.2636,LA_PLP_FX
2016-09-20,3.254,LA_PLP_FX
2016-09-21,3.2408,LA_PLP_FX
2016-09-22,3.2015,LA_PLP_FX
2016-09-23,3.2242,LA_PLP_FX
2016-09-26,3.24,LA_PLP_FX
2016-09-27,3.2358,LA_PLP_FX
2016-09-28,3.2476,LA_PLP_FX
2016-09-29,3.2235,LA_PLP_FX
2016-09-30,3.2462,LA_PLP_FX
2016-10-03,3.2338,LA_PLP_FX
2016-10-04,3.2203,LA_PLP_FX
2016-10-05,3.2359,LA_PLP_FX
2016-10-06,3.231,LA_PLP_FX
2016-10-07,3.2134,LA_PLP_FX
2016-10-10,3.2125,LA_PLP_FX
2016-10-11,3.2136,LA_PLP_FX
2016-10-13,3.2087,LA_PLP_FX
2016-10-14,3.1864,LA_PLP_FX
2016-10-17,3.1963,LA_PLP_FX
2016-10-18,3.1874,LA_PLP_FX
2016-10-19,3.18,LA_PLP_FX
2016-10-20,3.1605,LA_PLP_FX
2016-10-21,3.1593,LA_PLP_FX
2016-10-24,3.1311,LA_PLP_FX
2016-10-25,3.1193,LA_PLP_FX
2016-10-26,3.1219,LA_PLP_FX
2016-10-27,3.1429,LA_PLP_FX
2016-10-28,3.1815,LA_PLP_FX
2016-10-31,3.1811,LA_PLP_FX
2016-11-01,3.2053,LA_PLP_FX
2016-11-03,3.231,LA_PLP_FX
2016-11-04,3.2449,LA_PLP_FX
2016-11-07,3.2024,LA_PLP_FX
2016-11-08,3.2024,LA_PLP_FX
2016-11-09,3.2258,LA_PLP_FX
2016-11-10,3.3104,LA_PLP_FX
2016-11-11,3.4377,LA_PLP_FX
2016-11-14,3.4446,LA_PLP_FX
2016-11-16,3.4183,LA_PLP_FX
2016-11-17,3.4052,LA_PLP_FX
2016-11-18,3.3917,LA_PLP_FX
2016-11-21,3.3517,LA_PLP_FX
2016-11-22,3.3476,LA_PLP_FX
2016-11-23,3.3927,LA_PLP_FX
2016-11-24,3.3987,LA_PLP_FX
2016-11-25,3.4279,LA_PLP_FX
2016-11-28,3.3996,LA_PLP_FX
2016-11-29,3.406,LA_PLP_FX
2016-11-30,3.3967,LA_PLP_FX
2016-12-01,3.4362,LA_PLP_FX
2016-12-02,3.465,LA_PLP_FX
2016-12-05,3.4598,LA_PLP_FX
2016-12-06,3.4354,LA_PLP_FX
2016-12-07,3.3895,LA_PLP_FX
2016-12-08,3.4008,LA_PLP_FX
2016-12-09,3.3858,LA_PLP_FX
2016-12-12,3.3697,LA_PLP_FX
2016-12-13,3.334,LA_PLP_FX
2016-12-14,3.3103,LA_PLP_FX
2016-12-15,3.383,LA_PLP_FX
2016-12-16,3.3712,LA_PLP_FX
2016-12-19,3.3778,LA_PLP_FX
2016-12-20,3.3586,LA_PLP_FX
2016-12-21,3.3297,LA_PLP_FX
2016-12-22,3.3302,LA_PLP_FX
2016-12-23,3.2696,LA_PLP_FX
2016-12-26,3.2701,LA_PLP_FX
2016-12-27,3.2776,LA_PLP_FX
2016-12-28,3.2774,LA_PLP_FX
2016-12-29,3.2591,LA_PLP_FX
2016-12-30,3.2591,LA_PLP_FX
2017-01-02,3.2729,LA_PLP_FX
2017-01-03,3.2632,LA_PLP_FX
2017-01-04,3.2333,LA_PLP_FX
2017-01-05,3.2129,LA_PLP_FX
2017-01-06,3.2057,LA_PLP_FX
2017-01-09,3.2097,LA_PLP_FX
2017-01-10,3.1918,LA_PLP_FX
2017-01-11,3.2154,LA_PLP_FX
2017-01-12,3.1661,LA_PLP_FX
2017-01-13,3.2034,LA_PLP_FX
2017-01-16,3.2234,LA_PLP_FX
2017-01-17,3.21,LA_PLP_FX
2017-01-18,3.2211,LA_PLP_FX
2017-01-19,3.2113,LA_PLP_FX
2017-01-20,3.1918,LA_PLP_FX
2017-01-23,3.1609,LA_PLP_FX
2017-01-24,3.1649,LA_PLP_FX
2017-01-25,3.169,LA_PLP_FX
2017-01-26,3.1804,LA_PLP_FX
2017-01-27,3.1596,LA_PLP_FX
2017-01-30,3.1316,LA_PLP_FX
2017-01-31,3.127,LA_PLP_FX
2017-02-01,3.1479,LA_PLP_FX
2017-02-02,3.1196,LA_PLP_FX
2017-02-03,3.1241,LA_PLP_FX
2017-02-06,3.1179,LA_PLP_FX
2017-02-07,3.1304,LA_PLP_FX
2017-02-08,3.1255,LA_PLP_FX
2017-02-09,3.1185,LA_PLP_FX
2017-02-10,3.1155,LA_PLP_FX
2017-02-13,3.1175,LA_PLP_FX
2017-02-14,3.1004,LA_PLP_FX
2017-02-15,3.0779,LA_PLP_FX
2017-02-16,3.051,LA_PLP_FX
2017-02-17,3.095,LA_PLP_FX
2017-02-20,3.0918,LA_PLP_FX
2017-02-21,3.097,LA_PLP_FX
2017-02-22,3.0824,LA_PLP_FX
2017-02-23,3.0638,LA_PLP_FX
2017-02-24,3.0993,LA_PLP_FX
2017-03-01,3.0976,LA_PLP_FX
2017-03-02,3.1138,LA_PLP_FX
2017-03-03,3.1364,LA_PLP_FX
2017-03-06,3.1111,LA_PLP_FX
2017-03-07,3.1185,LA_PLP_FX
2017-03-08,3.1477,LA_PLP_FX
2017-03-09,3.1735,LA_PLP_FX
2017-03-10,3.1623,LA_PLP_FX
2017-03-13,3.1541,LA_PLP_FX
2017-03-14,3.1639,LA_PLP_FX
2017-03-15,3.1629,LA_PLP_FX
2017-03-16,3.108,LA_PLP_FX
2017-03-17,3.1075,LA_PLP_FX
2017-03-20,3.0898,LA_PLP_FX
2017-03-21,3.0765,LA_PLP_FX
2017-03-22,3.0939,LA_PLP_FX
2017-03-23,3.1248,LA_PLP_FX
2017-03-24,3.1282,LA_PLP_FX
2017-03-27,3.1256,LA_PLP_FX
2017-03-28,3.1303,LA_PLP_FX
2017-03-29,3.1229,LA_PLP_FX
2017-03-30,3.1247,LA_PLP_FX
2017-03-31,3.1684,LA_PLP_FX
2017-04-03,3.1167,LA_PLP_FX
2017-04-04,3.1231,LA_PLP_FX
2017-04-05,3.0923,LA_PLP_FX
2017-04-06,3.116,LA_PLP_FX
2017-04-07,3.1302,LA_PLP_FX
2017-04-10,3.1409,LA_PLP_FX
2017-04-11,3.1424,LA_PLP_FX
2017-04-12,3.1463,LA_PLP_FX
2017-04-13,3.1269,LA_PLP_FX
2017-04-17,3.1036,LA_PLP_FX
2017-04-18,3.0958,LA_PLP_FX
2017-04-19,3.1294,LA_PLP_FX
2017-04-20,3.1453,LA_PLP_FX
2017-04-24,3.1251,LA_PLP_FX
2017-04-25,3.1577,LA_PLP_FX
2017-04-26,3.1847,LA_PLP_FX
2017-04-27,3.1763,LA_PLP_FX
2017-04-28,3.1984,LA_PLP_FX
2017-05-02,3.1724,LA_PLP_FX
2017-05-03,3.1489,LA_PLP_FX
2017-05-04,3.178,LA_PLP_FX
2017-05-05,3.1764,LA_PLP_FX
2017-05-08,3.1938,LA_PLP_FX
2017-05-09,3.1857,LA_PLP_FX
2017-05-10,3.1606,LA_PLP_FX
2017-05-11,3.1559,LA_PLP_FX
2017-05-12,3.129,LA_PLP_FX
2017-05-15,3.1011,LA_PLP_FX
2017-05-16,3.0924,LA_PLP_FX
2017-05-17,3.1076,LA_PLP_FX
2017-05-18,3.3807,LA_PLP_FX
2017-05-19,3.2878,LA_PLP_FX
2017-05-22,3.2863,LA_PLP_FX
2017-05-23,3.2654,LA_PLP_FX
2017-05-24,3.2629,LA_PLP_FX
2017-05-25,3.2824,LA_PLP_FX
2017-05-26,3.2614,LA_PLP_FX
2017-05-29,3.2709,LA_PLP_FX
2017-05-30,3.2659,LA_PLP_FX
2017-05-31,3.2437,LA_PLP_FX
2017-06-01,3.2307,LA_PLP_FX
2017-06-02,3.2401,LA_PLP_FX
2017-06-05,3.282,LA_PLP_FX
2017-06-06,3.2817,LA_PLP_FX
2017-06-07,3.2747,LA_PLP_FX
2017-06-08,3.2838,LA_PLP_FX
2017-06-09,3.274,LA_PLP_FX
2017-06-12,3.2986,LA_PLP_FX
2017-06-13,3.3208,LA_PLP_FX
2017-06-14,3.2836,LA_PLP_FX
2017-06-16,3.2892,LA_PLP_FX
2017-06-19,3.2975,LA_PLP_FX
2017-06-20,3.3145,LA_PLP_FX
2017-06-21,3.3247,LA_PLP_FX
2017-06-22,3.3362,LA_PLP_FX
2017-06-23,3.3342,LA_PLP_FX
2017-06-26,3.3128,LA_PLP_FX
2017-06-27,3.3172,LA_PLP_FX
2017-06-28,3.303,LA_PLP_FX
2017-06-29,3.2952,LA_PLP_FX
2017-06-30,3.3082,LA_PLP_FX
2017-07-03,3.3015,LA_PLP_FX
2017-07-04,3.305,LA_PLP_FX
2017-07-05,3.3193,LA_PLP_FX
2017-07-06,3.3064,LA_PLP_FX
2017-07-07,3.2895,LA_PLP_FX
2017-07-10,3.265,LA_PLP_FX
2017-07-11,3.2522,LA_PLP_FX
2017-07-12,3.2264,LA_PLP_FX
2017-07-13,3.2108,LA_PLP_FX
2017-07-14,3.1899,LA_PLP_FX
2017-07-17,3.1821,LA_PLP_FX
2017-07-18,3.1668,LA_PLP_FX
2017-07-19,3.1533,LA_PLP_FX
2017-07-20,3.1402,LA_PLP_FX
2017-07-21,3.1256,LA_PLP_FX
2017-07-24,3.1459,LA_PLP_FX
2017-07-25,3.1556,LA_PLP_FX
2017-07-26,3.1657,LA_PLP_FX
2017-07-27,3.1513,LA_PLP_FX
2017-07-28,3.1457,LA_PLP_FX
2017-07-31,3.1307,LA_PLP_FX
2017-08-01,3.1161,LA_PLP_FX
2017-08-02,3.1268,LA_PLP_FX
2017-08-03,3.1194,LA_PLP_FX
2017-08-04,3.1224,LA_PLP_FX
2017-08-07,3.1267,LA_PLP_FX
2017-08-08,3.132,LA_PLP_FX
2017-08-09,3.1464,LA_PLP_FX
2017-08-10,3.1543,LA_PLP_FX
2017-08-11,3.1695,LA_PLP_FX
2017-08-14,3.1888,LA_PLP_FX
2017-08-15,3.1976,LA_PLP_FX
2017-08-16,3.167,LA_PLP_FX
2017-08-17,3.1603,LA_PLP_FX
2017-08-18,3.1654,LA_PLP_FX
2017-08-21,3.1443,LA_PLP_FX
2017-08-22,3.1539,LA_PLP_FX
2017-08-23,3.1569,LA_PLP_FX
2017-08-24,3.1404,LA_PLP_FX
2017-08-25,3.1462,LA_PLP_FX
2017-08-28,3.1563,LA_PLP_FX
2017-08-29,3.1695,LA_PLP_FX
2017-08-30,3.1638,LA_PLP_FX
2017-08-31,3.1471,LA_PLP_FX
2017-09-01,3.1333,LA_PLP_FX
2017-09-04,3.1389,LA_PLP_FX
2017-09-05,3.1203,LA_PLP_FX
2017-09-06,3.1133,LA_PLP_FX
2017-09-08,3.0908,LA_PLP_FX
2017-09-11,3.0852,LA_PLP_FX
2017-09-12,3.1144,LA_PLP_FX
2017-09-13,3.1343,LA_PLP_FX
2017-09-14,3.1354,LA_PLP_FX
2017-09-15,3.1255,LA_PLP_FX
2017-09-18,3.1239,LA_PLP_FX
2017-09-19,3.1323,LA_PLP_FX
2017-09-20,3.1281,LA_PLP_FX
2017-09-21,3.1347,LA_PLP_FX
2017-09-22,3.1285,LA_PLP_FX
2017-09-25,3.1412,LA_PLP_FX
2017-09-26,3.1674,LA_PLP_FX
2017-09-27,3.1932,LA_PLP_FX
2017-09-28,3.1871,LA_PLP_FX
2017-09-29,3.168,LA_PLP_FX
2017-10-02,3.1642,LA_PLP_FX
2017-10-03,3.1502,LA_PLP_FX
2017-10-04,3.1315,LA_PLP_FX
2017-10-05,3.1347,LA_PLP_FX
2017-10-06,3.1648,LA_PLP_FX
2017-10-09,3.177,LA_PLP_FX
2017-10-10,3.1688,LA_PLP_FX
2017-10-11,3.1639,LA_PLP_FX
2017-10-13,3.1572,LA_PLP_FX
2017-10-16,3.1607,LA_PLP_FX
2017-10-17,3.1769,LA_PLP_FX
2017-10-18,3.1673,LA_PLP_FX
2017-10-19,3.1732,LA_PLP_FX
2017-10-20,3.1833,LA_PLP_FX
2017-10-23,3.2003,LA_PLP_FX
2017-10-24,3.247,LA_PLP_FX
2017-10-25,3.2387,LA_PLP_FX
2017-10-26,3.2444,LA_PLP_FX
2017-10-27,3.2801,LA_PLP_FX
2017-10-30,3.2547,LA_PLP_FX
2017-10-31,3.2769,LA_PLP_FX
2017-11-01,3.2736,LA_PLP_FX
2017-11-03,3.292,LA_PLP_FX
2017-11-06,3.2851,LA_PLP_FX
2017-11-07,3.2733,LA_PLP_FX
2017-11-08,3.2509,LA_PLP_FX
2017-11-09,3.2515,LA_PLP_FX
2017-11-10,3.2661,LA_PLP_FX
2017-11-13,3.2873,LA_PLP_FX
2017-11-14,3.2834,LA_PLP_FX
2017-11-16,3.2808,LA_PLP_FX
2017-11-17,3.2788,LA_PLP_FX
2017-11-20,3.2623,LA_PLP_FX
2017-11-21,3.2591,LA_PLP_FX
2017-11-22,3.2561,LA_PLP_FX
2017-11-23,3.2371,LA_PLP_FX
2017-11-24,3.23,LA_PLP_FX
2017-11-27,3.2218,LA_PLP_FX
2017-11-28,3.2232,LA_PLP_FX
2017-11-29,3.2136,LA_PLP_FX
2017-11-30,3.2616,LA_PLP_FX
2017-12-01,3.2636,LA_PLP_FX
2017-12-04,3.2506,LA_PLP_FX
2017-12-05,3.2322,LA_PLP_FX
2017-12-06,3.2354,LA_PLP_FX
2017-12-07,3.2892,LA_PLP_FX
2017-12-08,3.2811,LA_PLP_FX
2017-12-11,3.2845,LA_PLP_FX
2017-12-12,3.3149,LA_PLP_FX
2017-12-13,3.3036,LA_PLP_FX
2017-12-14,3.3332,LA_PLP_FX
2017-12-15,3.3182,LA_PLP_FX
2017-12-18,3.2881,LA_PLP_FX
2017-12-19,3.2883,LA_PLP_FX
2017-12-20,3.2909,LA_PLP_FX
2017-12-21,3.3045,LA_PLP_FX
2017-12-22,3.3209,LA_PLP_FX
2017-12-26,3.32,LA_PLP_FX
2017-12-27,3.3031,LA_PLP_FX
2017-12-28,3.308,LA_PLP_FX
2017-12-29,3.308,LA_PLP_FX
2018-01-02,3.2697,LA_PLP_FX
2018-01-03,3.2535,LA_PLP_FX
2018-01-04,3.2318,LA_PLP_FX
2018-01-05,3.2409,LA_PLP_FX
2018-01-08,3.2357,LA_PLP_FX
2018-01-09,3.2397,LA_PLP_FX
2018-01-10,3.2467,LA_PLP_FX
2018-01-11,3.2301,LA_PLP_FX
2018-01-12,3.2197,LA_PLP_FX
2018-01-15,3.1963,LA_PLP_FX
2018-01-16,3.2219,LA_PLP_FX
2018-01-17,3.2324,LA_PLP_FX
2018-01-18,3.2129,LA_PLP_FX
2018-01-19,3.2087,LA_PLP_FX
2018-01-22,3.1934,LA_PLP_FX
2018-01-23,3.2249,LA_PLP_FX
2018-01-24,3.197,LA_PLP_FX
2018-01-25,3.1391,LA_PLP_FX
2018-01-26,3.145,LA_PLP_FX
2018-01-29,3.1655,LA_PLP_FX
2018-01-30,3.1661,LA_PLP_FX
2018-01-31,3.1624,LA_PLP_FX
2018-02-01,3.173,LA_PLP_FX
2018-02-02,3.206,LA_PLP_FX
2018-02-05,3.2355,LA_PLP_FX
2018-02-06,3.2613,LA_PLP_FX
2018-02-07,3.2467,LA_PLP_FX
2018-02-08,3.2692,LA_PLP_FX
2018-02-09,3.2821,LA_PLP_FX
2018-02-14,3.2536,LA_PLP_FX
2018-02-15,3.2208,LA_PLP_FX
2018-02-16,3.2381,LA_PLP_FX
2018-02-19,3.2347,LA_PLP_FX
2018-02-20,3.2507,LA_PLP_FX
2018-02-21,3.2555,LA_PLP_FX
2018-02-22,3.2598,LA_PLP_FX
2018-02-23,3.2417,LA_PLP_FX
2018-02-26,3.2351,LA_PLP_FX
2018-02-27,3.2383,LA_PLP_FX
2018-02-28,3.2449,LA_PLP_FX
2018-03-01,3.262,LA_PLP_FX
2018-03-02,3.2614,LA_PLP_FX
2018-03-05,3.2582,LA_PLP_FX
2018-03-06,3.2246,LA_PLP_FX
2018-03-07,3.2318,LA_PLP_FX
2018-03-08,3.2518,LA_PLP_FX
2018-03-09,3.2496,LA_PLP_FX
2018-03-12,3.2606,LA_PLP_FX
2018-03-13,3.2492,LA_PLP_FX
2018-03-14,3.2584,LA_PLP_FX
2018-03-15,3.2859,LA_PLP_FX
2018-03-16,3.2905,LA_PLP_FX
2018-03-19,3.2911,LA_PLP_FX
2018-03-20,3.2981,LA_PLP_FX
2018-03-21,3.2921,LA_PLP_FX
2018-03-22,3.3033,LA_PLP_FX
2018-03-23,3.3041,LA_PLP_FX
2018-03-26,3.3034,LA_PLP_FX
2018-03-27,3.3256,LA_PLP_FX
2018-03-28,3.338,LA_PLP_FX
2018-03-29,3.3238,LA_PLP_FX
2018-04-02,3.3104,LA_PLP_FX
2018-04-03,3.3139,LA_PLP_FX
2018-04-04,3.3538,LA_PLP_FX
2018-04-05,3.3196,LA_PLP_FX
2018-04-06,3.3666,LA_PLP_FX
2018-04-09,3.3903,LA_PLP_FX
2018-04-10,3.4195,LA_PLP_FX
2018-04-11,3.4052,LA_PLP_FX
2018-04-12,3.3858,LA_PLP_FX
2018-04-13,3.4105,LA_PLP_FX
2018-04-16,3.4263,LA_PLP_FX
2018-04-17,3.4041,LA_PLP_FX
2018-04-18,3.3844,LA_PLP_FX
2018-04-19,3.3977,LA_PLP_FX
2018-04-20,3.4101,LA_PLP_FX
2018-04-23,3.4421,LA_PLP_FX
2018-04-24,3.4667,LA_PLP_FX
2018-04-25,3.504,LA_PLP_FX
2018-04-26,3.4977,LA_PLP_FX
2018-04-27,3.4676,LA_PLP_FX
2018-04-30,3.4811,LA_PLP_FX
2018-05-02,3.5424,LA_PLP_FX
2018-05-03,3.5484,LA_PLP_FX
2018-05-04,3.5308,LA_PLP_FX
2018-05-07,3.5458,LA_PLP_FX
2018-05-08,3.5788,LA_PLP_FX
2018-05-09,3.5943,LA_PLP_FX
2018-05-10,3.5566,LA_PLP_FX
2018-05-11,3.5716,LA_PLP_FX
2018-05-14,3.6097,LA_PLP_FX
2018-05-15,3.6753,LA_PLP_FX
2018-05-16,3.6803,LA_PLP_FX
2018-05-17,3.6874,LA_PLP_FX
2018-05-18,3.7503,LA_PLP_FX
2018-05-21,3.7072,LA_PLP_FX
2018-05-22,3.6502,LA_PLP_FX
2018-05-23,3.6507,LA_PLP_FX
2018-05-24,3.6436,LA_PLP_FX
2018-05-25,3.6587,LA_PLP_FX
2018-05-28,3.7092,LA_PLP_FX
2018-05-29,3.7289,LA_PLP_FX
2018-05-30,3.737,LA_PLP_FX
2018-06-01,3.7413,LA_PLP_FX
2018-06-04,3.7424,LA_PLP_FX
2018-06-05,3.7752,LA_PLP_FX
2018-06-06,3.8193,LA_PLP_FX
2018-06-07,3.9,LA_PLP_FX
2018-06-08,3.7859,LA_PLP_FX
2018-06-11,3.6913,LA_PLP_FX
2018-06-12,3.7044,LA_PLP_FX
2018-06-13,3.7054,LA_PLP_FX
2018-06-14,3.7057,LA_PLP_FX
2018-06-15,3.7738,LA_PLP_FX
2018-06-18,3.7543,LA_PLP_FX
2018-06-19,3.7566,LA_PLP_FX
2018-06-20,3.7335,LA_PLP_FX
2018-06-21,3.7894,LA_PLP_FX
2018-06-22,3.7663,LA_PLP_FX
2018-06-25,3.776,LA_PLP_FX
2018-06-26,3.7721,LA_PLP_FX
2018-06-27,3.8358,LA_PLP_FX
2018-06-28,3.8521,LA_PLP_FX
2018-06-29,3.8558,LA_PLP_FX
2018-07-02,3.9055,LA_PLP_FX
2018-07-03,3.892,LA_PLP_FX
2018-07-04,3.9058,LA_PLP_FX
2018-07-05,3.9192,LA_PLP_FX
2018-07-06,3.9264,LA_PLP_FX
2018-07-09,3.8692,LA_PLP_FX
2018-07-10,3.8452,LA_PLP_FX
2018-07-11,3.8417,LA_PLP_FX
2018-07-12,3.8564,LA_PLP_FX
2018-07-13,3.8745,LA_PLP_FX
2018-07-16,3.8579,LA_PLP_FX
2018-07-17,3.8671,LA_PLP_FX
2018-07-18,3.8474,LA_PLP_FX
2018-07-19,3.8847,LA_PLP_FX
2018-07-20,3.7793,LA_PLP_FX
2018-07-23,3.7915,LA_PLP_FX
2018-07-24,3.7459,LA_PLP_FX
2018-07-25,3.712,LA_PLP_FX
2018-07-26,3.7243,LA_PLP_FX
2018-07-27,3.7164,LA_PLP_FX
2018-07-30,3.7155,LA_PLP_FX
2018-07-31,3.7549,LA_PLP_FX
2018-08-01,3.7491,LA_PLP_FX
2018-08-02,3.7645,LA_PLP_FX
2018-08-03,3.7201,LA_PLP_FX
2018-08-06,3.7214,LA_PLP_FX
2018-08-07,3.7118,LA_PLP_FX
2018-08-08,3.7519,LA_PLP_FX
2018-08-09,3.803,LA_PLP_FX
2018-08-10,3.8472,LA_PLP_FX
2018-08-13,3.8988,LA_PLP_FX
2018-08-14,3.8812,LA_PLP_FX
2018-08-15,3.9134,LA_PLP_FX
2018-08-16,3.881,LA_PLP_FX
2018-08-17,3.9389,LA_PLP_FX
2018-08-20,3.943,LA_PLP_FX
2018-08-21,3.9873,LA_PLP_FX
2018-08-22,4.074,LA_PLP_FX
2018-08-23,4.0727,LA_PLP_FX
2018-08-24,4.0854,LA_PLP_FX
2018-08-27,4.0687,LA_PLP_FX
2018-08-28,4.1192,LA_PLP_FX
2018-08-29,4.1353,LA_PLP_FX
2018-08-30,4.1812,LA_PLP_FX
2018-08-31,4.1353,LA_PLP_FX
2018-09-03,4.1279,LA_PLP_FX
2018-09-04,4.1652,LA_PLP_FX
2018-09-05,4.1609,LA_PLP_FX
2018-09-06,4.146,LA_PLP_FX
2018-09-10,4.1007,LA_PLP_FX
2018-09-11,4.1641,LA_PLP_FX
2018-09-12,4.1259,LA_PLP_FX
2018-09-13,4.1637,LA_PLP_FX
2018-09-14,4.1879,LA_PLP_FX
2018-09-17,4.1695,LA_PLP_FX
2018-09-18,4.1369,LA_PLP_FX
2018-09-19,4.1351,LA_PLP_FX
2018-09-20,4.0997,LA_PLP_FX
2018-09-21,4.0728,LA_PLP_FX
2018-09-24,4.0594,LA_PLP_FX
2018-09-25,4.1286,LA_PLP_FX
2018-09-26,4.057,LA_PLP_FX
2018-09-27,4.0092,LA_PLP_FX
2018-09-28,4.0039,LA_PLP_FX
2018-10-01,4.0273,LA_PLP_FX
2018-10-02,3.9505,LA_PLP_FX
2018-10-03,3.8542,LA_PLP_FX
2018-10-04,3.9047,LA_PLP_FX
2018-10-05,3.8699,LA_PLP_FX
2018-10-08,3.7588,LA_PLP_FX
2018-10-09,3.7391,LA_PLP_FX
2018-10-10,3.751,LA_PLP_FX
2018-10-11,3.746,LA_PLP_FX
2018-10-15,3.7332,LA_PLP_FX
2018-10-16,3.7079,LA_PLP_FX
2018-10-17,3.7008,LA_PLP_FX
2018-10-18,3.6963,LA_PLP_FX
2018-10-19,3.7079,LA_PLP_FX
2018-10-22,3.6903,LA_PLP_FX
2018-10-23,3.708,LA_PLP_FX
2018-10-24,3.706,LA_PLP_FX
2018-10-25,3.7014,LA_PLP_FX
2018-10-26,3.6753,LA_PLP_FX
2018-10-29,3.6368,LA_PLP_FX
2018-10-30,3.7019,LA_PLP_FX
2018-10-31,3.7177,LA_PLP_FX
2018-11-01,3.6973,LA_PLP_FX
2018-11-05,3.7048,LA_PLP_FX
2018-11-06,3.7492,LA_PLP_FX
2018-11-07,3.7592,LA_PLP_FX
2018-11-08,3.7391,LA_PLP_FX
2018-11-09,3.7506,LA_PLP_FX
2018-11-12,3.7478,LA_PLP_FX
2018-11-13,3.7792,LA_PLP_FX
2018-11-14,3.7924,LA_PLP_FX
2018-11-16,3.7525,LA_PLP_FX
2018-11-19,3.7553,LA_PLP_FX
2018-11-20,3.7591,LA_PLP_FX
2018-11-21,3.7872,LA_PLP_FX
2018-11-22,3.8103,LA_PLP_FX
2018-11-23,3.8081,LA_PLP_FX
2018-11-26,3.8655,LA_PLP_FX
2018-11-27,3.8925,LA_PLP_FX
2018-11-28,3.8631,LA_PLP_FX
2018-11-29,3.8568,LA_PLP_FX
2018-11-30,3.8633,LA_PLP_FX
2018-12-03,3.8285,LA_PLP_FX
2018-12-04,3.8313,LA_PLP_FX
2018-12-05,3.8561,LA_PLP_FX
2018-12-06,3.9178,LA_PLP_FX
2018-12-07,3.8964,LA_PLP_FX
2018-12-10,3.911,LA_PLP_FX
2018-12-11,3.9013,LA_PLP_FX
2018-12-12,3.8629,LA_PLP_FX
2018-12-13,3.879,LA_PLP_FX
2018-12-14,3.909,LA_PLP_FX
2018-12-17,3.9121,LA_PLP_FX
2018-12-18,3.8997,LA_PLP_FX
2018-12-19,3.8907,LA_PLP_FX
2018-12-20,3.8443,LA_PLP_FX
2018-12-21,3.8671,LA_PLP_FX
2018-12-24,3.8855,LA_PLP_FX
2018-12-26,3.9258,LA_PLP_FX
2018-12-27,3.933,LA_PLP_FX
2018-12-28,3.8748,LA_PLP_FX
2018-12-31,3.8748,LA_PLP_FX
2019-01-02,3.8595,LA_PLP_FX
2019-01-03,3.7683,LA_PLP_FX
2019-01-04,3.7627,LA_PLP_FX
2019-01-07,3.7062,LA_PLP_FX
2019-01-08,3.7208,LA_PLP_FX
2019-01-09,3.6931,LA_PLP_FX
2019-01-10,3.6869,LA_PLP_FX
2019-01-11,3.7141,LA_PLP_FX
2019-01-14,3.726,LA_PLP_FX
2019-01-15,3.7049,LA_PLP_FX
2019-01-16,3.7197,LA_PLP_FX
2019-01-17,3.7591,LA_PLP_FX
2019-01-18,3.7486,LA_PLP_FX
2019-01-21,3.7705,LA_PLP_FX
2019-01-22,3.7615,LA_PLP_FX
2019-01-23,3.7994,LA_PLP_FX
2019-01-24,3.7815,LA_PLP_FX
2019-01-25,3.7626,LA_PLP_FX
2019-01-28,3.7676,LA_PLP_FX
2019-01-29,3.737,LA_PLP_FX
2019-01-30,3.7151,LA_PLP_FX
2019-01-31,3.6519,LA_PLP_FX
2019-02-01,3.6694,LA_PLP_FX
2019-02-04,3.6756,LA_PLP_FX
2019-02-05,3.6741,LA_PLP_FX
2019-02-06,3.7019,LA_PLP_FX
2019-02-07,3.7193,LA_PLP_FX
2019-02-08,3.7184,LA_PLP_FX
2019-02-11,3.7391,LA_PLP_FX
2019-02-12,3.7296,LA_PLP_FX
2019-02-13,3.7277,LA_PLP_FX
2019-02-14,3.7756,LA_PLP_FX
2019-02-15,3.7155,LA_PLP_FX
2019-02-18,3.7316,LA_PLP_FX
2019-02-19,3.7206,LA_PLP_FX
2019-02-20,3.71,LA_PLP_FX
2019-02-21,3.7595,LA_PLP_FX
2019-02-22,3.743,LA_PLP_FX
2019-02-25,3.7285,LA_PLP_FX
2019-02-26,3.7595,LA_PLP_FX
2019-02-27,3.7351,LA_PLP_FX
2019-02-28,3.7385,LA_PLP_FX
2019-03-01,3.7832,LA_PLP_FX
2019-03-06,3.8303,LA_PLP_FX
2019-03-07,3.8487,LA_PLP_FX
2019-03-08,3.8678,LA_PLP_FX
2019-03-11,3.8461,LA_PLP_FX
2019-03-12,3.8129,LA_PLP_FX
2019-03-13,3.8265,LA_PLP_FX
2019-03-14,3.8327,LA_PLP_FX
2019-03-15,3.8344,LA_PLP_FX
2019-03-18,3.8111,LA_PLP_FX
2019-03-19,3.7762,LA_PLP_FX
2019-03-20,3.7897,LA_PLP_FX
2019-03-21,3.7967,LA_PLP_FX
2019-03-22,3.8815,LA_PLP_FX
2019-03-25,3.877,LA_PLP_FX
2019-03-26,3.8646,LA_PLP_FX
2019-03-27,3.9389,LA_PLP_FX
2019-03-28,3.9682,LA_PLP_FX
2019-03-29,3.8967,LA_PLP_FX
2019-04-01,3.8682,LA_PLP_FX
2019-04-02,3.8661,LA_PLP_FX
2019-04-03,3.8436,LA_PLP_FX
2019-04-04,3.8713,LA_PLP_FX
2019-04-05,3.8622,LA_PLP_FX
2019-04-08,3.8658,LA_PLP_FX
2019-04-09,3.8563,LA_PLP_FX
2019-04-10,3.8345,LA_PLP_FX
2019-04-11,3.8399,LA_PLP_FX
2019-04-12,3.8685,LA_PLP_FX
2019-04-15,3.873,LA_PLP_FX
2019-04-16,3.8913,LA_PLP_FX
2019-04-17,3.9225,LA_PLP_FX
2019-04-18,3.937,LA_PLP_FX
2019-04-22,3.923,LA_PLP_FX
2019-04-23,3.9436,LA_PLP_FX
2019-04-24,3.963,LA_PLP_FX
2019-04-25,3.9725,LA_PLP_FX
2019-04-26,3.9353,LA_PLP_FX
2019-04-29,3.9364,LA_PLP_FX
2019-04-30,3.9453,LA_PLP_FX
2019-05-02,3.965,LA_PLP_FX
2019-05-03,3.9388,LA_PLP_FX
2019-05-06,3.9624,LA_PLP_FX
2019-05-07,3.988,LA_PLP_FX
2019-05-08,3.9344,LA_PLP_FX
2019-05-09,3.9673,LA_PLP_FX
2019-05-10,3.9578,LA_PLP_FX
2019-05-13,3.989,LA_PLP_FX
2019-05-14,3.9788,LA_PLP_FX
2019-05-15,4.0031,LA_PLP_FX
2019-05-16,4.0138,LA_PLP_FX
2019-05-17,4.0844,LA_PLP_FX
2019-05-20,4.1056,LA_PLP_FX
2019-05-21,4.081,LA_PLP_FX
2019-05-22,4.0228,LA_PLP_FX
2019-05-23,4.0513,LA_PLP_FX
2019-05-24,4.0322,LA_PLP_FX
2019-05-27,4.021,LA_PLP_FX
2019-05-28,4.0275,LA_PLP_FX
2019-05-29,3.9965,LA_PLP_FX
2019-05-30,3.972,LA_PLP_FX
2019-05-31,3.9407,LA_PLP_FX
2019-06-03,3.9003,LA_PLP_FX
2019-06-04,3.871,LA_PLP_FX
2019-06-05,3.8611,LA_PLP_FX
2019-06-06,3.8726,LA_PLP_FX
2019-06-07,3.8571,LA_PLP_FX
2019-06-10,3.879,LA_PLP_FX
2019-06-11,3.8664,LA_PLP_FX
2019-06-12,3.8437,LA_PLP_FX
2019-06-13,3.8429,LA_PLP_FX
2019-06-14,3.8813,LA_PLP_FX
2019-06-17,3.8895,LA_PLP_FX
2019-06-18,3.8608,LA_PLP_FX
2019-06-19,3.8723,LA_PLP_FX
2019-06-21,3.8255,LA_PLP_FX
2019-06-24,3.8234,LA_PLP_FX
2019-06-25,3.8303,LA_PLP_FX
2019-06-26,3.8441,LA_PLP_FX
2019-06-27,3.8642,LA_PLP_FX
2019-06-28,3.8322,LA_PLP_FX
2019-07-01,3.8193,LA_PLP_FX
2019-07-02,3.8564,LA_PLP_FX
2019-07-03,3.8475,LA_PLP_FX
2019-07-04,3.794,LA_PLP_FX
2019-07-05,3.8204,LA_PLP_FX
2019-07-08,3.8065,LA_PLP_FX
2019-07-09,3.7858,LA_PLP_FX
2019-07-10,3.7697,LA_PLP_FX
2019-07-11,3.7533,LA_PLP_FX
2019-07-12,3.7452,LA_PLP_FX
2019-07-15,3.7463,LA_PLP_FX
2019-07-16,3.7624,LA_PLP_FX
2019-07-17,3.7618,LA_PLP_FX
2019-07-18,3.7489,LA_PLP_FX
2019-07-19,3.7408,LA_PLP_FX
2019-07-22,3.74,LA_PLP_FX
2019-07-23,3.7621,LA_PLP_FX
2019-07-24,3.7596,LA_PLP_FX
2019-07-25,3.7849,LA_PLP_FX
2019-07-26,3.7741,LA_PLP_FX
2019-07-29,3.7909,LA_PLP_FX
2019-07-30,3.79,LA_PLP_FX
2019-07-31,3.7649,LA_PLP_FX
2019-08-01,3.8296,LA_PLP_FX
2019-08-02,3.8739,LA_PLP_FX
2019-08-05,3.9404,LA_PLP_FX
2019-08-06,3.9643,LA_PLP_FX
2019-08-07,3.985,LA_PLP_FX
2019-08-08,3.9409,LA_PLP_FX
2019-08-09,3.9362,LA_PLP_FX
2019-08-12,3.9966,LA_PLP_FX
2019-08-13,3.9736,LA_PLP_FX
2019-08-14,4.0074,LA_PLP_FX
2019-08-15,4.0188,LA_PLP_FX
2019-08-16,3.9933,LA_PLP_FX
2019-08-19,4.0274,LA_PLP_FX
2019-08-20,4.0425,LA_PLP_FX
2019-08-21,4.0254,LA_PLP_FX
2019-08-22,4.0444,LA_PLP_FX
2019-08-23,4.0851,LA_PLP_FX
2019-08-26,4.1367,LA_PLP_FX
2019-08-27,4.1557,LA_PLP_FX
2019-08-28,4.1559,LA_PLP_FX
2019-08-29,4.168,LA_PLP_FX
2019-08-30,4.1385,LA_PLP_FX
2019-09-02,4.1581,LA_PLP_FX
2019-09-03,4.1657,LA_PLP_FX
2019-09-04,4.1249,LA_PLP_FX
2019-09-05,4.0859,LA_PLP_FX
2019-09-06,4.065,LA_PLP_FX
2019-09-09,4.0766,LA_PLP_FX
2019-09-10,4.1108,LA_PLP_FX
2019-09-11,4.0631,LA_PLP_FX
2019-09-12,4.0494,LA_PLP_FX
2019-09-13,4.0616,LA_PLP_FX
2019-09-16,4.0872,LA_PLP_FX
2019-09-17,4.0998,LA_PLP_FX
2019-09-18,4.0972,LA_PLP_FX
2019-09-19,4.1393,LA_PLP_FX
2019-09-20,4.1687,LA_PLP_FX
2019-09-23,4.1734,LA_PLP_FX
2019-09-24,4.1721,LA_PLP_FX
2019-09-25,4.1827,LA_PLP_FX
2019-09-26,4.1469,LA_PLP_FX
2019-09-27,4.1587,LA_PLP_FX
2019-09-30,4.1644,LA_PLP_FX
2019-10-01,4.174,LA_PLP_FX
2019-10-02,4.1546,LA_PLP_FX
2019-10-03,4.1012,LA_PLP_FX
2019-10-04,4.061,LA_PLP_FX
2019-10-07,4.0688,LA_PLP_FX
2019-10-08,4.0868,LA_PLP_FX
2019-10-09,4.0954,LA_PLP_FX
2019-10-10,4.1145,LA_PLP_FX
2019-10-11,4.106,LA_PLP_FX
2019-10-14,4.1263,LA_PLP_FX
2019-10-15,4.1488,LA_PLP_FX
2019-10-16,4.1714,LA_PLP_FX
2019-10-17,4.1457,LA_PLP_FX
2019-10-18,4.1376,LA_PLP_FX
2019-10-21,4.1319,LA_PLP_FX
2019-10-22,4.0858,LA_PLP_FX
2019-10-23,4.0721,LA_PLP_FX
2019-10-24,4.0089,LA_PLP_FX
2019-10-25,4.0133,LA_PLP_FX
2019-10-28,3.9793,LA_PLP_FX
2019-10-29,3.9946,LA_PLP_FX
2019-10-30,4.0186,LA_PLP_FX
2019-10-31,4.0041,LA_PLP_FX
2019-11-01,3.9786,LA_PLP_FX
2019-11-04,3.9922,LA_PLP_FX
2019-11-05,4.0043,LA_PLP_FX
2019-11-06,4.0351,LA_PLP_FX
2019-11-07,4.0927,LA_PLP_FX
2019-11-08,4.1365,LA_PLP_FX
2019-11-11,4.1559,LA_PLP_FX
2019-11-12,4.1756,LA_PLP_FX
2019-11-13,4.1767,LA_PLP_FX
2019-11-14,4.1831,LA_PLP_FX
2019-11-18,4.1827,LA_PLP_FX
2019-11-19,4.2084,LA_PLP_FX
2019-11-20,4.2037,LA_PLP_FX
2019-11-21,4.2012,LA_PLP_FX
2019-11-22,4.1832,LA_PLP_FX
2019-11-25,4.2089,LA_PLP_FX
2019-11-26,4.2559,LA_PLP_FX
2019-11-27,4.2602,LA_PLP_FX
2019-11-28,4.248,LA_PLP_FX
2019-11-29,4.224,LA_PLP_FX
2019-12-02,4.2261,LA_PLP_FX
2019-12-03,4.2008,LA_PLP_FX
2019-12-04,4.1926,LA_PLP_FX
2019-12-05,4.2136,LA_PLP_FX
2019-12-06,4.1783,LA_PLP_FX
2019-12-09,4.1503,LA_PLP_FX
2019-12-10,4.1427,LA_PLP_FX
2019-12-11,4.1153,LA_PLP_FX
2019-12-12,4.1092,LA_PLP_FX
2019-12-13,4.0949,LA_PLP_FX
2019-12-16,4.0801,LA_PLP_FX
2019-12-17,4.0687,LA_PLP_FX
2019-12-18,4.0548,LA_PLP_FX
2019-12-19,4.0633,LA_PLP_FX
2019-12-20,4.0777,LA_PLP_FX
2019-12-23,4.0757,LA_PLP_FX
2019-12-24,4.0813,LA_PLP_FX
2019-12-26,4.0601,LA_PLP_FX
2019-12-27,4.0545,LA_PLP_FX
2019-12-30,4.0307,LA_PLP_FX
2019-12-31,4.0307,LA_PLP_FX
2020-01-02,4.0213,LA_PLP_FX
2020-01-03,4.0522,LA_PLP_FX
2020-01-06,4.0554,LA_PLP_FX
2020-01-07,4.0841,LA_PLP_FX
2020-01-08,4.0672,LA_PLP_FX
2020-01-09,4.0744,LA_PLP_FX
2020-01-10,4.0745,LA_PLP_FX
2020-01-13,4.1309,LA_PLP_FX
2020-01-14,4.1443,LA_PLP_FX
2020-01-15,4.1622,LA_PLP_FX
2020-01-16,4.1726,LA_PLP_FX
2020-01-17,4.1837,LA_PLP_FX
2020-01-20,4.1829,LA_PLP_FX
2020-01-21,4.2014,LA_PLP_FX
2020-01-22,4.1889,LA_PLP_FX
2020-01-23,4.1662,LA_PLP_FX
2020-01-24,4.1769,LA_PLP_FX
2020-01-27,4.2196,LA_PLP_FX
2020-01-28,4.2064,LA_PLP_FX
2020-01-29,4.2013,LA_PLP_FX
2020-01-30,4.2523,LA_PLP_FX
2020-01-31,4.2695,LA_PLP_FX
2020-02-03,4.2475,LA_PLP_FX
2020-02-04,4.2381,LA_PLP_FX
2020-02-05,4.2449,LA_PLP_FX
2020-02-06,4.2477,LA_PLP_FX
2020-02-07,4.3076,LA_PLP_FX
2020-02-10,4.3195,LA_PLP_FX
2020-02-11,4.3148,LA_PLP_FX
2020-02-12,4.3366,LA_PLP_FX
2020-02-13,4.3389,LA_PLP_FX
2020-02-14,4.3163,LA_PLP_FX
2020-02-17,4.3157,LA_PLP_FX
2020-02-18,4.3471,LA_PLP_FX
2020-02-19,4.3728,LA_PLP_FX
2020-02-20,4.3873,LA_PLP_FX
2020-02-21,4.3924,LA_PLP_FX
2020-02-26,4.4359,LA_PLP_FX
2020-02-27,4.4764,LA_PLP_FX
2020-02-28,4.4987,LA_PLP_FX
2020-03-02,4.4946,LA_PLP_FX
2020-03-03,4.4883,LA_PLP_FX
2020-03-04,4.5258,LA_PLP_FX
2020-03-05,4.6207,LA_PLP_FX
2020-03-06,4.6459,LA_PLP_FX
2020-03-09,4.7379,LA_PLP_FX
2020-03-10,4.6693,LA_PLP_FX
2020-03-11,4.6738,LA_PLP_FX
2020-03-12,4.8833,LA_PLP_FX
2020-03-13,4.7362,LA_PLP_FX
2020-03-16,4.9471,LA_PLP_FX
2020-03-17,5.0496,LA_PLP_FX
2020-03-18,5.1107,LA_PLP_FX
2020-03-19,5.1444,LA_PLP_FX
2020-03-20,5.0248,LA_PLP_FX
2020-03-23,5.0805,LA_PLP_FX
2020-03-24,5.0713,LA_PLP_FX
2020-03-25,5.0706,LA_PLP_FX
2020-03-26,5.001,LA_PLP_FX
2020-03-27,5.1109,LA_PLP_FX
2020-03-30,5.1594,LA_PLP_FX
2020-03-31,5.1987,LA_PLP_FX
2020-04-01,5.2404,LA_PLP_FX
2020-04-02,5.2651,LA_PLP_FX
2020-04-03,5.2997,LA_PLP_FX
2020-04-06,5.2471,LA_PLP_FX
2020-04-07,5.2217,LA_PLP_FX
2020-04-08,5.2123,LA_PLP_FX
2020-04-09,5.0779,LA_PLP_FX
2020-04-13,5.1824,LA_PLP_FX
2020-04-14,5.1858,LA_PLP_FX
2020-04-15,5.2579,LA_PLP_FX
2020-04-16,5.2377,LA_PLP_FX
2020-04-17,5.2573,LA_PLP_FX
2020-04-20,5.2837,LA_PLP_FX
2020-04-22,5.3847,LA_PLP_FX
2020-04-23,5.4467,LA_PLP_FX
2020-04-24,5.651,LA_PLP_FX
2020-04-27,5.6358,LA_PLP_FX
2020-04-28,5.5683,LA_PLP_FX
2020-04-29,5.4291,LA_PLP_FX
2020-04-30,5.427,LA_PLP_FX
2020-05-04,5.5816,LA_PLP_FX
2020-05-05,5.5354,LA_PLP_FX
2020-05-06,5.6676,LA_PLP_FX
2020-05-07,5.8365,LA_PLP_FX
2020-05-08,5.7653,LA_PLP_FX
2020-05-11,5.7954,LA_PLP_FX
2020-05-12,5.7723,LA_PLP_FX
2020-05-13,5.9022,LA_PLP_FX
2020-05-14,5.9372,LA_PLP_FX
2020-05-15,5.8229,LA_PLP_FX
2020-05-18,5.7375,LA_PLP_FX
2020-05-19,5.7216,LA_PLP_FX
2020-05-20,5.6968,LA_PLP_FX
2020-05-21,5.6019,LA_PLP_FX
2020-05-22,5.5808,LA_PLP_FX
2020-05-25,5.4772,LA_PLP_FX
2020-05-26,5.3707,LA_PLP_FX
2020-05-27,5.2992,LA_PLP_FX
2020-05-28,5.3405,LA_PLP_FX
2020-05-29,5.4263,LA_PLP_FX
2020-06-01,5.3639,LA_PLP_FX
2020-06-02,5.2601,LA_PLP_FX
2020-06-03,5.0516,LA_PLP_FX
2020-06-04,5.1041,LA_PLP_FX
2020-06-05,4.9775,LA_PLP_FX
2020-06-08,4.9331,LA_PLP_FX
2020-06-09,4.9057,LA_PLP_FX
2020-06-10,4.8894,LA_PLP_FX
2020-06-12,5.0373,LA_PLP_FX
2020-06-15,5.1883,LA_PLP_FX
2020-06-16,5.1285,LA_PLP_FX
2020-06-17,5.2499,LA_PLP_FX
2020-06-18,5.3468,LA_PLP_FX
2020-06-19,5.3466,LA_PLP_FX
2020-06-22,5.2226,LA_PLP_FX
2020-06-23,5.1705,LA_PLP_FX
2020-06-24,5.2435,LA_PLP_FX
2020-06-25,5.3287,LA_PLP_FX
2020-06-26,5.4629,LA_PLP_FX
2020-06-29,5.4416,LA_PLP_FX
2020-06-30,5.476,LA_PLP_FX
2020-07-01,5.3651,LA_PLP_FX
2020-07-02,5.3028,LA_PLP_FX
2020-07-03,5.3374,LA_PLP_FX
2020-07-06,5.3085,LA_PLP_FX
2020-07-07,5.3318,LA_PLP_FX
2020-07-08,5.3482,LA_PLP_FX
2020-07-09,5.2978,LA_PLP_FX
2020-07-10,5.344,LA_PLP_FX
2020-07-13,5.3486,LA_PLP_FX
2020-07-14,5.4288,LA_PLP_FX
2020-07-15,5.3491,LA_PLP_FX
2020-07-16,5.356,LA_PLP_FX
2020-07-17,5.351,LA_PLP_FX
2020-07-20,5.3635,LA_PLP_FX
2020-07-21,5.2283,LA_PLP_FX
2020-07-22,5.1111,LA_PLP_FX
2020-07-23,5.1647,LA_PLP_FX
2020-07-24,5.2146,LA_PLP_FX
2020-07-27,5.1889,LA_PLP_FX
2020-07-28,5.1777,LA_PLP_FX
2020-07-29,5.1395,LA_PLP_FX
2020-07-30,5.1837,LA_PLP_FX
2020-07-31,5.2033,LA_PLP_FX
2020-08-03,5.3075,LA_PLP_FX
2020-08-04,5.3329,LA_PLP_FX
2020-08-05,5.276,LA_PLP_FX
2020-08-06,5.3431,LA_PLP_FX
2020-08-07,5.4227,LA_PLP_FX
2020-08-10,5.3933,LA_PLP_FX
2020-08-11,5.4285,LA_PLP_FX
2020-08-12,5.4551,LA_PLP_FX
2020-08-13,5.3801,LA_PLP_FX
2020-08-14,5.3852,LA_PLP_FX
2020-08-17,5.4497,LA_PLP_FX
2020-08-18,5.4659,LA_PLP_FX
2020-08-19,5.4906,LA_PLP_FX
2020-08-20,5.651,LA_PLP_FX
2020-08-21,5.6064,LA_PLP_FX
2020-08-24,5.5954,LA_PLP_FX
2020-08-25,5.5997,LA_PLP_FX
2020-08-26,5.568,LA_PLP_FX
2020-08-27,5.5956,LA_PLP_FX
2020-08-28,5.4679,LA_PLP_FX
2020-08-31,5.4713,LA_PLP_FX
2020-09-01,5.3732,LA_PLP_FX
2020-09-02,5.3741,LA_PLP_FX
2020-09-03,5.3079,LA_PLP_FX
2020-09-04,5.2848,LA_PLP_FX
2020-09-08,5.3698,LA_PLP_FX
2020-09-09,5.3024,LA_PLP_FX
2020-09-10,5.2936,LA_PLP_FX
2020-09-11,5.2854,LA_PLP_FX
2020-09-14,5.2984,LA_PLP_FX
2020-09-15,5.2728,LA_PLP_FX
2020-09-16,5.2532,LA_PLP_FX
2020-09-17,5.2593,LA_PLP_FX
2020-09-18,5.2889,LA_PLP_FX
2020-09-21,5.444,LA_PLP_FX
2020-09-22,5.4329,LA_PLP_FX
2020-09-23,5.5311,LA_PLP_FX
2020-09-24,5.5714,LA_PLP_FX
2020-09-25,5.5667,LA_PLP_FX
2020-09-28,5.5858,LA_PLP_FX
2020-09-29,5.6528,LA_PLP_FX
2020-09-30,5.6407,LA_PLP_FX
2020-10-01,5.6441,LA_PLP_FX
2020-10-02,5.6464,LA_PLP_FX
2020-10-05,5.6299,LA_PLP_FX
2020-10-06,5.5205,LA_PLP_FX
2020-10-07,5.6018,LA_PLP_FX
2020-10-08,5.62,LA_PLP_FX
2020-10-09,5.5393,LA_PLP_FX
2020-10-13,5.5859,LA_PLP_FX
2020-10-14,5.5675,LA_PLP_FX
2020-10-15,5.6172,LA_PLP_FX
2020-10-16,5.6226,LA_PLP_FX
2020-10-19,5.6023,LA_PLP_FX
2020-10-20,5.583,LA_PLP_FX
2020-10-21,5.6006,LA_PLP_FX
2020-10-22,5.582,LA_PLP_FX
2020-10-23,5.612,LA_PLP_FX
2020-10-26,5.6328,LA_PLP_FX
2020-10-27,5.6491,LA_PLP_FX
2020-10-28,5.7325,LA_PLP_FX
2020-10-29,5.7803,LA_PLP_FX
2020-10-30,5.7718,LA_PLP_FX
2020-11-03,5.6895,LA_PLP_FX
2020-11-04,5.6932,LA_PLP_FX
2020-11-05,5.5624,LA_PLP_FX
2020-11-06,5.5313,LA_PLP_FX
2020-11-09,5.2821,LA_PLP_FX
2020-11-10,5.3696,LA_PLP_FX
2020-11-11,5.402,LA_PLP_FX
2020-11-12,5.4094,LA_PLP_FX
2020-11-13,5.4854,LA_PLP_FX
2020-11-16,5.4198,LA_PLP_FX
2020-11-17,5.3968,LA_PLP_FX
2020-11-18,5.2932,LA_PLP_FX
2020-11-19,5.333,LA_PLP_FX
2020-11-20,5.3505,LA_PLP_FX
2020-11-23,5.3828,LA_PLP_FX
2020-11-24,5.4037,LA_PLP_FX
2020-11-25,5.3508,LA_PLP_FX
2020-11-26,5.3201,LA_PLP_FX
2020-11-27,5.3494,LA_PLP_FX
2020-11-30,5.3317,LA_PLP_FX
2020-12-01,5.2789,LA_PLP_FX
2020-12-02,5.2267,LA_PLP_FX
2020-12-03,5.1625,LA_PLP_FX
2020-12-04,5.1706,LA_PLP_FX
2020-12-07,5.1018,LA_PLP_FX
2020-12-08,5.092,LA_PLP_FX
2020-12-09,5.1109,LA_PLP_FX
2020-12-10,5.0852,LA_PLP_FX
2020-12-11,5.0691,LA_PLP_FX
2020-12-14,5.0578,LA_PLP_FX
2020-12-15,5.0968,LA_PLP_FX
2020-12-16,5.1057,LA_PLP_FX
2020-12-17,5.0612,LA_PLP_FX
2020-12-18,5.0986,LA_PLP_FX
2020-12-21,5.1572,LA_PLP_FX
2020-12-22,5.1473,LA_PLP_FX
2020-12-23,5.174,LA_PLP_FX
2020-12-24,5.18,LA_PLP_FX
2020-12-28,5.239,LA_PLP_FX
2020-12-29,5.1942,LA_PLP_FX
2020-12-30,5.1967,LA_PLP_FX
2020-12-31,5.1967,LA_PLP_FX
2021-01-04,5.1626,LA_PLP_FX
2021-01-05,5.3269,LA_PLP_FX
2021-01-06,5.3182,LA_PLP_FX
2021-01-07,5.3433,LA_PLP_FX
2021-01-08,5.3683,LA_PLP_FX
2021-01-11,5.4966,LA_PLP_FX
2021-01-12,5.4637,LA_PLP_FX
2021-01-13,5.307,LA_PLP_FX
2021-01-14,5.2617,LA_PLP_FX
2021-01-15,5.2714,LA_PLP_FX
2021-01-18,5.2788,LA_PLP_FX
2021-01-19,5.2945,LA_PLP_FX
2021-01-20,5.3033,LA_PLP_FX
2021-01-21,5.3166,LA_PLP_FX
2021-01-22,5.4301,LA_PLP_FX
2021-01-25,5.5089,LA_PLP_FX
2021-01-26,5.3865,LA_PLP_FX
2021-01-27,5.3824,LA_PLP_FX
2021-01-28,5.4282,LA_PLP_FX
2021-01-29,5.4759,LA_PLP_FX
2021-02-01,5.4608,LA_PLP_FX
2021-02-02,5.3875,LA_PLP_FX
2021-02-03,5.3423,LA_PLP_FX
2021-02-04,5.391,LA_PLP_FX
2021-02-05,5.3884,LA_PLP_FX
2021-02-08,5.367,LA_PLP_FX
2021-02-09,5.4216,LA_PLP_FX
2021-02-10,5.4024,LA_PLP_FX
2021-02-11,5.3626,LA_PLP_FX
2021-02-12,5.3815,LA_PLP_FX
2021-02-17,5.4138,LA_PLP_FX
2021-02-18,5.4238,LA_PLP_FX
2021-02-19,5.3924,LA_PLP_FX
2021-02-22,5.5044,LA_PLP_FX
2021-02-23,5.449,LA_PLP_FX
2021-02-24,5.4182,LA_PLP_FX
2021-02-25,5.46,LA_PLP_FX
2021-02-26,5.5302,LA_PLP_FX
2021-03-01,5.5832,LA_PLP_FX
2021-03-02,5.6844,LA_PLP_FX
2021-03-03,5.7342,LA_PLP_FX
2021-03-04,5.6008,LA_PLP_FX
2021-03-05,5.687,LA_PLP_FX
2021-03-08,5.7343,LA_PLP_FX
2021-03-09,5.8397,LA_PLP_FX
2021-03-10,5.7449,LA_PLP_FX
2021-03-11,5.589,LA_PLP_FX
2021-03-12,5.564,LA_PLP_FX
2021-03-15,5.6296,LA_PLP_FX
2021-03-16,5.5851,LA_PLP_FX
2021-03-17,5.6579,LA_PLP_FX
2021-03-18,5.5474,LA_PLP_FX
2021-03-19,5.5082,LA_PLP_FX
2021-03-22,5.5269,LA_PLP_FX
2021-03-23,5.4951,LA_PLP_FX
2021-03-24,5.533,LA_PLP_FX
2021-03-25,5.6585,LA_PLP_FX
2021-03-26,5.7042,LA_PLP_FX
2021-03-29,5.7925,LA_PLP_FX
2021-03-30,5.7642,LA_PLP_FX
2021-03-31,5.6973,LA_PLP_FX
2021-04-01,5.6849,LA_PLP_FX
2021-04-05,5.6579,LA_PLP_FX
2021-04-06,5.6263,LA_PLP_FX
2021-04-07,5.5864,LA_PLP_FX
2021-04-08,5.5817,LA_PLP_FX
2021-04-09,5.6445,LA_PLP_FX
2021-04-12,5.6582,LA_PLP_FX
2021-04-13,5.7064,LA_PLP_FX
2021-04-14,5.6936,LA_PLP_FX
2021-04-15,5.6234,LA_PLP_FX
2021-04-16,5.6328,LA_PLP_FX
2021-04-19,5.575,LA_PLP_FX
2021-04-20,5.5266,LA_PLP_FX
2021-04-22,5.497,LA_PLP_FX
2021-04-23,5.4787,LA_PLP_FX
2021-04-26,5.4566,LA_PLP_FX
2021-04-27,5.4424,LA_PLP_FX
2021-04-28,5.4005,LA_PLP_FX
2021-04-29,5.3662,LA_PLP_FX
2021-04-30,5.4036,LA_PLP_FX
2021-05-03,5.4087,LA_PLP_FX
2021-05-04,5.4505,LA_PLP_FX
2021-05-05,5.3872,LA_PLP_FX
2021-05-06,5.2897,LA_PLP_FX
2021-05-07,5.2217,LA_PLP_FX
2021-05-10,5.2227,LA_PLP_FX
2021-05-11,5.2403,LA_PLP_FX
2021-05-12,5.2353,LA_PLP_FX
2021-05-13,5.2815,LA_PLP_FX
2021-05-14,5.2701,LA_PLP_FX
2021-05-17,5.2755,LA_PLP_FX
2021-05-18,5.2588,LA_PLP_FX
2021-05-19,5.2822,LA_PLP_FX
2021-05-20,5.2905,LA_PLP_FX
2021-05-21,5.3027,LA_PLP_FX
2021-05-24,5.3198,LA_PLP_FX
2021-05-25,5.3143,LA_PLP_FX
2021-05-26,5.3164,LA_PLP_FX
2021-05-27,5.284,LA_PLP_FX
2021-05-28,5.2281,LA_PLP_FX
2021-05-31,5.2322,LA_PLP_FX
2021-06-01,5.1636,LA_PLP_FX
2021-06-02,5.1147,LA_PLP_FX
2021-06-04,5.0666,LA_PLP_FX
2021-06-07,5.0498,LA_PLP_FX
2021-06-08,5.0489,LA_PLP_FX
2021-06-09,5.0533,LA_PLP_FX
2021-06-10,5.0635,LA_PLP_FX
2021-06-11,5.119,LA_PLP_FX
2021-06-14,5.0707,LA_PLP_FX
2021-06-15,5.0874,LA_PLP_FX
2021-06-16,5.0207,LA_PLP_FX
2021-06-17,5.0359,LA_PLP_FX
2021-06-18,5.0314,LA_PLP_FX
2021-06-21,5.0373,LA_PLP_FX
2021-06-22,5.0178,LA_PLP_FX
2021-06-23,4.9519,LA_PLP_FX
2021-06-24,4.9277,LA_PLP_FX
2021-06-25,4.9206,LA_PLP_FX
2021-06-28,4.942,LA_PLP_FX
2021-06-29,4.945,LA_PLP_FX
2021-06-30,5.0022,LA_PLP_FX
2021-07-01,5.0055,LA_PLP_FX
2021-07-02,5.0293,LA_PLP_FX
2021-07-05,5.0749,LA_PLP_FX
2021-07-06,5.1645,LA_PLP_FX
2021-07-07,5.2328,LA_PLP_FX
2021-07-08,5.2587,LA_PLP_FX
2021-07-09,5.2393,LA_PLP_FX
2021-07-12,5.2239,LA_PLP_FX
2021-07-13,5.177,LA_PLP_FX
2021-07-14,5.088,LA_PLP_FX
2021-07-15,5.1,LA_PLP_FX
2021-07-16,5.0941,LA_PLP_FX
2021-07-19,5.1978,LA_PLP_FX
2021-07-20,5.2465,LA_PLP_FX
2021-07-21,5.2516,LA_PLP_FX
2021-07-22,5.1978,LA_PLP_FX
2021-07-23,5.1701,LA_PLP_FX
2021-07-26,5.1863,LA_PLP_FX
2021-07-27,5.1669,LA_PLP_FX
2021-07-28,5.1527,LA_PLP_FX
2021-07-29,5.0682,LA_PLP_FX
2021-07-30,5.1216,LA_PLP_FX
2021-08-02,5.1379,LA_PLP_FX
2021-08-03,5.2464,LA_PLP_FX
2021-08-04,5.2091,LA_PLP_FX
2021-08-05,5.1464,LA_PLP_FX
2021-08-06,5.241,LA_PLP_FX
2021-08-09,5.2774,LA_PLP_FX
2021-08-10,5.2217,LA_PLP_FX
2021-08-11,5.2013,LA_PLP_FX
2021-08-12,5.2351,LA_PLP_FX
2021-08-13,5.2474,LA_PLP_FX
2021-08-16,5.2495,LA_PLP_FX
2021-08-17,5.2585,LA_PLP_FX
2021-08-18,5.3025,LA_PLP_FX
2021-08-19,5.418,LA_PLP_FX
2021-08-20,5.4274,LA_PLP_FX
2021-08-23,5.3686,LA_PLP_FX
2021-08-24,5.3017,LA_PLP_FX
2021-08-25,5.2465,LA_PLP_FX
2021-08-26,5.2429,LA_PLP_FX
2021-08-27,5.22,LA_PLP_FX
2021-08-30,5.1952,LA_PLP_FX
2021-08-31,5.1433,LA_PLP_FX
2021-09-01,5.1576,LA_PLP_FX
2021-09-02,5.1735,LA_PLP_FX
2021-09-03,5.1685,LA_PLP_FX
2021-09-06,5.1773,LA_PLP_FX
2021-09-08,5.2524,LA_PLP_FX
2021-09-09,5.2825,LA_PLP_FX
2021-09-10,5.2158,LA_PLP_FX
2021-09-13,5.219,LA_PLP_FX
2021-09-14,5.226,LA_PLP_FX
2021-09-15,5.2576,LA_PLP_FX
2021-09-16,5.2594,LA_PLP_FX
2021-09-17,5.3103,LA_PLP_FX
2021-09-20,5.3332,LA_PLP_FX
2021-09-21,5.3044,LA_PLP_FX
2021-09-22,5.2783,LA_PLP_FX
2021-09-23,5.2891,LA_PLP_FX
2021-09-24,5.3435,LA_PLP_FX
2021-09-27,5.3478,LA_PLP_FX
2021-09-28,5.4206,LA_PLP_FX
2021-09-29,5.4173,LA_PLP_FX
2021-09-30,5.4394,LA_PLP_FX
2021-10-01,5.3911,LA_PLP_FX
2021-10-04,5.4204,LA_PLP_FX
2021-10-05,5.4611,LA_PLP_FX
2021-10-06,5.5097,LA_PLP_FX
2021-10-07,5.514,LA_PLP_FX
2021-10-08,5.5084,LA_PLP_FX
2021-10-11,5.5161,LA_PLP_FX
2021-10-13,5.5471,LA_PLP_FX
2021-10-14,5.4988,LA_PLP_FX
2021-10-15,5.451,LA_PLP_FX
2021-10-18,5.5193,LA_PLP_FX
2021-10-19,5.5521,LA_PLP_FX
2021-10-20,5.5571,LA_PLP_FX
2021-10-21,5.6423,LA_PLP_FX
2021-10-22,5.7117,LA_PLP_FX
2021-10-25,5.5973,LA_PLP_FX
2021-10-26,5.58,LA_PLP_FX
2021-10-27,5.5667,LA_PLP_FX
2021-10-28,5.6124,LA_PLP_FX
2021-10-29,5.643,LA_PLP_FX
2021-11-01,5.6694,LA_PLP_FX
2021-11-03,5.6672,LA_PLP_FX
2021-11-04,5.5942,LA_PLP_FX
2021-11-05,5.5455,LA_PLP_FX
2021-11-08,5.5627,LA_PLP_FX
2021-11-09,5.4957,LA_PLP_FX
2021-11-10,5.459,LA_PLP_FX
2021-11-11,5.4171,LA_PLP_FX
2021-11-12,5.4199,LA_PLP_FX
2021-11-16,5.4772,LA_PLP_FX
2021-11-17,5.4993,LA_PLP_FX
2021-11-18,5.547,LA_PLP_FX
2021-11-19,5.5584,LA_PLP_FX
2021-11-22,5.5841,LA_PLP_FX
2021-11-23,5.6456,LA_PLP_FX
2021-11-24,5.6027,LA_PLP_FX
2021-11-25,5.574,LA_PLP_FX
2021-11-26,5.5865,LA_PLP_FX
2021-11-29,5.6118,LA_PLP_FX
2021-11-30,5.6199,LA_PLP_FX
2021-12-01,5.6168,LA_PLP_FX
2021-12-02,5.6345,LA_PLP_FX
2021-12-03,5.6432,LA_PLP_FX
2021-12-06,5.6877,LA_PLP_FX
2021-12-07,5.6411,LA_PLP_FX
2021-12-08,5.5779,LA_PLP_FX
2021-12-09,5.5564,LA_PLP_FX
2021-12-10,5.5931,LA_PLP_FX
2021-12-13,5.6357,LA_PLP_FX
2021-12-14,5.6461,LA_PLP_FX
2021-12-15,5.7127,LA_PLP_FX
2021-12-16,5.6963,LA_PLP_FX
2021-12-17,5.6959,LA_PLP_FX
2021-12-20,5.7055,LA_PLP_FX
2021-12-21,5.7372,LA_PLP_FX
2021-12-22,5.7201,LA_PLP_FX
2021-12-23,5.691,LA_PLP_FX
2021-12-24,5.6591,LA_PLP_FX
2021-12-27,5.665,LA_PLP_FX
2021-12-28,5.6438,LA_PLP_FX
2021-12-29,5.6619,LA_PLP_FX
2021-12-30,5.5805,LA_PLP_FX
2021-12-31,5.5805,LA_PLP_FX
2022-01-03,5.6309,LA_PLP_FX
2022-01-04,5.6776,LA_PLP_FX
2022-01-05,5.6628,LA_PLP_FX
2022-01-06,5.7042,LA_PLP_FX
2022-01-07,5.6753,LA_PLP_FX
2022-01-10,5.6736,LA_PLP_FX
2022-01-11,5.6351,LA_PLP_FX
2022-01-12,5.5611,LA_PLP_FX
2022-01-13,5.5246,LA_PLP_FX
2022-01-14,5.5349,LA_PLP_FX
2022-01-17,5.5058,LA_PLP_FX
2022-01-18,5.5213,LA_PLP_FX
2022-01-19,5.4978,LA_PLP_FX
2022-01-20,5.4166,LA_PLP_FX
2022-01-21,5.4401,LA_PLP_FX
2022-01-24,5.491,LA_PLP_FX
2022-01-25,5.4971,LA_PLP_FX
2022-01-26,5.4324,LA_PLP_FX
2022-01-27,5.3812,LA_PLP_FX
2022-01-28,5.3954,LA_PLP_FX
2022-01-31,5.3574,LA_PLP_FX
2022-02-01,5.281,LA_PLP_FX
2022-02-02,5.2956,LA_PLP_FX
2022-02-03,5.3025,LA_PLP_FX
2022-02-04,5.3284,LA_PLP_FX
2022-02-07,5.2913,LA_PLP_FX
2022-02-08,5.2699,LA_PLP_FX
2022-02-09,5.2735,LA_PLP_FX
2022-02-10,5.2101,LA_PLP_FX
2022-02-11,5.1987,LA_PLP_FX
2022-02-14,5.2106,LA_PLP_FX
2022-02-15,5.1881,LA_PLP_FX
2022-02-16,5.163,LA_PLP_FX
2022-02-17,5.1565,LA_PLP_FX
2022-02-18,5.1339,LA_PLP_FX
2022-02-21,5.0997,LA_PLP_FX
2022-02-22,5.0611,LA_PLP_FX
2022-02-23,5.0143,LA_PLP_FX
2022-02-24,5.1174,LA_PLP_FX
2022-02-25,5.1394,LA_PLP_FX
2022-03-02,5.1347,LA_PLP_FX
2022-03-03,5.0479,LA_PLP_FX
2022-03-04,5.0758,LA_PLP_FX
2022-03-07,5.0579,LA_PLP_FX
2022-03-08,5.0903,LA_PLP_FX
2022-03-09,5.0094,LA_PLP_FX
2022-03-10,5.0513,LA_PLP_FX
2022-03-11,5.0255,LA_PLP_FX
2022-03-14,5.0647,LA_PLP_FX
2022-03-15,5.1314,LA_PLP_FX
2022-03-16,5.1287,LA_PLP_FX
2022-03-17,5.0764,LA_PLP_FX
2022-03-18,5.0411,LA_PLP_FX
2022-03-21,4.9666,LA_PLP_FX
2022-03-22,4.9208,LA_PLP_FX
2022-03-23,4.8704,LA_PLP_FX
2022-03-24,4.8067,LA_PLP_FX
2022-03-25,4.7782,LA_PLP_FX
2022-03-28,4.7905,LA_PLP_FX
2022-03-29,4.7486,LA_PLP_FX
2022-03-30,4.7497,LA_PLP_FX
2022-03-31,4.7378,LA_PLP_FX
2022-04-01,4.6984,LA_PLP_FX
2022-04-04,4.6175,LA_PLP_FX
2022-04-05,4.64,LA_PLP_FX
2022-04-06,4.6967,LA_PLP_FX
2022-04-07,4.7422,LA_PLP_FX
2022-04-08,4.7513,LA_PLP_FX
2022-04-11,4.7025,LA_PLP_FX
2022-04-12,4.6483,LA_PLP_FX
2022-04-13,4.6811,LA_PLP_FX
2022-04-14,4.7158,LA_PLP_FX
2022-04-18,4.6746,LA_PLP_FX
2022-04-19,4.6664,LA_PLP_FX
2022-04-20,4.6397,LA_PLP_FX
2022-04-22,4.7326,LA_PLP_FX
2022-04-25,4.8818,LA_PLP_FX
2022-04-26,4.9666,LA_PLP_FX
2022-04-27,5.0167,LA_PLP_FX
2022-04-28,5.011,LA_PLP_FX
2022-04-29,4.9191,LA_PLP_FX
2022-05-02,5.0266,LA_PLP_FX
2022-05-03,5.0167,LA_PLP_FX
2022-05-04,5.0093,LA_PLP_FX
2022-05-05,5.0051,LA_PLP_FX
2022-05-06,5.075,LA_PLP_FX
2022-05-09,5.134,LA_PLP_FX
2022-05-10,5.139,LA_PLP_FX
2022-05-11,5.1244,LA_PLP_FX
2022-05-12,5.1482,LA_PLP_FX
2022-05-13,5.1075,LA_PLP_FX
2022-05-16,5.0666,LA_PLP_FX
2022-05-17,4.9676,LA_PLP_FX
2022-05-18,4.9592,LA_PLP_FX
2022-05-19,4.9198,LA_PLP_FX
2022-05-20,4.8777,LA_PLP_FX
2022-05-23,4.7973,LA_PLP_FX
2022-05-24,4.8106,LA_PLP_FX
2022-05-25,4.8359,LA_PLP_FX
2022-05-26,4.7967,LA_PLP_FX
2022-05-27,4.7434,LA_PLP_FX
2022-05-30,4.7216,LA_PLP_FX
2022-05-31,4.7289,LA_PLP_FX
2022-06-01,4.7765,LA_PLP_FX
2022-06-02,4.7879,LA_PLP_FX
2022-06-03,4.7956,LA_PLP_FX
2022-06-06,4.7839,LA_PLP_FX
2022-06-07,4.8909,LA_PLP_FX
2022-06-08,4.8711,LA_PLP_FX
2022-06-09,4.8951,LA_PLP_FX
2022-06-10,4.9836,LA_PLP_FX
2022-06-13,5.1033,LA_PLP_FX
2022-06-14,5.1203,LA_PLP_FX
2022-06-15,5.1119,LA_PLP_FX
2022-06-17,5.1313,LA_PLP_FX
2022-06-20,5.1641,LA_PLP_FX
2022-06-21,5.1462,LA_PLP_FX
2022-06-22,5.1509,LA_PLP_FX
2022-06-23,5.1833,LA_PLP_FX
2022-06-24,5.2334,LA_PLP_FX
2022-06-27,5.2214,LA_PLP_FX
2022-06-28,5.2179,LA_PLP_FX
2022-06-29,5.2268,LA_PLP_FX
2022-06-30,5.238,LA_PLP_FX
2022-07-01,5.3142,LA_PLP_FX
2022-07-04,5.3038,LA_PLP_FX
2022-07-05,5.3899,LA_PLP_FX
2022-07-06,5.4321,LA_PLP_FX
2022-07-07,5.364,LA_PLP_FX
2022-07-08,5.3086,LA_PLP_FX
2022-07-11,5.3477,LA_PLP_FX
2022-07-12,5.412,LA_PLP_FX
2022-07-13,5.3992,LA_PLP_FX
2022-07-14,5.4568,LA_PLP_FX
2022-07-15,5.4014,LA_PLP_FX
2022-07-18,5.3675,LA_PLP_FX
2022-07-19,5.3904,LA_PLP_FX
2022-07-20,5.4288,LA_PLP_FX
2022-07-21,5.475,LA_PLP_FX
2022-07-22,5.4522,LA_PLP_FX
2022-07-25,5.4144,LA_PLP_FX
2022-07-26,5.3608,LA_PLP_FX
2022-07-27,5.3074,LA_PLP_FX
2022-07-28,5.2149,LA_PLP_FX
2022-07-29,5.1884,LA_PLP_FX
2022-08-01,5.1606,LA_PLP_FX
2022-08-02,5.2329,LA_PLP_FX
2022-08-03,5.2846,LA_PLP_FX
2022-08-04,5.2409,LA_PLP_FX
2022-08-05,5.2165,LA_PLP_FX
2022-08-08,5.1247,LA_PLP_FX
2022-08-09,5.1224,LA_PLP_FX
2022-08-10,5.0497,LA_PLP_FX
2022-08-11,5.1127,LA_PLP_FX
2022-08-12,5.1023,LA_PLP_FX
2022-08-15,5.0925,LA_PLP_FX
2022-08-16,5.134,LA_PLP_FX
2022-08-17,5.1784,LA_PLP_FX
2022-08-18,5.1773,LA_PLP_FX
2022-08-19,5.1961,LA_PLP_FX
2022-08-22,5.1709,LA_PLP_FX
2022-08-23,5.103,LA_PLP_FX
2022-08-24,5.105,LA_PLP_FX
2022-08-25,5.1173,LA_PLP_FX
2022-08-26,5.0903,LA_PLP_FX
2022-08-29,5.0428,LA_PLP_FX
2022-08-30,5.0617,LA_PLP_FX
2022-08-31,5.179,LA_PLP_FX
2022-09-01,5.2007,LA_PLP_FX
2022-09-02,5.1878,LA_PLP_FX
2022-09-05,5.1686,LA_PLP_FX
2022-09-06,5.2228,LA_PLP_FX
2022-09-08,5.2155,LA_PLP_FX
2022-09-09,5.1633,LA_PLP_FX
2022-09-12,5.1183,LA_PLP_FX
2022-09-13,5.1794,LA_PLP_FX
2022-09-14,5.1774,LA_PLP_FX
2022-09-15,5.2211,LA_PLP_FX
2022-09-16,5.2882,LA_PLP_FX
2022-09-19,5.2367,LA_PLP_FX
2022-09-20,5.1705,LA_PLP_FX
2022-09-21,5.1692,LA_PLP_FX
2022-09-22,5.1677,LA_PLP_FX
2022-09-23,5.2257,LA_PLP_FX
2022-09-26,5.3548,LA_PLP_FX
2022-09-27,5.3508,LA_PLP_FX
2022-09-28,5.3594,LA_PLP_FX
2022-09-29,5.3916,LA_PLP_FX
2022-09-30,5.4066,LA_PLP_FX
2022-10-03,5.2002,LA_PLP_FX
2022-10-04,5.1411,LA_PLP_FX
2022-10-05,5.2144,LA_PLP_FX
2022-10-06,5.2009,LA_PLP_FX
2022-10-07,5.2221,LA_PLP_FX
2022-10-10,5.1941,LA_PLP_FX
2022-10-11,5.2068,LA_PLP_FX
2022-10-13,5.3017,LA_PLP_FX
2022-10-14,5.2824,LA_PLP_FX
2022-10-17,5.2713,LA_PLP_FX
2022-10-18,5.2697,LA_PLP_FX
2022-10-19,5.2808,LA_PLP_FX
2022-10-20,5.2176,LA_PLP_FX
2022-10-21,5.1919,LA_PLP_FX
2022-10-24,5.2744,LA_PLP_FX
2022-10-25,5.3091,LA_PLP_FX
2022-10-26,5.3248,LA_PLP_FX
2022-10-27,5.3003,LA_PLP_FX
2022-10-28,5.3454,LA_PLP_FX
2022-10-31,5.257,LA_PLP_FX
2022-11-01,5.15,LA_PLP_FX
2022-11-03,5.1349,LA_PLP_FX
2022-11-04,5.036,LA_PLP_FX
2022-11-07,5.0886,LA_PLP_FX
2022-11-08,5.1744,LA_PLP_FX
2022-11-09,5.1629,LA_PLP_FX
2022-11-10,5.3064,LA_PLP_FX
2022-11-11,5.3051,LA_PLP_FX
2022-11-14,5.3013,LA_PLP_FX
2022-11-16,5.3204,LA_PLP_FX
2022-11-17,5.4655,LA_PLP_FX
2022-11-18,5.3477,LA_PLP_FX
2022-11-21,5.3259,LA_PLP_FX
2022-11-22,5.3339,LA_PLP_FX
2022-11-23,5.393,LA_PLP_FX
2022-11-24,5.3149,LA_PLP_FX
2022-11-25,5.3508,LA_PLP_FX
2022-11-28,5.3796,LA_PLP_FX
2022-11-29,5.3076,LA_PLP_FX
2022-11-30,5.2941,LA_PLP_FX
2022-12-01,5.1948,LA_PLP_FX
2022-12-02,5.1974,LA_PLP_FX
2022-12-05,5.2464,LA_PLP_FX
2022-12-06,5.2396,LA_PLP_FX
2022-12-07,5.2208,LA_PLP_FX
2022-12-08,5.2091,LA_PLP_FX
2022-12-09,5.2396,LA_PLP_FX
2022-12-12,5.3066,LA_PLP_FX
2022-12-13,5.2669,LA_PLP_FX
2022-12-14,5.3406,LA_PLP_FX
2022-12-15,5.3183,LA_PLP_FX
2022-12-16,5.2806,LA_PLP_FX
2022-12-19,5.316,LA_PLP_FX
2022-12-20,5.2427,LA_PLP_FX
2022-12-21,5.2031,LA_PLP_FX
2022-12-22,5.1871,LA_PLP_FX
2022-12-23,5.1445,LA_PLP_FX
2022-12-26,5.1872,LA_PLP_FX
2022-12-27,5.2832,LA_PLP_FX
2022-12-28,5.2736,LA_PLP_FX
2022-12-29,5.2177,LA_PLP_FX
2022-12-30,5.2177,LA_PLP_FX
2023-01-02,5.3436,LA_PLP_FX
2023-01-03,5.3759,LA_PLP_FX
2023-01-04,5.4459,LA_PLP_FX
2023-01-05,5.4026,LA_PLP_FX
2023-01-06,5.2855,LA_PLP_FX
2023-01-09,5.2967,LA_PLP_FX
2023-01-10,5.2395,LA_PLP_FX
2023-01-11,5.202,LA_PLP_FX
2023-01-12,5.14,LA_PLP_FX
2023-01-13,5.1146,LA_PLP_FX
2023-01-16,5.1115,LA_PLP_FX
2023-01-17,5.1203,LA_PLP_FX
2023-01-18,5.0909,LA_PLP_FX
2023-01-19,5.2144,LA_PLP_FX
2023-01-20,5.1986,LA_PLP_FX
2023-01-23,5.1922,LA_PLP_FX
2023-01-24,5.1696,LA_PLP_FX
2023-01-25,5.1042,LA_PLP_FX
2023-01-26,5.0951,LA_PLP_FX
2023-01-27,5.0767,LA_PLP_FX
2023-01-30,5.0959,LA_PLP_FX
2023-01-31,5.0993,LA_PLP_FX
2023-02-01,5.0721,LA_PLP_FX
2023-02-02,4.9901,LA_PLP_FX
2023-02-03,5.103,LA_PLP_FX
2023-02-06,5.1763,LA_PLP_FX
2023-02-07,5.1695,LA_PLP_FX
2023-02-08,5.2036,LA_PLP_FX
2023-02-09,5.2315,LA_PLP_FX
2023-02-10,5.2526,LA_PLP_FX
2023-02-13,5.1834,LA_PLP_FX
2023-02-14,5.1507,LA_PLP_FX
2023-02-15,5.2243,LA_PLP_FX
2023-02-16,5.2432,LA_PLP_FX
2023-02-17,5.2012,LA_PLP_FX
2023-02-22,5.173,LA_PLP_FX
2023-02-23,5.133,LA_PLP_FX
2023-02-24,5.1791,LA_PLP_FX
2023-02-27,5.196,LA_PLP_FX
2023-02-28,5.2078,LA_PLP_FX
2023-03-01,5.207,LA_PLP_FX
2023-03-02,5.208,LA_PLP_FX
2023-03-03,5.2037,LA_PLP_FX
2023-03-06,5.197,LA_PLP_FX
2023-03-07,5.1901,LA_PLP_FX
2023-03-08,5.1387,LA_PLP_FX
2023-03-09,5.1353,LA_PLP_FX
2023-03-10,5.1822,LA_PLP_FX
2023-03-13,5.24,LA_PLP_FX
2023-03-14,5.2362,LA_PLP_FX
2023-03-15,5.2981,LA_PLP_FX
2023-03-16,5.2892,LA_PLP_FX
2023-03-17,5.2679,LA_PLP_FX
2023-03-20,5.2467,LA_PLP_FX
2023-03-21,5.2444,LA_PLP_FX
2023-03-22,5.2648,LA_PLP_FX
2023-03-23,5.2632,LA_PLP_FX
2023-03-24,5.2921,LA_PLP_FX
2023-03-27,5.2306,LA_PLP_FX
2023-03-28,5.1733,LA_PLP_FX
2023-03-29,5.1493,LA_PLP_FX
2023-03-30,5.1254,LA_PLP_FX
2023-03-31,5.0804,LA_PLP_FX
2023-04-03,5.0637,LA_PLP_FX
2023-04-04,5.0762,LA_PLP_FX
2023-04-05,5.0447,LA_PLP_FX
2023-04-06,5.0683,LA_PLP_FX
2023-04-10,5.0834,LA_PLP_FX
2023-04-11,5.0128,LA_PLP_FX
2023-04-12,4.9496,LA_PLP_FX
2023-04-13,4.9097,LA_PLP_FX
2023-04-14,4.9455,LA_PLP_FX
2023-04-17,4.9421,LA_PLP_FX
2023-04-18,4.9678,LA_PLP_FX
2023-04-19,5.0467,LA_PLP_FX
2023-04-20,5.0497,LA_PLP_FX
2023-04-24,5.0595,LA_PLP_FX
2023-04-25,5.0613,LA_PLP_FX
2023-04-26,5.0585,LA_PLP_FX
2023-04-27,5.015,LA_PLP_FX
2023-04-28,5.0007,LA_PLP_FX
2023-05-02,5.0334,LA_PLP_FX
2023-05-03,5.0227,LA_PLP_FX
2023-05-04,5.0106,LA_PLP_FX
2023-05-05,4.9696,LA_PLP_FX
2023-05-08,4.9696,LA_PLP_FX
2023-05-09,5.0007,LA_PLP_FX
2023-05-10,4.9547,LA_PLP_FX
2023-05-11,4.9696,LA_PLP_FX
2023-05-12,4.9234,LA_PLP_FX
2023-05-15,4.9103,LA_PLP_FX
2023-05-16,4.9122,LA_PLP_FX
2023-05-17,4.9513,LA_PLP_FX
2023-05-18,4.9647,LA_PLP_FX
2023-05-19,4.9858,LA_PLP_FX
2023-05-22,4.968,LA_PLP_FX
2023-05-23,4.9674,LA_PLP_FX
2023-05-24,4.9474,LA_PLP_FX
2023-05-25,4.999,LA_PLP_FX
2023-05-26,5.0114,LA_PLP_FX
2023-05-29,4.9954,LA_PLP_FX
2023-05-30,5.0593,LA_PLP_FX
2023-05-31,5.0959,LA_PLP_FX
2023-06-01,5.035,LA_PLP_FX
2023-06-02,4.9558,LA_PLP_FX
2023-06-05,4.9236,LA_PLP_FX
2023-06-06,4.9292,LA_PLP_FX
2023-06-07,4.9119,LA_PLP_FX
2023-06-09,4.8922,LA_PLP_FX
2023-06-12,4.8832,LA_PLP_FX
2023-06-13,4.8533,LA_PLP_FX
2023-06-14,4.8462,LA_PLP_FX
2023-06-15,4.8222,LA_PLP_FX
2023-06-16,4.8286,LA_PLP_FX
2023-06-19,4.7803,LA_PLP_FX
2023-06-20,4.793,LA_PLP_FX
2023-06-21,4.7795,LA_PLP_FX
2023-06-22,4.775,LA_PLP_FX
2023-06-23,4.7799,LA_PLP_FX
2023-06-26,4.7698,LA_PLP_FX
2023-06-27,4.7903,LA_PLP_FX
2023-06-28,4.8563,LA_PLP_FX
2023-06-29,4.8584,LA_PLP_FX
2023-06-30,4.8192,LA_PLP_FX
2023-07-03,4.7876,LA_PLP_FX
2023-07-04,4.8056,LA_PLP_FX
2023-07-05,4.8577,LA_PLP_FX
2023-07-06,4.8977,LA_PLP_FX
2023-07-07,4.8799,LA_PLP_FX
2023-07-10,4.8735,LA_PLP_FX
2023-07-11,4.8949,LA_PLP_FX
2023-07-12,4.8058,LA_PLP_FX
2023-07-13,4.8038,LA_PLP_FX
2023-07-14,4.7957,LA_PLP_FX
2023-07-17,4.8302,LA_PLP_FX
2023-07-18,4.804,LA_PLP_FX
2023-07-19,4.8,LA_PLP_FX
2023-07-20,4.7888,LA_PLP_FX
2023-07-21,4.7732,LA_PLP_FX
2023-07-24,4.7457,LA_PLP_FX
2023-07-25,4.7496,LA_PLP_FX
2023-07-26,4.7368,LA_PLP_FX
2023-07-27,4.7202,LA_PLP_FX
2023-07-28,4.7253,LA_PLP_FX
2023-07-31,4.7415,LA_PLP_FX
2023-08-01,4.7752,LA_PLP_FX
2023-08-02,4.8083,LA_PLP_FX
2023-08-03,4.8797,LA_PLP_FX
2023-08-04,4.8609,LA_PLP_FX
2023-08-07,4.901,LA_PLP_FX
2023-08-08,4.9217,LA_PLP_FX
2023-08-09,4.9015,LA_PLP_FX
2023-08-10,4.8518,LA_PLP_FX
2023-08-11,4.8918,LA_PLP_FX
2023-08-14,4.9481,LA_PLP_FX
2023-08-15,4.9812,LA_PLP_FX
2023-08-16,4.9772,LA_PLP_FX
2023-08-17,4.9816,LA_PLP_FX
2023-08-18,4.9724,LA_PLP_FX
2023-08-21,4.9847,LA_PLP_FX
2023-08-22,4.9431,LA_PLP_FX
2023-08-23,4.8977,LA_PLP_FX
2023-08-24,4.8748,LA_PLP_FX
2023-08-25,4.8772,LA_PLP_FX
2023-08-28,4.8938,LA_PLP_FX
2023-08-29,4.8706,LA_PLP_FX
2023-08-30,4.8653,LA_PLP_FX
2023-08-31,4.9219,LA_PLP_FX
2023-09-01,4.9318,LA_PLP_FX
2023-09-04,4.9176,LA_PLP_FX
2023-09-05,4.9705,LA_PLP_FX
2023-09-06,4.9762,LA_PLP_FX
2023-09-08,4.9835,LA_PLP_FX
2023-09-11,4.9366,LA_PLP_FX
2023-09-12,4.9505,LA_PLP_FX
2023-09-13,4.9171,LA_PLP_FX
2023-09-14,4.8751,LA_PLP_FX
2023-09-15,4.8689,LA_PLP_FX
2023-09-18,4.8535,LA_PLP_FX
2023-09-19,4.8575,LA_PLP_FX
2023-09-20,4.8487,LA_PLP_FX
2023-09-21,4.9229,LA_PLP_FX
2023-09-22,4.9131,LA_PLP_FX
2023-09-25,4.9606,LA_PLP_FX
2023-09-26,4.9717,LA_PLP_FX
2023-09-27,5.0289,LA_PLP_FX
2023-09-28,5.0475,LA_PLP_FX
2023-09-29,5.0076,LA_PLP_FX
2023-10-02,5.0679,LA_PLP_FX
2023-10-03,5.11,LA_PLP_FX
2023-10-04,5.1526,LA_PLP_FX
2023-10-05,5.1713,LA_PLP_FX
2023-10-06,5.1918,LA_PLP_FX
2023-10-09,5.1666,LA_PLP_FX
2023-10-10,5.0862,LA_PLP_FX
2023-10-11,5.0496,LA_PLP_FX
2023-10-13,5.0625,LA_PLP_FX
2023-10-16,5.0618,LA_PLP_FX
2023-10-17,5.0384,LA_PLP_FX
2023-10-18,5.0568,LA_PLP_FX
2023-10-19,5.054,LA_PLP_FX
2023-10-20,5.0528,LA_PLP_FX
2023-10-23,5.0164,LA_PLP_FX
2023-10-24,5.0065,LA_PLP_FX
2023-10-25,4.9981,LA_PLP_FX
2023-10-26,5.0055,LA_PLP_FX
2023-10-27,4.948,LA_PLP_FX
2023-10-30,5.0074,LA_PLP_FX
2023-10-31,5.0575,LA_PLP_FX
2023-11-01,5.0194,LA_PLP_FX
2023-11-03,4.891,LA_PLP_FX
2023-11-06,4.8999,LA_PLP_FX
2023-11-07,4.867,LA_PLP_FX
2023-11-08,4.8855,LA_PLP_FX
2023-11-09,4.9007,LA_PLP_FX
2023-11-10,4.9219,LA_PLP_FX
2023-11-13,4.9247,LA_PLP_FX
2023-11-14,4.8682,LA_PLP_FX
2023-11-16,4.8575,LA_PLP_FX
2023-11-17,4.8849,LA_PLP_FX
2023-11-20,4.8723,LA_PLP_FX
2023-11-21,4.8806,LA_PLP_FX
2023-11-22,4.8968,LA_PLP_FX
2023-11-23,4.8931,LA_PLP_FX
2023-11-24,4.8927,LA_PLP_FX
2023-11-27,4.8951,LA_PLP_FX
2023-11-28,4.8867,LA_PLP_FX
2023-11-29,4.8933,LA_PLP_FX
2023-11-30,4.9355,LA_PLP_FX
2023-12-01,4.9191,LA_PLP_FX
2023-12-04,4.9091,LA_PLP_FX
2023-12-05,4.9522,LA_PLP_FX
2023-12-06,4.9031,LA_PLP_FX
2023-12-07,4.8949,LA_PLP_FX
2023-12-08,4.9158,LA_PLP_FX
2023-12-11,4.944,LA_PLP_FX
2023-12-12,4.9476,LA_PLP_FX
2023-12-13,4.958,LA_PLP_FX
2023-12-14,4.8912,LA_PLP_FX
2023-12-15,4.9397,LA_PLP_FX
2023-12-18,4.9399,LA_PLP_FX
2023-12-19,4.8663,LA_PLP_FX
2023-12-20,4.8766,LA_PLP_FX
2023-12-21,4.8755,LA_PLP_FX
2023-12-22,4.8619,LA_PLP_FX
2023-12-26,4.8368,LA_PLP_FX
2023-12-27,4.8306,LA_PLP_FX
2023-12-28,4.8413,LA_PLP_FX
2023-12-29,4.8413,LA_PLP_FX
2024-01-02,4.8916,LA_PLP_FX
2024-01-03,4.9212,LA_PLP_FX
2024-01-04,4.9188,LA_PLP_FX
2024-01-05,4.8899,LA_PLP_FX
2024-01-08,4.885,LA_PLP_FX
2024-01-09,4.8937,LA_PLP_FX
2024-01-10,4.8901,LA_PLP_FX
2024-01-11,4.8794,LA_PLP_FX
2024-01-12,4.8543,LA_PLP_FX
2024-01-15,4.8765,LA_PLP_FX
2024-01-16,4.9038,LA_PLP_FX
2024-01-17,4.9346,LA_PLP_FX
2024-01-18,4.9403,LA_PLP_FX
2024-01-19,4.9223,LA_PLP_FX
2024-01-22,4.949,LA_PLP_FX
2024-01-23,4.9715,LA_PLP_FX
2024-01-24,4.9192,LA_PLP_FX
2024-01-25,4.9232,LA_PLP_FX
2024-01-26,4.9125,LA_PLP_FX
2024-01-29,4.9225,LA_PLP_FX
2024-01-30,4.9638,LA_PLP_FX
2024-01-31,4.9535,LA_PLP_FX
2024-02-01,4.935,LA_PLP_FX
2024-02-02,4.9471,LA_PLP_FX
2024-02-05,5.0053,LA_PLP_FX
2024-02-06,4.9687,LA_PLP_FX
2024-02-07,4.9608,LA_PLP_FX
2024-02-08,4.9804,LA_PLP_FX
2024-02-09,4.9717,LA_PLP_FX
2024-02-14,4.9723,LA_PLP_FX
2024-02-15,4.971,LA_PLP_FX
2024-02-16,4.9761,LA_PLP_FX
2024-02-19,4.9585,LA_PLP_FX
2024-02-20,4.9408,LA_PLP_FX
2024-02-21,4.9303,LA_PLP_FX
2024-02-22,4.9419,LA_PLP_FX
2024-02-23,4.9851,LA_PLP_FX
2024-02-26,4.9819,LA_PLP_FX
2024-02-27,4.9575,LA_PLP_FX
2024-02-28,4.9557,LA_PLP_FX
2024-02-29,4.9833,LA_PLP_FX
2024-03-01,4.9596,LA_PLP_FX
2024-03-04,4.9475,LA_PLP_FX
2024-03-05,4.9488,LA_PLP_FX
2024-03-06,4.9398,LA_PLP_FX
2024-03-07,4.9364,LA_PLP_FX
2024-03-08,4.9751,LA_PLP_FX
2024-03-11,4.9777,LA_PLP_FX
2024-03-12,4.9813,LA_PLP_FX
2024-03-13,4.9803,LA_PLP_FX
2024-03-14,4.9768,LA_PLP_FX
2024-03-15,4.9937,LA_PLP_FX
2024-03-18,5.0124,LA_PLP_FX
2024-03-19,5.0352,LA_PLP_FX
2024-03-20,5.012,LA_PLP_FX
2024-03-21,4.9807,LA_PLP_FX
2024-03-22,4.9897,LA_PLP_FX
2024-03-25,4.9869,LA_PLP_FX
2024-03-26,4.987,LA_PLP_FX
2024-03-27,4.9856,LA_PLP_FX
2024-03-28,4.9962,LA_PLP_FX
2024-04-01,5.0532,LA_PLP_FX
2024-04-02,5.0476,LA_PLP_FX
2024-04-03,5.0724,LA_PLP_FX
2024-04-04,5.0237,LA_PLP_FX
2024-04-05,5.052,LA_PLP_FX
2024-04-08,5.0421,LA_PLP_FX
2024-04-09,5.008,LA_PLP_FX
2024-04-10,5.0654,LA_PLP_FX
2024-04-11,5.0765,LA_PLP_FX
2024-04-12,5.1364,LA_PLP_FX
2024-04-15,5.1746,LA_PLP_FX
2024-04-16,5.2635,LA_PLP_FX
2024-04-17,5.2469,LA_PLP_FX
2024-04-18,5.2512,LA_PLP_FX
2024-04-19,5.2269,LA_PLP_FX
2024-04-22,5.2043,LA_PLP_FX
2024-04-23,5.1626,LA_PLP_FX
2024-04-24,5.1592,LA_PLP_FX
2024-04-25,5.1679,LA_PLP_FX
2024-04-26,5.1184,LA_PLP_FX
2024-04-29,5.1155,LA_PLP_FX
2024-04-30,5.1718,LA_PLP_FX
2024-05-02,5.1184,LA_PLP_FX
2024-05-03,5.0668,LA_PLP_FX
2024-05-06,5.0727,LA_PLP_FX
2024-05-07,5.061,LA_PLP_FX
2024-05-08,5.0887,LA_PLP_FX
2024-05-09,5.1577,LA_PLP_FX
2024-05-10,5.1464,LA_PLP_FX
2024-05-13,5.1412,LA_PLP_FX
2024-05-14,5.1356,LA_PLP_FX
2024-05-15,5.1423,LA_PLP_FX
2024-05-16,5.127,LA_PLP_FX
2024-05-17,5.1157,LA_PLP_FX
2024-05-20,5.1085,LA_PLP_FX
2024-05-21,5.1037,LA_PLP_FX
2024-05-22,5.1502,LA_PLP_FX
2024-05-23,5.1443,LA_PLP_FX
2024-05-24,5.1508,LA_PLP_FX
2024-05-27,5.1704,LA_PLP_FX
2024-05-28,5.1538,LA_PLP_FX
2024-05-29,5.1972,LA_PLP_FX
2024-05-31,5.2416,LA_PLP_FX
2024-06-03,5.2373,LA_PLP_FX
2024-06-04,5.2687,LA_PLP_FX
2024-06-05,5.2841,LA_PLP_FX
2024-06-06,5.2681,LA_PLP_FX
2024-06-07,5.2802,LA_PLP_FX
2024-06-10,5.3666,LA_PLP_FX
2024-06-11,5.3524,LA_PLP_FX
2024-06-12,5.3891,LA_PLP_FX
2024-06-13,5.3974,LA_PLP_FX
2024-06-14,5.363,LA_PLP_FX
2024-06-17,5.413,LA_PLP_FX
2024-06-18,5.4074,LA_PLP_FX
2024-06-19,5.4647,LA_PLP_FX
2024-06-20,5.4254,LA_PLP_FX
2024-06-21,5.4416,LA_PLP_FX
2024-06-24,5.4,LA_PLP_FX
2024-06-25,5.429,LA_PLP_FX
2024-06-26,5.5097,LA_PLP_FX
2024-06-27,5.5229,LA_PLP_FX
2024-06-28,5.5589,LA_PLP_FX
2024-07-01,5.5893,LA_PLP_FX
2024-07-02,5.6677,LA_PLP_FX
2024-07-03,5.5863,LA_PLP_FX
2024-07-04,5.4839,LA_PLP_FX
2024-07-05,5.497,LA_PLP_FX
2024-07-08,5.472,LA_PLP_FX
2024-07-09,5.4387,LA_PLP_FX
2024-07-10,5.3967,LA_PLP_FX
2024-07-11,5.41,LA_PLP_FX
2024-07-12,5.4529,LA_PLP_FX
2024-07-15,5.4563,LA_PLP_FX
2024-07-16,5.4274,LA_PLP_FX
2024-07-17,5.467,LA_PLP_FX
2024-07-18,5.5426,LA_PLP_FX
2024-07-19,5.5543,LA_PLP_FX
2024-07-22,5.5598,LA_PLP_FX
2024-07-23,5.5807,LA_PLP_FX
2024-07-24,5.6346,LA_PLP_FX
2024-07-25,5.6402,LA_PLP_FX
2024-07-26,5.6465,LA_PLP_FX
2024-07-29,5.6479,LA_PLP_FX
2024-07-30,5.6532,LA_PLP_FX
2024-07-31,5.6621,LA_PLP_FX
2024-08-01,5.6681,LA_PLP_FX
2024-08-02,5.7366,LA_PLP_FX
2024-08-05,5.7646,LA_PLP_FX
2024-08-06,5.6528,LA_PLP_FX
2024-08-07,5.6093,LA_PLP_FX
2024-08-08,5.6172,LA_PLP_FX
2024-08-09,5.5115,LA_PLP_FX
2024-08-12,5.4911,LA_PLP_FX
2024-08-13,5.4875,LA_PLP_FX
2024-08-14,5.4502,LA_PLP_FX
2024-08-15,5.4651,LA_PLP_FX
2024-08-16,5.4632,LA_PLP_FX
2024-08-19,5.4237,LA_PLP_FX
2024-08-20,5.4547,LA_PLP_FX
2024-08-21,5.4707,LA_PLP_FX
2024-08-22,5.5524,LA_PLP_FX
2024-08-23,5.5263,LA_PLP_FX
2024-08-26,5.4921,LA_PLP_FX
2024-08-27,5.4969,LA_PLP_FX
2024-08-28,5.5315,LA_PLP_FX
2024-08-29,5.6358,LA_PLP_FX
2024-08-30,5.6562,LA_PLP_FX
2024-09-02,5.623,LA_PLP_FX
2024-09-03,5.6224,LA_PLP_FX
2024-09-04,5.6359,LA_PLP_FX
2024-09-05,5.6049,LA_PLP_FX
2024-09-06,5.5702,LA_PLP_FX
2024-09-09,5.6097,LA_PLP_FX
2024-09-10,5.6254,LA_PLP_FX
2024-09-11,5.6387,LA_PLP_FX
2024-09-12,5.6554,LA_PLP_FX
2024-09-13,5.5717,LA_PLP_FX
2024-09-16,5.5207,LA_PLP_FX
2024-09-17,5.501,LA_PLP_FX
2024-09-18,5.4767,LA_PLP_FX
2024-09-19,5.4189,LA_PLP_FX
2024-09-20,5.4775,LA_PLP_FX
2024-09-23,5.5446,LA_PLP_FX
2024-09-24,5.4702,LA_PLP_FX
2024-09-25,5.4736,LA_PLP_FX
2024-09-26,5.4412,LA_PLP_FX
2024-09-27,5.4431,LA_PLP_FX
2024-09-30,5.4481,LA_PLP_FX
2024-10-01,5.4521,LA_PLP_FX
2024-10-02,5.4305,LA_PLP_FX
2024-10-03,5.485,LA_PLP_FX
2024-10-04,5.4686,LA_PLP_FX
2024-10-07,5.4626,LA_PLP_FX
2024-10-08,5.5197,LA_PLP_FX
2024-10-09,5.5737,LA_PLP_FX
2024-10-10,5.5819,LA_PLP_FX
2024-10-11,5.6263,LA_PLP_FX
2024-10-14,5.6045,LA_PLP_FX
2024-10-15,5.6378,LA_PLP_FX
2024-10-16,5.6749,LA_PLP_FX
2024-10-17,5.6758,LA_PLP_FX
2024-10-18,5.6672,LA_PLP_FX
2024-10-21,5.7068,LA_PLP_FX
2024-10-22,5.6958,LA_PLP_FX
2024-10-23,5.7149,LA_PLP_FX
2024-10-24,5.7087,LA_PLP_FX
2024-10-25,5.6969,LA_PLP_FX
2024-10-28,5.6988,LA_PLP_FX
2024-10-29,5.714,LA_PLP_FX
2024-10-30,5.7801,LA_PLP_FX
2024-10-31,5.7779,LA_PLP_FX
2024-11-01,5.8073,LA_PLP_FX
2024-11-04,5.7898,LA_PLP_FX
2024-11-05,5.7846,LA_PLP_FX
2024-11-06,5.7648,LA_PLP_FX
2024-11-07,5.6624,LA_PLP_FX
2024-11-08,5.7648,LA_PLP_FX
2024-11-11,5.798,LA_PLP_FX
2024-11-12,5.7694,LA_PLP_FX
2024-11-13,5.7713,LA_PLP_FX
2024-11-14,5.7885,LA_PLP_FX
2024-11-18,5.7603,LA_PLP_FX
2024-11-19,5.7743,LA_PLP_FX
2024-11-21,5.8173,LA_PLP_FX
2024-11-22,5.8124,LA_PLP_FX
2024-11-25,5.8002,LA_PLP_FX
2024-11-26,5.799,LA_PLP_FX
2024-11-27,5.8291,LA_PLP_FX
2024-11-28,5.9871,LA_PLP_FX
2024-11-29,6.0535,LA_PLP_FX
2024-12-02,6.0634,LA_PLP_FX
2024-12-03,6.0707,LA_PLP_FX
2024-12-04,6.0581,LA_PLP_FX
2024-12-05,5.9849,LA_PLP_FX
2024-12-06,6.0293,LA_PLP_FX
2024-12-09,6.057,LA_PLP_FX
2024-12-10,6.0529,LA_PLP_FX
2024-12-11,6.032,LA_PLP_FX
2024-12-12,5.9408,LA_PLP_FX
2024-12-13,6.04,LA_PLP_FX
2024-12-16,6.0509,LA_PLP_FX
2024-12-17,6.1685,LA_PLP_FX
2024-12-18,6.1624,LA_PLP_FX
2024-12-19,6.1841,LA_PLP_FX
2024-12-20,6.078,LA_PLP_FX
2024-12-23,6.1612,LA_PLP_FX
2024-12-24,6.1541,LA_PLP_FX
2024-12-26,6.1656,LA_PLP_FX
2024-12-27,6.1991,LA_PLP_FX
2024-12-30,6.1923,LA_PLP_FX
2024-12-31,6.1923,LA_PLP_FX
2025-01-02,6.2086,LA_PLP_FX
2025-01-03,6.1563,LA_PLP_FX
2025-01-06,6.1119,LA_PLP_FX
2025-01-07,6.0741,LA_PLP_FX
2025-01-08,6.1321,LA_PLP_FX
2025-01-09,6.0896,LA_PLP_FX
2025-01-10,6.0965,LA_PLP_FX
2025-01-13,6.1079,LA_PLP_FX
2025-01-14,6.0671,LA_PLP_FX
2025-01-15,6.0377,LA_PLP_FX
2025-01-16,6.0322,LA_PLP_FX
2025-01-17,6.0609,LA_PLP_FX
2025-01-20,6.0498,LA_PLP_FX
2025-01-21,6.044,LA_PLP_FX
2025-01-22,5.9674,LA_PLP_FX
2025-01-23,5.9399,LA_PLP_FX
2025-01-24,5.8925,LA_PLP_FX
2025-01-27,5.9272,LA_PLP_FX
2025-01-28,5.893,LA_PLP_FX
2025-01-29,5.8596,LA_PLP_FX
2025-01-30,5.9006,LA_PLP_FX
2025-01-31,5.8301,LA_PLP_FX
2025-02-03,5.8687,LA_PLP_FX
2025-02-04,5.7927,LA_PLP_FX
2025-02-05,5.7997,LA_PLP_FX
2025-02-06,5.7856,LA_PLP_FX
2025-02-07,5.7557,LA_PLP_FX
2025-02-10,5.7808,LA_PLP_FX
2025-02-11,5.7788,LA_PLP_FX
2025-02-12,5.7711,LA_PLP_FX
2025-02-13,5.7788,LA_PLP_FX
2025-02-14,5.7283,LA_PLP_FX
2025-02-17,5.7105,LA_PLP_FX
2025-02-18,5.6979,LA_PLP_FX
2025-02-19,5.7087,LA_PLP_FX
2025-02-20,5.7019,LA_PLP_FX
2025-02-21,5.7027,LA_PLP_FX
2025-02-24,5.7258,LA_PLP_FX
2025-02-25,5.7779,LA_PLP_FX
2025-02-26,5.7757,LA_PLP_FX
2025-02-27,5.8228,LA_PLP_FX
2025-02-28,5.8488,LA_PLP_FX
2025-03-05,5.7914,LA_PLP_FX
2025-03-06,5.7489,LA_PLP_FX
2025-03-07,5.7688,LA_PLP_FX
2025-03-10,5.793,LA_PLP_FX
2025-03-11,5.8346,LA_PLP_FX
2025-03-12,5.8268,LA_PLP_FX
2025-03-13,5.8131,LA_PLP_FX
2025-03-14,5.7419,LA_PLP_FX
2025-03-17,5.7082,LA_PLP_FX
2025-03-18,5.6852,LA_PLP_FX
2025-03-19,5.6657,LA_PLP_FX
2025-03-20,5.6628,LA_PLP_FX
2025-03-21,5.7241,LA_PLP_FX
2025-03-24,5.7403,LA_PLP_FX
2025-03-25,5.6992,LA_PLP_FX
2025-03-26,5.7298,LA_PLP_FX
2025-03-27,5.7474,LA_PLP_FX
2025-03-28,5.766,LA_PLP_FX
2025-03-31,5.7422,LA_PLP_FX
2025-04-01,5.7051,LA_PLP_FX
2025-04-02,5.6923,LA_PLP_FX
2025-04-03,5.6067,LA_PLP_FX
2025-04-04,5.7777,LA_PLP_FX
2025-04-07,5.8877,LA_PLP_FX
2025-04-08,5.9368,LA_PLP_FX
2025-04-09,6.0605,LA_PLP_FX
2025-04-10,5.9115,LA_PLP_FX
2025-04-11,5.8737,LA_PLP_FX
2025-04-14,5.8425,LA_PLP_FX
2025-04-15,5.8707,LA_PLP_FX
2025-04-16,5.8808,LA_PLP_FX
2025-04-17,5.8559,LA_PLP_FX
2025-04-22,5.7496,LA_PLP_FX
2025-04-23,5.688,LA_PLP_FX
2025-04-24,5.6738,LA_PLP_FX
2025-04-25,5.6846,LA_PLP_FX
2025-04-28,5.6681,LA_PLP_FX
2025-04-29,5.6467,LA_PLP_FX
2025-04-30,5.6608,LA_PLP_FX
2025-05-02,5.6394,LA_PLP_FX
2025-05-05,5.652,LA_PLP_FX
2025-05-06,5.721,LA_PLP_FX
2025-05-07,5.7375,LA_PLP_FX
2025-05-08,5.686,LA_PLP_FX
2025-05-09,5.6511,LA_PLP_FX
2025-05-12,5.6822,LA_PLP_FX
2025-05-13,5.6262,LA_PLP_FX
2025-05-14,5.61,LA_PLP_FX
2025-05-15,5.6328,LA_PLP_FX
2025-05-16,5.6925,LA_PLP_FX
2025-05-19,5.6591,LA_PLP_FX
2025-05-20,5.662,LA_PLP_FX
2025-05-21,5.6571,LA_PLP_FX
2025-05-22,5.639,LA_PLP_FX
2025-05-23,5.6932,LA_PLP_FX
2025-05-26,5.6619,LA_PLP_FX
2025-05-27,5.6539,LA_PLP_FX
2025-05-28,5.6936,LA_PLP_FX
2025-05-29,5.6559,LA_PLP_FX
2025-05-30,5.7087,LA_PLP_FX
2025-06-02,5.6937,LA_PLP_FX
2025-06-03,5.6694,LA_PLP_FX
2025-06-04,5.6332,LA_PLP_FX
2025-06-05,5.5969,LA_PLP_FX
2025-06-06,5.5947,LA_PLP_FX
2025-06-09,5.576,LA_PLP_FX
2025-06-10,5.5557,LA_PLP_FX
2025-06-11,5.539,LA_PLP_FX
2025-06-12,5.5388,LA_PLP_FX
2025-06-13,5.5652,LA_PLP_FX
2025-06-16,5.5123,LA_PLP_FX
2025-06-17,5.4773,LA_PLP_FX
2025-06-18,5.4879,LA_PLP_FX
2025-06-20,5.4957,LA_PLP_FX
2025-06-23,5.5213,LA_PLP_FX
2025-06-24,5.4938,LA_PLP_FX
2025-06-25,5.5427,LA_PLP_FX
2025-06-26,5.5145,LA_PLP_FX
2025-06-27,5.4759,LA_PLP_FX
2025-06-30,5.4571,LA_PLP_FX
2025-07-01,5.4511,LA_PLP_FX
2025-07-02,5.4512,LA_PLP_FX
2025-07-03,5.4208,LA_PLP_FX
2025-07-04,5.409,LA_PLP_FX
2025-07-07,5.4552,LA_PLP_FX
2025-07-08,5.4571,LA_PLP_FX
2025-07-09,5.4626,LA_PLP_FX
2025-07-10,5.5433,LA_PLP_FX
2025-07-11,5.5722,LA_PLP_FX
2025-07-14,5.5595,LA_PLP_FX
2025-07-15,5.5576,LA_PLP_FX
2025-07-16,5.5722,LA_PLP_FX
2025-07-17,5.5737,LA_PLP_FX
2025-07-18,5.5466,LA_PLP_FX
2025-07-21,5.5625,LA_PLP_FX
2025-07-22,5.5709,LA_PLP_FX
2025-07-23,5.5537,LA_PLP_FX
2025-07-24,5.5239,LA_PLP_FX
2025-07-25,5.5426,LA_PLP_FX
2025-07-28,5.5877,LA_PLP_FX
2025-07-29,5.5764,LA_PLP_FX
2025-07-30,5.6034,LA_PLP_FX
2025-07-31,5.6021,LA_PLP_FX
2025-08-01,5.5436,LA_PLP_FX
2025-08-04,5.5113,LA_PLP_FX
2025-08-05,5.5119,LA_PLP_FX
2025-08-06,5.4802,LA_PLP_FX
2025-08-07,5.4638,LA_PLP_FX
2025-08-08,5.4254,LA_PLP_FX
2025-08-11,5.4473,LA_PLP_FX
2025-08-12,5.4052,LA_PLP_FX
2025-08-13,5.3928,LA_PLP_FX
2025-08-14,5.4095,LA_PLP_FX
2025-08-15,5.3928,LA_PLP_FX
2025-08-18,5.4155,LA_PLP_FX
2025-08-19,5.4716,LA_PLP_FX
2025-08-20,5.4726,LA_PLP_FX
2025-08-21,5.4828,LA_PLP_FX
2025-08-22,5.4392,LA_PLP_FX
2025-08-25,5.4174,LA_PLP_FX
2025-08-26,5.4218,LA_PLP_FX
2025-08-27,5.4428,LA_PLP_FX
2025-08-28,5.4115,LA_PLP_FX
2025-08-29,5.4264,LA_PLP_FX
2025-09-01,5.4378,LA_PLP_FX
2025-09-02,5.468,LA_PLP_FX
2025-09-03,5.4485,LA_PLP_FX
2025-09-04,5.4587,LA_PLP_FX
2025-09-05,5.3968,LA_PLP_FX
2025-09-08,5.4278,LA_PLP_FX
2025-09-09,5.4278,LA_PLP_FX
2025-09-10,5.4123,LA_PLP_FX
2025-09-11,5.3858,LA_PLP_FX
2025-09-12,5.3677,LA_PLP_FX
2025-09-15,5.3208,LA_PLP_FX
2025-09-16,5.3096,LA_PLP_FX
2025-09-17,5.3011,LA_PLP_FX
2025-09-18,5.301,LA_PLP_FX
2025-09-19,5.3276,LA_PLP_FX
2025-09-22,5.3457,LA_PLP_FX
2025-09-23,5.3063,LA_PLP_FX
2025-09-24,5.3112,LA_PLP_FX
2025-09-25,5.3425,LA_PLP_FX
2025-09-26,5.3445,LA_PLP_FX
2025-09-29,5.3229,LA_PLP_FX
2025-09-30,5.3186,LA_PLP_FX
2025-10-01,5.3208,LA_PLP_FX
2025-10-02,5.3449,LA_PLP_FX
2025-10-03,5.3498,LA_PLP_FX
2025-10-06,5.3226,LA_PLP_FX
2025-10-07,5.3363,LA_PLP_FX
2025-10-08,5.3427,LA_PLP_FX
2025-10-09,5.3538,LA_PLP_FX
2025-10-10,5.4446,LA_PLP_FX
2025-10-13,5.4629,LA_PLP_FX
2025-10-14,5.4982,LA_PLP_FX
2025-10-15,5.4464,LA_PLP_FX
2025-10-16,5.4354,LA_PLP_FX
2025-10-17,5.439,LA_PLP_FX
2025-10-20,5.3771,LA_PLP_FX
2025-10-21,5.3848,LA_PLP_FX
2025-10-22,5.3898,LA_PLP_FX
2025-10-23,5.384,LA_PLP_FX
2025-10-24,5.3797,LA_PLP_FX
2025-10-27,5.3744,LA_PLP_FX
2025-10-28,5.369,LA_PLP_FX
2025-10-29,5.3416,LA_PLP_FX
2025-10-30,5.385,LA_PLP_FX
2025-10-31,5.3843,LA_PLP_FX
2025-11-03,5.3505,LA_PLP_FX
2025-11-04,5.3846,LA_PLP_FX
2025-11-05,5.3798,LA_PLP_FX
2025-11-06,5.3451,LA_PLP_FX
2025-11-07,5.3567,LA_PLP_FX
2025-11-10,5.3181,LA_PLP_FX
2025-11-11,5.2729,LA_PLP_FX
2025-11-12,5.2885,LA_PLP_FX
2025-11-13,5.282,LA_PLP_FX
2025-11-14,5.2952,LA_PLP_FX
2025-11-17,5.3108,LA_PLP_FX
2025-11-18,5.3361,LA_PLP_FX
2025-11-19,5.3346,LA_PLP_FX
2025-11-21,5.3902,LA_PLP_FX
2025-11-24,5.3948,LA_PLP_FX
2025-11-25,5.3841,LA_PLP_FX
2025-11-26,5.3694,LA_PLP_FX
2025-11-27,5.349,LA_PLP_FX
2025-11-28,5.3338,LA_PLP_FX
2025-12-01,5.3469,LA_PLP_FX
2025-12-02,5.3465,LA_PLP_FX
2025-12-03,5.3114,LA_PLP_FX
2025-12-04,5.2952,LA_PLP_FX
2025-12-05,5.3405,LA_PLP_FX
2025-12-08,5.4249,LA_PLP_FX
2025-12-09,5.457,LA_PLP_FX
2025-12-10,5.4656,LA_PLP_FX
2025-12-11,5.4237,LA_PLP_FX
2025-12-12,5.4011,LA_PLP_FX
2025-12-15,5.3929,LA_PLP_FX
2025-12-16,5.4505,LA_PLP_FX
2025-12-17,5.5093,LA_PLP_FX
2025-12-18,5.5283,LA_PLP_FX
2025-12-19,5.516,LA_PLP_FX
2025-12-22,5.5389,LA_PLP_FX
2025-12-23,5.5643,LA_PLP_FX
2025-12-24,5.535,LA_PLP_FX
2025-12-26,5.5413,LA_PLP_FX
2025-12-29,5.5739,LA_PLP_FX
2025-12-30,5.5024,LA_PLP_FX
2025-12-31,5.5024,LA_PLP_FX
2026-01-02,5.4372,LA_PLP_FX
2026-01-05,5.4351,LA_PLP_FX
2026-01-06,5.3797,LA_PLP_FX
2026-01-07,5.388,LA_PLP_FX
2026-01-08,5.386,LA_PLP_FX
2026-01-09,5.3707,LA_PLP_FX
2026-01-12,5.376,LA_PLP_FX
2026-01-13,5.3764,LA_PLP_FX
2026-01-14,5.3795,LA_PLP_FX
2026-01-15,5.3846,LA_PLP_FX
2026-01-16,5.3798,LA_PLP_FX
2026-01-19,5.3653,LA_PLP_FX
2026-01-20,5.379,LA_PLP_FX
2026-01-21,5.3368,LA_PLP_FX
2026-01-22,5.3118,LA_PLP_FX
2026-01-23,5.2879,LA_PLP_FX
2026-01-26,5.276,LA_PLP_FX
2026-01-27,5.2392,LA_PLP_FX
2026-01-28,5.1838,LA_PLP_FX
2026-01-29,5.1956,LA_PLP_FX
2026-01-30,5.2301,LA_PLP_FX
2026-02-02,5.2587,LA_PLP_FX
2026-02-03,5.2236,LA_PLP_FX
2026-02-04,5.2359,LA_PLP_FX
2026-02-05,5.258,LA_PLP_FX
2026-02-06,5.2341,LA_PLP_FX
2026-02-09,5.1943,LA_PLP_FX
2026-02-10,5.2021,LA_PLP_FX
2026-02-11,5.1836,LA_PLP_FX
2026-02-12,5.1674,LA_PLP_FX
2026-02-13,5.2288,LA_PLP_FX
2026-02-18,5.2349,LA_PLP_FX
2026-02-19,5.2257,LA_PLP_FX
2026-02-20,5.2006,LA_PLP_FX
2026-02-23,5.1635,LA_PLP_FX
2026-02-24,5.1682,LA_PLP_FX
2026-02-25,5.144,LA_PLP_FX
2026-02-26,5.1382,LA_PLP_FX
2026-02-27,5.1495,LA_PLP_FX
2026-03-02,5.2001,LA_PLP_FX
2026-03-03,5.287,LA_PLP_FX
2026-03-04,5.2091,LA_PLP_FX
2026-03-05,5.2447,LA_PLP_FX
2026-03-06,5.2878,LA_PLP_FX
2026-03-09,5.2139,LA_PLP_FX
2026-03-10,5.1622,LA_PLP_FX
2026-03-11,5.1596,LA_PLP_FX
2026-03-12,5.2051,LA_PLP_FX
2026-03-13,5.2541,LA_PLP_FX
2026-03-16,5.2647,LA_PLP_FX
2026-03-17,5.2022,LA_PLP_FX
2026-03-18,5.2112,LA_PLP_FX
2026-03-19,5.2587,LA_PLP_FX
2026-03-20,5.28,LA_PLP_FX
2026-03-23,5.244,LA_PLP_FX
2026-03-24,5.2599,LA_PLP_FX
2026-03-25,5.2275,LA_PLP_FX
2026-03-26,5.2308,LA_PLP_FX
2026-03-27,5.2376,LA_PLP_FX
2026-03-30,5.2353,LA_PLP_FX
2026-03-31,5.2194,LA_PLP_FX
2026-04-01,5.1606,LA_PLP_FX
2026-04-02,5.1655,LA_PLP_FX
2026-04-06,5.1532,LA_PLP_FX
2026-04-07,5.1625,LA_PLP_FX
2026-04-08,5.0899,LA_PLP_FX
2026-04-09,5.0821,LA_PLP_FX
2026-04-10,5.0229,LA_PLP_FX
2026-04-13,5.0244,LA_PLP_FX
2026-04-14,4.9806,LA_PLP_FX
2026-04-15,4.9928,LA_PLP_FX
2026-04-16,5.0007,LA_PLP_FX
2026-04-17,4.9695,LA_PLP_FX
2026-04-20,4.9844,LA_PLP_FX
2026-04-22,4.9653,LA_PLP_FX
2026-04-23,4.9539,LA_PLP_FX
2026-04-24,5.0083,LA_PLP_FX
2026-04-27,4.97,LA_PLP_FX
2026-04-28,4.9878,LA_PLP_FX
2026-04-29,4.9985,LA_PLP_FX
2026-04-30,4.9886,LA_PLP_FX
2026-05-04,4.9587,LA_PLP_FX
2026-05-05,4.9242,LA_PLP_FX
2026-05-06,4.9274,LA_PLP_FX
2026-05-07,4.917,LA_PLP_FX
2026-05-08,4.8999,LA_PLP_FX
2026-05-11,4.8973,LA_PLP_FX
2026-05-12,4.8977,LA_PLP_FX
2026-05-13,4.9118,LA_PLP_FX
2026-05-14,4.9809,LA_PLP_FX
2026-05-15,5.0654,LA_PLP_FX
2026-05-18,5.0093,LA_PLP_FX
2026-05-19,5.0378,LA_PLP_FX
2026-05-20,5.0301,LA_PLP_FX
2026-05-21,5.0077,LA_PLP_FX
2026-05-22,5.014,LA_PLP_FX
2026-05-25,5.0072,LA_PLP_FX
2026-05-26,5.0211,LA_PLP_FX
2026-05-27,5.0579,LA_PLP_FX
2026-05-28,5.0517,LA_PLP_FX
2026-05-29,5.0569,LA_PLP_FX
2026-06-01,5.0303,LA_PLP_FX
2026-06-02,5.016,LA_PLP_FX
2026-06-03,5.0415,LA_PLP_FX
2026-06-05,5.1244,LA_PLP_FX
2026-06-08,5.1695,LA_PLP_FX
2026-06-09,5.1693,LA_PLP_FX
2026-06-10,5.1763,LA_PLP_FX
2026-06-11,5.1478,LA_PLP_FX
2026-06-12,5.0827,LA_PLP_FX
2026-06-15,5.043,LA_PLP_FX
2026-06-16,5.078,LA_PLP_FX
2026-06-17,5.0641,LA_PLP_FX
2026-06-18,5.1613,LA_PLP_FX
2026-06-19,5.1442,LA_PLP_FX
2026-06-22,5.1395,LA_PLP_FX
2026-06-23,5.1743,LA_PLP_FX
2026-06-24,5.2098,LA_PLP_FX
2026-06-25,5.1892,LA_PLP_FX
2026-06-26,5.1695,LA_PLP_FX
2026-06-29,5.1717,LA_PLP_FX
2026-06-30,5.1766,LA_PLP_FX
2026-07-01,5.195,LA_PLP_FX
2026-07-02,5.1945,LA_PLP_FX
2026-07-03,5.1717,LA_PLP_FX
2026-07-06,5.167,LA_PLP_FX
2026-07-07,5.1458,LA_PLP_FX
2026-07-08,5.1552,LA_PLP_FX
2026-07-09,5.1329,LA_PLP_FX
2026-07-10,5.1088,LA_PLP_FX
2026-07-13,5.1183,LA_PLP_FX
2026-07-14,5.0742,LA_PLP_FX
2026-07-15,5.0727,LA_PLP_FX
2026-07-16,5.0975,LA_PLP_FX
2026-07-17,5.1176,LA_PLP_FX
2026-07-20,5.0894,LA_PLP_FX
2026-07-21,5.078,LA_PLP_FX
2026-07-22,5.0638,LA_PLP_FX
2026-07-23,5.0807,LA_PLP_FX
2026-07-24,5.0666,LA_PLP_FX
2026-07-27,5.1005,LA_PLP_FX
2026-07-28,5.1177,LA_PLP_FX
2026-07-29,5.1217,LA_PLP_FX
2026-07-30,5.0739,LA_PLP_FX
2026-07-31,5.0773,LA_PLP_FX
2026-08-03,5.0723,LA_PLP_FX
2026-08-04,5.1053,LA_PLP_FX
2026-08-05,5.1154,LA_PLP_FX
2026-08-06,5.1017,LA_PLP_FX
2026-08-07,5.0908,LA_PLP_FX
2026-08-10,5.0963,LA_PLP_FX
2026-08-11,5.1285,LA_PLP_FX
2026-08-12,5.1639,LA_PLP_FX
2026-08-13,5.1859,LA_PLP_FX
2026-08-14,5.2236,LA_PLP_FX
2026-08-17,5.2014,LA_PLP_FX
2026-08-18,5.2043,LA_PLP_FX
2026-08-19,5.1714,LA_PLP_FX
2026-08-20,5.1862,LA_PLP_FX
2026-08-21,5.1625,LA_PLP_FX
2026-08-24,5.1512,LA_PLP_FX
2026-08-25,5.149,LA_PLP_FX
2026-08-26,5.1604,LA_PLP_FX
2026-08-27,5.1642,LA_PLP_FX
2026-08-28,5.2005,LA_PLP_FX
2026-08-31,5.1816,LA_PLP_FX
2026-09-01,5.157,LA_PLP_FX
2026-09-02,5.1273,LA_PLP_FX
2026-09-03,5.0962,LA_PLP_FX
2026-09-04,5.1253,LA_PLP_FX
2026-09-08,5.0856,LA_PLP_FX
2026-09-09,5.0979,LA_PLP_FX
2026-09-10,5.1149,LA_PLP_FX
2026-09-11,5.0918,LA_PLP_FX
2026-09-14,5.1696,LA_PLP_FX
