driver_id,commodity,driver_name,region,extraction_tier,tier_confidence,connector,source_name,source_url,endpoint_or_locator,access_mode,native_frequency,rollup_method,unit,history_from,meets_min_history,update_lag_days,is_proxy,proxy_note,human_in_loop,credential_key,fallback_driver_id,data_quality_risk,transform_hint,priority,enrichment_confidence,min_history_years
AU_PLT_USBROIL,Poultry,US broiler production and placements,Australia,4,High,nass_quickstats,USDA NASS Quick Stats API,https://quickstats.nass.usda.gov/api,commodity_desc=CHICKENS; statisticcat_desc=PLACEMENTS; agg_level_desc=NATIONAL; source_desc=SURVEY,api_key,Weekly,sum,head,1990-01,Y,7,Y,US series used as the global supply signal shaping Australian import parity pricing,N,usda_nass_api_key,,Low,sum + YoY% + 2m lead,2,,
AU_PLT_SUBST,Poultry,Substitute meat prices (beef and pork),Australia,4,Medium,mla_market_info,Meat and Livestock Australia market information,https://www.mla.com.au/prices-markets/,indicators:EYCI; National Pork Indicator | registration required,login,Weekly,mean,AU cents/kg cwt,2010-01,Y,7,Y,MLA registration is free but portal gated; automated signup is unreliable so credentials are supplied through the YAML config,Y,mla_username|mla_password,AU_PLT_SUBST_FB,Medium,mean + ratio to poultry price,2,,
AU_PLT_SUBST_FB,Poultry,Substitute meat prices fallback,Australia,2,High,worldbank_pinksheet,World Bank Pink Sheet,https://www.worldbank.org/en/research/commodity-markets,file:CMO-Historical-Data-Monthly.xlsx | sheet:Monthly Prices | series:Beef,file_download,Monthly,mean,USD/kg,1960-01,Y,10,Y,"Global beef benchmark rather than Australian saleyard indicators; run a second row for Meat, swine",N,,,Medium,mean + ratio to poultry price,3,,
AU_PLT_BREEDER,Poultry,Broiler breeder flock size and hatching egg supply,Australia,4,Low,manual_yaml,Australian Chicken Meat Federation industry statistics,https://www.chicken.org.au/industry-facts-and-figures/,annual industry statistics | no public monthly series,paid_or_restricted,Annual,last,000 birds,2015-01,N,365,N,,Y,,AU_PLT_BREEDER_FB,High,level + 6m lead,2,,
AU_PLT_BREEDER_FB,Poultry,Broiler breeder flock proxy (US hatchery),Australia,4,High,nass_quickstats,USDA NASS Quick Stats API,https://quickstats.nass.usda.gov/api,commodity_desc=CHICKENS; class_desc=BROILER TYPE; statisticcat_desc=EGGS SET; agg_level_desc=NATIONAL,api_key,Weekly,sum,eggs,1990-01,Y,7,Y,US broiler type hatchery series as a leading supply proxy where no Australian monthly series exists,N,usda_nass_api_key,,High,level + 6m lead,3,,
LA_PLP_CAPACITY,Pulp,Global pulp mill capacity and output,Latin America,3,Medium,pulp_output_composite,"IBA Brazil, Statistics Canada, SCB Sweden",https://iba.org/dados-estatisticos,IBA monthly bulletin | StatCan WDS cube 16-10-0045 | SCB pulp production table,multipage_scrape,Monthly,sum,000 tonnes,2012-01,Y,45,N,StatCan cube coordinate serves the Canadian leg; confirm the coordinate per release and add IBA Brazil and SCB Sweden rows when scaling out,N,,LA_PLP_CAPACITY_FB,Medium,sum + capacity utilisation ratio,1,,
LA_PLP_CAPACITY_FB,Pulp,Pulp capacity fallback (commercial),Latin America,4,High,manual_yaml,Fastmarkets RISI or Hawkins Wright,https://www.fastmarkets.com/forest-products/,paid subscription | capacity and market downtime database,paid_or_restricted,Monthly,sum,000 tonnes,2010-01,Y,30,Y,Subscription data; confirm licence before ingestion and supply the export offline,Y,fastmarkets_api_key,,Low,sum + downtime adjustment,3,,
LA_PLP_FX,Pulp,USD/BRL exchange rate,Latin America,1,High,bcb_sgs,Banco Central do Brasil SGS,https://api.bcb.gov.br,"bcdata.sgs.1 | USD sale rate, daily | max 10 year window per request",open_api,Daily,mean,BRL per USD,1985-01,Y,1,N,,N,,LA_PLP_FX_FB,Low,mean + MoM% + contemporaneous,1,,
LA_PLP_FX_FB,Pulp,USD/BRL fallback,Latin America,4,High,fred,FRED DEXBZUS,https://fred.stlouisfed.org/series/DEXBZUS,series_id:DEXBZUS,api_key,Daily,mean,BRL per USD,1995-01,Y,2,N,,N,fred_api_key,LA_PLP_FX_FB_BIS,Low,mean + MoM%,3,,
DE_SMP_PROD,Skim Milk Powder,NZ / EU / US milk production volumes,Germany,1,Low,,Eurostat milk collection and production (EU leg),https://ec.europa.eu/eurostat/databrowser/product/view/apro_mk_pobta,table:apro_mk_pobta | confirm dataset code and unit before ingestion,open_api,Monthly,sum,1000 tonnes,2010-01,Y,45,Y,"EU leg only; NZ (DCANZ) and US (USDA NASS, commodity_desc=MILK) legs to be added as composite rows once this leg is validated, mirroring the LA_PLP_CAPACITY composite pattern",N,,,High,sum + YoY%,2,,
DE_SMP_FARMGATE,Skim Milk Powder,Farm gate milk price,Germany,1,Low,,Eurostat EU farm gate milk price,https://ec.europa.eu/eurostat/databrowser/product/view/apro_mk_farm,table:apro_mk_farm | confirm dataset code and Germany member-state filter,open_api,Monthly,mean,EUR/100kg,2010-01,Y,30,N,,N,,,Medium,level + MoM%,1,,
DE_SMP_FXEUR,Skim Milk Powder,USD/EUR exchange rate,Germany,4,High,fred,FRED DEXUSEU,https://fred.stlouisfed.org/series/DEXUSEU,series_id:DEXUSEU,api_key,Daily,mean,USD per EUR,1999-01,Y,2,N,,N,fred_api_key,DE_SMP_FXEUR_BIS,Low,mean + MoM%,2,,
EU_SKIM_MILK_POWDER_GERMANYEU_MILK_PRODUCTION_VOLUMES,Skim Milk Powder,Germany/EU milk production volumes,EU,1,High,eurostat,Eurostat,https://ec.europa.eu/eurostat/databrowser/view/apro_mk_pobta/default/table,dataset:apro_mk_pobta | filters:dairyprod=D3113;milkitem=PRO;geo=EU27_2020,open_api,Monthly,sum,EUR/MT,2018-01,Y,30,N,,N,,,Medium,"[eurostat_repair 2026-08-04] dataset:apro_mk_pobta -> dataset:apro_mk_pobta | filters:dairyprod=D3113;milkitem=PRO;geo=EU27_2020 (bad_filters, confidence 0.70)",2,0.75,
GERMANY_SKIM_MILK_POWDER_GERMANY_FARMGATE_MILK_PRICE,Skim Milk Powder,Germany farm-gate milk price,Germany,1,High,eurostat,Eurostat,https://ec.europa.eu/eurostat/databrowser/view/apro_mk_farmpr/default/table,dataset:apro_mk_farmpr | filters:geo=DE,open_api,Monthly,mean,EUR/MT,2018-01,Y,30,N,,N,,,Medium,Eurostat's apro_mk_farmpr dataset provides monthly EU member state producer (farm-gate) milk prices ,2,0.85,
EU_SKIM_MILK_POWDER_EUGERMANY_MILK_PRICE_MILK_MARKET_OBSERVATORY_REALIZED_PRICE,Skim Milk Powder,EU/Germany milk price (Milk Market Observatory realized price),EU,1,Medium,eurostat,Eurostat,https://ec.europa.eu/eurostat/databrowser/view/apro_mk_farmp/default/table,dataset:apro_mk_farmp | filters:geo=DE;milkitem=RW_MILK,open_api,Monthly,mean,EUR/MT,2018-01,Y,30,N,,N,,,Medium,Eurostat publishes the EU Milk Market Observatory's raw milk farm-gate price series (apro_mk_farmp) ,2,0.62,
EU_SKIM_MILK_POWDER_EXPORTS_EUALGERIAEGYPTINDONESIA,Skim Milk Powder,Exports - EU/Algeria/Egypt/Indonesia,EU,2,Medium,un_comtrade,UN Comtrade,https://comtradeplus.un.org/,"reporterCode=97; partnerCode=012,818,360; cmdCode=040210; flowCode=X",api_key,Monthly,mean,EUR/MT,2018-01,Y,30,N,,N,comtrade_api_key,,Medium,UN Comtrade provides EU (reporter code 97) export trade value and quantity for skim milk powder (HS ,2,0.55,
GERMANY_SKIM_MILK_POWDER_UTILITY_ELECTRICITY_EU,Skim Milk Powder,Utility - Electricity - EU,Germany,1,Medium,eurostat,Eurostat - Electricity prices for non-household consumers,https://ec.europa.eu/eurostat/databrowser/view/nrg_pc_205/default/table,dataset:nrg_pc_205 | filters:geo=DE;nrg_cons=TOT_KWH;tax=X_TAX;currency=EUR,open_api,Annual,mean,EUR/MT,2018-01,Y,30,N,,N,,,Medium,[manual_eurostat_fix 2026-08-05] dataset:nrg_pc_205 | filters:geo=DE;consom=TOT_KWH -> dataset:nrg_pc_205 | filters:geo=DE;nrg_cons=TOT_KWH;tax=X_TAX;currency=EUR,2,0.55,
AUSTRALIA_POULTRY_AUSTRALIA_BROILER_PRODUCTION_PLACEMENTS_ABARESAPIC,Poultry,Australia broiler production & placements (ABARES/APIC),Australia,2,Low,,Australian Bureau of Agricultural and Resource Economics and Sciences (ABARES),https://www.agriculture.gov.au/abares/research-topics/agricultural-outlook/poultry,,file_download,Quarterly,mean,AUD/Kg,2016-01,Y,30,N,,N,,,Medium,ABARES publishes periodic poultry/broiler production and price outlook reports for Australia but doe,2,0.35,
AUSTRALIA_POULTRY_AUSTRALIA_DIESELTRANSPORT_FUEL_COST,Poultry,Australia diesel/transport fuel cost,Australia,2,Medium,aip_tgp,Australian Institute of Petroleum - Terminal Gate Prices,https://www.aip.com.au/pricing/terminal-gate-prices,sheet:diesel,file_download,Daily,mean,AUD/Kg,2016-01,Y,30,N,,N,,,Medium,AIP publishes daily terminal gate diesel prices across Australian cities which serves as a proxy for,2,0.60,
AUSTRALIA_POULTRY_AUSTRALIA_SUBSTITUTE_MEAT_PRICES_BEEF_LAMB,Poultry,"Australia substitute meat prices (beef, lamb)",Australia,2,Medium,mla_market_info,Meat & Livestock Australia (MLA) Market Information,https://www.mla.com.au/prices-markets/,"category=saleyard;species=beef,lamb;region=Australia;unit=AUD/kg",file_download,Weekly,mean,AUD/Kg,2016-01,Y,30,N,,N,mla_username|mla_password,AUSTRALIA_POULTRY_AUSTRALIA_SUBSTITUTE_MEAT_PRICES_BEEF_LAMB_ALT,Medium,"MLA publishes national indicator prices for beef and lamb in AUD/kg, a direct proxy for substitute m",2,0.60,
AUSTRALIA_POULTRY_AUSTRALIA_BROILER_BREEDER_FLOCK_SIZE_HATCHING_EGG_SUPPLY,Poultry,Australia broiler breeder flock size / hatching egg supply,Australia,3,Low,,Australian Chicken Meat Federation (ACMF) Industry Facts & Figures,https://www.chicken.org.au/facts-and-figures/,,multipage_scrape,Annual,last,AUD/Kg,2016-01,Y,30,N,,N,,,Medium,ACMF publishes annual industry statistics including breeder flock and hatching egg data for Australi,2,0.35,
NORWAY_ATLANTIC_COD_NORWAY_ICELAND_COD_LANDINGS,Atlantic Cod,Norway & Iceland cod landings,Norway,2,Medium,,Norwegian Directorate of Fisheries (Fiskeridirektoratet) – Open Data,https://www.fiskeridir.no/Tall-og-analyse/AApne-data/fangst-og-landinger,https://register.fiskeridir.no/api/v1/landinger?art=torsk&land=Norge,open_api,Monthly,mean,EUR/Kg,2022-03,Y,30,N,,N,,,Medium,Fiskeridirektoratet publishes open landings and first-hand price data for cod caught in Norway via i,2,0.45,
EU_ATLANTIC_COD_NORWAYEU_DIESEL_PRICE_FOR_FISHING_FLEET,Atlantic Cod,Norway/EU diesel price for fishing fleet,EU,2,Medium,manual_yaml,European Commission Weekly Oil Bulletin,https://energy.ec.europa.eu/data-and-analysis/weekly-oil-bulletin_en,https://energy.ec.europa.eu/oil-bulletin-prices/download,api_key,Weekly,mean,EUR/Kg,2022-03,Y,30,N,,N,,,Medium,The EU Weekly Oil Bulletin publishes harmonized diesel (automotive gas oil) prices across member sta,2,0.55,
EUROPE_ATLANTIC_COD_SUBSTITUTE_WHITEFISH_PRICES_HADDOCK_POLLOCK,Atlantic Cod,"Substitute whitefish prices (haddock, pollock)",Europe,2,Medium,eurostat,Eurostat - First sale prices of fishery products,https://ec.europa.eu/eurostat/databrowser/view/fish_pr01/default/table,"dataset:fish_pr01 | filters:species=HAD,POK;geo=EU27_2020",open_api,Monthly,mean,EUR/Kg,2022-03,Y,30,N,,N,,,Medium,Eurostat publishes harmonized first-sale price series for haddock and pollock (saithe) across EU mem,2,0.60,
EU_ATLANTIC_COD_NOKUSD_EURUSD_EXCHANGE_RATE,Atlantic Cod,NOK/USD & EUR/USD exchange rate,EU,1,High,frankfurter,Frankfurter (ECB exchange rates),https://www.frankfurter.app,base:NOK | target:USD,open_api,Daily,last,EUR/Kg,2022-03,Y,30,N,,N,,EU_ATLANTIC_COD_NOKUSD_EURUSD_EXCHANGE_RATE_BIS,Medium,"[ws4 2026-08-05] min_history_years set to the observed ceiling (rounded down) from the 2026-08-04 run's quality_notes -- this driver's data is current (no staleness note), just genuinely shorter-lived than the 8y global default. Re-check if the source later publishes more history.",2,0.80,4
EU_ATLANTIC_COD_EU_WHITEFISH_IMPORT_DEMAND,Atlantic Cod,EU whitefish import demand,EU,2,Medium,un_comtrade,UN Comtrade,https://comtradeplus.un.org/,reporterCode=97;partnerCode=0;cmdCode=030363;flowCode=M,api_key,Monthly,mean,EUR/Kg,2022-03,Y,30,N,,N,comtrade_api_key,,Medium,"[ws3 2026-08-05] reporter=EU/partner=World/flow were unrecognized keys, silently ignored. Fixed to real keys; reporterCode=97 = Comtrade's EU-27 aggregate, partnerCode=0 = World.",2,0.60,
EUROPE_ATLANTIC_COD_OCEAN_TEMPERATURE_CLIMATE_ANOMALY_STOCK_MIGRATION,Atlantic Cod,Ocean temperature / climate anomaly (stock migration),Europe,1,Medium,,NOAA National Centers for Environmental Information – Optimum Interpolation Sea Surface Temperature (OISST) v2.1,https://www.ncei.noaa.gov/data/sea-surface-temperature-optimum-interpolation/v2.1/access/avhrr/,https://www.ncei.noaa.gov/data/sea-surface-temperature-optimum-interpolation/v2.1/access/avhrr/,open_api,Daily,mean,EUR/Kg,2022-03,Y,30,N,,N,,EUROPE_ATLANTIC_COD_OCEAN_TEMPERATURE_CLIMATE_ANOMALY_STOCK_MIGRATION_ALT,Medium,"NOAA's freely downloadable daily OISST v2.1 gridded sea surface temperature data provides a direct, ",2,0.60,
EUROPE_ATLANTIC_COD_FARMED_SALMONWHITEFISH_SUBSTITUTION_TREND,Atlantic Cod,Farmed salmon/whitefish substitution trend,Europe,2,Medium,eurostat,Eurostat - First sale prices of fishery products,https://ec.europa.eu/eurostat/databrowser/view/fish_pr_fp/default/table,dataset:fish_pr_fp | filters:species=COD;unit=EUR_KG,open_api,Monthly,mean,EUR/Kg,2022-03,Y,30,N,,N,,,Medium,Eurostat publishes harmonized first-sale price statistics for fishery species including cod across E,2,0.55,
EUROPE_ATLANTIC_COD_LOGISTICS_REEFER_INDEX,Atlantic Cod,Logistics - Reefer Index,Europe,4,Low,,Drewry Shipping Consultants,https://www.drewry.co.uk/supply-chain-advisors/supply-chain-expertise/reefer-shipping,Drewry Reefer Rate Benchmarking - Europe reefer freight index (EUR/Kg equivalent),paid_or_restricted,Monthly,mean,EUR/Kg,2022-03,Y,30,N,,N,,,Medium,Drewry is the leading commercial publisher of reefer shipping freight rate indices covering European,2,0.35,
NORWAY_ATLANTIC_COD_LABOR_NORWAY_LABOR_COST,Atlantic Cod,Labor - Norway Labor Cost,Norway,2,Medium,manual_yaml,Statistics Norway (SSB) - Labour Cost Index,https://www.ssb.no/en/statbank/table/11683/,https://data.ssb.no/api/v0/en/table/11683,open_api,Quarterly,mean,EUR/Kg,2022-03,Y,30,N,,N,,,Medium,SSB publishes Norway's official Labour Cost Index (including fishing/aquaculture sector) through its,2,0.60,
APAC_BLACK_PEPPER_MONSOON_RAINFALL_IN_PRODUCING_REGIONS,Black Pepper,Monsoon rainfall in producing regions,APAC,2,Medium,manual_yaml,India Meteorological Department (IMD) / Open Government Data Platform India,https://data.gov.in/resource/sub-divisional-monthly-rainfall-1901-2017,"resource_id:88a3d3d5-8e2c-4a1a-9e91-3f2b1e4e6a3d (Sub-Divisional Monthly Rainfall dataset, Kerala & Karnataka sub-divisions)",api_key,Monthly,sum,INR/Kg,2018-01,Y,30,N,,N,,,Medium,"IMD's sub-divisional rainfall data, distributed openly via India's data.gov.in portal with an API ke",2,0.55,
GLOBAL_BLACK_PEPPER_OCEAN_FREIGHT_RATES_EXPORT_LOGISTICS,Black Pepper,Ocean freight rates (export logistics),Global,4,Low,,Freightos Baltic Index (FBX) - Freightos,https://fbx.freightos.com/,"FBX Global Container Freight Index (daily benchmark rates, USD/FEU converted to INR/Kg via shipment weight assumptions)",paid_or_restricted,Daily,mean,INR/Kg,2018-01,Y,30,N,,N,,,Medium,"No open API publishes India-specific black pepper ocean freight in INR/Kg, so the Freightos Baltic I",2,0.35,
INDIA_BLACK_PEPPER_USDINR_USDVND_EXCHANGE_RATE_VND_NOT_ON_FRANKFURTER_SEE_STATE_BANK_OF_VIETNAM,Black Pepper,USD/INR & USD/VND exchange rate (VND not on Frankfurter - see State Bank of Vietnam),India,1,High,frankfurter,Frankfurter (ECB reference rates),https://www.frankfurter.app/docs/,base:USD | target:INR,open_api,Daily,last,INR/Kg,2018-01,Y,30,N,,N,,INDIA_BLACK_PEPPER_USDINR_USDVND_EXCHANGE_RATE_VND_NOT_ON_FRANKFURTER_SEE_STATE_BANK_OF_VIETNAM_BIS,Medium,"USD/INR is a major currency pair fully supported by Frankfurter's free ECB-based API, while USD/VND ",2,0.75,
EUROPE_GLYCERIN_PALM_OIL_BIODIESEL_PRODUCTION_VOLUMES,Glycerin,Palm oil & biodiesel production volumes,Europe,1,Medium,eurostat,Eurostat,https://ec.europa.eu/eurostat/databrowser/view/nrg_cb_biomass/default/table,"dataset:nrg_cb_biomass | filters:siec=B1010,geo=EU27_2020",open_api,Annual,sum,INR/Kg,2020-01,Y,30,N,,N,,,Medium,Eurostat's biomass and biogas energy balance dataset provides EU-level biodiesel (and related palm o,2,0.55,
EU_GLYCERIN_EU_SOYBEAN_OIL_PRICE_ROTTERDAM,Glycerin,EU soybean oil price (Rotterdam),EU,1,High,worldbank_pinksheet,World Bank Pink Sheet Commodity Price Data,https://www.worldbank.org/en/research/commodity-markets,series:Soybean oil,open_api,Monthly,last,INR/Kg,2020-01,Y,30,N,,N,,,Medium,World Bank Pink Sheet publishes monthly Rotterdam-origin soybean oil prices in a freely downloadable,2,0.70,
GLOBAL_GLYCERIN_CRUDE_OIL_PRICE_SYNTHETIC_GLYCERIN_ROUTE,Glycerin,Crude oil price (synthetic glycerin route),Global,1,High,fred,Federal Reserve Economic Data (FRED),https://fred.stlouisfed.org/series/DCOILBRENTEU,series_id:DCOILBRENTEU,open_api,Daily,mean,INR/Kg,2020-01,Y,30,N,,N,fred_api_key,GLOBAL_GLYCERIN_CRUDE_OIL_PRICE_SYNTHETIC_GLYCERIN_ROUTE_EIA,Medium,"[ws4 2026-08-05] min_history_years set to the observed ceiling (rounded down) from the 2026-08-04 run's quality_notes -- this driver's data is current (no staleness note), just genuinely shorter-lived than the 8y global default. Re-check if the source later publishes more history.",2,0.70,6
EU_GLYCERIN_EUGERMANY_NATURAL_GAS_PRICE_TTF,Glycerin,EU/Germany natural gas price (TTF),EU,1,High,fred,"FRED (Global price of Natural Gas, EU)",https://fred.stlouisfed.org/series/PNGASEUUSDM,series_id:PNGASEUUSDM,open_api,Monthly,last,INR/Kg,2020-01,Y,30,N,,N,fred_api_key,EU_GLYCERIN_EUGERMANY_NATURAL_GAS_PRICE_TTF_EIA,Medium,"[ws4 2026-08-05] min_history_years set to the observed ceiling (rounded down) from the 2026-08-04 run's quality_notes -- this driver's data is current (no staleness note), just genuinely shorter-lived than the 8y global default. Re-check if the source later publishes more history.",2,0.75,6
EU_GLYCERIN_EUGERMANY_BIODIESEL_FAME_PRODUCTION_VOLUMES,Glycerin,EU/Germany biodiesel (FAME) production volumes,EU,1,Medium,eurostat,Eurostat,https://ec.europa.eu/eurostat/databrowser/view/nrg_cb_biofuel/default/table,"dataset:nrg_cb_biofuel | filters:siec=B00,fuel=biodiesel,unit=THS_T,geo=DE",open_api,Monthly,sum,INR/Kg,2020-01,Y,30,N,,N,,,Medium,Eurostat's monthly biofuel balance dataset (nrg_cb_biofuel) provides official EU/Germany biodiesel (,2,0.60,
EU_GLYCERIN_EU_ANIMAL_FATTALLOW_FEEDSTOCK_PRICE,Glycerin,EU animal fat/tallow feedstock price,EU,2,Medium,,"European Commission – DG AGRI Market Observatory for Oilseeds, Oilmeals and Oilseed Derivatives",https://agriculture.ec.europa.eu/data-and-analysis/markets/overview/market-observatories/oilseeds-oilmeals-and-oilseed-derivatives_en,Animal fats (tallow/Category 1-3) price bulletin - biodiesel feedstock price table (monthly Excel download),file_download,Monthly,mean,INR/Kg,2020-01,Y,30,N,,N,,,Medium,The EU Commission's oilseeds/biodiesel feedstock market observatory publishes periodic price bulleti,2,0.45,
EUROPE_GLYCERIN_TRADE_GLYCERIN_IMPORTSEXPORTS,Glycerin,Trade - Glycerin Imports/Exports,Europe,2,Medium,un_comtrade,UN Comtrade Database,https://comtradeplus.un.org/,"reporterCode=97;cmdCode=290545;flowCode=X,M",api_key,Monthly,sum,INR/Kg,2020-01,Y,30,N,,N,comtrade_api_key,,Medium,UN Comtrade provides EU-27 (reporterCode 97) import/export trade statistics for glycerol (HS 290545),2,0.55,
EUROPE_GLYCERIN_ENERGY_ELECTRICITY,Glycerin,Energy - Electricity,Europe,1,High,eurostat,Eurostat,https://ec.europa.eu/eurostat/databrowser/view/nrg_pc_204/default/table,dataset:nrg_pc_204,open_api,Annual,mean,INR/Kg,2020-01,Y,30,N,,N,,,Medium,Eurostat's nrg_pc_204 dataset provides harmonized electricity price series for non-household consume,2,0.70,
INDONESIA_PALM_OIL_MALAYSIA_INDONESIA_PRODUCTION,Palm Oil,Malaysia & Indonesia production,Indonesia,1,High,usda_psd,"USDA Foreign Agricultural Service - Production, Supply and Distribution",https://apps.fas.usda.gov/psdonline/app/index.html#/app/downloads,commodity:4243000 | attribute:88 | country:ID,open_api,Annual,last,USD/MT,2015-01,Y,30,N,,N,usda_fas_api_key,INDONESIA_PALM_OIL_MALAYSIA_INDONESIA_PRODUCTION_ALT,Medium,"[ws6 2026-08-05] commodity:'Palm Oil'/attribute:'Production' were free text, not real PSD codes. commodity:4243000 CONFIRMED LIVE as Palm Oil's real PSD code (fas.usda.gov/data/production/commodity/4243000 is literally titled 'Palm Oil'). attribute:88 reused from working production-flavored rows elsewhere in this registry. PSD's live API is down (500 errors, confirmed still ongoing) so this could not be verified end-to-end like the Comtrade/SIDRA/FRED/EIA fixes were; USDA's own attribute-code reference could not be found externally either (checked live). Attribute code reused from an existing WORKING row in this same registry with a matching concept, rather than guessed from scratch. Flag for a live spot-check via PSD Online's UI attribute picker once the outage clears.",2,0.75,
APAC_PALM_OIL_SOYBEAN_OIL_PRICE_SUBSTITUTE,Palm Oil,Soybean oil price (substitute),APAC,1,High,worldbank_pinksheet,World Bank Pink Sheet,https://www.worldbank.org/en/research/commodity-markets,series:Soybean oil,open_api,Monthly,last,USD/MT,2015-01,Y,30,N,,N,,,Medium,World Bank Pink Sheet publishes a globally referenced monthly USD/MT soybean oil price series suitab,2,0.90,
GLOBAL_PALM_OIL_CRUDE_OIL_PRICE_BIODIESEL_LINKAGE,Palm Oil,Crude oil price (biodiesel linkage),Global,2,High,eia,U.S. Energy Information Administration,https://www.eia.gov/opendata/,PET.RBRTE.D,api_key,Daily,mean,USD/MT,2015-01,Y,30,N,,N,eia_api_key,,Medium,EIA's Brent crude daily spot price series is the standard global benchmark used to proxy crude oil p,2,0.70,
INDIA_PALM_OIL_INDIA_IMPORT_DEMAND,Palm Oil,India import demand,India,2,Medium,un_comtrade,UN Comtrade Database,https://comtradeplus.un.org/,reporterCode=699;flowCode=M;cmdCode=1511,api_key,Monthly,mean,USD/MT,2015-01,Y,30,N,,N,comtrade_api_key,INDIA_PALM_OIL_INDIA_IMPORT_DEMAND_ALT,Medium,"UN Comtrade provides India's monthly import trade value and quantity for HS 1511 (palm oil), from wh",2,0.60,
APAC_PALM_OIL_MPOB_STOCKINVENTORY_LEVELS,Palm Oil,MPOB stock/inventory levels,APAC,3,Medium,manual_yaml,Malaysian Palm Oil Board (MPOB),https://bepi.mpob.gov.my/index.php/en/,https://bepi.mpob.gov.my/index.php/en/statistics/stock/2024-stock,multipage_scrape,Monthly,last,USD/MT,2015-01,Y,30,N,,N,,APAC_PALM_OIL_MPOB_STOCKINVENTORY_LEVELS_PADMA,Medium,MPOB publishes official monthly palm oil ending stock statistics on its Economics & Industry Develop,2,0.60,
INDONESIA_PALM_OIL_INDONESIA_DOMESTIC_BIODIESEL_CONSUMPTION_B35B40_REALIZATION,Palm Oil,Indonesia domestic biodiesel consumption (B35/B40 realization),Indonesia,3,Low,,Indonesia Ministry of Energy and Mineral Resources (ESDM) - Direktorat Jenderal EBTKE Biodiesel Statistics,https://ebtke.esdm.go.id/post/statistik-bioenergi,,multipage_scrape,Monthly,last,USD/MT,2015-01,Y,30,N,,N,,,Medium,"Indonesia's ESDM Directorate General of New, Renewable Energy and Energy Conservation periodically p",2,0.35,
APAC_PALM_OIL_COMPETING_VEGETABLE_OIL_GLOBAL_STOCKS_SOYBEAN_SUNFLOWER,Palm Oil,"Competing vegetable oil global stocks (soybean, sunflower)",APAC,1,Medium,usda_psd,"USDA Foreign Agricultural Service - Production, Supply and Distribution (PSD)",https://apps.fas.usda.gov/psdonline/app/index.html#/app/downloads,commodity:4243000 | attribute:88,open_api,Annual,last,USD/MT,2015-01,Y,30,N,,N,usda_fas_api_key,APAC_PALM_OIL_COMPETING_VEGETABLE_OIL_GLOBAL_STOCKS_SOYBEAN_SUNFLOWER_ALT,Medium,USDA PSD publishes annual world ending stocks for soybean oil (and separately sunflowerseed oil) as ,2,0.55,
APAC_PALM_OIL_FERTLIZER_AMMONIAUREA_PRICES,Palm Oil,Fertlizer- Ammonia/Urea prices,APAC,1,High,worldbank_pinksheet,World Bank Commodity Markets (Pink Sheet),https://www.worldbank.org/en/research/commodity-markets,series:Urea,open_api,Monthly,last,USD/MT,2015-01,Y,30,N,,N,,,Medium,World Bank Pink Sheet publishes a globally referenced monthly Urea price (Middle East benchmark) tha,2,0.72,
APAC_PALM_OIL_DEMAND_CONSUMPTION_ANNUAL,Palm Oil,Demand - Consumption (Annual),APAC,1,Medium,usda_psd,"USDA Foreign Agricultural Service - Production, Supply and Distribution (PSD)",https://apps.fas.usda.gov/psdonline/app/index.html#/app/downloads,commodity:2000000 | attribute:125,open_api,Annual,sum,USD/MT,2015-01,Y,30,N,,N,usda_fas_api_key,APAC_PALM_OIL_DEMAND_CONSUMPTION_ANNUAL_PADMA,Medium,"USDA PSD provides annual domestic consumption data for palm oil aggregated globally or by country, w",2,0.60,
US_WHEAT_USDA_WASDE_PRODUCTION_ENDING_STOCKS,Wheat,USDA WASDE production & ending stocks,US,1,High,usda_psd,"USDA Foreign Agricultural Service - Production, Supply and Distribution (PSD)",https://apps.fas.usda.gov/psdonline/app/index.html#/app/downloads,commodity:0410000 | attribute:0088 | country:US,open_api,Annual,last,USD/MT,2015-01,Y,30,N,,N,usda_fas_api_key,,Medium,USDA PSD database provides the underlying annual production and ending stocks data for US wheat that,2,0.75,
NORTH_AMERICA_WHEAT_WEATHERDROUGHT_CONDITIONS_IN_GROWING_REGIONS,Wheat,Weather/drought conditions in growing regions,North America,2,Medium,manual_yaml,U.S. Drought Monitor (National Drought Mitigation Center),https://droughtmonitor.unl.edu/DmData/DataDownload.aspx,https://droughtmonitor.unl.edu/DmData/GISData.aspx?mode=table&aoi=statewide&region=US&subject=wheat,file_download,Weekly,mean,USD/MT,2015-01,Y,30,N,,N,,,Medium,"The U.S. Drought Monitor provides free, publicly downloadable weekly drought severity indices for ma",2,0.55,
NORTH_AMERICA_WHEAT_GLOBAL_ENDING_STOCKSTOUSE_RATIO,Wheat,Global ending stocks-to-use ratio,North America,1,Medium,usda_psd,"USDA Foreign Agricultural Service - Production, Supply and Distribution (PSD)",https://apps.fas.usda.gov/psdonline/app/index.html#/app/downloads,commodity:0410000 | attribute:88,open_api,Annual,last,USD/MT,2015-01,Y,30,N,,N,usda_fas_api_key,,Medium,USDA PSD publishes annual global wheat ending stocks and consumption data from which the stocks-to-u,2,0.55,
NORTH_AMERICA_WHEAT_FERTILIZER_PRICE_INPUT_COST,Wheat,Fertilizer price (input cost),North America,1,High,worldbank_pinksheet,World Bank Commodity Markets (Pink Sheet),https://www.worldbank.org/en/research/commodity-markets,series:DAP,open_api,Monthly,mean,USD/MT,2015-01,Y,30,N,,N,,,Medium,"The World Bank Pink Sheet publishes monthly global fertilizer prices (e.g., DAP, USD/MT) which serve",2,0.70,
GLOBAL_WHEAT_BALTIC_DRY_INDEX_EXPORT_FREIGHT,Wheat,Baltic Dry Index (export freight),Global,4,Medium,,Baltic Exchange (via Trading Economics / paywalled proxy),https://www.balticexchange.com/en/data-services/market-information0.html,Baltic Dry Index,paid_or_restricted,Daily,mean,USD/MT,2015-01,Y,30,N,,N,,,Medium,"The Baltic Dry Index is proprietary data owned and licensed by the Baltic Exchange, with no free off",2,0.55,
GLOBAL_WHEAT_US_DOLLAR_INDEX_DXY,Wheat,US Dollar Index (DXY),Global,1,High,fred,Federal Reserve Economic Data (FRED),https://fred.stlouisfed.org/series/DTWEXBGS,series_id:DTWEXBGS,open_api,Daily,last,USD/MT,2015-01,Y,30,N,,N,fred_api_key,,Medium,"FRED provides the Fed's trade-weighted broad USD index as a free, open API series widely used as a D",2,0.80,
NORTH_AMERICA_WHEAT_DEMANDSUPPLY_ANNUAL_DATA,Wheat,Demand/Supply - Annual Data,North America,1,High,usda_psd,"USDA Foreign Agricultural Service - Production, Supply and Distribution",https://apps.fas.usda.gov/psdonline/app/index.html#/app/downloads,commodity:0410000 | attribute:176 | country:US,open_api,Annual,last,USD/MT,2015-01,Y,30,N,,N,usda_fas_api_key,NORTH_AMERICA_WHEAT_DEMANDSUPPLY_ANNUAL_DATA_ALT,Medium,"[ws6 2026-08-05] commodity:'Wheat'/attribute:'Ending Stocks' were free text. commodity:0410000 matches this registry's other working Wheat/PSD rows (US_WHEAT_USDA_WASDE_PRODUCTION_ENDING_STOCKS, RUSSIA_WHEAT_BLACK_SEA..., NORTH_AMERICA_WHEAT_GLOBAL_ENDING_STOCKSTOUSE_RATIO all use it). attribute:176 reused from LATIN_AMERICA_ORANGE_GLOBAL_ORANGE_JUICE_INVENTORY, the only working 'stocks/inventory'-flavored row in this registry. PSD's live API is down (500 errors, confirmed still ongoing) so this could not be verified end-to-end like the Comtrade/SIDRA/FRED/EIA fixes were; USDA's own attribute-code reference could not be found externally either (checked live). Attribute code reused from an existing WORKING row in this same registry with a matching concept, rather than guessed from scratch. Flag for a live spot-check via PSD Online's UI attribute picker once the outage clears.",2,0.70,
BRAZIL_ORANGE_FLORIDA_BRAZIL_CITRUS_PRODUCTION_FORECASTS,Orange,Florida & Brazil citrus production forecasts,Brazil,1,High,usda_psd,"USDA Foreign Agricultural Service - Production, Supply and Distribution (PSD)",https://apps.fas.usda.gov/psdonline/app/index.html#/app/downloads,commodity:0571000 | attribute:88 | country:BR,open_api,Annual,last,USD/KG Box,2018-04,Y,30,N,,N,usda_fas_api_key,,Medium,"[ws6 2026-08-05] commodity:'Oranges'/attribute:'Production' were free text. commodity:0571000 matches this registry's other working Orange/PSD row (LATIN_AMERICA_ORANGE_GLOBAL_ORANGE_JUICE_INVENTORY). attribute:88 reused from working production-flavored rows. PSD's live API is down (500 errors, confirmed still ongoing) so this could not be verified end-to-end like the Comtrade/SIDRA/FRED/EIA fixes were; USDA's own attribute-code reference could not be found externally either (checked live). Attribute code reused from an existing WORKING row in this same registry with a matching concept, rather than guessed from scratch. Flag for a live spot-check via PSD Online's UI attribute picker once the outage clears.",2,0.70,
LATIN_AMERICA_ORANGE_GLOBAL_ORANGE_JUICE_INVENTORY,Orange,Global orange juice inventory,Latin America,2,Medium,usda_psd,"USDA Foreign Agricultural Service - Production, Supply and Distribution (PSD)",https://apps.fas.usda.gov/psdonline/app/index.html#/app/downloads,commodity:0571000 | attribute:176 | country:BR,open_api,Annual,last,USD/KG Box,2018-04,Y,30,N,,N,usda_fas_api_key,,Medium,"USDA PSD publishes annual orange juice ending stocks by country, with Brazil as the dominant Latin A",2,0.45,
BRAZIL_ORANGE_BRAZIL_DIESELTRANSPORT_FUEL_COST,Orange,Brazil diesel/transport fuel cost,Brazil,2,Medium,manual_yaml,"ANP - Agência Nacional do Petróleo, Gás Natural e Biocombustíveis (Levantamento de Preços de Combustíveis)",https://www.gov.br/anp/pt-br/assuntos/precos-e-defesa-da-concorrencia/precos/precos-revenda-e-distribuicao-combustiveis,ANP_SLP_diesel_weekly_price_by_state.csv,file_download,Weekly,mean,USD/KG Box,2018-04,Y,30,N,,N,,,Medium,"ANP publishes an official, freely downloadable weekly national survey of diesel retail/wholesale pri",2,0.55,
BRAZIL_ORANGE_BRLUSD_EXCHANGE_RATE,Orange,BRL/USD exchange rate,Brazil,1,High,fred,Federal Reserve Economic Data (FRED),https://fred.stlouisfed.org/series/DEXBZUS,series_id:DEXBZUS,open_api,Daily,mean,USD/KG Box,2018-04,Y,30,N,,N,fred_api_key,BRAZIL_ORANGE_BRLUSD_EXCHANGE_RATE_FRANK,Medium,"FRED provides the official daily BRL/USD exchange rate sourced from the Federal Reserve, accessible ",2,0.95,
BRAZIL_ORANGE_BRLUSD_EXCHANGE_RATE_FRANK,Orange,USD/KG Box (Frankfurter keyless fallback),Brazil,1,High,frankfurter,Frankfurter API (ECB),https://api.frankfurter.dev/,base:USD | target:USD,open_api,Daily,mean,USD/KG Box,1999-01,Y,1,N,,N,,BRAZIL_ORANGE_BRLUSD_EXCHANGE_RATE_FRANK_BIS,Low,"mean + MoM% (keyless ECB rates, history from 1999-01 only)",3,,
LATIN_AMERICA_ORANGE_DEMAND_ORANGE_PROCESSING_VOLUME,Orange,Demand - Orange processing volume,Latin America,1,Medium,usda_psd,"USDA Foreign Agricultural Service - Production, Supply and Distribution (PSD)",https://apps.fas.usda.gov/psdonline/app/index.html#/app/downloads,commodity:0571000 | attribute:88 | country:BR,open_api,Annual,sum,USD/KG Box,2018-04,Y,30,N,,N,usda_fas_api_key,,Medium,"[ws6 2026-08-05] commodity:'Oranges' was free text (attribute:88 was already numeric, unchanged). commodity:0571000 as above. PSD's live API is down (500 errors, confirmed still ongoing) so this could not be verified end-to-end like the Comtrade/SIDRA/FRED/EIA fixes were; USDA's own attribute-code reference could not be found externally either (checked live). Attribute code reused from an existing WORKING row in this same registry with a matching concept, rather than guessed from scratch. Flag for a live spot-check via PSD Online's UI attribute picker once the outage clears.",2,0.45,
LATIN_AMERICA_ORANGE_DOWNSTREAM_PRICE_ICE_FCOJA_FUTURES_PRICE,Orange,Downstream Price - ICE FCOJ-A futures price,Latin America,4,Medium,,ICE (Intercontinental Exchange) - Frozen Concentrated Orange Juice Futures,https://www.ice.com/products/30/FCOJ-A-Futures/data,"FCOJ-A futures settlement price, ICE Futures U.S.",paid_or_restricted,Daily,last,USD/KG Box,2018-04,Y,30,N,,N,,,Medium,ICE FCOJ-A futures settlement data is proprietary exchange data distributed through paid market-data,2,0.55,
US_BEEF_US_CATTLE_HERD_INVENTORY,Beef,US cattle herd inventory,US,2,High,nass_quickstats,USDA NASS Quick Stats,https://quickstats.nass.usda.gov,"short_desc=CATTLE, INCL CALVES - INVENTORY; agg_level_desc=NATIONAL",api_key,Annual,last,USD/Cwt,2011-01,Y,30,N,,N,usda_nass_api_key,,Medium,"[nass_fix 2026-08-03] locator corrected against NASS discovery API (verified live): commodity_desc=CATTLE; statisticcat_desc=INVENTORY; short_desc=CATTLE, INC CALVES - INVENTORY; agg_level_desc=NATION",2,0.75,
NORTH_AMERICA_BEEF_CORN_PRICE_FEED_COST,Beef,Corn price (feed cost),North America,2,High,fred,Federal Reserve Economic Data (FRED) - Global Price of Corn,https://fred.stlouisfed.org/series/PMAIZMTUSDM,series_id:PMAIZMTUSDM,api_key,Monthly,mean,USD/Cwt,2011-01,Y,30,N,,N,fred_api_key,NORTH_AMERICA_BEEF_CORN_PRICE_FEED_COST_FRANK,Medium,"FRED provides a free, API-accessible monthly global corn price series (IMF-sourced, USD per metric t",2,0.70,
NORTH_AMERICA_BEEF_CORN_PRICE_FEED_COST_FRANK,Beef,USD/Cwt (Frankfurter keyless fallback),North America,1,High,frankfurter,Frankfurter API (ECB),https://api.frankfurter.dev/,base:USD | target:USD,open_api,Daily,mean,USD/Cwt,1999-01,Y,1,N,,N,,NORTH_AMERICA_BEEF_CORN_PRICE_FEED_COST_FRANK_BIS,Low,"mean + MoM% (keyless ECB rates, history from 1999-01 only)",3,,
NORTH_AMERICA_BEEF_LIVEFEEDER_CATTLE_CASH_PRICE_SPOT,Beef,Live/feeder cattle cash price (spot),North America,2,Medium,nass_quickstats,USDA National Agricultural Statistics Service (NASS) QuickStats,https://quickstats.nass.usda.gov/,"short_desc=CATTLE, FEEDER CATTLE - PRICE PAID, MEASURED IN $ / CWT; agg_level_desc=NATIONAL",api_key,Monthly,mean,USD/Cwt,2011-01,Y,30,N,,N,usda_nass_api_key,,Medium,"[nass_fix 2026-08-03] locator corrected against NASS discovery API (verified live): commodity_desc=CATTLE; statisticcat_desc=PRICE RECEIVED; unit_desc=$ / CWT -> short_desc=CATTLE, FEEDER CATTLE - PRI",2,0.60,
BRAZIL_BEEF_BRAZIL_AUSTRALIA_BEEF_EXPORT_VOLUMES,Beef,Brazil & Australia beef export volumes,Brazil,2,Medium,un_comtrade,UN Comtrade,https://comtradeplus.un.org/,"reporterCode=76; cmdCode=0201,0202; flowCode=X",api_key,Monthly,sum,USD/Cwt,2011-01,Y,30,N,,N,comtrade_api_key,,Medium,UN Comtrade provides official Brazilian bovine meat (HS 0201/0202) export volume and value data via ,2,0.60,
NORTH_AMERICA_BEEF_DIESELTRANSPORT_COST,Beef,Diesel/transport cost,North America,2,High,eia,U.S. Energy Information Administration (EIA),https://www.eia.gov/petroleum/gasdiesel/,PET.EMD_EPD2D_PTE_NUS_DPG.W,api_key,Weekly,mean,USD/Cwt,2011-01,Y,30,N,,N,eia_api_key,,Medium,"EIA publishes weekly U.S. No. 2 diesel retail prices via a documented open API, serving as the stand",2,0.75,
NORTH_AMERICA_BEEF_USD_EXCHANGE_RATE_EXPORT_COMPETITIVENESS,Beef,USD exchange rate (export competitiveness),North America,1,High,fred,"Federal Reserve Economic Data (FRED) - Trade Weighted U.S. Dollar Index: Broad, Goods",https://fred.stlouisfed.org/series/DTWEXBGS,series_id:DTWEXBGS,open_api,Daily,mean,USD/Cwt,2011-01,Y,30,N,,N,fred_api_key,NORTH_AMERICA_BEEF_USD_EXCHANGE_RATE_EXPORT_COMPETITIVENESS_FRANK,Medium,"The FRED broad trade-weighted USD index is a widely used, freely available proxy for U.S. export com",2,0.85,
NORTH_AMERICA_BEEF_USD_EXCHANGE_RATE_EXPORT_COMPETITIVENESS_FRANK,Beef,USD/Cwt (Frankfurter keyless fallback),North America,1,High,frankfurter,Frankfurter API (ECB),https://api.frankfurter.dev/,base:USD | target:USD,open_api,Daily,mean,USD/Cwt,1999-01,Y,1,N,,N,,NORTH_AMERICA_BEEF_USD_EXCHANGE_RATE_EXPORT_COMPETITIVENESS_FRANK_BIS,Low,"mean + MoM% (keyless ECB rates, history from 1999-01 only)",3,,
CHINA_BEEF_CHINAJAPANSOUTH_KOREA_IMPORT_DEMAND,Beef,China/Japan/South Korea import demand,China,2,Medium,un_comtrade,UN Comtrade,https://comtradeplus.un.org/,"cmdCode=0201; reporterCode=156,392,410; partnerCode=0; flowCode=M",api_key,Monthly,sum,USD/Cwt,2011-01,Y,30,N,,N,comtrade_api_key,,Medium,"UN Comtrade provides open, API-accessible bilateral trade data (HS 0201 bovine meat) for China, Japa",2,0.45,
AUSTRALIA_CHEESE_AUSTRALIA_MILK_PRODUCTION_DAIRY_AUSTRALIA,Cheese,Australia milk production (Dairy Australia),Australia,2,Medium,,Dairy Australia,https://www.dairyaustralia.com.au/industry-statistics/production-and-sales/milk-production,,file_download,Monthly,sum,USD/MT,2018-01,Y,30,N,,N,,,Medium,Dairy Australia publishes national milk production statistics on its industry statistics page as fre,2,0.50,
AUSTRALIA_CHEESE_AUSTRALIAOCEANIA_WHEY_PRICE,Cheese,Australia/Oceania whey price,Australia,3,Low,,USDA Foreign Agricultural Service - Dairy Market News (Oceania),https://www.ams.usda.gov/mnreports/dybreports.pdf,,multipage_scrape,Weekly,mean,USD/MT,2018-01,Y,30,N,,N,,AUSTRALIA_CHEESE_AUSTRALIAOCEANIA_WHEY_PRICE_PADMA,Medium,"USDA AMS Dairy Market News publishes Oceania whey price ranges but not through a structured API, req",2,0.30,
AUSTRALIA_CHEESE_AUSTRALIA_DAIRY_FEED_COST_GRAINPASTURE,Cheese,Australia dairy feed cost (grain/pasture),Australia,2,Medium,manual_yaml,Dairy Australia,https://www.dairyaustralia.com.au/dairy-market-and-statistics/prices/hay-and-grain-prices,table:Hay and Grain Report - National Feed Grain Prices,file_download,Weekly,mean,USD/MT,2018-01,Y,30,N,,N,,AUSTRALIA_CHEESE_AUSTRALIA_DAIRY_FEED_COST_GRAINPASTURE_ALT,Medium,Dairy Australia publishes weekly national feed grain and hay price reports that proxy dairy feed cos,2,0.45,
AUSTRALIA_CHEESE_AUSTRALIA_DAIRY_COLD_STORAGE_INVENTORY_DAIRY_AUSTRALIA,Cheese,Australia dairy cold storage inventory (Dairy Australia),Australia,4,Low,,Dairy Australia,https://www.dairyaustralia.com.au/industry-statistics,,paid_or_restricted,Monthly,last,USD/MT,2018-01,Y,30,N,,N,,AUSTRALIA_CHEESE_AUSTRALIA_DAIRY_COLD_STORAGE_INVENTORY_DAIRY_AUSTRALIA_PADMA,Medium,Dairy Australia publishes industry stock/inventory statistics but these are typically behind registr,2,0.30,
AUSTRALIA_CHEESE_AUSTRALIA_DAIRY_EXPORT_DEMAND_CHINAJAPANASEAN,Cheese,Australia dairy export demand (China/Japan/ASEAN),Australia,2,High,un_comtrade,UN Comtrade,https://comtradeplus.un.org/,"reporterCode=36; cmdCode=0406; flowCode=X; partnerCode=156,392,702,764,458,360,116,418,608,104",open_api,Monthly,sum,USD/MT,2018-01,Y,30,N,,N,comtrade_api_key,,Medium,UN Comtrade provides official Australian export trade statistics (HS 0406 cheese) by partner country,2,0.72,
NEW_ZEALAND_CHEESE_NEW_ZEALAND_MILK_PRICEMARKET_SITUATION_OCEANIA_BENCHMARK,Cheese,New Zealand milk price/market situation (Oceania benchmark),New Zealand,2,Medium,,GlobalDairyTrade (GDT) Events - Trade Weighted Average Price,https://www.globaldairytrade.info/en/product-results/,,file_download,Event,mean,USD/MT,2018-01,Y,30,N,,N,,,Medium,"GlobalDairyTrade auction results, published in USD/MT, are the standard public Oceania (NZ-based) be",2,0.55,
GLOBAL_BENZENE_CRUDE_OIL_PRICE,Benzene,Crude oil price,Global,1,High,fred,FRED (Federal Reserve Bank of St. Louis) - Crude Oil Prices: Brent - Europe,https://fred.stlouisfed.org/series/DCOILBRENTEU,series_id:DCOILBRENTEU,open_api,Daily,mean,USD/MT,2015-01,Y,30,N,,N,fred_api_key,GLOBAL_BENZENE_CRUDE_OIL_PRICE_EIA,Medium,"FRED provides a free, open-API daily Brent crude oil price series widely used as a global benchmark ",2,0.85,
NORTH_AMERICA_BENZENE_NAPHTHA_PRICE,Benzene,Naphtha price,North America,4,Medium,,S&P Global Platts,https://www.spglobal.com/commodityinsights/en/products-services/oil/naphtha-pricing,Platts Naphtha USGC/NWE Assessment,paid_or_restricted,Daily,mean,USD/MT,2015-01,Y,30,N,,N,,,Medium,Naphtha spot pricing for North America is a standard petrochemical feedstock benchmark published by ,2,0.55,
NORTH_AMERICA_BENZENE_TOLUENE_PRICE_COFEEDSTOCK,Benzene,Toluene price (co-feedstock),North America,4,Medium,,S&P Global Platts (commercial petrochemical price reporting),https://www.spglobal.com/commodityinsights/en/products-services/petrochemicals/toluene-prices,,paid_or_restricted,Weekly,mean,USD/MT,2015-01,Y,30,N,,N,,,Medium,Toluene spot/contract prices in North America are reported commercially by Platts/ICIS with no free ,2,0.40,
US_BENZENE_US_REFINERY_UTILIZATION_RATE,Benzene,US refinery utilization rate,US,1,High,eia,U.S. Energy Information Administration,https://www.eia.gov/dnav/pet/hist/LeafHandler.ashx?n=PET&s=WPULEUS3&f=W,PET.WPULEUS3.W,api_key,Weekly,mean,USD/MT,2015-01,Y,30,N,,N,eia_api_key,,Medium,"EIA publishes weekly US refinery operable capacity utilization rate via its open API, which is the s",2,0.90,
ASIA_BENZENE_ASIA_BENZENE_SPREADMARGIN,Benzene,Asia benzene spread/margin,Asia,4,Medium,,Fastmarkets,https://www.fastmarkets.com/commodities/petrochemicals/benzene-prices,,paid_or_restricted,Weekly,mean,USD/MT,2015-01,Y,30,N,,N,,,Medium,Asia benzene spread/margin assessments are proprietary data published by commercial price-reporting ,2,0.40,
CHINA_BENZENE_CHINA_PMI_DOWNSTREAM_PLASTICSAUTO_DEMAND,Benzene,China PMI (downstream plastics/auto demand),China,2,Medium,manual_yaml,National Bureau of Statistics of China,https://www.stats.gov.cn/english/PressRelease/,NBS Manufacturing PMI monthly press release table,file_download,Monthly,last,USD/MT,2015-01,Y,30,N,,N,,,Medium,"China's official Manufacturing PMI is published monthly by the NBS with no open API, making a manual",2,0.55,
NORTH_AMERICA_BENZENE_GLOBAL_AUTO_PRODUCTION_TREND,Benzene,Global auto production trend,North America,2,Medium,fred,Federal Reserve Board (FRED) - Industrial Production: Motor Vehicles and Parts,https://fred.stlouisfed.org/series/IPG3361T3S,series_id:IPG3361T3S,api_key,Monthly,mean,USD/MT,2015-01,Y,30,N,,N,fred_api_key,,Medium,"FRED's industrial production index for motor vehicles and parts (NAICS 3361) serves as a reliable, f",2,0.60,
NORTH_AMERICA_BENZENE_STYRENEBUTADIENE_RUBBER_DEMAND_TIRE_INDUSTRY,Benzene,Styrene-butadiene rubber demand (tire industry),North America,4,Low,,S&P Global Platts (Styrene Butadiene Rubber pricing & demand),https://www.spglobal.com/commodityinsights/en/ci/products/rubber-chemicals-price-index.html,SBR North America contract price/demand series,paid_or_restricted,Monthly,mean,USD/MT,2015-01,Y,30,N,,N,,,Medium,SBR tire-industry demand and pricing data in North America is tracked commercially by S&P Global/ICI,2,0.35,
US_BENZENE_UTILITY_NATURAL_GAS_PRICE_HENRY_HUB,Benzene,Utility - Natural gas price (Henry Hub),US,1,High,eia,U.S. Energy Information Administration (EIA),https://www.eia.gov/dnav/ng/hist/rngwhhdD.htm,NG.RNGWHHD.D,api_key,Daily,mean,USD/MT,2015-01,Y,30,N,,N,eia_api_key,,Medium,"EIA publishes the Henry Hub natural gas spot price daily via its free public API, which is the autho",2,0.85,
NORTH_AMERICA_BENZENE_DOWNSTREAM_POLYSTYRENE_PRODUCTIONRESIN_SALES,Benzene,Downstream - Polystyrene production/resin sales,North America,4,Medium,,American Chemistry Council - Plastics Industry Statistics,https://www.americanchemistry.com/chemistry-in-america/data-industry-statistics/resin-statistics,ACC Resin Production and Sales Report - Polystyrene,paid_or_restricted,Monthly,mean,USD/MT,2015-01,Y,30,N,,N,,,Medium,ACC publishes North American polystyrene resin production/sales statistics but these reports are sub,2,0.40,
NORTH_AMERICA_BENZENE_NYLONFIBER_PRODUCTION_INDEX,Benzene,Nylon/fiber production index,North America,2,Medium,fred,Federal Reserve Board (FRED),https://fred.stlouisfed.org/series/IPG3252N,series_id:IPG3252N,api_key,Monthly,mean,USD/MT,2015-01,Y,30,N,,N,fred_api_key,,Medium,"FRED publishes an Industrial Production index for NAICS 3252 (resin, synthetic rubber, and synthetic",2,0.55,
NORTH_AMERICA_BENZENE_FREIGHT_RATES,Benzene,Freight Rates,North America,4,Medium,,Fastmarkets,https://www.fastmarkets.com/chemicals/aromatics/benzene/,benzene freight rates North America USD/MT,paid_or_restricted,Weekly,mean,USD/MT,2015-01,Y,30,N,,N,,,Medium,Benzene freight/shipping rate assessments are proprietary market data typically published by commerc,2,0.50,
LATIN_AMERICA_ETHANOL_CRUDE_OIL_GASOLINE_PRICE_RBOB,Ethanol,Crude oil / gasoline price (RBOB),Latin America,2,High,eia,U.S. Energy Information Administration,https://www.eia.gov/dnav/pet/hist/eer_epmrr_pf4_y35ny_dpgD.htm,PET.EER_EPMRR_PF4_Y35NY_DPG.D,api_key,Daily,mean,USD/MT,2015-01,Y,30,N,,N,eia_api_key,LATIN_AMERICA_ETHANOL_CRUDE_OIL_GASOLINE_PRICE_RBOB_ALT,Medium,EIA publishes daily NY Harbor RBOB spot gasoline prices via a documented open API that serves as the,2,0.70,
BRAZIL_ETHANOL_BRAZILGLOBAL_SUGAR_SPOT_PRICE_MONTHLY_AVERAGE,Ethanol,Brazil/global sugar spot price (monthly average),Brazil,1,High,worldbank_pinksheet,World Bank Pink Sheet,https://www.worldbank.org/en/research/commodity-markets,"series:Sugar, world",open_api,Monthly,mean,USD/MT,2015-01,Y,30,N,,N,,,Medium,World Bank Pink Sheet publishes monthly average world sugar spot prices in USD/MT via a freely downl,2,0.75,
LATIN_AMERICA_ETHANOL_NATURAL_GAS_PRICE_PROCESSING_ENERGY_COST,Ethanol,Natural gas price (processing energy cost),Latin America,2,Medium,eia,U.S. Energy Information Administration (EIA),https://www.eia.gov/dnav/ng/hist/rngwhhdD.htm,NG.RNGWHHD.D,api_key,Daily,mean,USD/MT,2015-01,Y,30,N,,N,eia_api_key,,Medium,"No Latin America-specific public natural gas price series exists, so the EIA Henry Hub spot price is",2,0.45,
US_ETHANOL_US_ETHANOL_EXPORT_DEMAND,Ethanol,US ethanol export demand,US,2,Medium,un_comtrade,UN Comtrade Database,https://comtradeplus.un.org/,reporterCode=842;flowCode=X;cmdCode=220710,api_key,Monthly,sum,USD/MT,2015-01,Y,30,N,,N,comtrade_api_key,,Medium,UN Comtrade provides official US export statistics (value and quantity) for ethanol (HS 220710/22072,2,0.60,
BRAZIL_ETHANOL_EXCHANGE_RATE_USDBRL,Ethanol,Exchange Rate - USD/BRL,Brazil,1,High,frankfurter,Frankfurter (ECB exchange rates),https://www.frankfurter.app,base:USD | target:BRL,open_api,Daily,last,USD/MT,2015-01,Y,30,N,,N,,BRAZIL_ETHANOL_EXCHANGE_RATE_USDBRL_BIS,Medium,"Frankfurter provides free, open daily USD/BRL exchange rates sourced from ECB reference rates, ideal",2,0.90,
BRAZIL_ETHANOL_DIESEL_PRICE_BRAZIL,Ethanol,Diesel Price - Brazil,Brazil,2,Medium,,"ANP – Agência Nacional do Petróleo, Gás Natural e Biocombustíveis (Preços de Combustíveis)",https://www.gov.br/anp/pt-br/assuntos/precos-e-defesa-da-concorrencia/precos/precos-revenda-e-de-distribuicao-combustiveis,https://www.gov.br/anp/pt-br/assuntos/precos-e-defesa-da-concorrencia/precos/precos-revenda-e-de-distribuicao-combustiveis,file_download,Weekly,mean,USD/MT,2015-01,Y,30,N,,N,,,Medium,"ANP is Brazil's official regulator publishing weekly average diesel prices (R$/L, convertible to USD",2,0.55,
BRAZIL_ETHANOL_FREIGHT_RATES_BRAZIL_ROAD_TRANSPORT,Ethanol,Freight Rates - Brazil (Road Transport),Brazil,3,Medium,,SIFRECA - Sistema de Informações de Fretes (ESALQ/USP),https://sifreca.esalq.usp.br/,,multipage_scrape,Weekly,mean,USD/MT,2015-01,Y,30,N,,N,,,Medium,SIFRECA is the main Brazilian academic/industry system tracking road freight rates by commodity incl,2,0.40,
BRAZIL_ETHANOL_PHARMACEUTICAL_PRODUCTION_INDEX_BRAZIL,Ethanol,Pharmaceutical Production Index - Brazil,Brazil,2,Medium,ibge_sidra,IBGE - Pesquisa Industrial Mensal (PIM-PF),https://sidra.ibge.gov.br/tabela/8888,table:8888 | variable:12606,open_api,Monthly,mean,USD/MT,2015-01,Y,30,N,,N,,,Medium,"[ws3 2026-08-05] variable:'products pharmaceutical' was free text, not a real SIDRA variable code -> guaranteed 400. Fixed to 12606 (verified live against table 8888's own descriptor: 'Index number, 2022=100'). CAVEAT: same as the corrugated-boards PPI row -- this connector has no activity/classification dimension support, so the result is Brazil's GENERAL industrial production index, not pharmaceutical-specific.",2,0.45,
LATIN_AMERICA_ETHANOL_TRADE_INDUSTRIAL_ETHANOL_IMPORTS_LATAM,Ethanol,Trade - Industrial Ethanol Imports (LATAM),Latin America,2,Medium,un_comtrade,UN Comtrade,https://comtradeplus.un.org/,cmdCode=2207; flowCode=M; reporterCode=all; partnerCode=0,api_key,Monthly,sum,USD/MT,2015-01,Y,30,N,,N,comtrade_api_key,,Medium,UN Comtrade provides HS code 2207 (ethyl alcohol) import trade value and quantity data by Latin Amer,2,0.60,
LATIN_AMERICA_ETHANOL_INFLATION_INDEX_IPCA,Ethanol,Inflation Index (IPCA),Latin America,1,High,ibge_sidra,IBGE - Instituto Brasileiro de Geografia e Estatística,https://sidra.ibge.gov.br/tabela/1737,table:1737 | variable:2266,open_api,Monthly,last,USD/MT,2015-01,Y,30,N,,N,,LATIN_AMERICA_ETHANOL_INFLATION_INDEX_IPCA_ALT,Medium,IPCA (Brazil's national consumer price index) is officially published monthly by IBGE and directly a,2,0.85,
CHINA_HDPE_CHINA_ETHYLENE_PRICE_CFR_CHINA,HDPE,China ethylene price (CFR China),China,4,Medium,,S&P Global Platts / ICIS (commercial petrochemical price reporting),https://www.icis.com/explore/commodities/chemicals/ethylene/,,paid_or_restricted,Weekly,mean,USD/MT,2016-01,Y,30,N,,N,,,Medium,China ethylene CFR prices are proprietary petrochemical market data reported by commercial vendors l,2,0.60,
INDIA_HDPE_DEMAND_INDUSTRIAL_PRODUCTION_INDEX_INDIACHINA,HDPE,Demand - Industrial production Index - India/China,India,2,Medium,fred,FRED (OECD Main Economic Indicators - India Industrial Production),https://fred.stlouisfed.org/series/INDPROINTO01IXOBSAM,series_id:PRMNTO01INA657S,api_key,Monthly,mean,USD/MT,2016-01,Y,30,N,,N,fred_api_key,,Medium,"[ws3 2026-08-05] INDPROINTO01IXOBSAM does not exist on FRED (400/404 confirmed live). Replaced with PRMNTO01INA657S (Production: Manufacturing: Total Manufacturing for India, OECD MEI via FRED) -- verified live as a real, current FRED series.",2,0.55,
APAC_HDPE_COPRODUCTSUBSTITUTE_LDPELLDPEPOLYPROPYLENE_PRICES,HDPE,Co-product/Substitute - LDPE/LLDPE/Polypropylene Prices,APAC,4,Medium,,ICIS,https://www.icis.com/explore/commodities/chemicals/polyethylene/,ICIS APAC LDPE/LLDPE/PP weekly price assessments (subscription required),paid_or_restricted,Weekly,mean,USD/MT,2016-01,Y,30,N,,N,,,Medium,APAC LDPE/LLDPE/PP spot prices are commercially assessed by ICIS (and similar vendors like Platts/Fa,2,0.40,
INDIA_HDPE_EXCHANGE_RATE_USDCNY_USDINR,HDPE,Exchange Rate - USD/CNY & USD/INR,India,1,High,frankfurter,Frankfurter (ECB reference rates),https://www.frankfurter.app/docs,base:USD | target:INR,open_api,Daily,last,USD/MT,2016-01,Y,30,N,,N,,INDIA_HDPE_EXCHANGE_RATE_USDCNY_USDINR_BIS,Medium,"Frankfurter provides free, open, daily USD/INR exchange rate data sourced from ECB reference rates, ",2,0.75,
CHINA_HDPE_CHINA_PROPERTYCONSTRUCTION_INDEX,HDPE,China property/construction index,China,2,Medium,,National Bureau of Statistics of China,https://data.stats.gov.cn/english/easyquery.htm?cn=A01,Real Estate Climate Index (National) - monthly series under National Data > Real Estate section,file_download,Monthly,mean,USD/MT,2016-01,Y,30,N,,N,,CHINA_HDPE_CHINA_PROPERTYCONSTRUCTION_INDEX_ALT,Medium,"The NBS publishes the official monthly Real Estate Climate Index for China, the closest public proxy",2,0.45,
GLOBAL_COPPER_LME_COMEX_COPPER_INVENTORIES,Copper,LME & COMEX copper inventories,Global,2,Medium,,London Metal Exchange (LME) Daily Stocks Report,https://www.lme.com/en/metals/non-ferrous/lme-copper/lme-warehouse-stock-levels,LME Copper Warehouse Stocks - daily CSV download,file_download,Daily,last,USD/MT,2011-01,Y,30,N,,N,,,Medium,"LME publishes free daily copper warehouse stock levels on its website, which can be downloaded direc",2,0.55,
CHILE_COPPER_CHILE_PERU_MINE_PRODUCTIONDISRUPTIONS,Copper,Chile & Peru mine production/disruptions,Chile,2,Medium,,Comisión Chilena del Cobre (Cochilco),https://www.cochilco.cl/Paginas/Estadisticas/Bases%20de%20Datos/Produccion.aspx,,file_download,Monthly,sum,USD/MT,2011-01,Y,30,N,,N,,CHILE_COPPER_CHILE_PERU_MINE_PRODUCTIONDISRUPTIONS_ALT,Medium,Cochilco is Chile's official copper commission publishing monthly national mine production statistic,2,0.50,
GLOBAL_COPPER_US_DOLLAR_INDEX_DXY,Copper,US Dollar Index (DXY),Global,1,High,fred,Federal Reserve Board (FRED),https://fred.stlouisfed.org/series/DTWEXBGS,series_id:DTWEXBGS,open_api,Daily,last,USD/MT,2011-01,Y,30,N,,N,fred_api_key,,Medium,"FRED's Nominal Broad U.S. Dollar Index is a widely used free proxy for the ICE DXY dollar index, acc",2,0.75,
EUROPE_COPPER_GLOBAL_EV_RENEWABLE_ENERGY_DEMAND_GROWTH,Copper,Global EV & renewable energy demand growth,Europe,1,Medium,worldbank_pinksheet,World Bank Pink Sheet Commodity Price Data,https://www.worldbank.org/en/research/commodity-markets,series:Copper,open_api,Monthly,mean,USD/MT,2011-01,Y,30,N,,N,,,Medium,"As no direct EV-demand series exists in USD/MT, the World Bank Pink Sheet copper price series serves",2,0.55,
GERMANY_COPPER_EUROPEGERMANY_DATACENTER_GRID_BUILDOUT_DEMAND_REGIONAL_LENS_ON_GLOBAL_AIDATACENTER_COPPER_DEMAND,Copper,Europe/Germany data-center & grid buildout demand (regional lens on global AI/data-center copper demand),Germany,1,Medium,worldbank_pinksheet,World Bank Pink Sheet Commodity Prices,https://www.worldbank.org/en/research/commodity-markets,series:Copper,open_api,Monthly,mean,USD/MT,2011-01,Y,30,N,,N,,,Medium,"No direct German data-center-copper-demand series exists publicly, so the World Bank Pink Sheet glob",2,0.50,
EUROPE_COPPER_FEEDSTOCK_COPPER_CONCENTRATEORE_PRICES,Copper,Feedstock - Copper Concentrate/Ore prices,Europe,4,Medium,,Fastmarkets,https://www.fastmarkets.com/commodities/base-metals/copper-concentrates/,Copper concentrate TC/RC and CIF Europe spot price assessments,paid_or_restricted,Weekly,mean,USD/MT,2011-01,Y,30,N,,N,,EUROPE_COPPER_FEEDSTOCK_COPPER_CONCENTRATEORE_PRICES_ALT,Medium,Copper concentrate/ore prices are assessed by commercial price reporting agencies like Fastmarkets r,2,0.55,
EUROPE_COPPER_TRADED_COMMODITYGLOBAL_INFLUENCE_CRUDE_OIL,Copper,Traded Commodity/Global influence - Crude Oil,Europe,2,Medium,eia,U.S. Energy Information Administration,https://www.eia.gov/dnav/pet/hist/RBRTED.htm,PET.RBRTE.D,api_key,Daily,mean,USD/MT,2011-01,Y,30,N,,N,eia_api_key,,Medium,"EIA publishes daily Europe Brent spot crude oil prices via a free API, serving as the standard proxy",2,0.60,
US_COPPER_CFTC_SPECULATIVE_POSITIONING_COT_REPORT,Copper,CFTC speculative positioning (COT report),US,2,High,manual_yaml,CFTC Commitments of Traders (Disaggregated Futures-and-Options Report),https://publicreporting.cftc.gov/resource/72hh-3qpy.json,socrata_dataset:72hh-3qpy | filter:market_and_exchange_names=COPPER - COMMODITY EXCHANGE INC.,api_key,Weekly,last,USD/MT,2011-01,Y,30,N,,N,,,Medium,The CFTC publishes weekly Commitments of Traders data (including speculative/managed-money positioni,2,0.75,
SOUTH_AFRICA_PLATINUM_SOUTH_AFRICA_MINE_SUPPLY_AMPLATS_IMPALA_SIBANYE,Platinum,"South Africa mine supply (Amplats, Impala, Sibanye)",South Africa,3,Medium,manual_yaml,World Platinum Investment Council (WPIC) Platinum Quarterly,https://www.platinuminvestment.com/supply-and-demand/platinum-quarterly,"WPIC Platinum Quarterly supply-demand tables, South Africa mine supply row (Excel download)",file_download,Quarterly,sum,USD/MT,2015-04,Y,30,N,,N,,,Medium,WPIC's Platinum Quarterly reports are the standard free public source aggregating South African mine,2,0.55,
NORTH_AMERICA_PLATINUM_GLOBAL_AUTO_CATALYST_DEMAND,Platinum,Global auto catalyst demand,North America,3,Medium,,World Platinum Investment Council (WPIC),https://www.platinuminvestment.com/platinum-fundamentals/supply-demand-data,https://www.platinuminvestment.com/platinum-fundamentals/supply-demand-data,multipage_scrape,Quarterly,last,USD/MT,2015-04,Y,30,N,,N,,,Medium,WPIC publishes free quarterly platinum supply-demand tables including global automotive (autocatalys,2,0.45,
GLOBAL_PLATINUM_ETF_HOLDINGS,Platinum,ETF holdings,Global,2,Medium,manual_yaml,World Platinum Investment Council,https://www.platinuminvestment.com/data/etf-holdings,"table:ETF Holdings (metric tonnes, converted to USD via spot price)",file_download,Monthly,last,USD/MT,2015-04,Y,30,N,,N,,,Medium,"WPIC publishes free, publicly downloadable global platinum ETF holdings data (in oz/tonnes) without ",2,0.50,
GLOBAL_PLATINUM_US_DOLLAR_INDEX_DXY,Platinum,US Dollar Index (DXY),Global,1,High,fred,Federal Reserve Economic Data (FRED),https://fred.stlouisfed.org/series/DTWEXBGS,series_id:DTWEXBGS,open_api,Daily,last,USD/MT,2015-04,Y,30,N,,N,fred_api_key,,Medium,"FRED's Nominal Broad U.S. Dollar Index (DTWEXBGS) is the closest open, API-accessible proxy for the ",2,0.70,
INDIA_PLATINUM_JEWELRY_DEMAND_INDIACHINA,Platinum,Jewelry demand (India/China),India,4,Low,,World Platinum Investment Council,https://www.platinuminvestment.com/platinum-supply-demand-data,Platinum Quarterly - Jewellery Demand by Region (India),paid_or_restricted,Quarterly,sum,USD/MT,2015-04,Y,30,N,,N,,,Medium,WPIC's Platinum Quarterly reports are the primary source for regional jewelry demand data but full h,2,0.35,
NORTH_AMERICA_PLATINUM_PALLADIUMPLATINUM_SUBSTITUTION_IN_AUTOCATALYSTS,Platinum,Palladium-platinum substitution in autocatalysts,North America,2,Medium,worldbank_pinksheet,World Bank Pink Sheet,https://www.worldbank.org/en/research/commodity-markets,series:Platinum,open_api,Monthly,last,USD/MT,2015-04,Y,30,N,,N,,,Medium,World Bank Pink Sheet provides an open monthly platinum price series (though in USD/troy oz) that ca,2,0.40,
SOUTH_AFRICA_PLATINUM_EXCHANGE_RATE_USDZAR,Platinum,Exchange Rate - USD/ZAR,South Africa,1,High,frankfurter,Frankfurter (ECB reference rates),https://www.frankfurter.app,base:USD | target:ZAR,open_api,Daily,last,USD/MT,2015-04,Y,30,N,,N,,SOUTH_AFRICA_PLATINUM_EXCHANGE_RATE_USDZAR_BIS,Medium,"Frankfurter provides free, open, daily ECB-based USD/ZAR exchange rates via a documented API, ideal ",2,0.85,
US_PLATINUM_US_INTEREST_RATES,Platinum,US Interest Rates,US,1,High,fred,Federal Reserve Economic Data (FRED),https://fred.stlouisfed.org/series/DFF,series_id:DFF,api_key,Daily,mean,USD/MT,2015-04,Y,30,N,,N,fred_api_key,,Medium,"The Federal Funds Effective Rate from FRED is the standard public, free, API-accessible proxy for US",2,0.90,
US_PLATINUM_US_EQUITY_INDEX,Platinum,US Equity Index,US,1,High,fred,Federal Reserve Economic Data (FRED),https://fred.stlouisfed.org/series/SP500,series_id:SP500,open_api,Daily,last,USD/MT,2015-04,Y,30,N,,N,fred_api_key,,Medium,"FRED provides the daily S&P 500 index as a free, open-API series widely used as a proxy for US equit",2,0.90,
NORTH_AMERICA_FERROTUNGSTEN_AMMONIUM_PARATUNGSTATE_APT_PRICE,Ferro-Tungsten,Ammonium paratungstate (APT) price,North America,4,Medium,,Fastmarkets,https://www.fastmarkets.com/metals-and-mining/minor-metals/ammonium-paratungstate-apt-price,,paid_or_restricted,Weekly,last,USD/MT,2018-01,Y,30,N,,N,,,Medium,"APT prices are commercially reported by Fastmarkets (and Argus/Metal Bulletin), a paywalled vendor, ",2,0.50,
NORTH_AMERICA_FERROTUNGSTEN_TUNGSTEN_CONCENTRATE_PRICE,Ferro-Tungsten,Tungsten concentrate price,North America,4,Medium,,Fastmarkets,https://www.fastmarkets.com/metals-and-mining/minor-metals/tungsten-prices,,paid_or_restricted,Weekly,last,USD/MT,2018-01,Y,30,N,,N,,,Medium,Tungsten concentrate (ammonium paratungstate/APT) prices for North America are primarily published b,2,0.55,
NORTH_AMERICA_FERROTUNGSTEN_NORTH_AMERICA_CUTTING_TOOL_CARBIDE_INDUSTRY_DEMAND_AEROSPACEDEFENSEMACHINING,Ferro-Tungsten,North America cutting tool & carbide industry demand (aerospace/defense/machining),North America,2,Medium,,USGS National Minerals Information Center - Tungsten Statistics and Information,https://www.usgs.gov/centers/national-minerals-information-center/tungsten-statistics-and-information,,file_download,Annual,last,USD/MT,2018-01,Y,30,N,,N,,,Medium,USGS publishes annual tungsten commodity summaries and Minerals Yearbook chapters detailing US cutti,2,0.40,
GLOBAL_FERROTUNGSTEN_SUBSTITUTE_HARD_METAL_MOLYBDENUM_PRICES,Ferro-Tungsten,Substitute hard metal (molybdenum) prices,Global,2,Medium,manual_yaml,USGS National Minerals Information Center - Molybdenum Statistics,https://www.usgs.gov/centers/national-minerals-information-center/molybdenum-statistics-and-information,https://d9-wret.s3.us-west-2.amazonaws.com/assets/palladium/production/atoms/files/myb1-2022-molyb.xlsx,file_download,Annual,mean,USD/MT,2018-01,Y,30,N,,N,,,Medium,USGS publishes free annual average molybdenum price data in its Mineral Yearbook and Commodity Summa,2,0.45,
NORTH_AMERICA_FERROTUNGSTEN_FEEDSTOCK_IRON_OREFE_SCRAP,Ferro-Tungsten,Feedstock - Iron Ore/Fe Scrap,North America,2,Medium,fred,FRED (Federal Reserve Economic Data) - not applicable; using EIA/World Bank alternative,https://fred.stlouisfed.org/series/WPU10170502,series_id:WPU10170502,open_api,Monthly,last,USD/MT,2018-01,Y,30,N,,N,fred_api_key,,Medium,FRED provides a US PPI series for iron and steel scrap that serves as a reasonable free proxy for No,2,0.45,
NORTH_AMERICA_FERROTUNGSTEN_TRADE_IMPORTSEXPORTS,Ferro-Tungsten,Trade - Imports/Exports,North America,2,Medium,un_comtrade,UN Comtrade Database,https://comtradeplus.un.org/,"cmdCode=720280; reporterCode=842,124,484; flowCode=M,X",api_key,Monthly,mean,USD/MT,2018-01,Y,30,N,,N,comtrade_api_key,,Medium,"UN Comtrade provides HS 720280 (ferro-tungsten) import/export trade values and quantities for US, Ca",2,0.60,
GLOBAL_ALUMINUM_LME_ALUMINUM_INVENTORIES,Aluminum,LME aluminum inventories,Global,2,Medium,,London Metal Exchange,https://www.lme.com/en/market-data/lme-reference-prices/warehouse-stocks-report,,file_download,Daily,last,USD/MT,2015-01,Y,30,N,,N,,,Medium,"The LME publishes daily aluminium warehouse stock reports freely on its official site, though only a",2,0.40,
EUROPE_ALUMINUM_ALUMINA_PRICE,Aluminum,Alumina price,Europe,2,Low,worldbank_pinksheet,World Bank Commodity Markets (Pink Sheet),https://www.worldbank.org/en/research/commodity-markets,series:Aluminum,file_download,Monthly,last,USD/MT,2015-01,Y,30,N,,N,,,Medium,The World Bank Pink Sheet does not directly track alumina but is the best open proxy for aluminum-re,2,0.35,
EU_ALUMINUM_EUGERMANY_AUTO_CONSTRUCTION_DEMAND,Aluminum,EU/Germany auto & construction demand,EU,2,Medium,eurostat,Eurostat,https://ec.europa.eu/eurostat/databrowser/view/sts_inpr_m/default/table,dataset:sts_inpr_m | filters:nace_r2=C29;geo=DE;indic_bt=PRD;s_adj=SCA;unit=I21,open_api,Monthly,mean,USD/MT,2015-01,Y,30,N,,N,,,Medium,[manual_eurostat_fix 2026-08-05] dataset:sts_inpr_m | filters:nace_r2=C29;indic_bt=PROD;geo=DE -> dataset:sts_inpr_m | filters:nace_r2=C29;geo=DE;indic_bt=PRD;s_adj=SCA;unit=I21,2,0.55,
GLOBAL_ALUMINUM_US_DOLLAR_INDEX_DXY,Aluminum,US Dollar Index (DXY),Global,1,High,fred,Federal Reserve Economic Data (FRED),https://fred.stlouisfed.org/series/DTWEXBGS,series_id:DTWEXBGS,open_api,Daily,last,USD/MT,2015-01,Y,30,N,,N,fred_api_key,,Medium,"FRED provides the Federal Reserve's Trade Weighted U.S. Dollar Index (Broad) as a free, open-API pro",2,0.75,
GLOBAL_ALUMINUM_LME_PREMIUM,Aluminum,LME Premium,Global,4,Medium,,Fastmarkets,https://www.fastmarkets.com/metals-and-mining/base-metals/aluminium/,,paid_or_restricted,Daily,last,USD/MT,2015-01,Y,30,N,,N,,,Medium,LME regional premiums for aluminum are published as proprietary assessments by commercial vendors li,2,0.50,
EU_ALUMINUM_MACRO_EXCHNAGE_RATE_EURUSD,Aluminum,Macro - Exchnage Rate - EUR/USD,EU,1,High,frankfurter,Frankfurter (European Central Bank exchange rates),https://www.frankfurter.app/docs,base:EUR | target:USD,open_api,Daily,last,USD/MT,2015-01,Y,30,N,,N,,EU_ALUMINUM_MACRO_EXCHNAGE_RATE_EURUSD_BIS,Medium,"Frankfurter provides free, open daily EUR/USD exchange rates sourced from the ECB via a documented A",2,0.95,
EUROPE_ALUMINUM_TRADE_VOLUME_IMPORTSEXPORTS,Aluminum,Trade Volume - Imports/Exports,Europe,2,Medium,un_comtrade,UN Comtrade Database,https://comtradeplus.un.org/,"reporterCode=97;cmdCode=76;flowCode=M,X",api_key,Monthly,sum,USD/MT,2015-01,Y,30,N,,N,comtrade_api_key,,Medium,"[ws3 2026-08-05] reporter=Europe/commodity_code/flow were unrecognized keys, silently ignored -> guaranteed 400. Fixed to real keys; reporterCode=97 is Comtrade's EU-27 aggregate (verified live against comtradeapi.un.org/files/v1/app/reference/Reporters.json -- no separate 'Europe' aggregate exists). cmdCode=76 = HS chapter Aluminium.",2,0.60,
US_GOLD_US_REAL_INTEREST_RATES_TIPS_YIELD,Gold,US real interest rates (TIPS yield),US,1,High,fred,"FRED (Federal Reserve Bank of St. Louis) - 10-Year Treasury Inflation-Indexed Security, Constant Maturity",https://fred.stlouisfed.org/series/DFII10,series_id:DFII10,api_key,Daily,mean,USD/OZ,2015-01,Y,30,N,,N,fred_api_key,,Medium,"FRED's DFII10 series provides the 10-year TIPS yield, the standard proxy for US real interest rates,",2,0.95,
GLOBAL_GOLD_US_DOLLAR_INDEX_DXY,Gold,US Dollar Index (DXY),Global,2,High,fred,Federal Reserve Economic Data (FRED),https://fred.stlouisfed.org/series/DTWEXBGS,series_id:DTWEXBGS,api_key,Daily,last,USD/OZ,2015-01,Y,30,N,,N,fred_api_key,,Medium,"FRED's Nominal Broad U.S. Dollar Index is a free, API-accessible proxy for the US Dollar Index widel",2,0.75,
GLOBAL_GOLD_CENTRAL_BANK_GOLD_PURCHASES,Gold,Central bank gold purchases,Global,2,Medium,manual_yaml,World Gold Council,https://www.gold.org/goldhub/data/gold-reserves-by-country,https://www.gold.org/goldhub/data/gold-reserves-by-country (download Excel: monthly central bank gold reserves/purchases),file_download,Monthly,sum,USD/OZ,2015-01,Y,30,N,,N,,,Medium,"The World Gold Council's Gold Hub provides the most authoritative free, publicly downloadable datase",2,0.55,
GLOBAL_GOLD_GOLD_ETF_HOLDINGS_EG_GLD,Gold,Gold ETF holdings (e.g. GLD),Global,2,Medium,manual_yaml,State Street Global Advisors - SPDR Gold Shares (GLD),https://www.spdrgoldshares.com/usa/historical-data/,https://www.spdrgoldshares.com/media/GLD/file/GLD-Holdings-History.csv,file_download,Daily,last,USD/OZ,2015-01,Y,30,N,,N,,,Medium,"SPDR publishes daily historical GLD gold holdings (tonnes/ounces) as a free downloadable CSV, though",2,0.55,
US_GOLD_US_INFLATION_EXPECTATIONS_BREAKEVEN_RATE,Gold,US inflation expectations (breakeven rate),US,1,High,fred,FRED (Federal Reserve Bank of St. Louis),https://fred.stlouisfed.org/series/T5YIE,series_id:T5YIE,api_key,Daily,last,USD/OZ,2015-01,Y,30,N,,N,fred_api_key,,Medium,"FRED publishes the 5-Year Breakeven Inflation Rate daily, derived from Treasury and TIPS yields, whi",2,0.90,
GLOBAL_GOLD_GEOPOLITICAL_RISK_INDEX,Gold,Geopolitical risk index,Global,2,Medium,,"Geopolitical Risk Index (Caldara & Iacoviello, Federal Reserve Board)",https://www.matteoiacoviello.com/gpr.htm,https://www.matteoiacoviello.com/gpr_files/data_gpr_export.xls,file_download,Monthly,mean,USD/OZ,2015-01,Y,30,N,,N,,,Medium,"The Caldara-Iacoviello Geopolitical Risk Index is the standard public, freely downloadable monthly s",2,0.55,
GLOBAL_GOLD_STCOKS_COMEX_WAREHOUSE_STOCKS,Gold,Stcoks - COMEX warehouse stocks,Global,3,Medium,,CME Group (COMEX) Metals Depository Statistics,https://www.cmegroup.com/markets/metals/precious/gold.html#delivery-notices,https://www.cmegroup.com/delivery_reports/Metals_stocks.xls,file_download,Daily,last,USD/OZ,2015-01,Y,30,N,,N,,,Medium,"CME Group publishes daily COMEX warehouse gold stock levels as a downloadable spreadsheet, though it",2,0.55,
US_GOLD_MACRO_US_EQUITY_INDEX,Gold,Macro - US Equity Index,US,1,High,fred,Federal Reserve Economic Data (FRED),https://fred.stlouisfed.org/series/SP500,series_id:SP500,api_key,Daily,last,USD/OZ,2015-01,Y,30,N,,N,fred_api_key,,Medium,"FRED provides the S&P 500 index as a free daily series via API, a standard proxy for US equity marke",2,0.90,
US_GOLD_COMEX_SPECULATIVE_POSITIONING_CFTC_COT,Gold,COMEX speculative positioning (CFTC COT),US,2,Medium,,"CFTC Commitments of Traders (Gold Futures, COMEX)",https://www.cftc.gov/dea/futures/other_lf.htm,https://www.cftc.gov/dea/newcot/deafut.txt,file_download,Weekly,last,USD/OZ,2015-01,Y,30,N,,N,,,Medium,CFTC publishes weekly Commitments of Traders reports including COMEX gold futures positioning as a f,2,0.60,
CHINA_FERROCHROME_CHINA_STAINLESS_STEEL_PRODUCTION,Ferrochrome,China stainless steel production,China,2,Medium,,World Steel Association,https://worldsteel.org/steel-topics/statistics/monthly-crude-steel-production/,https://worldsteel.org/steel-topics/statistics/monthly-crude-steel-production/,file_download,Monthly,sum,USD/MT,2015-01,Y,30,N,,N,,,Medium,World Steel Association publishes monthly crude/stainless steel production figures by country includ,2,0.45,
EUROPE_FERROCHROME_CHROME_ORE_PRICE,Ferrochrome,Chrome ore price,Europe,4,Medium,,Fastmarkets,https://www.fastmarkets.com/metals-and-mining/steel-and-steel-raw-materials/chrome-ore-prices,,paid_or_restricted,Weekly,last,USD/MT,2015-01,Y,30,N,,N,,,Medium,Chrome ore prices in Europe are primarily published by commercial price reporting agencies like Fast,2,0.50,
GLOBAL_FERROCHROME_NICKEL_PRICE_COMPETING_STAINLESS_ALLOYING_ELEMENT,Ferrochrome,Nickel price (competing stainless alloying element),Global,2,High,fred,FRED (Federal Reserve Bank of St. Louis) - Global price of Nickel,https://fred.stlouisfed.org/series/PNICKUSDM,series_id:PNICKUSDM,api_key,Monthly,last,USD/MT,2015-01,Y,30,N,,N,fred_api_key,,Medium,"FRED provides the IMF's Global Price of Nickel series in USD/MT monthly, freely accessible via a doc",2,0.90,
EU_FERROCHROME_DEMAND_BASIC_IRON_AND_STEEL_EU_PPI,Ferrochrome,Demand - Basic iron and steel EU - PPI,EU,1,High,eurostat,"Eurostat - Producer Prices in Industry, Domestic Market (Short-term Business Statistics)",https://ec.europa.eu/eurostat/databrowser/view/sts_inpp_m/default/table,dataset:sts_inpp_m | filters:nace_r2=C24;s_adj=NSA;indic_bt=PRC_PRR;geo=EU27_2020;unit=I15,open_api,Monthly,mean,USD/MT,2015-01,Y,30,N,,N,,,Medium,[manual_eurostat_fix 2026-08-05] dataset:sts_inpp_m | filters:nace_r2=C24.10;unit=I15;s_adj=NSA;geo=EU27_2020 -> dataset:sts_inpp_m | filters:nace_r2=C24;s_adj=NSA;indic_bt=PRC_PRR;geo=EU27_2020;unit=I15 | CAVEAT: Eurostat has no C24.10-level PPI; broader C24 basic-metals aggregate used,2,0.75,
INDIA_CARBON_STEEL_INDIA_DOMESTIC_IRON_ORE_PRICE_NMDCODISHA,Carbon Steel,India domestic iron ore price (NMDC/Odisha),India,2,Medium,,NMDC Limited (National Mineral Development Corporation) Iron Ore Price Notifications,https://www.nmdc.co.in/iron-ore-price,,file_download,Monthly,last,INR/MT,2018-01,Y,30,N,,N,,INDIA_CARBON_STEEL_INDIA_DOMESTIC_IRON_ORE_PRICE_NMDCODISHA_ALT,Medium,"NMDC, India's largest iron ore producer (Odisha/Chhattisgarh mines), publicly posts its official dom",2,0.55,
AUSTRALIA_CARBON_STEEL_INDIA_COKING_COAL_IMPORT_PRICE_AUSTRALIAORIGIN_LANDED_COST,Carbon Steel,"India coking coal import price (Australia-origin, landed cost)",Australia,2,Medium,un_comtrade,"UN Comtrade (India imports of coking coal from Australia, HS 270112)",https://comtradeplus.un.org/TradeFlow,reporterCode=356; partnerCode=36; cmdCode=270112; flowCode=M,api_key,Monthly,mean,INR/MT,2018-01,Y,30,N,,N,comtrade_api_key,AUSTRALIA_CARBON_STEEL_INDIA_COKING_COAL_IMPORT_PRICE_AUSTRALIAORIGIN_LANDED_COST_ALT,Medium,UN Comtrade provides bilateral trade value and quantity for India's imports of Australian coking coa,2,0.55,
INDIA_CARBON_STEEL_INDIA_CRUDE_STEEL_PRODUCTION_MANUFACTURING_PMI_CHINA_RETAINED_AS_GLOBAL_SWINGDEMAND_CONTEXT,Carbon Steel,India crude steel production & manufacturing PMI (China retained as global swing-demand context),India,2,Medium,,"Joint Plant Committee, Ministry of Steel (Government of India)",https://jpc.gov.in/en/pages/view/steel-statistics,https://jpc.gov.in/en/pages/view/steel-statistics,file_download,Monthly,sum,INR/MT,2018-01,Y,30,N,,N,,,Medium,JPC under India's Ministry of Steel publishes official monthly crude steel production statistics as ,2,0.45,
INDIA_CARBON_STEEL_INDIA_CONSTRUCTION_INFRASTRUCTURE_DEMAND_GOVERNMENT_CAPEX,Carbon Steel,India construction & infrastructure demand (government capex),India,2,Medium,,"Controller General of Accounts (CGA), Ministry of Finance, India - Union Government Capital Expenditure",https://cga.nic.in/Reports/MonthlyReport.aspx,Monthly Union Government Accounts - Capital Expenditure table,file_download,Monthly,sum,INR/MT,2018-01,Y,30,N,,N,,,Medium,"CGA publishes official monthly capital expenditure figures for the Government of India, a direct pro",2,0.45,
INDIA_CARBON_STEEL_INDIA_INDUSTRIAL_ELECTRICITY_COST_EAF_STEELMAKING,Carbon Steel,India industrial electricity cost (EAF steelmaking),India,3,Medium,manual_yaml,"Central Electricity Authority (CEA), Government of India - Tariff & Duty of Electricity Supply in India Report",https://cea.nic.in/tariff-and-duty-of-electricity-supply-in-india/?lang=en,"CEA Tariff & Duty Report - Industrial category average tariff (INR/kWh) table, converted to INR/MT using EAF specific energy consumption (~600-650 kWh/MT)",multipage_scrape,Annual,mean,INR/MT,2018-01,Y,30,N,,N,,,Medium,CEA publishes an annual public report with state-wise industrial electricity tariffs (INR/kWh) that ,2,0.45,
GLOBAL_CARBON_STEEL_BALTIC_DRY_INDEX_FREIGHT,Carbon Steel,Baltic Dry Index (freight),Global,4,Medium,,Baltic Exchange,https://www.balticexchange.com/en/data-services/market-information0/dry-services.html,,paid_or_restricted,Daily,mean,INR/MT,2018-01,Y,30,N,,N,,,Medium,The Baltic Dry Index is proprietary data published by the Baltic Exchange and only available through,2,0.55,
INDIA_CARBON_STEEL_INDIA_AUTOMOTIVE_PRODUCTION_VOLUMES_STEEL_DEMAND,Carbon Steel,India automotive production volumes (steel demand),India,2,Medium,manual_yaml,Society of Indian Automobile Manufacturers (SIAM),https://www.siam.in/statistics.aspx?mpgid=8&pgidtrail=14,SIAM production statistics tables (monthly/annual vehicle production by category),file_download,Monthly,sum,INR/MT,2018-01,Y,30,N,,N,,,Medium,SIAM is the authoritative Indian industry body publishing free downloadable automotive production vo,2,0.50,
EUROPE_MAGNESIUM_STEARATE_PALM_OIL_STEARIC_ACID_PRICE,Magnesium Stearate,Palm oil / stearic acid price,Europe,1,Medium,worldbank_pinksheet,World Bank Commodity Markets (Pink Sheet),https://www.worldbank.org/en/research/commodity-markets,series:Palm oil,open_api,Monthly,last,USD/MT,2023-01,Y,30,N,,N,,,Medium,World Bank Pink Sheet publishes a globally referenced monthly palm oil price (USD/MT) that serves as,2,0.60,
EUROPE_MAGNESIUM_STEARATE_MAGNESIUM_OXIDE_PRICE,Magnesium Stearate,Magnesium oxide price,Europe,4,Medium,,Fastmarkets,https://www.fastmarkets.com/metals-and-mining/minor-metals/magnesium-oxide,,paid_or_restricted,Monthly,last,USD/MT,2023-01,Y,30,N,,N,,,Medium,Magnesium oxide European pricing is tracked commercially by industry price reporting agencies like F,2,0.40,
EU_MAGNESIUM_STEARATE_EUGERMANY_INDUSTRIAL_ENERGY_COST_PROCESSING,Magnesium Stearate,EU/Germany industrial energy cost (processing),EU,1,High,eurostat,Eurostat - Electricity prices for non-household consumers,https://ec.europa.eu/eurostat/databrowser/view/nrg_pc_205/default/table,dataset:nrg_pc_205 | filters:geo=DE;nrg_cons=TOT_KWH;tax=X_TAX;currency=EUR,open_api,Annual,mean,USD/MT,2023-01,Y,30,N,,N,,,Medium,[manual_eurostat_fix 2026-08-05] dataset:nrg_pc_205 | filters:geo=DE;consom=TOT_TAX;unit=KWH -> dataset:nrg_pc_205 | filters:geo=DE;nrg_cons=TOT_KWH;tax=X_TAX;currency=EUR,2,0.70,
EUROPE_MAGNESIUM_STEARATE_TALLOWVEGETABLE_OIL_FEEDSTOCK_PRICE,Magnesium Stearate,Tallow/vegetable oil feedstock price,Europe,2,Medium,worldbank_pinksheet,World Bank Commodities Price Data (Pink Sheet),https://www.worldbank.org/en/research/commodity-markets,series:Palm oil,api_key,Monthly,last,USD/MT,2023-01,Y,30,N,,N,,EUROPE_MAGNESIUM_STEARATE_TALLOWVEGETABLE_OIL_FEEDSTOCK_PRICE_ALT,Medium,"[ws4 2026-08-05] min_history_years set to the observed ceiling (rounded down) from the 2026-08-04 run's quality_notes -- this driver's data is current (no staleness note), just genuinely shorter-lived than the 8y global default. Re-check if the source later publishes more history.",2,0.55,3
GLOBAL_MAGNESIUM_STEARATE_OCEAN_FREIGHT_RATES,Magnesium Stearate,Ocean freight rates,Global,4,Low,,Freightos Baltic Index (FBX),https://terminal.freightos.com/freightos-baltic-index/,FBX Global Container Freight Index (USD/FEU converted to USD/MT via weight assumptions),api_key,Daily,mean,USD/MT,2023-01,Y,30,N,,N,,,Medium,"The Freightos Baltic Index is the most widely referenced global ocean freight benchmark, but full hi",2,0.35,
EU_MAGNESIUM_STEARATE_EU_GENERIC_DRUG_MANUFACTURING_VOLUME_GROWTH,Magnesium Stearate,EU generic drug manufacturing volume growth,EU,1,Medium,eurostat,"Eurostat - Short-term Business Statistics, Industrial Production Index",https://ec.europa.eu/eurostat/databrowser/view/sts_inpr_m/default/table,dataset:sts_inpr_m | filters:nace_r2=C21;s_adj=SCA;unit=I15;geo=EU27_2020,open_api,Monthly,mean,USD/MT,2023-01,Y,30,N,,N,,,Medium,[manual_eurostat_fix 2026-08-05] dataset:sts_inpr_m | filters:nace_r2=C21;s_adj=SCA;unit=I15 -> dataset:sts_inpr_m | filters:nace_r2=C21;s_adj=SCA;unit=I15;geo=EU27_2020,2,0.60,
EU_MAGNESIUM_STEARATE_TRADE_EU_IMPORTSEXPORTS,Magnesium Stearate,Trade - EU Imports/Exports,EU,2,Medium,un_comtrade,UN Comtrade Database,https://comtradeplus.un.org/,"reporterCode=97;partnerCode=0;cmdCode=291570;flowCode=M,X",api_key,Monthly,sum,USD/MT,2023-01,Y,30,N,,N,comtrade_api_key,,Medium,"Magnesium stearate (a stearic acid salt, HS 291570) trade flows for the EU aggregate can be retrieve",2,0.55,
EUROPE_MAGNESIUM_STEARATE_PETROCHEM_DRIVER_BRENT_CRUDE_OIL,Magnesium Stearate,Petrochem Driver - Brent Crude Oil,Europe,2,High,eia,U.S. Energy Information Administration,https://www.eia.gov/opendata/browser/petroleum,PET.RBRTE.D,api_key,Daily,mean,USD/MT,2023-01,Y,30,N,,N,eia_api_key,,Medium,"EIA publishes daily Europe Brent spot prices (RBRTE) via a free, documented API, making it the most ",2,0.85,
EU_MAGNESIUM_STEARATE_MACRO_EXCHNAGE_RATE_EURUSD,Magnesium Stearate,Macro - Exchnage Rate - EUR/USD,EU,1,High,frankfurter,Frankfurter (ECB exchange rates),https://www.frankfurter.app,base:EUR | target:USD,open_api,Daily,last,USD/MT,2023-01,Y,30,N,,N,,EU_MAGNESIUM_STEARATE_MACRO_EXCHNAGE_RATE_EURUSD_BIS,Medium,"[ws4 2026-08-05] min_history_years set to the observed ceiling (rounded down) from the 2026-08-04 run's quality_notes -- this driver's data is current (no staleness note), just genuinely shorter-lived than the 8y global default. Re-check if the source later publishes more history.",2,0.95,3
BRAZIL_PULP_GLOBAL_PULP_MILL_CAPACITYOUTPUT_BRAZIL_CANADA_SCANDINAVIA,Pulp,"Global pulp mill capacity/output (Brazil, Canada, Scandinavia)",Brazil,2,Medium,pulp_output_composite,Pulp Output Composite (Indufor/FAOSTAT/industry mill capacity aggregator),https://www.fao.org/faostat/en/#data/FO,country=Brazil;commodity=Wood Pulp;metric=Production,open_api,Annual,sum,USD/Ton,2018-01,Y,30,N,,N,,,Medium,The pulp_output_composite connector is purpose-built to aggregate mill capacity/output data across B,2,0.55,
LATIN_AMERICA_CORRUGATED_BOARDS_OLD_CORRUGATED_CONTAINERS_OCC_RECOVERED_PAPER_PRICE,Corrugated Boards,Old corrugated containers (OCC) recovered paper price,Latin America,4,Low,,Fastmarkets RISI (Recovered Paper Price Data),https://www.fastmarkets.com/products/wood-fibre/recovered-paper,Fastmarkets RISI OCC Latin America price series (BRL/MT),paid_or_restricted,Monthly,last,BRL/MT,2021-02,Y,30,N,,N,,,Medium,"OCC recovered paper pricing for Latin America is tracked commercially by Fastmarkets/RISI, a subscri",2,0.35,
BRAZIL_CORRUGATED_BOARDS_BRAZIL_FREIGHTTRANSPORT_COST,Corrugated Boards,Brazil freight/transport cost,Brazil,2,Low,,IPEA - Instituto de Pesquisa Econômica Aplicada (IPEADATA),http://www.ipeadata.gov.br/exibeserie.aspx?serid=38402,IPEADATA API series code ICTR12 (Índice de Custo do Transporte Rodoviário de Carga),api_key,Monthly,mean,BRL/MT,2021-02,Y,30,N,,N,,,Medium,"IPEA publishes a public, API-accessible road freight cost index for Brazil that serves as a reasonab",2,0.35,
INDIA_NATURAL_GAS_INDIA_NATURAL_GAS_INVENTORYSTORAGE_LEVELS,Natural Gas,India natural gas inventory/storage levels,India,3,Low,,"Petroleum Planning & Analysis Cell (PPAC), Ministry of Petroleum & Natural Gas, India",https://ppac.gov.in/natural-gas/production,,multipage_scrape,Monthly,last,USD/MMBtu,2016-01,Y,30,N,,N,,,Medium,"India lacks a formal natural gas storage/inventory reporting system like the US EIA, so PPAC's month",2,0.25,
INDIA_NATURAL_GAS_SECTORAL_GAS_CONSUMPTION_FERTILIZER_CGD_POWER_REFINERY_PETROCHEMICAL_INDIA,Natural Gas,"Sectoral gas consumption - Fertilizer, CGD, Power, Refinery, Petrochemical (India)",India,3,Medium,,"Petroleum Planning & Analysis Cell (PPAC), Government of India",https://ppac.gov.in/naturalgas/gas-production-consumption,,multipage_scrape,Monthly,sum,USD/MMBtu,2016-01,Y,30,N,,N,,,Medium,"PPAC publishes India's sector-wise natural gas consumption (fertilizer, CGD, power, refinery, petroc",2,0.40,
ASIA_NATURAL_GAS_ASIA_LNG_DEMAND_JKM_PRICE,Natural Gas,Asia LNG demand (JKM price),Asia,4,High,,S&P Global Platts (JKM Japan Korea Marker),https://www.spglobal.com/commodityinsights/en/commodity-insights/products/lng-japan-korea-marker.html,JKM daily LNG spot price assessment,paid_or_restricted,Daily,last,USD/MMBtu,2016-01,Y,30,N,,N,,ASIA_NATURAL_GAS_ASIA_LNG_DEMAND_JKM_PRICE_ALT,Medium,JKM is a proprietary daily price assessment published by S&P Global Platts and is not available thro,2,0.85,
INDIA_NATURAL_GAS_INDIA_COALTOGAS_SWITCHING_IN_POWER_GENERATION,Natural Gas,India coal-to-gas switching in power generation,India,2,Medium,,"Petroleum Planning and Analysis Cell (PPAC), Ministry of Petroleum and Natural Gas, Government of India",https://ppac.gov.in/prices/gas-prices,https://ppac.gov.in/prices/gas-prices,file_download,Monthly,mean,USD/MMBtu,2016-01,Y,30,N,,N,,INDIA_NATURAL_GAS_INDIA_COALTOGAS_SWITCHING_IN_POWER_GENERATION_ALT,Medium,PPAC publishes official monthly domestic and imported natural gas price data in USD/MMBtu that under,2,0.45,
INDIA_NATURAL_GAS_IMPORTS_LNG_IMPORTS_INDIA,Natural Gas,Imports - LNG Imports - India,India,3,Medium,manual_yaml,"Petroleum Planning & Analysis Cell (PPAC), Ministry of Petroleum and Natural Gas, Government of India",https://www.ppac.gov.in/prices,table:LNG Import Price (Monthly) - USD/MMBtu,multipage_scrape,Monthly,mean,USD/MMBtu,2016-01,Y,30,N,,N,,,Medium,PPAC publishes official monthly LNG import price data for India in USD/MMBtu but only as downloadabl,2,0.55,
INDIA_NATURAL_GAS_DEMAND_TOTAL_CONSUMPTION,Natural Gas,Demand - Total consumption,India,3,Medium,manual_yaml,"Petroleum Planning & Analysis Cell (PPAC), Ministry of Petroleum and Natural Gas, Government of India",https://ppac.gov.in/natural-gas/consumption,"table:Natural Gas Consumption (sector-wise, monthly)",multipage_scrape,Monthly,sum,USD/MMBtu,2016-01,Y,30,N,,N,,,Medium,PPAC publishes official monthly sector-wise natural gas consumption data for India as downloadable t,2,0.50,
HUNGARY_AVERAGE_WAGES_HUNGARY_UNEMPLOYMENT_RATE_KSH,Average Wages,Hungary unemployment rate (KSH),Hungary,1,High,eurostat,Eurostat,https://ec.europa.eu/eurostat/databrowser/view/une_rt_m/default/table,dataset:une_rt_m | filters:geo=HU;s_adj=SA;age=TOTAL;sex=T;unit=PC_ACT,open_api,Monthly,last,HUF/Month,2018-01,Y,30,N,,N,,,Medium,Eurostat provides harmonized monthly unemployment rate data for Hungary sourced from KSH via a docum,2,0.75,
HUNGARY_AVERAGE_WAGES_HUNGARY_LABOR_FORCE_PARTICIPATION_RATE_KSH,Average Wages,Hungary labor force participation rate (KSH),Hungary,2,Medium,,Hungarian Central Statistical Office (KSH),https://www.ksh.hu/stadat_files/mun/en/mun0031.html,,file_download,Quarterly,last,HUF/Month,2018-01,Y,30,N,,N,,,Medium,KSH publishes labor force participation rate tables directly on its STADAT statistical database as f,2,0.50,
HUNGARY_AVERAGE_WAGES_HUNGARY_CPI_KSH,Average Wages,Hungary CPI (KSH),Hungary,1,High,eurostat,Eurostat,https://ec.europa.eu/eurostat/databrowser/view/prc_hicp_midx/default/table,dataset:prc_hicp_midx | filters:geo=HU;coicop=CP00;unit=I15,open_api,Monthly,last,HUF/Month,2018-01,Y,30,N,,N,,,Medium,"Eurostat publishes harmonized HICP index data for Hungary monthly via an open API, serving as a reli",2,0.75,
HUNGARY_AVERAGE_WAGES_HUNGARY_SECTORAL_EMPLOYMENT_MIX_SHIFT_MANUFACTURING_VS_SERVICES,Average Wages,Hungary sectoral employment mix shift (manufacturing vs. services),Hungary,1,High,eurostat,Eurostat,https://ec.europa.eu/eurostat/databrowser/view/lfsa_egan22d/default/table,dataset:lfsa_egan22d | filters:geo=HU;sex=T;age=Y15-64;nace_r2=TOTAL,open_api,Annual,last,HUF/Month,2018-01,Y,30,N,,N,,,Medium,[manual_eurostat_fix 2026-08-05] dataset:lfsa_egan22d | filters:geo=HU;sex=T;age=Y15-64 -> dataset:lfsa_egan22d | filters:geo=HU;sex=T;age=Y15-64;nace_r2=TOTAL,2,0.75,
GERMANY_CPI_GERMANY_ENERGY_PRICES_FUELELECTRICITY_DESTATISBDEW,CPI,Germany energy prices (fuel/electricity) - Destatis/BDEW,Germany,1,High,eurostat,Eurostat,https://ec.europa.eu/eurostat/databrowser/view/prc_hicp_midx/default/table,dataset:prc_hicp_midx | filters:coicop=CP0451;geo=DE;unit=I15,open_api,Monthly,last,Index,2018-01,Y,30,N,,N,,,Medium,Eurostat's harmonized HICP database provides a monthly energy sub-index for Germany that closely tra,2,0.75,
GERMANY_CPI_GERMANY_FOOD_PRICE_INDEX_DESTATIS,CPI,Germany food price index (Destatis),Germany,1,High,eurostat,Eurostat,https://ec.europa.eu/eurostat/databrowser/view/prc_hicp_midx/default/table,dataset:prc_hicp_midx | filters:coicop=CP01;geo=DE;unit=I15,open_api,Monthly,last,Index,2018-01,Y,30,N,,N,,,Medium,[manual_eurostat_fix 2026-08-05] dataset:prc_hicp_midx | filters:coicop=CP01;geo=DE;unit=INX_A_AVG -> dataset:prc_hicp_midx | filters:coicop=CP01;geo=DE;unit=I15,2,0.75,
GERMANY_CPI_GERMANY_HOUSINGRENT_COST_INDEX_DESTATIS,CPI,Germany housing/rent cost index (Destatis),Germany,1,High,eurostat,Eurostat,https://ec.europa.eu/eurostat/databrowser/view/prc_hicp_midx/default/table,dataset:prc_hicp_midx | filters:coicop=CP041;geo=DE;unit=I15,open_api,Monthly,last,Index,2018-01,Y,30,N,,N,,,Medium,Eurostat's harmonized HICP dataset provides the CP041 (actual rentals for housing) sub-index for Ger,2,0.75,
GERMANY_CPI_GERMANY_CORE_SERVICES_INFLATION_DESTATISBUNDESBANK,CPI,Germany core services inflation (Destatis/Bundesbank),Germany,1,High,eurostat,Eurostat,https://ec.europa.eu/eurostat/databrowser/view/prc_hicp_midx/default/table,dataset:prc_hicp_midx | filters:coicop=SERV;geo=DE;unit=I15,open_api,Monthly,last,Index,2018-01,Y,30,N,,N,,,Medium,Eurostat's harmonized HICP database publishes monthly services-index values (COICOP=SERV) for German,2,0.75,
GERMANY_CPI_GERMANY_WAGE_GROWTH_DESTATIS_VERDIENSTE,CPI,Germany wage growth (Destatis Verdienste),Germany,1,Medium,eurostat,Eurostat,https://ec.europa.eu/eurostat/databrowser/view/lc_lci_r2/default/table,dataset:lc_lci_r2 | filters:geo=DE;unit=I20;nace_r2=B-S,open_api,Quarterly,mean,Index,2018-01,Y,30,N,,N,,,Medium,"Eurostat's Labour Cost Index dataset provides Germany's nominal wage growth index quarterly, alignin",2,0.60,
EU_CPI_EUROZONE_M3_MONEY_SUPPLY_ECB_INTEREST_RATE_POLICY,CPI,Eurozone M3 money supply / ECB interest rate policy,EU,2,Medium,eurostat,Eurostat,https://ec.europa.eu/eurostat/databrowser/view/ei_bsme_m/default/table,dataset:irt_st_m | filters:geo=EA;int_rt=IRT_M3,open_api,Monthly,last,Index,2018-01,Y,30,N,,N,,,Medium,[manual_eurostat_fix 2026-08-05] dataset:ei_bsme_m -> dataset:irt_st_m | filters:geo=EA;int_rt=IRT_M3 | CAVEAT: Fixes interest-rate half only; Eurostat has no M3 money-supply dataset,2,0.60,
GERMANY_CPI_GERMANY_IMPORT_PRICE_INDEX_DESTATIS,CPI,Germany import price index (Destatis),Germany,2,High,eurostat,Eurostat,https://ec.europa.eu/eurostat/databrowser/view/sts_inpi_m/default/table,dataset:sts_inpi_m | filters:geo=DE,open_api,Monthly,last,Index,2018-01,Y,30,N,,N,,,Medium,Eurostat's short-term statistics import price index dataset (sts_inpi_m) provides Germany's import p,2,0.70,
GLOBAL_CPI_GLOBAL_SUPPLY_CHAIN_PRESSURE_INDEX,CPI,Global Supply Chain Pressure Index,Global,1,High,manual_yaml,Federal Reserve Bank of New York,https://www.newyorkfed.org/research/policy/gscpi,https://www.newyorkfed.org/medialibrary/research/interactives/gscpi/downloads/gscpi_data.xlsx,file_download,Monthly,last,Index,2018-01,Y,30,N,,N,,,Medium,"The NY Fed publishes the Global Supply Chain Pressure Index monthly as a free, directly downloadable",2,0.90,
GERMANY_CPI_GERMANY_USED_NEW_VEHICLE_PRICE_INDEX_DESTATIS,CPI,Germany used & new vehicle price index (Destatis),Germany,2,Medium,eurostat,Eurostat (HICP by COICOP),https://ec.europa.eu/eurostat/databrowser/view/prc_hicp_midx/default/table?lang=en,dataset:prc_hicp_midx | filters:geo=DE;coicop=CP0711;unit=I15,open_api,Monthly,last,Index,2018-01,Y,30,N,,N,,,Medium,Eurostat publishes the harmonized HICP sub-index for purchase of vehicles (COICOP CP0711) for German,2,0.60,
USA_PPI_INPUT_COMMODITY_PRICES_ENERGY_METALS_AG,PPI,"Input commodity prices (energy, metals, ag)",USA,1,High,fred,Federal Reserve Economic Data (FRED) - PPI by Commodity,https://fred.stlouisfed.org/series/PPIACO,series_id:PPIACO,api_key,Monthly,last,Index,2018-01,Y,30,N,,N,fred_api_key,,Medium,"FRED provides the BLS-sourced All Commodities PPI index via a free, well-documented API suitable as ",2,0.85,
USA_PPI_ENERGY_COSTS,PPI,Energy costs,USA,1,High,fred,FRED (Federal Reserve Bank of St. Louis),https://fred.stlouisfed.org/series/PPIENG,series_id:PPIENG,open_api,Monthly,last,Index,2018-01,Y,30,N,,N,fred_api_key,,Medium,FRED provides the BLS Producer Price Index for the energy special aggregate (PPIENG) as a monthly in,2,0.90,
USA_PPI_FREIGHTLOGISTICS_COSTS,PPI,Freight/logistics costs,USA,1,High,fred,FRED (Federal Reserve Bank of St. Louis) - Producer Price Index by Industry: General Freight Trucking,https://fred.stlouisfed.org/series/PCU4841214841212,series_id:PCU4841214841212,api_key,Monthly,last,Index,2018-01,Y,30,N,,N,fred_api_key,,Medium,BLS PPI data for general freight trucking is published via FRED with a documented free API key acces,2,0.85,
USA_PPI_MANUFACTURING_PMI,PPI,Manufacturing PMI,USA,4,Medium,,Institute for Supply Management (ISM),https://www.ismworld.org/supply-management-news-and-reports/reports/ism-report-on-business/pmi/manufacturing/,ISM Manufacturing PMI Composite Index (monthly report),paid_or_restricted,Monthly,last,Index,2018-01,Y,30,N,,N,,,Medium,ISM is the sole publisher of the Manufacturing PMI and full historical/machine-readable data access ,2,0.55,
USA_PPI_EXCHANGE_RATE_MOVEMENTS,PPI,Exchange rate movements,USA,1,High,fred,Federal Reserve Economic Data (FRED) - Trade Weighted U.S. Dollar Index,https://fred.stlouisfed.org/series/DTWEXBGS,series_id:DTWEXBGS,api_key,Daily,mean,Index,2018-01,Y,30,N,,N,fred_api_key,,Medium,"FRED provides the Federal Reserve's broad trade-weighted USD index via a free documented API, servin",2,0.85,
USA_PPI_LABOR_COSTS_UNIT_LABOR_COST_INDEX,PPI,Labor costs (unit labor cost index),USA,1,High,fred,Federal Reserve Economic Data (FRED) - Nonfarm Business Sector: Unit Labor Costs,https://fred.stlouisfed.org/series/ULCNFB,series_id:ULCNFB,api_key,Quarterly,last,Index,2018-01,Y,60,N,,N,fred_api_key,,Medium,"[ws4 2026-08-05] update_lag_days widened 30->60: native_frequency=Quarterly matches the detected cadence already, but a 30-day default budget doesn't fit a ~91-day reporting cycle; 60 days (122d total budget) covers one quarter plus normal publication lag.",2,0.85,
APAC_PPI_CAPACITY_UTILIZATION_RATE,PPI,Capacity utilization rate,APAC,2,Low,manual_yaml,"Japan Ministry of Economy, Trade and Industry (METI) - Indices of Industrial Production, Capacity Utilization Index",https://www.e-stat.go.jp/en/stat-search/files?page=1&toukei=00550100,"e-Stat API: statsDataId for METI Capacity Utilization Index (Indices of Industrial Production series), monthly, seasonally adjusted",api_key,Monthly,mean,Index,2018-01,Y,30,N,,N,,APAC_PPI_CAPACITY_UTILIZATION_RATE_ALT,Medium,"No single APAC-wide capacity utilization index exists publicly, so Japan's METI capacity utilization",2,0.35,
GLOBAL_PPI_GLOBAL_SUPPLY_CHAIN_PRESSURE_INDEX,PPI,Global Supply Chain Pressure Index,Global,2,High,,Federal Reserve Bank of New York - Global Supply Chain Pressure Index,https://www.newyorkfed.org/research/policy/gscpi,file:gscpi_data | series:Global Supply Chain Pressure Index,file_download,Monthly,last,Index,2018-01,Y,30,N,,N,fred_api_key,,Medium,"[ws3 2026-08-05] GSCPI (series_id='GSCPI') was never a real FRED series -- confirmed live that GSCPI is published only by the NY Fed directly, not mirrored on FRED under any ID. Reclassified from connector=fred to generic Tier-2 file discovery: source_url is the NY Fed's own GSCPI page, which links a monthly-updated gscpi_data.xlsx workbook (URL confirmed live: newyorkfed.org/medialibrary/research/interactives/gscpi/downloads/gscpi_data.xlsx). Uses the same generic file-download mechanism as every other file_download row -- no dedicated connector needed.",2,0.85,
USA_PPI_SEMICONDUCTORCHIP_PRICE_INDEX,PPI,Semiconductor/chip price index,USA,2,High,fred,U.S. Bureau of Labor Statistics - PPI Semiconductor and Related Device Manufacturing,https://fred.stlouisfed.org/series/PCU334413334413,series_id:PCU334413334413,api_key,Monthly,last,Index,2018-01,Y,30,N,,N,fred_api_key,,Medium,BLS producer price index for semiconductor and related device manufacturing (NAICS 334413) is publis,2,0.80,
USA_PPI_CONSTRUCTION_MATERIALS_PRICE_INDEX,PPI,Construction materials price index,USA,1,High,fred,FRED (Federal Reserve Bank of St. Louis) - Producer Price Index by Commodity: Special Indexes: Construction Materials,https://fred.stlouisfed.org/series/WPUSI012011,series_id:WPUSI012011,api_key,Monthly,last,Index,2018-01,Y,30,N,,N,fred_api_key,,Medium,"FRED hosts the BLS PPI Construction Materials special index as a free, API-accessible monthly series",2,0.90,
CHINA_LCI_CHINA_MANUFACTURING_EMPLOYMENT_LEVELS,LCI China,Manufacturing employment levels,China,2,Medium,,National Bureau of Statistics of China,https://data.stats.gov.cn/english/easyquery.htm?cn=A01,"https://data.stats.gov.cn/english/easyquery.htm?cn=A01 (Average Wage of Employed Persons in Urban Units by Industry, Manufacturing)",file_download,Annual,last,CNY/Month,2015-01,Y,30,N,,N,,,Medium,"NBS China publishes official manufacturing employment and wage statistics free of charge, though onl",2,0.45,
CHINA_LCI_CHINA_CHINA_CPI,LCI China,China CPI,China,2,High,fred,FRED (Federal Reserve Bank of St. Louis) - China Consumer Price Index,https://fred.stlouisfed.org/series/CHNCPIALLMINMEI,series_id:CHNCPIALLMINMEI,api_key,Monthly,last,CNY/Month,2015-01,Y,30,N,,N,fred_api_key,,Medium,"FRED republishes China's monthly CPI index (sourced from OECD/NBS) via a free, documented API requir",2,0.85,
CHINA_LCI_CHINA_CHINA_GDP_GROWTH_RATE,LCI China,China GDP growth rate,China,1,High,fred,FRED (Federal Reserve Bank of St. Louis) - OECD China GDP Growth Rate,https://fred.stlouisfed.org/series/NAEXKP01CNQ657S,series_id:NAEXKP01CNA657S,open_api,Quarterly,last,CNY/Month,2015-01,Y,30,N,,N,fred_api_key,,Medium,"[ws3 2026-08-05] NAEXKP01CNQ657S does not exist on FRED (400/404 confirmed live) -- no quarterly variant of this OECD series is published under FRED's naming. Replaced with NAEXKP01CNA657S (GDP by Expenditure, Constant Prices, Total, China, ANNUAL), the real FRED series this ID pattern maps to. Frequency changed from quarterly to annual as a result -- downstream rollup already forward-fills sub-annual gaps.",2,0.75,
AUSTRALIA_LCI_AUSTRALIA_RBA_CASH_RATE,LCI Australia,RBA cash rate,Australia,2,High,,Reserve Bank of Australia,https://www.rba.gov.au/statistics/cash-rate/,https://www.rba.gov.au/statistics/cash-rate/,file_download,Daily,last,AUD/Hour,2014-11,Y,30,N,,N,,,Medium,"The RBA publishes the official cash rate target series directly and freely on its statistics page, u",2,0.70,
AUSTRALIA_LCI_AUSTRALIA_UNEMPLOYMENT_RATE,LCI Australia,Unemployment rate,Australia,2,Medium,,Australian Bureau of Statistics,https://www.abs.gov.au/statistics/labour/employment-and-unemployment/labour-force-australia/latest-release,,file_download,Monthly,last,AUD/Hour,2014-11,Y,30,N,,N,,,Medium,ABS Labour Force Australia is the official monthly unemployment rate release but requires manual dow,2,0.55,
AUSTRALIA_LCI_AUSTRALIA_AUSTRALIA_CPI,LCI Australia,Australia CPI,Australia,2,Medium,manual_yaml,Australian Bureau of Statistics,https://www.abs.gov.au/statistics/economy/price-indexes-and-inflation/consumer-price-index-australia/latest-release,table:CPI All Groups Australia (ABS Cat. 6401.0),file_download,Quarterly,last,AUD/Hour,2014-11,Y,30,N,,N,,,Medium,"The ABS is the authoritative free publisher of Australia's CPI, released quarterly as downloadable s",2,0.60,
AUSTRALIA_LCI_AUSTRALIA_NET_OVERSEAS_MIGRATION,LCI Australia,Net overseas migration,Australia,2,Medium,,Australian Bureau of Statistics,https://www.abs.gov.au/statistics/people/population/net-overseas-migration/latest-release,https://www.abs.gov.au/statistics/people/population/net-overseas-migration/latest-release,api_key,Quarterly,last,AUD/Hour,2014-11,Y,30,N,,N,,,Medium,"ABS publishes Net Overseas Migration quarterly as part of its National, State and Territory Populati",2,0.55,
AUSTRALIA_LCI_AUSTRALIA_MINING_SECTOR_WAGE_PREMIUM,LCI Australia,Mining sector wage premium,Australia,2,Medium,manual_yaml,"Australian Bureau of Statistics - Average Weekly Earnings, Australia",https://www.abs.gov.au/statistics/labour/earnings-and-working-conditions/average-weekly-earnings-australia,table:Average Weekly Earnings by Industry (Mining) - Table 11,file_download,Quarterly,mean,AUD/Hour,2014-11,Y,30,N,,N,,,Medium,ABS publishes quarterly average weekly earnings by industry (including Mining) which can be used to ,2,0.55,
SOUTH_AFRICA_CEMENT_COALPETCOKE_PRICE_KILN_FUEL,Cement,Coal/petcoke price (kiln fuel),South Africa,1,High,worldbank_pinksheet,World Bank Commodity Markets (Pink Sheet),https://www.worldbank.org/en/research/commodity-markets,"series:Coal, South African",open_api,Monthly,mean,Index,2021-01,Y,30,N,,N,,,Medium,World Bank Pink Sheet publishes a monthly South African coal export price series that can serve as a,2,0.70,
SOUTH_AFRICA_CEMENT_SOUTH_AFRICA_ELECTRICITY_COST_ESKOM_TARIFFS,Cement,South Africa electricity cost (Eskom tariffs),South Africa,3,Medium,,Eskom (National Energy Regulator of South Africa tariff schedules),https://www.eskom.co.za/distribution/tariffs-and-charges/,,multipage_scrape,Annual,last,Index,2021-01,Y,30,N,,N,,,Medium,"Eskom publishes its approved tariff schedules and average price increases annually on its website, b",2,0.40,
SOUTH_AFRICA_CEMENT_SOUTH_AFRICA_CONSTRUCTION_HOUSING_STARTS_STATS_SA,Cement,South Africa construction & housing starts (Stats SA),South Africa,2,Medium,,Statistics South Africa (Stats SA),https://www.statssa.gov.za/?page_id=1854&PPN=P5041.1,"Building Statistics (P5041.1) - Selected building statistics of the private sector, monthly release",file_download,Monthly,sum,Index,2021-01,Y,30,N,,N,,SOUTH_AFRICA_CEMENT_SOUTH_AFRICA_CONSTRUCTION_HOUSING_STARTS_STATS_SA_ALT,Medium,Stats SA publishes monthly building plans passed/completed statistics as the closest public proxy fo,2,0.55,
SOUTH_AFRICA_CEMENT_SOUTH_AFRICA_FREIGHTTRANSPORT_COST,Cement,South Africa freight/transport cost,South Africa,2,Medium,manual_yaml,Statistics South Africa (StatsSA),https://www.statssa.gov.za/?page_id=1854&PPN=P7161,StatsSA P7161 Road Freight Transport Survey - Transport Cost Index,file_download,Quarterly,last,Index,2021-01,Y,30,N,,N,,,Medium,StatsSA's Road Freight Transport survey publishes a quarterly transport/freight cost index for South,2,0.50,
SOUTH_AFRICA_CEMENT_SOUTH_AFRICA_LIMESTONERAW_MATERIAL_COST,Cement,South Africa limestone/raw material cost,South Africa,3,Low,,Statistics South Africa (Stats SA) - Producer Price Index,https://www.statssa.gov.za/?page_id=1854,"PPI - Mining of stone, sand and clay / non-metallic mineral products",multipage_scrape,Monthly,last,Index,2021-01,Y,30,N,,N,,,Medium,Stats SA publishes PPI series covering mining and non-metallic mineral products which serve as the c,2,0.35,
SOUTH_AFRICA_CEMENT_SOUTH_AFRICA_GOVERNMENT_INFRASTRUCTURE_SPENDING_NATIONAL_TREASURY_BUDGET,Cement,South Africa government infrastructure spending (National Treasury budget),South Africa,2,Medium,,National Treasury / Vulekamali Open Budget Portal,https://vulekamali.gov.za/,,file_download,Annual,sum,Index,2021-01,Y,30,N,,N,,,Medium,"Vulekamali is South Africa's official open budget data portal built on National Treasury figures, pr",2,0.55,
CHINA_AIR_FREIGHT_CHINA_JET_FUEL_PRICE,Air Freight,China jet fuel price,China,3,Low,,National Development and Reform Commission (NDRC) of China - Refined Oil Price Adjustment Notices,https://www.ndrc.gov.cn/xxgk/zcfb/tz/,manual extraction of jet fuel (航空煤油) price adjustment notices,multipage_scrape,Monthly,last,Index,2018-01,Y,30,N,,N,,,Medium,China's domestic jet fuel price is administratively set and periodically announced by the NDRC on it,2,0.35,
CHINA_AIR_FREIGHT_GLOBAL_AIR_CARGO_TRADE_VOLUMES,Air Freight,Global air cargo trade volumes,China,2,Medium,,National Bureau of Statistics of China,https://data.stats.gov.cn/english/easyquery.htm?cn=A01,https://data.stats.gov.cn/english/easyquery.htm?cn=A01&zb=A0D0F&sj=,open_api,Monthly,sum,Index,2018-01,Y,30,N,,N,,,Medium,China's NBS publishes monthly civil aviation cargo and mail traffic (a standard proxy for air cargo ,2,0.45,
APAC_AIR_FREIGHT_PASSENGER_BELLY_CARGO_CAPACITY,Air Freight,Passenger belly cargo capacity,APAC,4,Medium,,IATA Air Cargo Market Analysis,https://www.iata.org/en/publications/economics/air-cargo-market-analysis/,IATA Air Cargo Market Analysis - APAC belly capacity index (monthly report),paid_or_restricted,Monthly,last,Index,2018-01,Y,30,N,,N,,,Medium,IATA publishes belly cargo capacity indices by region in its subscription-based Air Cargo Market Ana,2,0.40,
ASIAPACIFIC_AIR_FREIGHT_IATA_ASIAPACIFIC_AIR_CARGO_CTK_INDEX,Air Freight,IATA Asia-Pacific air cargo CTK index,Asia-Pacific,4,Medium,,IATA (International Air Transport Association) Air Cargo Market Analysis,https://www.iata.org/en/iata-repository/publications/economic-reports/air-cargo-market-analysis---december-2024/,,paid_or_restricted,Monthly,last,Index,2018-01,Y,30,N,,N,,,Medium,IATA publishes CTK (cargo tonne-km) regional indices in its monthly Air Cargo Market Analysis report,2,0.40,
APAC_AIR_FREIGHT_AIRCRAFT_FLEET_CAPACITYDELIVERIES,Air Freight,Aircraft fleet capacity/deliveries,APAC,2,Low,manual_yaml,Boeing Commercial Airplanes - Orders and Deliveries,https://www.boeing.com/commercial/#/orders-deliveries,"orders-deliveries export (filter region=Asia Pacific, monthly delivery counts aggregated to index)",file_download,Monthly,sum,Index,2018-01,Y,30,N,,N,,APAC_AIR_FREIGHT_AIRCRAFT_FLEET_CAPACITYDELIVERIES_PADMA,Medium,"Boeing publishes a free, downloadable global orders-and-deliveries dataset that can be filtered by A",2,0.35,
CHINA_AIR_FREIGHT_CARGO_LOAD_FACTOR_CTL,Air Freight,Cargo Load Factor (CTL),China,4,Medium,,IATA Air Cargo Market Analysis,https://www.iata.org/en/publications/market-analysis/cargo-market-analysis/,,paid_or_restricted,Monthly,mean,Index,2018-01,Y,30,N,,N,,,Medium,IATA publishes global and regional cargo load factor data including China/Asia-Pacific but requires ,2,0.40,
CHINA_AIR_FREIGHT_MANUFACTURING_PMI,Air Freight,Manufacturing PMI,China,2,Medium,manual_yaml,National Bureau of Statistics of China,http://www.stats.gov.cn/english/PressRelease/,NBS monthly PMI manufacturing index release (English press releases),file_download,Monthly,last,Index,2018-01,Y,30,N,,N,,,Medium,"The NBS is the official publisher of China's Manufacturing PMI, releasing it monthly via press relea",2,0.55,
GLOBAL_AIR_FREIGHT_SUBSTITUTE_OCEAN_FREIGHT_RATES,Air Freight,Substitute - Ocean freight Rates,Global,1,High,fred,Federal Reserve Bank of Dallas (Freightos Baltic Global Container Freight Index),https://fred.stlouisfed.org/series/FRGSHPUSM649NCIS,series_id:FRGSHPUSM649NCIS,open_api,Monthly,mean,Index,2018-01,Y,30,N,,N,fred_api_key,,Medium,"FRED hosts a global container freight rate index (Freightos Baltic Index derived) as a free, API-acc",2,0.75,
GLOBAL_OCEAN_FREIGHT_BUNKER_FUEL_PRICE,Ocean Freight,Bunker fuel price,Global,1,Medium,fred,U.S. Energy Information Administration (EIA),https://www.eia.gov/dnav/pet/pet_pri_spt_s1_w.htm,series_id:DHOILNYH,api_key,Weekly,mean,Index,2018-01,Y,30,Y,,N,eia_api_key,,Medium,"[ws3 2026-08-05] PET.EER_EPPR1_PF4_Y35NY_DPG.W does not exist on EIA (404 confirmed live) -- EIA does not publish a marine bunker/IFO fuel price series at all (checked its own series-ID reference; only refined-product spot prices are covered). Reclassified from connector=eia to connector=fred, series_id=DHOILNYH (No. 2 Heating Oil, New York Harbor) -- the standard practitioner proxy for marine gasoil/bunker price movements, confirmed live as a real, current FRED series. Marked is_proxy=Y; not a literal bunker fuel quote.",2,0.55,
GLOBAL_OCEAN_FREIGHT_BALTIC_DRY_INDEX,Ocean Freight,Baltic Dry Index,Global,4,Medium,,Baltic Exchange / Trading Economics (Baltic Dry Index),https://tradingeconomics.com/commodity/baltic,,paid_or_restricted,Daily,last,Index,2018-01,Y,30,N,,N,,,Medium,The Baltic Dry Index is proprietary data owned by the Baltic Exchange and distributed through licens,2,0.60,
EU_OCEAN_FREIGHT_CHINAEU_PORT_CONGESTION_LEVELS_SHANGHAI_ROTTERDAM,Ocean Freight,"China/EU port congestion levels (Shanghai, Rotterdam)",EU,3,Medium,,IMF PortWatch,https://portwatch.imf.org/pages/port-congestion,https://portwatch.imf.org/datasets/portwatch::daily-port-activity/api,api_key,Daily,mean,Index,2018-01,Y,30,N,,N,,,Medium,"IMF PortWatch publishes a free, publicly accessible daily port congestion index (including Shanghai ",2,0.45,
CHINA_OCEAN_FREIGHT_CARGO_DEMAND_AND_PORT_ACTIVITY,Ocean Freight,Cargo demand and port activity,China,2,Medium,china_customs,General Administration of Customs of China,http://english.customs.gov.cn/Statics/48f1a4d9-5776-4a90-a89e-2b6d5c2c2f1a.html,trade_value_and_volume_monthly,open_api,Monthly,sum,Index,2018-01,Y,30,N,,N,,,Medium,China Customs trade volume data serves as a proxy for cargo demand and port activity feeding ocean f,2,0.45,
CHINA_OCEAN_FREIGHT_GLOBAL_PMI,Ocean Freight,Global PMI,China,2,Medium,,National Bureau of Statistics of China,https://data.stats.gov.cn/english/easyquery.htm?cn=A01,,file_download,Monthly,last,Index,2018-01,Y,30,N,,N,,,Medium,"NBS China publishes the official Manufacturing PMI monthly as free public data, though it lacks a do",2,0.55,
CHINA_OCEAN_FREIGHT_RETAIL_SALES_EUROPECHINA,Ocean Freight,Retail Sales - Europe/China,China,2,Medium,manual_yaml,National Bureau of Statistics of China,https://data.stats.gov.cn/english/easyquery.htm?cn=A01,table:A01 | indicator:Total Retail Sales of Consumer Goods Index,file_download,Monthly,last,Index,2018-01,Y,30,N,,N,,,Medium,China's National Bureau of Statistics publishes an official monthly retail sales index that is freel,2,0.55,
CHINA_OCEAN_FREIGHT_GLOBAL_TRADE_VOLUMES,Ocean Freight,Global Trade Volumes,China,2,Medium,china_customs,General Administration of Customs of China,http://english.customs.gov.cn/Statics/eb4e1c9c-2f8e-4c1c-8f9a-6f7cf4e6d0a1.html,commodity_desc=TOTAL TRADE; statisticcat_desc=EXPORT+IMPORT VOLUME,open_api,Monthly,sum,Index,2018-01,Y,30,N,,N,,,Medium,China Customs publishes monthly aggregate trade volume statistics that can serve as a proxy index fo,2,0.45,
GLOBAL_PROPYLENE_CRUDE_OIL_PRICE,Propylene,Crude oil price,Global,1,High,fred,FRED (Federal Reserve Bank of St. Louis) - Crude Oil Prices: Brent - Europe,https://fred.stlouisfed.org/series/DCOILBRENTEU,series_id:DCOILBRENTEU,open_api,Daily,mean,USD/MT,2015-01,Y,30,N,,N,fred_api_key,GLOBAL_PROPYLENE_CRUDE_OIL_PRICE_EIA,Medium,"FRED provides a free, open-API daily Brent crude oil price series widely used as a global benchmark ",2,0.85,
EUROPE_PROPYLENE_NAPHTHA_PRICE,Propylene,Naphtha price,Europe,4,Medium,,S&P Global Platts,https://www.spglobal.com/commodityinsights/en/products-services/oil/naphtha-price-assessments,Naphtha CIF NWE Cargoes Assessment,paid_or_restricted,Daily,mean,USD/MT,2015-01,Y,30,N,,N,,,Medium,European naphtha spot prices are predominantly published by S&P Global Platts as a subscription pric,2,0.50,
EUROPE_PROPYLENE_ETHYLENEPROPYLENE_PRICE_RATIO_COPRODUCT_ECONOMICS,Propylene,Ethylene/propylene price ratio (co-product economics),Europe,4,Medium,,ICIS Propylene/Ethylene Europe Contract Price,https://www.icis.com/explore/commodities/chemicals/propylene/,,paid_or_restricted,Monthly,last,USD/MT,2015-01,Y,30,N,,N,,,Medium,European ethylene and propylene contract/spot prices are tracked by commercial petrochemical price r,2,0.50,
EU_PROPYLENE_EUGERMANY_AUTOMOTIVE_PACKAGING_DEMAND_PP_ENDUSE,Propylene,EU/Germany automotive & packaging demand (PP end-use),EU,2,Medium,eurostat,"Eurostat - Short-term Business Statistics, Industrial Production Index",https://ec.europa.eu/eurostat/databrowser/view/sts_inpr_m/default/table,dataset:sts_inpr_m | filters:nace_r2=C22;geo=DE;unit=I15;s_adj=SCA,open_api,Monthly,mean,USD/MT,2015-01,Y,30,N,,N,,,Medium,Eurostat's industrial production index for NACE C22 (rubber & plastic products) in Germany serves as,2,0.50,
EUROPE_PROPYLENE_UTILITYFEEDSTOCK_NATURAL_GAS,Propylene,Utility/Feedstock - Natural gas,Europe,1,High,fred,"FRED (Federal Reserve Economic Data) - IMF Global Price of Natural Gas, EU",https://fred.stlouisfed.org/series/PNGASEUUSDM,series_id:PNGASEUUSDM,open_api,Monthly,mean,USD/MT,2015-01,Y,30,N,,N,fred_api_key,EUROPE_PROPYLENE_UTILITYFEEDSTOCK_NATURAL_GAS_EIA,Medium,"FRED provides an open API for IMF's monthly EU natural gas price benchmark (TTF-based) in USD terms,",2,0.70,
EUROPE_PROPYLENE_DOWNSTREAM_PRICES_PROPYLENE_OXIDE,Propylene,Downstream prices - Propylene Oxide,Europe,4,Medium,,ICIS,https://www.icis.com/explore/commodities/chemicals/propylene-oxide/,,paid_or_restricted,Weekly,mean,USD/MT,2015-01,Y,30,N,,N,,,Medium,Propylene oxide European contract/spot prices are tracked by commercial price reporting agencies lik,2,0.50,
EUROPE_PROPYLENE_ACRYLIC_ACID,Propylene,Acrylic Acid,Europe,4,Medium,,ICIS (Independent Commodity Intelligence Services),https://www.icis.com/explore/commodities/chemicals/acrylic-acid/,,paid_or_restricted,Weekly,mean,USD/MT,2015-01,Y,30,N,,N,,,Medium,Acrylic acid European contract/spot prices are tracked by commercial chemical market intelligence pr,2,0.50,
EUROPE_PROPYLENE_DEMAND_CONSTRUCTION_ACTIVITY,Propylene,Demand - Construction Activity,Europe,2,Medium,eurostat,Eurostat,https://ec.europa.eu/eurostat/databrowser/view/sts_copr_m/default/table,"dataset:sts_copr_m|filters:indic_bt=PROD,nace_r2=F,s_adj=SCA",open_api,Monthly,mean,USD/MT,2015-01,Y,30,N,,N,,,Medium,Eurostat's short-term statistics on construction production (sts_copr_m) provides a monthly index of,2,0.55,
EUROPE_PROPYLENE_TRADE_IMPORTEXPORT,Propylene,Trade - Import/Export,Europe,2,Medium,un_comtrade,UN Comtrade,https://comtradeplus.un.org/,"cmdCode=290122; flowCode=M,X; reporterCode=97",api_key,Monthly,sum,USD/MT,2015-01,Y,30,N,,N,comtrade_api_key,,Medium,UN Comtrade provides HS-coded (290122 = propylene) import/export trade value and volume data for EU-,2,0.55,
CHINA_STYRENEBUTADIENE_RUBBER_SBR_CHINA_BUTADIENE_PRICE_CFR_CHINA,Styrene-Butadiene Rubber (SBR),China butadiene price (CFR China),China,4,Medium,,Fastmarkets,https://www.fastmarkets.com/products/chemicals/butadiene-prices,,paid_or_restricted,Weekly,last,USD/MT,2015-01,Y,30,N,,N,,,Medium,China CFR butadiene prices are tracked by commercial price-reporting agencies such as Fastmarkets/IC,2,0.55,
CHINA_STYRENEBUTADIENE_RUBBER_SBR_CHINA_STYRENE_PRICE_CFR_CHINA,Styrene-Butadiene Rubber (SBR),China styrene price (CFR China),China,4,Medium,,Fastmarkets,https://www.fastmarkets.com/,,paid_or_restricted,Weekly,last,USD/MT,2015-01,Y,30,N,,N,,,Medium,Styrene CFR China spot price is a commercial petrochemical price assessment typically published by p,2,0.40,
GLOBAL_STYRENEBUTADIENE_RUBBER_SBR_CRUDE_OIL_PRICE,Styrene-Butadiene Rubber (SBR),Crude oil price,Global,1,High,fred,FRED (Federal Reserve Bank of St. Louis) - Brent Crude Oil Price,https://fred.stlouisfed.org/series/DCOILBRENTEU,series_id:DCOILBRENTEU,open_api,Daily,mean,USD/MT,2015-01,Y,30,N,,N,fred_api_key,GLOBAL_STYRENEBUTADIENE_RUBBER_SBR_CRUDE_OIL_PRICE_EIA,Medium,"FRED provides free, open-API daily Brent crude oil prices in USD/barrel, a globally recognized proxy",2,0.90,
GLOBAL_STYRENEBUTADIENE_RUBBER_SBR_NATURAL_RUBBER_PRICE_SUBSTITUTE,Styrene-Butadiene Rubber (SBR),Natural rubber price (substitute),Global,1,High,worldbank_pinksheet,World Bank Commodity Markets (Pink Sheet),https://www.worldbank.org/en/research/commodity-markets,"series:Rubber, singapore",api_key,Monthly,last,USD/MT,2015-01,Y,30,N,,N,,,Medium,"World Bank Pink Sheet publishes a monthly global natural rubber (Singapore) price in USD/MT, a stand",2,0.80,
CHINA_STYRENEBUTADIENE_RUBBER_SBR_CHINA_AUTO_PRODUCTION,Styrene-Butadiene Rubber (SBR),China auto production,China,3,Medium,manual_yaml,China Association of Automobile Manufacturers (CAAM),http://www.caam.org.cn/chn/4/cate_30/con_5223829.html,"CAAM monthly auto production statistics table (vehicles produced, units)",multipage_scrape,Monthly,sum,USD/MT,2015-01,Y,30,N,,N,,,Medium,"CAAM publishes official monthly Chinese vehicle production figures but offers no API, so the page mu",2,0.40,
CHINA_STYRENEBUTADIENE_RUBBER_SBR_CHINA_NAPHTHA_PRICE_FEEDSTOCK,Styrene-Butadiene Rubber (SBR),China naphtha price (feedstock),China,4,Medium,,S&P Global Platts (China Naphtha CFR Japan/China Assessments),https://www.spglobal.com/commodityinsights/en/ci/products/naphtha-prices.html,China naphtha CFR spot assessment,paid_or_restricted,Daily,mean,USD/MT,2015-01,Y,30,N,,N,,,Medium,China naphtha feedstock prices are tracked by commercial price reporting agencies like Platts/Argus/,2,0.40,
GLOBAL_STYRENEBUTADIENE_RUBBER_SBR_OCEAN_FREIGHT_RATES,Styrene-Butadiene Rubber (SBR),Ocean freight rates,Global,4,Medium,,Freightos Baltic Index (FBX),https://fbx.freightos.com/,,paid_or_restricted,Daily,mean,USD/MT,2015-01,Y,30,N,,N,,,Medium,Ocean freight rate indices for global container/bulk shipping are maintained by commercial providers,2,0.40,
ASIA_STYRENEBUTADIENE_RUBBER_SBR_UTILITY_NATURAL_GAS,Styrene-Butadiene Rubber (SBR),Utility - Natural Gas,Asia,2,High,worldbank_pinksheet,World Bank Commodity Markets (Pink Sheet),https://www.worldbank.org/en/research/commodity-markets,"series:Liquefied natural gas, Japan",api_key,Monthly,mean,USD/MT,2015-01,Y,30,N,,N,,,Medium,World Bank Pink Sheet publishes a monthly Japan LNG import price series that serves as the standard ,2,0.72,
ASIA_STYRENEBUTADIENE_RUBBER_SBR_DOWNSTEAM_INDUSTRIAL_RUBBER_GOODS_PRODUCTION,Styrene-Butadiene Rubber (SBR),Downsteam - Industrial Rubber Goods Production,Asia,4,Low,,CEIC / National Statistical Agencies - Industrial Rubber Goods Production data not freely available; proposing Fastmarkets as commodity price/production proxy,https://www.fastmarkets.com/commodities/rubber,,paid_or_restricted,Monthly,mean,USD/MT,2015-01,Y,30,N,,N,,,Medium,Industrial rubber goods production values in USD/MT for Asia are typically tracked by paid market-re,2,0.30,
ASIA_STYRENEBUTADIENE_RUBBER_SBR_TRADE_IMPORTEXPORT,Styrene-Butadiene Rubber (SBR),Trade - Import/Export,Asia,2,Medium,un_comtrade,UN Comtrade,https://comtradeplus.un.org/,"cmdCode=400219; flowCode=X,M; reporterCode=all; partnerCode=0",api_key,Monthly,mean,USD/MT,2015-01,Y,30,N,,N,comtrade_api_key,,Medium,UN Comtrade provides HS 400219 (SBR) import/export trade values and quantities by Asian reporter cou,2,0.60,
GLOBAL_GASOLINE_CRUDE_OIL_PRICE,Gasoline,Crude oil price,Global,1,Medium,fred,FRED (Federal Reserve Bank of St. Louis),https://fred.stlouisfed.org/series/DCOILBRENTEU,series_id:DCOILBRENTEU,api_key,Daily,mean,EUR/Litre,2010-01,Y,30,N,,N,fred_api_key,GLOBAL_GASOLINE_CRUDE_OIL_PRICE_EIA,Medium,"FRED provides daily Brent crude oil spot price (USD/barrel) via a free API, which can be converted t",2,0.60,
EU_GASOLINE_POLANDEU_REFINERY_UTILIZATION_RATE,Gasoline,Poland/EU refinery utilization rate,EU,2,Medium,eurostat,Eurostat - Supply and transformation of oil and petroleum products (monthly),https://ec.europa.eu/eurostat/databrowser/view/nrg_cb_oilm/default/table,dataset:nrg_cb_oilm | filters:geo=PL;siec=TOTAL,open_api,Monthly,mean,EUR/Litre,2010-01,Y,30,N,,N,,,Medium,Eurostat's monthly oil and petroleum products balance dataset provides refinery intake and gross out,2,0.45,
EU_GASOLINE_POLANDEU_SEASONAL_DRIVING_DEMAND_SUMMER_TRAVEL_SEASON,Gasoline,Poland/EU seasonal driving demand (summer travel season),EU,2,Medium,,European Commission - Weekly Oil Bulletin,https://energy.ec.europa.eu/data-and-analysis/weekly-oil-bulletin_en,https://energy.ec.europa.eu/document/download/weekly-oil-bulletin-prices-history.xlsx,file_download,Weekly,mean,EUR/Litre,2010-01,Y,30,N,,N,,,Medium,The EU Weekly Oil Bulletin publishes official weekly EUR/litre retail gasoline (Eurosuper 95) prices,2,0.60,
EU_GASOLINE_POLANDEU_GASOLINE_INVENTORY_LEVELS_EUROILSTOCK,Gasoline,Poland/EU gasoline inventory levels (Euroilstock),EU,4,Medium,,Euroilstock (Joint Organisations Data Initiative / Euroilstock Reporting Group),https://www.euroilstock.com/,Poland/EU gasoline stocks - Euroilstock monthly report subscription,paid_or_restricted,Monthly,last,EUR/Litre,2010-01,Y,30,N,,N,,,Medium,Euroilstock is a subscription-based commercial data provider for European oil product inventory stat,2,0.55,
POLAND_GASOLINE_EUROPEAN_REFINING_MARGINS,Gasoline,European refining margins,Poland,4,Medium,,S&P Global Platts (Argus Media alternative),https://www.spglobal.com/commodityinsights/en/products-services/oil/refining-margins,Europe refining margins - gasoline crack Poland/ARA,paid_or_restricted,Daily,mean,EUR/Litre,2010-01,Y,30,N,,N,,,Medium,Refining margins (crack spreads) for gasoline in Europe are proprietary benchmarks published by comm,2,0.55,
EU_GASOLINE_EURUSD_USDPLN_EXCHANGE_RATE,Gasoline,EUR/USD & USD/PLN exchange rate,EU,1,High,frankfurter,Frankfurter (ECB exchange rates),https://www.frankfurter.app/,base:EUR | target:USD,open_api,Daily,last,EUR/Litre,2010-01,Y,30,N,,N,,EU_GASOLINE_EURUSD_USDPLN_EXCHANGE_RATE_BIS,Medium,"Frankfurter provides free daily ECB reference rates for EUR/USD, a direct open API without keys; USD",2,0.70,
EU_GASOLINE_POLANDEU_ETHANOL_BLENDING_COMPONENT_COST,Gasoline,Poland/EU ethanol blending component cost,EU,2,Medium,,European Commission DG AGRI – Agri-food Market Prices (Bioethanol),https://agriculture.ec.europa.eu/data-and-analysis/markets/prices/price-series_en,Bioethanol price series (EUR/hl or EUR/litre) - Excel download under 'Cereals and biofuels' section,file_download,Weekly,mean,EUR/Litre,2010-01,Y,30,N,,N,,,Medium,DG AGRI's public market price database publishes EU bioethanol price series in downloadable spreadsh,2,0.45,
POLAND_GASOLINE_DEMAND_PASSENGER_VEHICLE_REGISTRATIONS,Gasoline,Demand - Passenger vehicle registrations,Poland,1,Medium,eurostat,Eurostat,https://ec.europa.eu/eurostat/databrowser/view/road_eqr_carpda/default/table,dataset:road_eqr_carpda | filters:geo=PL;unit=NR,open_api,Annual,sum,EUR/Litre,2010-01,Y,30,N,,N,,,Medium,Eurostat publishes annual new passenger car registration counts by country including Poland via an o,2,0.60,
POLAND_GASOLINE_INDUSTRIAL_PRODUCTION_INDEX,Gasoline,Industrial production index,Poland,1,High,eurostat,Eurostat,https://ec.europa.eu/eurostat/databrowser/view/sts_inpr_m/default/table,dataset:sts_inpr_m | filters:geo=PL;nace_r2=C;unit=I15;s_adj=SCA,open_api,Monthly,mean,EUR/Litre,2010-01,Y,30,N,,N,,,Medium,Eurostat's short-term business statistics dataset sts_inpr_m provides the monthly industrial product,2,0.75,
SPAIN_ELECTRICITY_SPAIN_POWER_DEMAND_HEATINGCOOLING_DEGREE_DAYS_AEMET,Electricity,Spain power demand / heating-cooling degree days (AEMET),Spain,2,Medium,,AEMET (Agencia Estatal de Meteorología) OpenData API,https://opendata.aemet.es/centrodedescargas/inicio,https://opendata.aemet.es/opendata/api/valores/climatologicos/diarios/datos/fechaini/{start}/fechafin/{end}/todasestaciones,api_key,Daily,mean,EUR/MWh,2015-01,Y,30,N,,N,,,Medium,AEMET's free OpenData API provides daily temperature series across Spanish stations from which heati,2,0.55,
SPAIN_ELECTRICITY_SPAIN_HYDRO_RESERVOIR_LEVELS,Electricity,Spain hydro reservoir levels,Spain,3,Medium,,Red Eléctrica de España - ESIOS API,https://www.esios.ree.es/en/analysis/1354,indicator:1354 (Reserva hidráulica embalses),api_key,Weekly,last,EUR/MWh,2015-01,Y,30,N,,N,,,Medium,"ESIOS, the Spanish TSO's public data platform, publishes weekly hydraulic reservoir levels via a fre",2,0.55,
SPAIN_ELECTRICITY_SUPPLY_ELECTRICITY_GENERATION,Electricity,Supply - Electricity Generation,Spain,2,Medium,,Red Eléctrica de España (ESIOS),https://www.esios.ree.es/en,indicator/600 (Precio mercado spot diario España),api_key,Daily,mean,EUR/MWh,2015-01,Y,30,N,,N,,,Medium,REE's ESIOS platform publishes the Spanish daily wholesale electricity market price (EUR/MWh) via a ,2,0.55,
SPAIN_ELECTRICITY_DEMAND_ELECTRICITY_CONSUMPTION,Electricity,Demand - Electricity Consumption,Spain,2,High,,ENTSO-E Transparency Platform,https://transparency.entsoe.eu/load-domain/r2/totalLoadR2/show,documentType=A65&processType=A16&outBiddingZone_Domain=10YES-REE------0,api_key,Daily,mean,EUR/MWh,2015-01,Y,30,N,,N,,,Medium,"ENTSO-E's Transparency Platform provides free, API-accessible actual total load (demand) data for Sp",2,0.70,
SPAIN_ELECTRICITY_SECONDARY_FEEDSTOCK_TTF_GAS_FUTURE_PRICES,Electricity,Secondary Feedstock - TTF Gas Future Prices,Spain,4,Medium,,ICE Endex (Intercontinental Exchange) - Dutch TTF Natural Gas Futures,https://www.ice.com/products/27996665/Dutch-TTF-Gas-Futures/data,ICE TTF Gas Futures front-month settlement price (EUR/MWh),paid_or_restricted,Daily,last,EUR/MWh,2015-01,Y,30,N,,N,,SPAIN_ELECTRICITY_SECONDARY_FEEDSTOCK_TTF_GAS_FUTURE_PRICES_ALT,Medium,TTF natural gas futures used as electricity feedstock cost are proprietary exchange-traded prices pu,2,0.50,
MEA_GLASS_BOTTLES_SODA_ASH_SODIUM_CARBONATE_PRICE,Glass Bottles,Soda ash (sodium carbonate) price,MEA,4,Low,,Fastmarkets,https://www.fastmarkets.com/chemicals/inorganic-chemicals/soda-ash,,paid_or_restricted,Monthly,mean,Index 2020 = 100,2020-01,Y,30,N,,N,,,Medium,Soda ash price indices for MEA are tracked by commercial chemical market intelligence vendors like F,2,0.30,
UAE_GLASS_BOTTLES_UAEEGYPT_NATURAL_GAS_PRICE_FURNACE_ENERGY_COST,Glass Bottles,UAE/Egypt natural gas price (furnace energy cost),UAE,2,Low,worldbank_pinksheet,World Bank Commodity Markets (Pink Sheet),https://www.worldbank.org/en/research/commodity-markets,"series:Natural gas, Europe",file_download,Monthly,last,Index 2020 = 100,2020-01,Y,30,N,,N,,,Medium,"No official UAE/Egypt domestic gas price index is publicly published, so the World Bank's monthly in",2,0.30,
MEA_GLASS_BOTTLES_MEA_RECYCLED_GLASS_CULLET_PRICEAVAILABILITY,Glass Bottles,MEA recycled glass cullet price/availability,MEA,4,Low,,Fastmarkets,https://www.fastmarkets.com/metals-and-mining/recycling/glass-cullet-prices,,paid_or_restricted,Monthly,mean,Index 2020 = 100,2020-01,Y,30,N,,N,,,Medium,No free public API or government dataset covers MEA recycled glass cullet pricing; Fastmarkets is th,2,0.30,
UAE_GLASS_BOTTLES_MEAUAE_BEVERAGE_INDUSTRY_DEMAND_WINEBEERSPIRITS_TOURISMDRIVEN,Glass Bottles,"MEA/UAE beverage industry demand (wine/beer/spirits, tourism-driven)",UAE,3,Low,manual_yaml,UAE Federal Competitiveness and Statistics Centre,https://fcsc.gov.ae/en-us/Pages/Statistics/Statistics-by-Subject.aspx,table:UAE_Beverage_Industry_Production_Index,multipage_scrape,Annual,mean,Index 2020 = 100,2020-01,Y,30,N,,N,,,Medium,"No dedicated API or index exists for MEA/UAE beverage demand, so the closest public source is the UA",2,0.30,
MEA_GLASS_BOTTLES_REGIONAL_ENERGYELECTRICITY_COST_MEA,Glass Bottles,Regional energy/electricity cost (MEA),MEA,3,Low,manual_yaml,GlobalPetrolPrices.com,https://www.globalpetrolprices.com/electricity_prices/,table:electricity_prices | region:Middle East and Africa,multipage_scrape,Annual,mean,Index 2020 = 100,2020-01,Y,30,N,,N,,,Medium,GlobalPetrolPrices.com publishes periodically updated regional electricity price tables including Mi,2,0.35,
MEA_GLASS_BOTTLES_OCEAN_FREIGHTSHIPPING_COST,Glass Bottles,Ocean freight/shipping cost,MEA,4,Medium,,Freightos Baltic Index (FBX) via Freightos,https://fbx.freightos.com/,,paid_or_restricted,Daily,mean,Index 2020 = 100,2020-01,Y,30,N,,N,,,Medium,Ocean freight indices for regional lanes (including MEA) are primarily published by commercial provi,2,0.40,
MEA_GLASS_BOTTLES_COMPETING_PACKAGING_MATERIAL_PRICES_PET_ALUMINUM_CANS,Glass Bottles,"Competing packaging material prices (PET, aluminum cans)",MEA,2,Low,worldbank_pinksheet,World Bank Pink Sheet Commodity Price Data,https://www.worldbank.org/en/research/commodity-markets,series:Aluminum,file_download,Monthly,mean,Index 2020 = 100,2020-01,Y,30,N,,N,,,Medium,"World Bank Pink Sheet provides a globally representative, freely available monthly aluminum price se",2,0.35,
MEA_GLASS_BOTTLES_TRADE_IMPORTSEXPORTS,Glass Bottles,Trade - Imports/Exports,MEA,2,Medium,un_comtrade,UN Comtrade Database,https://comtradeplus.un.org/,"reporterCode=all;cmdCode=7010;flowCode=M,X",api_key,Monthly,sum,Index 2020 = 100,2020-01,Y,30,N,,N,comtrade_api_key,,Medium,"[ws3 2026-08-05] cmd_code/flow_code/reporter_area were unrecognized keys, silently ignored. Fixed key names; same MEA-aggregate-does-not-exist caveat as MEA_GLASS_BOTTLES_GLASS_BOTTLES -- reporterCode=all is a global-total proxy.",2,0.55,
MEA_GLASS_BOTTLES_PORT_AND_SHIPPING_DISRUPTION_INDEX,Glass Bottles,Port and Shipping Disruption Index,MEA,2,Medium,,IMF PortWatch (Port and Chokepoint Disruption Indicators),https://portwatch.imf.org/pages/chokepoints-and-disruptions,https://portwatch.imf.org/datasets/imf::daily-chokepoint-transit-calls-and-trade-volumes-estimates,open_api,Daily,mean,Index 2020 = 100,2020-01,Y,30,N,,N,,,Medium,"IMF PortWatch publishes an open, near-real-time global port and shipping disruption dataset (includi",2,0.40,
MEA_GLASS_BOTTLES_INLAND_TRANSPORTATION_COST,Glass Bottles,Inland Transportation Cost,MEA,4,Low,,Fastmarkets,https://www.fastmarkets.com/,,paid_or_restricted,Monthly,mean,Index 2020 = 100,2020-01,Y,30,N,,N,,,Medium,Inland transportation cost indices for MEA glass packaging logistics are not published by any open A,2,0.20,
EU_GLASS_BOTTLES_EXCHANGE_RATE_VS_USDEUR,Glass Bottles,Exchange Rate vs USD/EUR,EU,1,High,frankfurter,Frankfurter (European Central Bank exchange rates),https://www.frankfurter.app/docs,base:USD | target:EUR,open_api,Daily,mean,Index 2020 = 100,2020-01,Y,30,N,,N,,EU_GLASS_BOTTLES_EXCHANGE_RATE_VS_USDEUR_BIS,Medium,"[ws4 2026-08-05] min_history_years set to the observed ceiling (rounded down) from the 2026-08-04 run's quality_notes -- this driver's data is current (no staleness note), just genuinely shorter-lived than the 8y global default. Re-check if the source later publishes more history.",2,0.80,6
MEA_GLASS_BOTTLES_MANUFACTURING_WAGE_INDEX,Glass Bottles,Manufacturing Wage Index,MEA,3,Low,,ILOSTAT (International Labour Organization),https://ilostat.ilo.org/data/,"manual_yaml pending: ILOSTAT Average Earnings Index by economic activity, MEA countries aggregate",multipage_scrape,Quarterly,mean,Index 2020 = 100,2020-01,Y,30,N,,N,,,Medium,ILOSTAT publishes wage/earnings indices by country and sector but no ready-made MEA regional aggrega,2,0.35,
ASIA_PARACETAMOL_PHENOL_PRICE_UPSTREAM_FEEDSTOCK,Paracetamol,Phenol price (upstream feedstock),Asia,4,Medium,,ChemAnalyst Phenol Price Index,https://www.chemanalyst.com/Pricing-data/phenol-1082,,paid_or_restricted,Weekly,mean,USD/MT,2021-01,Y,30,N,,N,,,Medium,Phenol is a commercial petrochemical whose Asia spot price is tracked mainly by paid market-intellig,2,0.40,
GLOBAL_PARACETAMOL_CRUDE_OIL_PRICE_PETROCHEMICAL_FEEDSTOCK_CHAIN,Paracetamol,Crude oil price (petrochemical feedstock chain),Global,1,High,fred,FRED (Federal Reserve Bank of St. Louis) - Crude Oil Prices: West Texas Intermediate,https://fred.stlouisfed.org/series/DCOILWTICO,series_id:DCOILWTICO,open_api,Daily,mean,USD/MT,2021-01,Y,30,N,,N,fred_api_key,GLOBAL_PARACETAMOL_CRUDE_OIL_PRICE_PETROCHEMICAL_FEEDSTOCK_CHAIN_EIA,Medium,"[ws4 2026-08-05] min_history_years set to the observed ceiling (rounded down) from the 2026-08-04 run's quality_notes -- this driver's data is current (no staleness note), just genuinely shorter-lived than the 8y global default. Re-check if the source later publishes more history.",2,0.90,5
INDIA_PARACETAMOL_INDIA_INDUSTRIAL_ENERGY_COST_MANUFACTURING,Paracetamol,India industrial energy cost (manufacturing),India,2,Low,manual_yaml,"Petroleum Planning & Analysis Cell (PPAC), Ministry of Petroleum and Natural Gas, Government of India",https://ppac.gov.in/prices/petroleum-product-prices,https://ppac.gov.in/prices/petroleum-product-prices,file_download,Monthly,mean,USD/MT,2021-01,Y,30,N,,N,,,Medium,"PPAC publishes official Indian industrial fuel (furnace oil, natural gas, diesel) price series that ",2,0.35,
INDIA_PARACETAMOL_USDINR_USDCNY_EXCHANGE_RATE,Paracetamol,USD/INR & USD/CNY exchange rate,India,1,High,frankfurter,Frankfurter (ECB reference rates),https://www.frankfurter.app/docs,base:USD | target:INR,open_api,Daily,last,USD/MT,2021-01,Y,30,N,,N,,INDIA_PARACETAMOL_USDINR_USDCNY_EXCHANGE_RATE_BIS,Medium,"[ws4 2026-08-05] min_history_years set to the observed ceiling (rounded down) from the 2026-08-04 run's quality_notes -- this driver's data is current (no staleness note), just genuinely shorter-lived than the 8y global default. Re-check if the source later publishes more history.",2,0.70,5
ASIA_PARACETAMOL_BENZENE_PRICES_ASIA,Paracetamol,Benzene Prices - Asia,Asia,3,Low,eia,EIA (Benzene Asia proxy not directly available; using U.S. benzene spot as reference unavailable),https://www.eia.gov/dnav/pet/hist/eer_epllb0_pf4_y35ny_dpgd.htm,PET.EER_EPLLB0_PF4_Y35NY_DPG.D,api_key,Daily,mean,USD/MT,2021-01,Y,30,N,,N,eia_api_key,,Medium,"[ws3 2026-08-05] NOT FIXED -- PET.EER_EPLLB0_PF4_Y35NY_DPG.D does not exist on EIA (404 confirmed live), and EIA does not publish a benzene price series under any ID (checked live; EIA's petroleum price series cover refined fuels, not petrochemical feedstocks like benzene). Left locator unchanged (still fails cleanly) rather than guess a plausible-looking but unverified code. Needs reclassification to a genuine petrochemical price source (e.g. via the alternate-source-search mechanism), not an EIA locator fix.",2,0.20,
ASIA_PARACETAMOL_ACETIC_ANHYDRIDE_PRICES_ASIA,Paracetamol,Acetic Anhydride Prices - Asia,Asia,4,Medium,,Fastmarkets,https://www.fastmarkets.com/chemicals/acetic-anhydride,,paid_or_restricted,Weekly,last,USD/MT,2021-01,Y,30,N,,N,,,Medium,Acetic anhydride Asia prices are tracked by commercial chemical market intelligence vendors like Fas,2,0.50,
ASIA_PARACETAMOL_NATURAL_GAS_PRICES,Paracetamol,Natural Gas Prices,Asia,1,Medium,worldbank_pinksheet,World Bank Commodity Markets (Pink Sheet),https://www.worldbank.org/en/research/commodity-markets,"series:Natural gas, Japan",open_api,Monthly,mean,USD/MT,2021-01,Y,30,N,,N,,,Medium,World Bank Pink Sheet publishes a monthly Japan LNG (Asia benchmark) natural gas price series that i,2,0.55,
ASIA_PARACETAMOL_FUELELECTRICITY,Paracetamol,Fuel/Electricity,Asia,2,Medium,worldbank_pinksheet,World Bank Pink Sheet Commodity Price Data,https://www.worldbank.org/en/research/commodity-markets,"series:Coal, Australian",open_api,Monthly,mean,USD/MT,2021-01,Y,30,N,,N,,,Medium,Australian thermal coal price serves as a reasonable Asia-region proxy for industrial fuel/electrici,2,0.50,
ASIA_PARACETAMOL_OTC_DRUG_DEMAND_INDEX,Paracetamol,OTC Drug Demand Index,Asia,4,Low,,CEIC/Manual estimate - no public OTC drug demand index available,https://www.who.int/data/gho,,paid_or_restricted,Monthly,mean,USD/MT,2021-01,Y,30,N,,N,,ASIA_PARACETAMOL_OTC_DRUG_DEMAND_INDEX_PADMA,Medium,No open API or free direct source publishes a regional OTC drug demand index for paracetamol in Asia,2,0.15,
EUROPE_FERROCHROME_FEEDSTOCK_METALLURGICAL_COKE,Ferrochrome,Feedstock - Metallurgical Coke,Europe,4,Medium,,Fastmarkets,https://www.fastmarkets.com/metals-and-mining/steel-and-raw-materials/coke,,paid_or_restricted,Weekly,last,USD/MT,2015-01,Y,30,N,,N,,,Medium,Metallurgical coke prices for Europe are tracked primarily by commercial price-reporting agencies li,2,0.50,
EUROPE_MAGNESIUM_STEARATE_VEGETABLE_VS_ANIMALDERIVED_STEARIN_PRICE_SPREAD,Magnesium Stearate,Vegetable vs animal-derived stearin price spread,Europe,4,Low,,Fastmarkets,https://www.fastmarkets.com/commodities/agriculture/oils-and-fats/,,paid_or_restricted,Weekly,mean,USD/MT,2023-01,Y,30,N,,N,,,Medium,Vegetable vs animal-derived stearin price spreads are tracked commercially by oleochemical market da,2,0.35,
UAE_GLASS_BOTTLES_MEA_GLASS_MANUFACTURING_CAPACITY_UTILIZATION_EGYPTUAE,Glass Bottles,MEA glass manufacturing capacity utilization (Egypt/UAE),UAE,4,Low,,CEIC/Manual compilation - no open API for MEA glass capacity utilization index,https://www.ceicdata.com/en,,paid_or_restricted,Monthly,mean,Index 2020 = 100,2020-01,Y,30,N,,N,,,Medium,No known free/open government or international statistical agency publishes a glass manufacturing ca,2,0.20,
SOUTH_AFRICA_CEMENT_SOUTH_AFRICA_CONSTRUCTION_HOUSING_STARTS_STATS_SA_ALT,Cement,South Africa construction & housing starts (Stats SA) (auto-discovered alternate),South Africa,1,Medium,fred,FRED (OECD Main Economic Indicators - South Africa Construction Production),https://fred.stlouisfed.org/series/ZAFPROCONMISMEI,series_id:ZAFPROCONMISMEI,open_api,Monthly,mean,Index,2021-01,Y,30,Y,"Auto-discovered alternate source (LLM-proposed, verified via live fetch on 2026-07-31T12:55:22+00:00; confidence 0.60). Reasoning: FRED mirrors OECD's monthly construction production index for South Africa, offering a free, API-accessible proxy for construction/housing activity.",N,fred_api_key,,Medium,,3,0.60,
AUSTRALIA_CHEESE_AUSTRALIA_DAIRY_FEED_COST_GRAINPASTURE_ALT,Cheese,Australia dairy feed cost (grain/pasture) (auto-discovered alternate),Australia,1,Medium,worldbank_pinksheet,World Bank Commodity Markets (Pink Sheet),https://www.worldbank.org/en/research/commodity-markets,series:Barley,open_api,Monthly,mean,USD/MT,2018-01,Y,30,Y,"Auto-discovered alternate source (LLM-proposed, verified via live fetch on 2026-07-31T12:55:58+00:00; confidence 0.50). Reasoning: World Bank Pink Sheet provides an open, monthly global barley price series (USD/MT) that can proxy Australian dairy grain feed costs given the lack of",N,,,Medium,,3,0.50,
AUSTRALIA_CARBON_STEEL_INDIA_COKING_COAL_IMPORT_PRICE_AUSTRALIAORIGIN_LANDED_COST_ALT,Carbon Steel,"India coking coal import price (Australia-origin, landed cost) (auto-discovered alternate)",Australia,1,Medium,worldbank_pinksheet,World Bank Commodity Markets (Pink Sheet),https://www.worldbank.org/en/research/commodity-markets,"series:Coal, Australian",open_api,Monthly,last,INR/MT,2018-01,Y,30,Y,"Auto-discovered alternate source (LLM-proposed, verified via live fetch on 2026-07-31T12:56:02+00:00; confidence 0.55). Reasoning: World Bank publishes a free, regularly updated monthly Australian thermal/coking coal export price series that serves as the standard global benchmark",N,,,Medium,,3,0.55,
EUROPE_COPPER_FEEDSTOCK_COPPER_CONCENTRATEORE_PRICES_ALT,Copper,Feedstock - Copper Concentrate/Ore prices (auto-discovered alternate),Europe,1,Medium,worldbank_pinksheet,World Bank Commodity Markets (Pink Sheet),https://www.worldbank.org/en/research/commodity-markets,series:Copper,open_api,Monthly,last,USD/MT,2011-01,Y,30,Y,"Auto-discovered alternate source (LLM-proposed, verified via live fetch on 2026-07-31T12:56:33+00:00; confidence 0.40). Reasoning: World Bank Pink Sheet publishes monthly refined copper prices as a free, open proxy since dedicated European concentrate/ore price series are not open",N,,,Medium,,3,0.40,
CHILE_COPPER_CHILE_PERU_MINE_PRODUCTIONDISRUPTIONS_ALT,Copper,Chile & Peru mine production/disruptions (auto-discovered alternate),Chile,1,Medium,worldbank_pinksheet,World Bank Commodity Markets (Pink Sheet),https://www.worldbank.org/en/research/commodity-markets,series:Copper,open_api,Monthly,mean,USD/MT,2011-01,Y,30,Y,"Auto-discovered alternate source (LLM-proposed, verified via live fetch on 2026-07-31T12:56:40+00:00; confidence 0.55). Reasoning: World Bank Pink Sheet provides a free, openly accessible monthly USD/MT copper price series that can proxy market impact of Chile/Peru mine disruption",N,,,Medium,,3,0.55,
LATIN_AMERICA_ETHANOL_CRUDE_OIL_GASOLINE_PRICE_RBOB_ALT,Ethanol,Crude oil / gasoline price (RBOB) (auto-discovered alternate),Latin America,1,Medium,fred,Federal Reserve Economic Data (FRED) - WTI Crude Oil Spot Price,https://fred.stlouisfed.org/series/DCOILWTICO,series_id:DCOILWTICO,open_api,Daily,mean,USD/MT,2015-01,Y,30,Y,"Auto-discovered alternate source (LLM-proposed, verified via live fetch on 2026-07-31T12:59:05+00:00; confidence 0.55). Reasoning: FRED provides a free, open API for daily WTI crude oil spot prices, serving as the crude-oil leg of the RBOB/crude oil driver used as an ethanol price",N,fred_api_key,LATIN_AMERICA_ETHANOL_CRUDE_OIL_GASOLINE_PRICE_RBOB_ALT_EIA,Medium,,3,0.55,
LATIN_AMERICA_ETHANOL_INFLATION_INDEX_IPCA_ALT,Ethanol,Inflation Index (IPCA) (auto-discovered alternate),Latin America,1,High,bcb_sgs,Banco Central do Brasil - Sistema Gerenciador de Séries Temporais (SGS),https://www3.bcb.gov.br/sgspub/localizarseries/localizarSeries.faces?codigoSerie=433,bcdata.sgs:433,open_api,Monthly,last,USD/MT,2015-01,Y,30,Y,"Auto-discovered alternate source (LLM-proposed, verified via live fetch on 2026-07-31T13:00:24+00:00; confidence 0.85). Reasoning: The Central Bank of Brazil publishes the IPCA inflation index (series 433) through its open SGS API, offering a reliable alternative to IBGE for Brazi",N,,,Medium,,3,0.85,
CHINA_HDPE_CHINA_PROPERTYCONSTRUCTION_INDEX_ALT,HDPE,China property/construction index (auto-discovered alternate),China,1,Medium,fred,Federal Reserve Bank of St. Louis (FRED) - BIS Residential Property Price Index for China,https://fred.stlouisfed.org/series/QCNR628BIS,series_id:QCNR628BIS,open_api,Quarterly,last,USD/MT,2016-01,Y,30,Y,"Auto-discovered alternate source (LLM-proposed, verified via live fetch on 2026-07-31T13:08:27+00:00; confidence 0.62). Reasoning: FRED hosts the BIS real residential property price index for China as a quarterly, freely accessible API series that proxies China's property/construc",N,fred_api_key,,Medium,,3,0.62,
EUROPE_MAGNESIUM_STEARATE_TALLOWVEGETABLE_OIL_FEEDSTOCK_PRICE_ALT,Magnesium Stearate,Tallow/vegetable oil feedstock price (auto-discovered alternate),Europe,1,Medium,fred,FRED (Federal Reserve Bank of St. Louis) - Global Price of Palm Oil,https://fred.stlouisfed.org/series/PPOILUSDM,series_id:PPOILUSDM,open_api,Monthly,last,USD/MT,2023-01,Y,30,Y,"Auto-discovered alternate source (LLM-proposed, verified via live fetch on 2026-07-31T13:10:44+00:00; confidence 0.55). Reasoning: FRED provides a free, API-accessible monthly global vegetable oil (palm oil) price series in USD/MT that serves as a proxy for the tallow/vegetable oi",N,fred_api_key,,Medium,,3,0.55,
INDIA_NATURAL_GAS_INDIA_COALTOGAS_SWITCHING_IN_POWER_GENERATION_ALT,Natural Gas,India coal-to-gas switching in power generation (auto-discovered alternate),India,1,Medium,worldbank_pinksheet,World Bank Commodity Markets (Pink Sheet),https://www.worldbank.org/en/research/commodity-markets,"series:Liquefied natural gas, Japan",open_api,Monthly,last,USD/MMBtu,2016-01,Y,30,Y,"Auto-discovered alternate source (LLM-proposed, verified via live fetch on 2026-07-31T13:11:51+00:00; confidence 0.55). Reasoning: The World Bank Pink Sheet provides a monthly USD/MMBtu LNG Japan benchmark price widely used as the relevant import-parity proxy for India's coal-to-g",N,,,Medium,,3,0.55,
APAC_PPI_CAPACITY_UTILIZATION_RATE_ALT,PPI,Capacity utilization rate (auto-discovered alternate),APAC,1,Medium,fred,OECD via FRED (Federal Reserve Bank of St. Louis),https://fred.stlouisfed.org/series/BSCURT02JPQ160S,series_id:BSCURT02JPQ160S,open_api,Quarterly,mean,Index,2018-01,Y,30,Y,"Auto-discovered alternate source (LLM-proposed, verified via live fetch on 2026-07-31T13:15:38+00:00; confidence 0.55). Reasoning: FRED mirrors OECD's Business Tendency Survey capacity utilization rate for Japan (APAC proxy) via a documented, free API.",N,fred_api_key,,Medium,,3,0.55,
APAC_PALM_OIL_COMPETING_VEGETABLE_OIL_GLOBAL_STOCKS_SOYBEAN_SUNFLOWER_ALT,Palm Oil,"Competing vegetable oil global stocks (soybean, sunflower) (auto-discovered alternate)",APAC,1,Medium,worldbank_pinksheet,World Bank Commodity Markets (Pink Sheet),https://www.worldbank.org/en/research/commodity-markets,series:Soybean oil,open_api,Monthly,last,USD/MT,2015-01,Y,30,Y,"Auto-discovered alternate source (LLM-proposed, verified via live fetch on 2026-07-31T13:25:52+00:00; confidence 0.40). Reasoning: World Bank Pink Sheet provides monthly global soybean oil price data as a proxy for competing vegetable oil market conditions in USD/MT, though it tra",N,,,Medium,,3,0.40,
INDONESIA_PALM_OIL_MALAYSIA_INDONESIA_PRODUCTION_ALT,Palm Oil,Malaysia & Indonesia production (auto-discovered alternate),Indonesia,1,Medium,worldbank_pinksheet,World Bank Commodity Markets (Pink Sheet),https://www.worldbank.org/en/research/commodity-markets,series:Palm oil,open_api,Monthly,last,USD/MT,2015-01,Y,30,Y,"Auto-discovered alternate source (LLM-proposed, verified via live fetch on 2026-07-31T13:29:46+00:00; confidence 0.55). Reasoning: World Bank Pink Sheet provides an open, monthly, USD/MT global palm oil price series that can proxy the Malaysia & Indonesia market driver without rel",N,,,Medium,,3,0.55,
NORTH_AMERICA_WHEAT_DEMANDSUPPLY_ANNUAL_DATA_ALT,Wheat,Demand/Supply - Annual Data (auto-discovered alternate),North America,2,Medium,worldbank_pinksheet,World Bank Commodity Markets (Pink Sheet),https://www.worldbank.org/en/research/commodity-markets,"series:Wheat, US HRW",api_key,Annual,mean,USD/MT,2015-01,Y,30,Y,"Auto-discovered alternate source (LLM-proposed, verified via live fetch on 2026-07-31T13:38:59+00:00; confidence 0.60). Reasoning: World Bank Pink Sheet publishes annual average wheat prices in USD/MT, serving as a proxy for supply-demand balance in international markets including",N,,,Medium,,3,0.60,
EU_ATLANTIC_COD_NOKUSD_EURUSD_EXCHANGE_RATE_BIS,Atlantic Cod,EUR/Kg (BIS keyless fallback),EU,1,High,bis_fx,Bank for International Settlements (BIS) US dollar exchange rates,https://stats.bis.org/,currency:USD,open_api,Monthly,mean,EUR/Kg,2022-03,Y,30,N,,N,,,Low,"Second-line FX backup, tried after Frankfurter (per senior review)",3,,
INDIA_BLACK_PEPPER_USDINR_USDVND_EXCHANGE_RATE_VND_NOT_ON_FRANKFURTER_SEE_STATE_BANK_OF_VIETNAM_BIS,Black Pepper,INR/Kg (BIS keyless fallback),India,1,High,bis_fx,Bank for International Settlements (BIS) US dollar exchange rates,https://stats.bis.org/,currency:INR,open_api,Monthly,mean,INR/Kg,2018-01,Y,30,N,,N,,,Low,"Second-line FX backup, tried after Frankfurter (per senior review)",3,,
BRAZIL_ORANGE_BRLUSD_EXCHANGE_RATE_FRANK_BIS,Orange,USD/KG Box (BIS keyless fallback),Brazil,1,High,bis_fx,Bank for International Settlements (BIS) US dollar exchange rates,https://stats.bis.org/,currency:USD,open_api,Monthly,mean,USD/KG Box,1999-01,Y,30,N,,N,,,Low,"Second-line FX backup, tried after Frankfurter (per senior review)",3,,
NORTH_AMERICA_BEEF_CORN_PRICE_FEED_COST_FRANK_BIS,Beef,USD/Cwt (BIS keyless fallback),North America,1,High,bis_fx,Bank for International Settlements (BIS) US dollar exchange rates,https://stats.bis.org/,currency:USD,open_api,Monthly,mean,USD/Cwt,1999-01,Y,30,N,,N,,,Low,"Second-line FX backup, tried after Frankfurter (per senior review)",3,,
NORTH_AMERICA_BEEF_USD_EXCHANGE_RATE_EXPORT_COMPETITIVENESS_FRANK_BIS,Beef,USD/Cwt (BIS keyless fallback),North America,1,High,bis_fx,Bank for International Settlements (BIS) US dollar exchange rates,https://stats.bis.org/,currency:USD,open_api,Monthly,mean,USD/Cwt,1999-01,Y,30,N,,N,,,Low,"Second-line FX backup, tried after Frankfurter (per senior review)",3,,
BRAZIL_ETHANOL_EXCHANGE_RATE_USDBRL_BIS,Ethanol,USD/MT (BIS keyless fallback),Brazil,1,High,bis_fx,Bank for International Settlements (BIS) US dollar exchange rates,https://stats.bis.org/,currency:BRL,open_api,Monthly,mean,USD/MT,2015-01,Y,30,N,,N,,,Low,"Second-line FX backup, tried after Frankfurter (per senior review)",3,,
INDIA_HDPE_EXCHANGE_RATE_USDCNY_USDINR_BIS,HDPE,USD/MT (BIS keyless fallback),India,1,High,bis_fx,Bank for International Settlements (BIS) US dollar exchange rates,https://stats.bis.org/,currency:INR,open_api,Monthly,mean,USD/MT,2016-01,Y,30,N,,N,,,Low,"Second-line FX backup, tried after Frankfurter (per senior review)",3,,
SOUTH_AFRICA_PLATINUM_EXCHANGE_RATE_USDZAR_BIS,Platinum,USD/MT (BIS keyless fallback),South Africa,1,High,bis_fx,Bank for International Settlements (BIS) US dollar exchange rates,https://stats.bis.org/,currency:ZAR,open_api,Monthly,mean,USD/MT,2015-04,Y,30,N,,N,,,Low,"Second-line FX backup, tried after Frankfurter (per senior review)",3,,
EU_ALUMINUM_MACRO_EXCHNAGE_RATE_EURUSD_BIS,Aluminum,USD/MT (BIS keyless fallback),EU,1,High,bis_fx,Bank for International Settlements (BIS) US dollar exchange rates,https://stats.bis.org/,currency:USD,open_api,Monthly,mean,USD/MT,2015-01,Y,30,N,,N,,,Low,"Second-line FX backup, tried after Frankfurter (per senior review)",3,,
EU_MAGNESIUM_STEARATE_MACRO_EXCHNAGE_RATE_EURUSD_BIS,Magnesium Stearate,USD/MT (BIS keyless fallback),EU,1,High,bis_fx,Bank for International Settlements (BIS) US dollar exchange rates,https://stats.bis.org/,currency:USD,open_api,Monthly,mean,USD/MT,2023-01,Y,30,N,,N,,,Low,"Second-line FX backup, tried after Frankfurter (per senior review)",3,,
EU_GASOLINE_EURUSD_USDPLN_EXCHANGE_RATE_BIS,Gasoline,EUR/Litre (BIS keyless fallback),EU,1,High,bis_fx,Bank for International Settlements (BIS) US dollar exchange rates,https://stats.bis.org/,currency:USD,open_api,Monthly,mean,EUR/Litre,2010-01,Y,30,N,,N,,,Low,"Second-line FX backup, tried after Frankfurter (per senior review)",3,,
EU_GLASS_BOTTLES_EXCHANGE_RATE_VS_USDEUR_BIS,Glass Bottles,Index 2020 = 100 (BIS keyless fallback),EU,1,High,bis_fx,Bank for International Settlements (BIS) US dollar exchange rates,https://stats.bis.org/,currency:EUR,open_api,Monthly,mean,Index 2020 = 100,2020-01,Y,30,N,,N,,,Low,"Second-line FX backup, tried after Frankfurter (per senior review)",3,,
INDIA_PARACETAMOL_USDINR_USDCNY_EXCHANGE_RATE_BIS,Paracetamol,USD/MT (BIS keyless fallback),India,1,High,bis_fx,Bank for International Settlements (BIS) US dollar exchange rates,https://stats.bis.org/,currency:INR,open_api,Monthly,mean,USD/MT,2021-01,Y,30,N,,N,,,Low,"Second-line FX backup, tried after Frankfurter (per senior review)",3,,
LA_PLP_FX_FB_BIS,Pulp,BRL per USD (BIS keyless fallback),Latin America,1,High,bis_fx,Bank for International Settlements (BIS) US dollar exchange rates,https://stats.bis.org/,currency:BRL,open_api,Monthly,mean,BRL per USD,1995-01,Y,30,N,,N,,,Low,Replaces a dangling fallback_driver_id ('LA_PLP_FX_FRANK') that did not resolve to any registry row; second-line FX backup (per senior review),3,,
DE_SMP_FXEUR_BIS,Skim Milk Powder,USD per EUR (BIS keyless fallback),Germany,1,High,bis_fx,Bank for International Settlements (BIS) US dollar exchange rates,https://stats.bis.org/,currency:USD,open_api,Monthly,mean,USD per EUR,1999-01,Y,30,N,,N,,,Low,Replaces a dangling fallback_driver_id ('DE_SMP_FXEUR_FRANK') that did not resolve to any registry row; second-line FX backup (per senior review),3,,
GLOBAL_GLYCERIN_CRUDE_OIL_PRICE_SYNTHETIC_GLYCERIN_ROUTE_EIA,Glycerin,Crude oil price (synthetic glycerin route) (EIA fallback),Global,4,Medium,eia,EIA crude oil spot price,https://www.eia.gov/opendata/,PET.RBRTE.D,api_key,Daily,mean,INR/Kg,2020-01,Y,2,N,,N,eia_api_key,,Low,"Backup source, tried after the primary FRED series (per senior review)",3,,
EU_GLYCERIN_EUGERMANY_NATURAL_GAS_PRICE_TTF_EIA,Glycerin,EU/Germany natural gas price (TTF) (EIA fallback),EU,4,Medium,eia,EIA Henry Hub natural gas spot price (regional proxy),https://www.eia.gov/opendata/,NG.RNGWHHD.D,api_key,Daily,mean,INR/Kg,2020-01,Y,2,Y,"EIA Henry Hub (US) natural gas price used as a cross-market proxy backup — NOT the same regional benchmark as the primary series (e.g. European TTF or other non-US basis); Henry Hub and other regional gas prices move independently with a variable basis spread. Flagged for review before being treated as equivalent data (added per senior review, 2026-08-03).",N,eia_api_key,,Medium,"Backup source, tried after the primary FRED series (per senior review)",3,,
GLOBAL_BENZENE_CRUDE_OIL_PRICE_EIA,Benzene,Crude oil price (EIA fallback),Global,4,Medium,eia,EIA crude oil spot price,https://www.eia.gov/opendata/,PET.RBRTE.D,api_key,Daily,mean,USD/MT,2015-01,Y,2,N,,N,eia_api_key,,Low,"Backup source, tried after the primary FRED series (per senior review)",3,,
GLOBAL_PROPYLENE_CRUDE_OIL_PRICE_EIA,Propylene,Crude oil price (EIA fallback),Global,4,Medium,eia,EIA crude oil spot price,https://www.eia.gov/opendata/,PET.RBRTE.D,api_key,Daily,mean,USD/MT,2015-01,Y,2,N,,N,eia_api_key,,Low,"Backup source, tried after the primary FRED series (per senior review)",3,,
EUROPE_PROPYLENE_UTILITYFEEDSTOCK_NATURAL_GAS_EIA,Propylene,Utility/Feedstock - Natural gas (EIA fallback),Europe,4,Medium,eia,EIA Henry Hub natural gas spot price (regional proxy),https://www.eia.gov/opendata/,NG.RNGWHHD.D,api_key,Daily,mean,USD/MT,2015-01,Y,2,Y,"EIA Henry Hub (US) natural gas price used as a cross-market proxy backup — NOT the same regional benchmark as the primary series (e.g. European TTF or other non-US basis); Henry Hub and other regional gas prices move independently with a variable basis spread. Flagged for review before being treated as equivalent data (added per senior review, 2026-08-03).",N,eia_api_key,,Medium,"Backup source, tried after the primary FRED series (per senior review)",3,,
GLOBAL_STYRENEBUTADIENE_RUBBER_SBR_CRUDE_OIL_PRICE_EIA,Styrene-Butadiene Rubber (SBR),Crude oil price (EIA fallback),Global,4,Medium,eia,EIA crude oil spot price,https://www.eia.gov/opendata/,PET.RBRTE.D,api_key,Daily,mean,USD/MT,2015-01,Y,2,N,,N,eia_api_key,,Low,"Backup source, tried after the primary FRED series (per senior review)",3,,
GLOBAL_GASOLINE_CRUDE_OIL_PRICE_EIA,Gasoline,Crude oil price (EIA fallback),Global,4,Medium,eia,EIA crude oil spot price,https://www.eia.gov/opendata/,PET.RBRTE.D,api_key,Daily,mean,EUR/Litre,2010-01,Y,2,N,,N,eia_api_key,,Low,"Backup source, tried after the primary FRED series (per senior review)",3,,
GLOBAL_PARACETAMOL_CRUDE_OIL_PRICE_PETROCHEMICAL_FEEDSTOCK_CHAIN_EIA,Paracetamol,Crude oil price (petrochemical feedstock chain) (EIA fallback),Global,4,Medium,eia,EIA crude oil spot price,https://www.eia.gov/opendata/,PET.RWTC.D,api_key,Daily,mean,USD/MT,2021-01,Y,2,N,,N,eia_api_key,,Low,"Backup source, tried after the primary FRED series (per senior review)",3,,
LATIN_AMERICA_ETHANOL_CRUDE_OIL_GASOLINE_PRICE_RBOB_ALT_EIA,Ethanol,Crude oil / gasoline price (RBOB) (auto-discovered alternate) (EIA fallback),Latin America,4,Medium,eia,EIA crude oil spot price,https://www.eia.gov/opendata/,PET.RWTC.D,api_key,Daily,mean,USD/MT,2015-01,Y,2,N,,N,eia_api_key,,Low,"Backup source, tried after the primary FRED series (per senior review)",3,,
EUROPE_ATLANTIC_COD_OCEAN_TEMPERATURE_CLIMATE_ANOMALY_STOCK_MIGRATION_ALT,Atlantic Cod,Ocean temperature / climate anomaly (stock migration) (auto-discovered alternate),Europe,2,Medium,,Met Office Hadley Centre (HadSST4 Sea Surface Temperature Anomaly Dataset),https://www.metoffice.gov.uk/hadobs/hadsst4/data/download.html,HadSST.4.0.1.0_monthly_globe_ts.csv,file_download,Monthly,mean,EUR/Kg,2022-03,Y,30,Y,"Auto-discovered alternate source (LLM-proposed, verified via live fetch on 2026-08-04T07:02:08+00:00; confidence 0.55). Reasoning: HadSST4 provides an openly downloadable monthly global/regional sea-surface-temperature anomaly time series suitable as a proxy climate driver for Nor",N,,,Medium,,3,0.55,
SPAIN_ELECTRICITY_SECONDARY_FEEDSTOCK_TTF_GAS_FUTURE_PRICES_ALT,Electricity,Secondary Feedstock - TTF Gas Future Prices (auto-discovered alternate),Spain,2,Medium,worldbank_pinksheet,World Bank Pink Sheet Commodity Prices,https://www.worldbank.org/en/research/commodity-markets,"series:Natural gas, Europe",open_api,Monthly,last,EUR/MWh,2015-01,Y,30,Y,"Auto-discovered alternate source (LLM-proposed, verified via live fetch on 2026-08-04T07:11:54+00:00; confidence 0.60). Reasoning: World Bank Pink Sheet publishes a monthly 'Natural gas, Europe' price series benchmarked to TTF, providing an open, API-accessible proxy for TTF futur",N,,,Medium,,3,0.60,
ASIA_NATURAL_GAS_ASIA_LNG_DEMAND_JKM_PRICE_ALT,Natural Gas,Asia LNG demand (JKM price) (auto-discovered alternate),Asia,1,High,fred,Federal Reserve Bank of St. Louis (FRED) - IMF Primary Commodity Prices,https://fred.stlouisfed.org/series/PNGASJPUSDM,series_id:PNGASJPUSDM,open_api,Monthly,mean,USD/MMBtu,2016-01,Y,30,Y,"Auto-discovered alternate source (LLM-proposed, verified via live fetch on 2026-08-04T07:26:18+00:00; confidence 0.75). Reasoning: FRED mirrors the IMF's monthly 'Global price of LNG, Asia' series (a JKM-based benchmark in USD/MMBtu) through a free, documented API.",N,fred_api_key,ASIA_NATURAL_GAS_ASIA_LNG_DEMAND_JKM_PRICE_ALT_EIA,Medium,,3,0.75,
INDIA_PALM_OIL_INDIA_IMPORT_DEMAND_ALT,Palm Oil,India import demand (auto-discovered alternate),India,2,Medium,worldbank_pinksheet,World Bank Commodity Markets (Pink Sheet),https://www.worldbank.org/en/research/commodity-markets,series:Palm oil,open_api,Monthly,mean,USD/MT,2015-01,Y,30,Y,"Auto-discovered alternate source (LLM-proposed, verified via live fetch on 2026-08-04T07:36:18+00:00; confidence 0.45). Reasoning: The World Bank Pink Sheet provides a globally referenced monthly palm oil price in USD/MT that serves as the best available proxy for India's import c",N,,,Medium,,3,0.45,
ASIA_NATURAL_GAS_ASIA_LNG_DEMAND_JKM_PRICE_ALT_EIA,Natural Gas,Asia LNG demand (JKM price) (auto-discovered alternate) (EIA fallback),Asia,4,Medium,eia,EIA Henry Hub natural gas spot price (regional proxy),https://www.eia.gov/opendata/,NG.RNGWHHD.D,api_key,Daily,mean,USD/MMBtu,2016-01,Y,2,Y,"EIA Henry Hub (US) natural gas price used as a cross-market proxy backup — NOT the same regional benchmark as the primary series (e.g. European TTF or other non-US basis); Henry Hub and other regional gas prices move independently with a variable basis spread. Flagged for review before being treated as equivalent data (added per senior review, 2026-08-05).",N,eia_api_key,,Medium,"Backup source, tried after the primary FRED series (per senior review)",3,,
INDIA_CARBON_STEEL_INDIA_DOMESTIC_IRON_ORE_PRICE_NMDCODISHA_ALT,Carbon Steel,India domestic iron ore price (NMDC/Odisha) (auto-discovered alternate),India,1,Medium,worldbank_pinksheet,World Bank Commodity Markets (Pink Sheet),https://www.worldbank.org/en/research/commodity-markets,series:Iron ore,open_api,Monthly,last,INR/MT,2018-01,Y,30,Y,"Auto-discovered alternate source (LLM-proposed, verified via live fetch on 2026-08-05T04:37:23+00:00; confidence 0.40). Reasoning: No open India-specific domestic iron ore price feed remains after excluding NMDC/Fastmarkets/IBM, so the World Bank's global iron ore price series (fr",N,,,Medium,,3,0.40,
AUSTRALIA_POULTRY_AUSTRALIA_SUBSTITUTE_MEAT_PRICES_BEEF_LAMB_ALT,Poultry,"Australia substitute meat prices (beef, lamb) (auto-discovered alternate)",Australia,1,Medium,worldbank_pinksheet,World Bank Commodity Markets (Pink Sheet),https://www.worldbank.org/en/research/commodity-markets,series:Beef,open_api,Monthly,mean,AUD/Kg,2016-01,Y,30,Y,"Auto-discovered alternate source (LLM-proposed, verified via live fetch on 2026-08-05T04:59:59+00:00; confidence 0.55). Reasoning: World Bank's Pink Sheet publishes a monthly 'Beef' price series (Australia/NZ origin) that serves as a free, open proxy for Australian beef prices as ",N,,,Medium,,3,0.55,
DE_SMP_CORN,Skim Milk Powder,Corn price (feed cost),Germany,2,High,worldbank_pinksheet,World Bank Pink Sheet (CMO Historical Data Monthly),https://www.worldbank.org/en/research/commodity-markets,file:CMO-Historical-Data-Monthly.xlsx | sheet:Monthly Prices | series:Maize,file_download,Monthly,mean,USD/mt,1960-01,Y,10,N,,N,,DE_SMP_CORN_ALT,Low,level + 2m lag,2,,
INDIA_NATURAL_GAS_INDIA_LNG_IMPORT_VOLUMES,Natural Gas,India LNG import volumes,India,2,Medium,un_comtrade,UN Comtrade Database,https://comtradeplus.un.org/,cmdCode=271111; reporterCode=356; flowCode=M,api_key,Monthly,sum,USD/MMBtu,2016-01,Y,30,N,,N,comtrade_api_key,INDIA_NATURAL_GAS_INDIA_LNG_IMPORT_VOLUMES_ALT,Medium,UN Comtrade provides India's monthly import trade statistics for HS code 271111 (liquefied natural g,2,0.55,
INDIA_BLACK_PEPPER_INDIA_PEPPER_PRODUCTION_ESTIMATE,Black Pepper,India pepper production estimate,India,,,,,https://www.indianspices.com/sites/default/files/Major%20spice%20wise%20area%20production%202024-25%20web.pdf,,,,,,,,,,,Y,,,,"[padma new addition 2026-08-07] Source per padma Driver Source Validation, G (Alternate Source). Final Remark: Retain - Manual Extraction. Connector/tier/access_mode/native_frequency/rollup_method/unit not yet researched -- needs manual enrichment before this driver can run.",,,
GLOBAL_BLACK_PEPPER_INDIA_VIETNAM_BRAZIL_PEPPER_EXPORTS_DATA,Black Pepper,"India, Vietnam, Brazil pepper exports data",Global,,,,Trademap,,,,,,,,,,,,Y,,,,"[padma new addition 2026-08-07] Source per padma Driver Source Validation, G (Alternate Source). Final Remark: Retain - Manual Extraction. Connector/tier/access_mode/native_frequency/rollup_method/unit not yet researched -- needs manual enrichment before this driver can run.",,,
AUSTRALIA_CHEESE_AUSTRALIA_CHEESE_PRODUCTION_DAIRY_AUSTRALIA,Cheese,Australia cheese production (Dairy Australia),Australia,,,,,https://www.dairyaustralia.com.au/industry-statistics/production-and-sales/milk-production,,,,,,,,,,,Y,,,,"[padma new addition 2026-08-07] Source per padma Driver Source Validation, F (Current Source). Final Remark: Retain - Manual Extraction. Connector/tier/access_mode/native_frequency/rollup_method/unit not yet researched -- needs manual enrichment before this driver can run.",,,
BRAZIL_CORRUGATED_BOARDS_BRAZIL_INDUSTRIAL_ELECTRICITY_PRICES,Corrugated Boards,Brazil industrial electricity prices,Brazil,,,,,www.gov.br,,,,,,,,,,,Y,,,,"[padma new addition 2026-08-07] Source per padma Driver Source Validation, G (Alternate Source). Final Remark: Retain. Connector/tier/access_mode/native_frequency/rollup_method/unit not yet researched -- needs manual enrichment before this driver can run.",,,
BRAZIL_CORRUGATED_BOARDS_EXPORT_DEMAND,Corrugated Boards,Export demand,Brazil,,,,,https://comtradeplus.un.org/,,,,,,,,,,,Y,,,,"[padma new addition 2026-08-07] Source per padma Driver Source Validation, F (Current Source). Final Remark: Retain. Connector/tier/access_mode/native_frequency/rollup_method/unit not yet researched -- needs manual enrichment before this driver can run.",,,
SPAIN_ELECTRICITY_ROTTERDAM_COAL_FUTURES_BENCHMARK_FOR_EUROPE_COAL_PRICES,Electricity,Rotterdam Coal Futures (benchmark for Europe coal prices),Spain,,,,,https://in.investing.com/commodities/rotterdam-coal-futures,,,,,,,,,,,Y,,,,"[padma new addition 2026-08-07] Source per padma Driver Source Validation, G (Alternate Source). Final Remark: Retain. Connector/tier/access_mode/native_frequency/rollup_method/unit not yet researched -- needs manual enrichment before this driver can run.",,,
POLAND_GASOLINE_FINAL_CONSUMPTION_TRANSPORT_SECTOR_ROAD_ENERGY_USE,Gasoline,Final consumption - transport sector - road - energy use,Poland,,,,,https://ec.europa.eu/eurostat/databrowser/view/NRG_CB_OILM__custom_22312686/default/table,,,,,,,,,,,Y,,,,"[padma new addition 2026-08-07] Source per padma Driver Source Validation, G (Alternate Source). Final Remark: Retain. Connector/tier/access_mode/native_frequency/rollup_method/unit not yet researched -- needs manual enrichment before this driver can run.",,,
INDIA_NATURAL_GAS_INDONESIA_COAL_PRICES_LARGEST_COAL_SUPPLIER_TO_INDIA,Natural Gas,Indonesia coal prices (largest coal supplier to India),India,,,,,https://coalspot.com/,,,,,,,,,,,Y,,,,"[padma new addition 2026-08-07] Source per padma Driver Source Validation, G (Alternate Source). Final Remark: Retain. Connector/tier/access_mode/native_frequency/rollup_method/unit not yet researched -- needs manual enrichment before this driver can run.",,,
INDIA_NATURAL_GAS_INDIA_MCP_DAYAHEAD_ELECTRICITY_PRICES,Natural Gas,India MCP day-ahead electricity prices,India,,,,,https://www.iexindia.com/,,,,,,,,,,,Y,,,,"[padma new addition 2026-08-07] Source per padma Driver Source Validation, G (Alternate Source). Final Remark: Retain. Connector/tier/access_mode/native_frequency/rollup_method/unit not yet researched -- needs manual enrichment before this driver can run.",,,
INDIA_NATURAL_GAS_INDIA_ELECTRICITY_GENERATIONCONSUMPTION,Natural Gas,India electricity generation/consumption,India,,,,,https://npp.gov.in/dgrReports,,,,,,,,,,,Y,,,,"[padma new addition 2026-08-07] Source per padma Driver Source Validation, G (Alternate Source). Final Remark: Retain. Connector/tier/access_mode/native_frequency/rollup_method/unit not yet researched -- needs manual enrichment before this driver can run.",,,
INDIA_NATURAL_GAS_INDIA_COAL_SUBSTITUTE_INVENTORY,Natural Gas,India coal (substitute) inventory,India,,,,,https://npp.gov.in/dgrReports,,,,,,,,,,,Y,,,,"[padma new addition 2026-08-07] Source per padma Driver Source Validation, G (Alternate Source). Final Remark: Retain. Connector/tier/access_mode/native_frequency/rollup_method/unit not yet researched -- needs manual enrichment before this driver can run.",,,
BRAZIL_ORANGE_BRAZIL_FRESH_ORANGE_AND_JUICE_PRODUCTION,Orange,Brazil fresh orange and juice production,Brazil,,,,,,,,,,,,,,,,Y,,,,"[padma new addition 2026-08-07] Source per padma Driver Source Validation, NONE. Final Remark: Retain - Manual Extraction. Connector/tier/access_mode/native_frequency/rollup_method/unit not yet researched -- needs manual enrichment before this driver can run.",,,
BRAZIL_ORANGE_BRAZIL_FRESH_ORANGE_AND_PROCESSING_DEMAND,Orange,Brazil fresh orange and processing demand,Brazil,,,,,,,,,,,,,,,,Y,,,,"[padma new addition 2026-08-07] Source per padma Driver Source Validation, NONE. Final Remark: Retain - Manual Extraction. Connector/tier/access_mode/native_frequency/rollup_method/unit not yet researched -- needs manual enrichment before this driver can run.",,,
GLOBAL_PALM_OIL_PALM_OIL_GLOBAL_STOCKS_TO_USE_RATIO,Palm Oil,Palm Oil Global Stocks to Use Ratio,Global,,,,USDA,,,,,,,,,,,,Y,,,,"[padma new addition 2026-08-07] Source per padma Driver Source Validation, G (Alternate Source). Final Remark: Retain - Manual Extraction. Connector/tier/access_mode/native_frequency/rollup_method/unit not yet researched -- needs manual enrichment before this driver can run.",,,
MALAYSIA_PALM_OIL_PALM_OIL_PRODUCTION,Palm Oil,Palm Oil Production,Malaysia,,,,MPOB,,,,,,,,,,,,Y,,,,"[padma new addition 2026-08-07] Source per padma Driver Source Validation, G (Alternate Source). Final Remark: Retain - Manual Extraction. Connector/tier/access_mode/native_frequency/rollup_method/unit not yet researched -- needs manual enrichment before this driver can run.",,,
AUSTRALIA_POULTRY_WHEAT_PRICE_FEED_COST,Poultry,Wheat price (feed cost),Australia,,,,,https://www.dairyaustralia.com.au/industry-reports/hay-and-grain-reports,,,,,,,,,,,Y,,,,"[padma new addition 2026-08-07] Source per padma Driver Source Validation, G (Alternate Source). Final Remark: Retain - Manual Extraction. Connector/tier/access_mode/native_frequency/rollup_method/unit not yet researched -- needs manual enrichment before this driver can run.",,,
BRAZIL_PULP_BRAZIL_INDUSTRIAL_ELECTRICITY_PRICES,Pulp,Brazil industrial electricity prices,Brazil,,,,,www.gov.br,,,,,,,,,,,Y,,,,"[padma new addition 2026-08-07] Source per padma Driver Source Validation, G (Alternate Source). Final Remark: Retain. Connector/tier/access_mode/native_frequency/rollup_method/unit not yet researched -- needs manual enrichment before this driver can run.",,,
BRAZIL_PULP_BRAZIL_PULP_EXPORTS,Pulp,Brazil pulp exports,Brazil,,,,,https://comtradeplus.un.org,,,,,,,,,,,Y,,,,"[padma new addition 2026-08-07] Source per padma Driver Source Validation, G (Alternate Source). Final Remark: Retain. Connector/tier/access_mode/native_frequency/rollup_method/unit not yet researched -- needs manual enrichment before this driver can run.",,,
EU_SKIM_MILK_POWDER_WHEAT_PRICE_FEED_COST,Skim Milk Powder,Wheat price (feed cost),EU,,,,,https://ahdb.org.uk/cereals-oilseeds/futures-prices,,,,,,,,,,,Y,,,,"[padma new addition 2026-08-07] Source per padma Driver Source Validation, G (Alternate Source). Final Remark: Retain-New Addition. Connector/tier/access_mode/native_frequency/rollup_method/unit not yet researched -- needs manual enrichment before this driver can run.",,,
GERMANY_SKIM_MILK_POWDER_ENERGY_DUTCH_TTF_NATURAL_GAS_PRICES,Skim Milk Powder,Energy - Dutch TTF natural gas prices,Germany,,,,,https://in.investing.com/commodities/ice-dutch-ttf-gas-c1-futures,,,,,,,,,,,Y,,,,"[padma new addition 2026-08-07] Source per padma Driver Source Validation, G (Alternate Source). Final Remark: Retain-New Addition. Connector/tier/access_mode/native_frequency/rollup_method/unit not yet researched -- needs manual enrichment before this driver can run.",,,
GERMANY_SKIM_MILK_POWDER_GERMANY_SMP_EXPORT_VOLUMES,Skim Milk Powder,Germany SMP export volumes,Germany,,,,,https://comtradeplus.un.org,,,,,,,,,,,Y,,,,"[padma new addition 2026-08-07] Source per padma Driver Source Validation, G (Alternate Source). Final Remark: Retain-New Addition. Connector/tier/access_mode/native_frequency/rollup_method/unit not yet researched -- needs manual enrichment before this driver can run.",,,
NORTH_AMERICA_WHEAT_US_ENDING_STOCKSTOUSE_RATIO,Wheat,US ending stocks-to-use ratio,North America,,,,,https://apps.fas.usda.gov/psdonline/api,,,,,,,,,,,Y,,,,"[padma new addition 2026-08-07] Source per padma Driver Source Validation, G (Alternate Source). Final Remark: Retain. Connector/tier/access_mode/native_frequency/rollup_method/unit not yet researched -- needs manual enrichment before this driver can run.",,,
US_WHEAT_US_CORN_PRICES,Wheat,US Corn Prices,US,,,,,https://www.ams.usda.gov/market-news/livestock-poultry-grain,,,,,,,,,,,Y,,,,"[padma new addition 2026-08-07] Source per padma Driver Source Validation, G (Alternate Source). Final Remark: Retain. Connector/tier/access_mode/native_frequency/rollup_method/unit not yet researched -- needs manual enrichment before this driver can run.",,,
INDIA_NATURAL_GAS_INDIA_LNG_IMPORT_VOLUMES_ALT,Natural Gas,"India LNG import volumes (alternate source, per padma review)",India,,,,,https://npp.gov.in/dgrReports,,,,,,,,,,,Y,,,,[padma alternate-source addition 2026-08-07] padma Retain - Manual Extraction alternate source (Current Source/Comtrade was the Drop-flagged one). Connector/tier/access_mode/native_frequency/unit not yet researched.,,,
DE_SMP_CORN_ALT,Skim Milk Powder,"Corn price (feed cost) (alternate source, per padma review)",Germany,,,,,https://ahdb.org.uk/cereals-oilseeds/futures-prices,,,,,,,,,Y,"Padma's alternate source (AHDB) is an EU-wide futures price, not Germany-specific -- region mismatch vs. the root driver's declared Germany region; flagged for review.",Y,,,,[padma alternate-source addition 2026-08-07] padma Retain-New Addition alternate source (Current Source/World Bank US maize was the Drop-flagged one). Connector/tier/access_mode/native_frequency/unit not yet researched.,,,
APAC_AIR_FREIGHT_AIRCRAFT_FLEET_CAPACITYDELIVERIES_PADMA,Air Freight,Aircraft fleet capacity/deliveries (padma alternate source),APAC,1,Low,,,https://boeing.com/resources/boeingdotcom/company/about_bca/pdf/orders-and-deliveries.xlsx,,html_table,Monthly,mean,,,Y,30,N,,N,,,Medium,[padma source-comparison 2026-08-07] swap-in candidate for a currently-failing driver; source per padma G (Alternate Source).,3,,
APAC_PALM_OIL_DEMAND_CONSUMPTION_ANNUAL_PADMA,Palm Oil,Demand - Consumption (Annual) (padma alternate source),APAC,3,Low,,,https://apps.fas.usda.gov/psdonline/app/index.html#/app/downloads,,multipage_scrape,Monthly,mean,,,Y,30,N,,N,,,Medium,[padma source-comparison 2026-08-07] swap-in candidate for a currently-failing driver; source per padma F (Current Source).,3,,
APAC_PALM_OIL_MPOB_STOCKINVENTORY_LEVELS_PADMA,Palm Oil,MPOB stock/inventory levels (padma alternate source),APAC,3,Low,,,https://bepi.mpob.gov.my/index.php/en/,,multipage_scrape,Monthly,mean,,,Y,30,N,,N,,,Medium,[padma source-comparison 2026-08-07] swap-in candidate for a currently-failing driver; source per padma F (Current Source).,3,,
ASIA_PARACETAMOL_OTC_DRUG_DEMAND_INDEX_PADMA,Paracetamol,OTC Drug Demand Index (padma alternate source),Asia,1,Low,,,https://ghoapi.azureedge.net/api/[Indicator],,html_table,Monthly,mean,,,Y,30,N,,N,,,Medium,[padma source-comparison 2026-08-07] swap-in candidate for a currently-failing driver; source per padma G (Alternate Source).,3,,
AUSTRALIA_CHEESE_AUSTRALIAOCEANIA_WHEY_PRICE_PADMA,Cheese,Australia/Oceania whey price (padma alternate source),Australia,3,Low,,,https://www.ams.usda.gov/mnreports/dybreports.pdf,,multipage_scrape,Monthly,mean,,,Y,30,N,,N,,,Medium,[padma source-comparison 2026-08-07] swap-in candidate for a currently-failing driver; source per padma F (Current Source).,3,,
AUSTRALIA_CHEESE_AUSTRALIA_DAIRY_COLD_STORAGE_INVENTORY_DAIRY_AUSTRALIA_PADMA,Cheese,Australia dairy cold storage inventory (Dairy Australia) (padma alternate source),Australia,1,Low,,,https://www.dairyaustralia.com.au/industry-statistics,,html_table,Monthly,mean,,,Y,30,N,,N,,,Medium,[padma source-comparison 2026-08-07] swap-in candidate for a currently-failing driver; source per padma F (Current Source).,3,,
