driver_id,commodity,region,driver_name,month,value,n_obs,coverage_ratio,is_complete,is_imputed,unit,rollup_method,native_frequency,tier_declared,tier_used,frequency_detected,served_by_driver_id,source_name,source_url,is_proxy,is_substituted,data_quality_risk,transform_hint,retrieved_at
GLOBAL_BENZENE_CRUDE_OIL_PRICE_EIA,Benzene,Global,Crude oil price (EIA fallback),2014-01-01,102.1,1,1.0,True,False,USD/MT,mean,Daily,4,1,Monthly,GLOBAL_BENZENE_CRUDE_OIL_PRICE_EIA,World Bank Commodity Markets (Pink Sheet),https://www.worldbank.org/en/research/commodity-markets,True,False,Low,"Backup source, tried after the primary FRED series (per senior review)",2026-09-15T05:03:14+00:00
GLOBAL_BENZENE_CRUDE_OIL_PRICE_EIA,Benzene,Global,Crude oil price (EIA fallback),2014-02-01,104.8,1,1.0,True,False,USD/MT,mean,Daily,4,1,Monthly,GLOBAL_BENZENE_CRUDE_OIL_PRICE_EIA,World Bank Commodity Markets (Pink Sheet),https://www.worldbank.org/en/research/commodity-markets,True,False,Low,"Backup source, tried after the primary FRED series (per senior review)",2026-09-15T05:03:14+00:00
GLOBAL_BENZENE_CRUDE_OIL_PRICE_EIA,Benzene,Global,Crude oil price (EIA fallback),2014-03-01,104.0,1,1.0,True,False,USD/MT,mean,Daily,4,1,Monthly,GLOBAL_BENZENE_CRUDE_OIL_PRICE_EIA,World Bank Commodity Markets (Pink Sheet),https://www.worldbank.org/en/research/commodity-markets,True,False,Low,"Backup source, tried after the primary FRED series (per senior review)",2026-09-15T05:03:14+00:00
GLOBAL_BENZENE_CRUDE_OIL_PRICE_EIA,Benzene,Global,Crude oil price (EIA fallback),2014-04-01,104.9,1,1.0,True,False,USD/MT,mean,Daily,4,1,Monthly,GLOBAL_BENZENE_CRUDE_OIL_PRICE_EIA,World Bank Commodity Markets (Pink Sheet),https://www.worldbank.org/en/research/commodity-markets,True,False,Low,"Backup source, tried after the primary FRED series (per senior review)",2026-09-15T05:03:14+00:00
GLOBAL_BENZENE_CRUDE_OIL_PRICE_EIA,Benzene,Global,Crude oil price (EIA fallback),2014-05-01,105.7,1,1.0,True,False,USD/MT,mean,Daily,4,1,Monthly,GLOBAL_BENZENE_CRUDE_OIL_PRICE_EIA,World Bank Commodity Markets (Pink Sheet),https://www.worldbank.org/en/research/commodity-markets,True,False,Low,"Backup source, tried after the primary FRED series (per senior review)",2026-09-15T05:03:14+00:00
GLOBAL_BENZENE_CRUDE_OIL_PRICE_EIA,Benzene,Global,Crude oil price (EIA fallback),2014-06-01,108.4,1,1.0,True,False,USD/MT,mean,Daily,4,1,Monthly,GLOBAL_BENZENE_CRUDE_OIL_PRICE_EIA,World Bank Commodity Markets (Pink Sheet),https://www.worldbank.org/en/research/commodity-markets,True,False,Low,"Backup source, tried after the primary FRED series (per senior review)",2026-09-15T05:03:14+00:00
GLOBAL_BENZENE_CRUDE_OIL_PRICE_EIA,Benzene,Global,Crude oil price (EIA fallback),2014-07-01,105.2,1,1.0,True,False,USD/MT,mean,Daily,4,1,Monthly,GLOBAL_BENZENE_CRUDE_OIL_PRICE_EIA,World Bank Commodity Markets (Pink Sheet),https://www.worldbank.org/en/research/commodity-markets,True,False,Low,"Backup source, tried after the primary FRED series (per senior review)",2026-09-15T05:03:14+00:00
GLOBAL_BENZENE_CRUDE_OIL_PRICE_EIA,Benzene,Global,Crude oil price (EIA fallback),2014-08-01,100.1,1,1.0,True,False,USD/MT,mean,Daily,4,1,Monthly,GLOBAL_BENZENE_CRUDE_OIL_PRICE_EIA,World Bank Commodity Markets (Pink Sheet),https://www.worldbank.org/en/research/commodity-markets,True,False,Low,"Backup source, tried after the primary FRED series (per senior review)",2026-09-15T05:03:14+00:00
GLOBAL_BENZENE_CRUDE_OIL_PRICE_EIA,Benzene,Global,Crude oil price (EIA fallback),2014-09-01,95.9,1,1.0,True,False,USD/MT,mean,Daily,4,1,Monthly,GLOBAL_BENZENE_CRUDE_OIL_PRICE_EIA,World Bank Commodity Markets (Pink Sheet),https://www.worldbank.org/en/research/commodity-markets,True,False,Low,"Backup source, tried after the primary FRED series (per senior review)",2026-09-15T05:03:14+00:00
GLOBAL_BENZENE_CRUDE_OIL_PRICE_EIA,Benzene,Global,Crude oil price (EIA fallback),2014-10-01,86.1,1,1.0,True,False,USD/MT,mean,Daily,4,1,Monthly,GLOBAL_BENZENE_CRUDE_OIL_PRICE_EIA,World Bank Commodity Markets (Pink Sheet),https://www.worldbank.org/en/research/commodity-markets,True,False,Low,"Backup source, tried after the primary FRED series (per senior review)",2026-09-15T05:03:14+00:00
GLOBAL_BENZENE_CRUDE_OIL_PRICE_EIA,Benzene,Global,Crude oil price (EIA fallback),2014-11-01,77.0,1,1.0,True,False,USD/MT,mean,Daily,4,1,Monthly,GLOBAL_BENZENE_CRUDE_OIL_PRICE_EIA,World Bank Commodity Markets (Pink Sheet),https://www.worldbank.org/en/research/commodity-markets,True,False,Low,"Backup source, tried after the primary FRED series (per senior review)",2026-09-15T05:03:14+00:00
GLOBAL_BENZENE_CRUDE_OIL_PRICE_EIA,Benzene,Global,Crude oil price (EIA fallback),2014-12-01,60.7,1,1.0,True,False,USD/MT,mean,Daily,4,1,Monthly,GLOBAL_BENZENE_CRUDE_OIL_PRICE_EIA,World Bank Commodity Markets (Pink Sheet),https://www.worldbank.org/en/research/commodity-markets,True,False,Low,"Backup source, tried after the primary FRED series (per senior review)",2026-09-15T05:03:14+00:00
GLOBAL_BENZENE_CRUDE_OIL_PRICE_EIA,Benzene,Global,Crude oil price (EIA fallback),2015-01-01,47.1,1,1.0,True,False,USD/MT,mean,Daily,4,1,Monthly,GLOBAL_BENZENE_CRUDE_OIL_PRICE_EIA,World Bank Commodity Markets (Pink Sheet),https://www.worldbank.org/en/research/commodity-markets,True,False,Low,"Backup source, tried after the primary FRED series (per senior review)",2026-09-15T05:03:14+00:00
GLOBAL_BENZENE_CRUDE_OIL_PRICE_EIA,Benzene,Global,Crude oil price (EIA fallback),2015-02-01,54.8,1,1.0,True,False,USD/MT,mean,Daily,4,1,Monthly,GLOBAL_BENZENE_CRUDE_OIL_PRICE_EIA,World Bank Commodity Markets (Pink Sheet),https://www.worldbank.org/en/research/commodity-markets,True,False,Low,"Backup source, tried after the primary FRED series (per senior review)",2026-09-15T05:03:14+00:00
GLOBAL_BENZENE_CRUDE_OIL_PRICE_EIA,Benzene,Global,Crude oil price (EIA fallback),2015-03-01,52.8,1,1.0,True,False,USD/MT,mean,Daily,4,1,Monthly,GLOBAL_BENZENE_CRUDE_OIL_PRICE_EIA,World Bank Commodity Markets (Pink Sheet),https://www.worldbank.org/en/research/commodity-markets,True,False,Low,"Backup source, tried after the primary FRED series (per senior review)",2026-09-15T05:03:14+00:00
GLOBAL_BENZENE_CRUDE_OIL_PRICE_EIA,Benzene,Global,Crude oil price (EIA fallback),2015-04-01,57.5,1,1.0,True,False,USD/MT,mean,Daily,4,1,Monthly,GLOBAL_BENZENE_CRUDE_OIL_PRICE_EIA,World Bank Commodity Markets (Pink Sheet),https://www.worldbank.org/en/research/commodity-markets,True,False,Low,"Backup source, tried after the primary FRED series (per senior review)",2026-09-15T05:03:14+00:00
GLOBAL_BENZENE_CRUDE_OIL_PRICE_EIA,Benzene,Global,Crude oil price (EIA fallback),2015-05-01,62.5,1,1.0,True,False,USD/MT,mean,Daily,4,1,Monthly,GLOBAL_BENZENE_CRUDE_OIL_PRICE_EIA,World Bank Commodity Markets (Pink Sheet),https://www.worldbank.org/en/research/commodity-markets,True,False,Low,"Backup source, tried after the primary FRED series (per senior review)",2026-09-15T05:03:14+00:00
GLOBAL_BENZENE_CRUDE_OIL_PRICE_EIA,Benzene,Global,Crude oil price (EIA fallback),2015-06-01,61.3,1,1.0,True,False,USD/MT,mean,Daily,4,1,Monthly,GLOBAL_BENZENE_CRUDE_OIL_PRICE_EIA,World Bank Commodity Markets (Pink Sheet),https://www.worldbank.org/en/research/commodity-markets,True,False,Low,"Backup source, tried after the primary FRED series (per senior review)",2026-09-15T05:03:14+00:00
GLOBAL_BENZENE_CRUDE_OIL_PRICE_EIA,Benzene,Global,Crude oil price (EIA fallback),2015-07-01,54.3,1,1.0,True,False,USD/MT,mean,Daily,4,1,Monthly,GLOBAL_BENZENE_CRUDE_OIL_PRICE_EIA,World Bank Commodity Markets (Pink Sheet),https://www.worldbank.org/en/research/commodity-markets,True,False,Low,"Backup source, tried after the primary FRED series (per senior review)",2026-09-15T05:03:14+00:00
GLOBAL_BENZENE_CRUDE_OIL_PRICE_EIA,Benzene,Global,Crude oil price (EIA fallback),2015-08-01,45.7,1,1.0,True,False,USD/MT,mean,Daily,4,1,Monthly,GLOBAL_BENZENE_CRUDE_OIL_PRICE_EIA,World Bank Commodity Markets (Pink Sheet),https://www.worldbank.org/en/research/commodity-markets,True,False,Low,"Backup source, tried after the primary FRED series (per senior review)",2026-09-15T05:03:14+00:00
GLOBAL_BENZENE_CRUDE_OIL_PRICE_EIA,Benzene,Global,Crude oil price (EIA fallback),2015-09-01,46.3,1,1.0,True,False,USD/MT,mean,Daily,4,1,Monthly,GLOBAL_BENZENE_CRUDE_OIL_PRICE_EIA,World Bank Commodity Markets (Pink Sheet),https://www.worldbank.org/en/research/commodity-markets,True,False,Low,"Backup source, tried after the primary FRED series (per senior review)",2026-09-15T05:03:14+00:00
GLOBAL_BENZENE_CRUDE_OIL_PRICE_EIA,Benzene,Global,Crude oil price (EIA fallback),2015-10-01,47.0,1,1.0,True,False,USD/MT,mean,Daily,4,1,Monthly,GLOBAL_BENZENE_CRUDE_OIL_PRICE_EIA,World Bank Commodity Markets (Pink Sheet),https://www.worldbank.org/en/research/commodity-markets,True,False,Low,"Backup source, tried after the primary FRED series (per senior review)",2026-09-15T05:03:14+00:00
GLOBAL_BENZENE_CRUDE_OIL_PRICE_EIA,Benzene,Global,Crude oil price (EIA fallback),2015-11-01,43.1,1,1.0,True,False,USD/MT,mean,Daily,4,1,Monthly,GLOBAL_BENZENE_CRUDE_OIL_PRICE_EIA,World Bank Commodity Markets (Pink Sheet),https://www.worldbank.org/en/research/commodity-markets,True,False,Low,"Backup source, tried after the primary FRED series (per senior review)",2026-09-15T05:03:14+00:00
GLOBAL_BENZENE_CRUDE_OIL_PRICE_EIA,Benzene,Global,Crude oil price (EIA fallback),2015-12-01,36.6,1,1.0,True,False,USD/MT,mean,Daily,4,1,Monthly,GLOBAL_BENZENE_CRUDE_OIL_PRICE_EIA,World Bank Commodity Markets (Pink Sheet),https://www.worldbank.org/en/research/commodity-markets,True,False,Low,"Backup source, tried after the primary FRED series (per senior review)",2026-09-15T05:03:14+00:00
GLOBAL_BENZENE_CRUDE_OIL_PRICE_EIA,Benzene,Global,Crude oil price (EIA fallback),2016-01-01,29.8,1,1.0,True,False,USD/MT,mean,Daily,4,1,Monthly,GLOBAL_BENZENE_CRUDE_OIL_PRICE_EIA,World Bank Commodity Markets (Pink Sheet),https://www.worldbank.org/en/research/commodity-markets,True,False,Low,"Backup source, tried after the primary FRED series (per senior review)",2026-09-15T05:03:14+00:00
GLOBAL_BENZENE_CRUDE_OIL_PRICE_EIA,Benzene,Global,Crude oil price (EIA fallback),2016-02-01,31.0,1,1.0,True,False,USD/MT,mean,Daily,4,1,Monthly,GLOBAL_BENZENE_CRUDE_OIL_PRICE_EIA,World Bank Commodity Markets (Pink Sheet),https://www.worldbank.org/en/research/commodity-markets,True,False,Low,"Backup source, tried after the primary FRED series (per senior review)",2026-09-15T05:03:14+00:00
GLOBAL_BENZENE_CRUDE_OIL_PRICE_EIA,Benzene,Global,Crude oil price (EIA fallback),2016-03-01,37.3,1,1.0,True,False,USD/MT,mean,Daily,4,1,Monthly,GLOBAL_BENZENE_CRUDE_OIL_PRICE_EIA,World Bank Commodity Markets (Pink Sheet),https://www.worldbank.org/en/research/commodity-markets,True,False,Low,"Backup source, tried after the primary FRED series (per senior review)",2026-09-15T05:03:14+00:00
GLOBAL_BENZENE_CRUDE_OIL_PRICE_EIA,Benzene,Global,Crude oil price (EIA fallback),2016-04-01,40.8,1,1.0,True,False,USD/MT,mean,Daily,4,1,Monthly,GLOBAL_BENZENE_CRUDE_OIL_PRICE_EIA,World Bank Commodity Markets (Pink Sheet),https://www.worldbank.org/en/research/commodity-markets,True,False,Low,"Backup source, tried after the primary FRED series (per senior review)",2026-09-15T05:03:14+00:00
GLOBAL_BENZENE_CRUDE_OIL_PRICE_EIA,Benzene,Global,Crude oil price (EIA fallback),2016-05-01,45.9,1,1.0,True,False,USD/MT,mean,Daily,4,1,Monthly,GLOBAL_BENZENE_CRUDE_OIL_PRICE_EIA,World Bank Commodity Markets (Pink Sheet),https://www.worldbank.org/en/research/commodity-markets,True,False,Low,"Backup source, tried after the primary FRED series (per senior review)",2026-09-15T05:03:14+00:00
GLOBAL_BENZENE_CRUDE_OIL_PRICE_EIA,Benzene,Global,Crude oil price (EIA fallback),2016-06-01,47.7,1,1.0,True,False,USD/MT,mean,Daily,4,1,Monthly,GLOBAL_BENZENE_CRUDE_OIL_PRICE_EIA,World Bank Commodity Markets (Pink Sheet),https://www.worldbank.org/en/research/commodity-markets,True,False,Low,"Backup source, tried after the primary FRED series (per senior review)",2026-09-15T05:03:14+00:00
GLOBAL_BENZENE_CRUDE_OIL_PRICE_EIA,Benzene,Global,Crude oil price (EIA fallback),2016-07-01,44.1,1,1.0,True,False,USD/MT,mean,Daily,4,1,Monthly,GLOBAL_BENZENE_CRUDE_OIL_PRICE_EIA,World Bank Commodity Markets (Pink Sheet),https://www.worldbank.org/en/research/commodity-markets,True,False,Low,"Backup source, tried after the primary FRED series (per senior review)",2026-09-15T05:03:14+00:00
GLOBAL_BENZENE_CRUDE_OIL_PRICE_EIA,Benzene,Global,Crude oil price (EIA fallback),2016-08-01,44.9,1,1.0,True,False,USD/MT,mean,Daily,4,1,Monthly,GLOBAL_BENZENE_CRUDE_OIL_PRICE_EIA,World Bank Commodity Markets (Pink Sheet),https://www.worldbank.org/en/research/commodity-markets,True,False,Low,"Backup source, tried after the primary FRED series (per senior review)",2026-09-15T05:03:14+00:00
GLOBAL_BENZENE_CRUDE_OIL_PRICE_EIA,Benzene,Global,Crude oil price (EIA fallback),2016-09-01,45.0,1,1.0,True,False,USD/MT,mean,Daily,4,1,Monthly,GLOBAL_BENZENE_CRUDE_OIL_PRICE_EIA,World Bank Commodity Markets (Pink Sheet),https://www.worldbank.org/en/research/commodity-markets,True,False,Low,"Backup source, tried after the primary FRED series (per senior review)",2026-09-15T05:03:14+00:00
GLOBAL_BENZENE_CRUDE_OIL_PRICE_EIA,Benzene,Global,Crude oil price (EIA fallback),2016-10-01,49.3,1,1.0,True,False,USD/MT,mean,Daily,4,1,Monthly,GLOBAL_BENZENE_CRUDE_OIL_PRICE_EIA,World Bank Commodity Markets (Pink Sheet),https://www.worldbank.org/en/research/commodity-markets,True,False,Low,"Backup source, tried after the primary FRED series (per senior review)",2026-09-15T05:03:14+00:00
GLOBAL_BENZENE_CRUDE_OIL_PRICE_EIA,Benzene,Global,Crude oil price (EIA fallback),2016-11-01,45.3,1,1.0,True,False,USD/MT,mean,Daily,4,1,Monthly,GLOBAL_BENZENE_CRUDE_OIL_PRICE_EIA,World Bank Commodity Markets (Pink Sheet),https://www.worldbank.org/en/research/commodity-markets,True,False,Low,"Backup source, tried after the primary FRED series (per senior review)",2026-09-15T05:03:14+00:00
GLOBAL_BENZENE_CRUDE_OIL_PRICE_EIA,Benzene,Global,Crude oil price (EIA fallback),2016-12-01,52.6,1,1.0,True,False,USD/MT,mean,Daily,4,1,Monthly,GLOBAL_BENZENE_CRUDE_OIL_PRICE_EIA,World Bank Commodity Markets (Pink Sheet),https://www.worldbank.org/en/research/commodity-markets,True,False,Low,"Backup source, tried after the primary FRED series (per senior review)",2026-09-15T05:03:14+00:00
GLOBAL_BENZENE_CRUDE_OIL_PRICE_EIA,Benzene,Global,Crude oil price (EIA fallback),2017-01-01,53.6,1,1.0,True,False,USD/MT,mean,Daily,4,1,Monthly,GLOBAL_BENZENE_CRUDE_OIL_PRICE_EIA,World Bank Commodity Markets (Pink Sheet),https://www.worldbank.org/en/research/commodity-markets,True,False,Low,"Backup source, tried after the primary FRED series (per senior review)",2026-09-15T05:03:14+00:00
GLOBAL_BENZENE_CRUDE_OIL_PRICE_EIA,Benzene,Global,Crude oil price (EIA fallback),2017-02-01,54.4,1,1.0,True,False,USD/MT,mean,Daily,4,1,Monthly,GLOBAL_BENZENE_CRUDE_OIL_PRICE_EIA,World Bank Commodity Markets (Pink Sheet),https://www.worldbank.org/en/research/commodity-markets,True,False,Low,"Backup source, tried after the primary FRED series (per senior review)",2026-09-15T05:03:14+00:00
GLOBAL_BENZENE_CRUDE_OIL_PRICE_EIA,Benzene,Global,Crude oil price (EIA fallback),2017-03-01,50.9,1,1.0,True,False,USD/MT,mean,Daily,4,1,Monthly,GLOBAL_BENZENE_CRUDE_OIL_PRICE_EIA,World Bank Commodity Markets (Pink Sheet),https://www.worldbank.org/en/research/commodity-markets,True,False,Low,"Backup source, tried after the primary FRED series (per senior review)",2026-09-15T05:03:14+00:00
GLOBAL_BENZENE_CRUDE_OIL_PRICE_EIA,Benzene,Global,Crude oil price (EIA fallback),2017-04-01,52.2,1,1.0,True,False,USD/MT,mean,Daily,4,1,Monthly,GLOBAL_BENZENE_CRUDE_OIL_PRICE_EIA,World Bank Commodity Markets (Pink Sheet),https://www.worldbank.org/en/research/commodity-markets,True,False,Low,"Backup source, tried after the primary FRED series (per senior review)",2026-09-15T05:03:14+00:00
GLOBAL_BENZENE_CRUDE_OIL_PRICE_EIA,Benzene,Global,Crude oil price (EIA fallback),2017-05-01,49.9,1,1.0,True,False,USD/MT,mean,Daily,4,1,Monthly,GLOBAL_BENZENE_CRUDE_OIL_PRICE_EIA,World Bank Commodity Markets (Pink Sheet),https://www.worldbank.org/en/research/commodity-markets,True,False,Low,"Backup source, tried after the primary FRED series (per senior review)",2026-09-15T05:03:14+00:00
GLOBAL_BENZENE_CRUDE_OIL_PRICE_EIA,Benzene,Global,Crude oil price (EIA fallback),2017-06-01,46.2,1,1.0,True,False,USD/MT,mean,Daily,4,1,Monthly,GLOBAL_BENZENE_CRUDE_OIL_PRICE_EIA,World Bank Commodity Markets (Pink Sheet),https://www.worldbank.org/en/research/commodity-markets,True,False,Low,"Backup source, tried after the primary FRED series (per senior review)",2026-09-15T05:03:14+00:00
GLOBAL_BENZENE_CRUDE_OIL_PRICE_EIA,Benzene,Global,Crude oil price (EIA fallback),2017-07-01,47.7,1,1.0,True,False,USD/MT,mean,Daily,4,1,Monthly,GLOBAL_BENZENE_CRUDE_OIL_PRICE_EIA,World Bank Commodity Markets (Pink Sheet),https://www.worldbank.org/en/research/commodity-markets,True,False,Low,"Backup source, tried after the primary FRED series (per senior review)",2026-09-15T05:03:14+00:00
GLOBAL_BENZENE_CRUDE_OIL_PRICE_EIA,Benzene,Global,Crude oil price (EIA fallback),2017-08-01,49.9,1,1.0,True,False,USD/MT,mean,Daily,4,1,Monthly,GLOBAL_BENZENE_CRUDE_OIL_PRICE_EIA,World Bank Commodity Markets (Pink Sheet),https://www.worldbank.org/en/research/commodity-markets,True,False,Low,"Backup source, tried after the primary FRED series (per senior review)",2026-09-15T05:03:14+00:00
GLOBAL_BENZENE_CRUDE_OIL_PRICE_EIA,Benzene,Global,Crude oil price (EIA fallback),2017-09-01,53.0,1,1.0,True,False,USD/MT,mean,Daily,4,1,Monthly,GLOBAL_BENZENE_CRUDE_OIL_PRICE_EIA,World Bank Commodity Markets (Pink Sheet),https://www.worldbank.org/en/research/commodity-markets,True,False,Low,"Backup source, tried after the primary FRED series (per senior review)",2026-09-15T05:03:14+00:00
GLOBAL_BENZENE_CRUDE_OIL_PRICE_EIA,Benzene,Global,Crude oil price (EIA fallback),2017-10-01,54.9,1,1.0,True,False,USD/MT,mean,Daily,4,1,Monthly,GLOBAL_BENZENE_CRUDE_OIL_PRICE_EIA,World Bank Commodity Markets (Pink Sheet),https://www.worldbank.org/en/research/commodity-markets,True,False,Low,"Backup source, tried after the primary FRED series (per senior review)",2026-09-15T05:03:14+00:00
GLOBAL_BENZENE_CRUDE_OIL_PRICE_EIA,Benzene,Global,Crude oil price (EIA fallback),2017-11-01,59.9,1,1.0,True,False,USD/MT,mean,Daily,4,1,Monthly,GLOBAL_BENZENE_CRUDE_OIL_PRICE_EIA,World Bank Commodity Markets (Pink Sheet),https://www.worldbank.org/en/research/commodity-markets,True,False,Low,"Backup source, tried after the primary FRED series (per senior review)",2026-09-15T05:03:14+00:00
GLOBAL_BENZENE_CRUDE_OIL_PRICE_EIA,Benzene,Global,Crude oil price (EIA fallback),2017-12-01,61.2,1,1.0,True,False,USD/MT,mean,Daily,4,1,Monthly,GLOBAL_BENZENE_CRUDE_OIL_PRICE_EIA,World Bank Commodity Markets (Pink Sheet),https://www.worldbank.org/en/research/commodity-markets,True,False,Low,"Backup source, tried after the primary FRED series (per senior review)",2026-09-15T05:03:14+00:00
GLOBAL_BENZENE_CRUDE_OIL_PRICE_EIA,Benzene,Global,Crude oil price (EIA fallback),2018-01-01,66.2,1,1.0,True,False,USD/MT,mean,Daily,4,1,Monthly,GLOBAL_BENZENE_CRUDE_OIL_PRICE_EIA,World Bank Commodity Markets (Pink Sheet),https://www.worldbank.org/en/research/commodity-markets,True,False,Low,"Backup source, tried after the primary FRED series (per senior review)",2026-09-15T05:03:14+00:00
GLOBAL_BENZENE_CRUDE_OIL_PRICE_EIA,Benzene,Global,Crude oil price (EIA fallback),2018-02-01,63.5,1,1.0,True,False,USD/MT,mean,Daily,4,1,Monthly,GLOBAL_BENZENE_CRUDE_OIL_PRICE_EIA,World Bank Commodity Markets (Pink Sheet),https://www.worldbank.org/en/research/commodity-markets,True,False,Low,"Backup source, tried after the primary FRED series (per senior review)",2026-09-15T05:03:14+00:00
GLOBAL_BENZENE_CRUDE_OIL_PRICE_EIA,Benzene,Global,Crude oil price (EIA fallback),2018-03-01,64.2,1,1.0,True,False,USD/MT,mean,Daily,4,1,Monthly,GLOBAL_BENZENE_CRUDE_OIL_PRICE_EIA,World Bank Commodity Markets (Pink Sheet),https://www.worldbank.org/en/research/commodity-markets,True,False,Low,"Backup source, tried after the primary FRED series (per senior review)",2026-09-15T05:03:14+00:00
GLOBAL_BENZENE_CRUDE_OIL_PRICE_EIA,Benzene,Global,Crude oil price (EIA fallback),2018-04-01,68.8,1,1.0,True,False,USD/MT,mean,Daily,4,1,Monthly,GLOBAL_BENZENE_CRUDE_OIL_PRICE_EIA,World Bank Commodity Markets (Pink Sheet),https://www.worldbank.org/en/research/commodity-markets,True,False,Low,"Backup source, tried after the primary FRED series (per senior review)",2026-09-15T05:03:14+00:00
GLOBAL_BENZENE_CRUDE_OIL_PRICE_EIA,Benzene,Global,Crude oil price (EIA fallback),2018-05-01,73.4,1,1.0,True,False,USD/MT,mean,Daily,4,1,Monthly,GLOBAL_BENZENE_CRUDE_OIL_PRICE_EIA,World Bank Commodity Markets (Pink Sheet),https://www.worldbank.org/en/research/commodity-markets,True,False,Low,"Backup source, tried after the primary FRED series (per senior review)",2026-09-15T05:03:14+00:00
GLOBAL_BENZENE_CRUDE_OIL_PRICE_EIA,Benzene,Global,Crude oil price (EIA fallback),2018-06-01,72.0,1,1.0,True,False,USD/MT,mean,Daily,4,1,Monthly,GLOBAL_BENZENE_CRUDE_OIL_PRICE_EIA,World Bank Commodity Markets (Pink Sheet),https://www.worldbank.org/en/research/commodity-markets,True,False,Low,"Backup source, tried after the primary FRED series (per senior review)",2026-09-15T05:03:14+00:00
GLOBAL_BENZENE_CRUDE_OIL_PRICE_EIA,Benzene,Global,Crude oil price (EIA fallback),2018-07-01,72.7,1,1.0,True,False,USD/MT,mean,Daily,4,1,Monthly,GLOBAL_BENZENE_CRUDE_OIL_PRICE_EIA,World Bank Commodity Markets (Pink Sheet),https://www.worldbank.org/en/research/commodity-markets,True,False,Low,"Backup source, tried after the primary FRED series (per senior review)",2026-09-15T05:03:14+00:00
GLOBAL_BENZENE_CRUDE_OIL_PRICE_EIA,Benzene,Global,Crude oil price (EIA fallback),2018-08-01,71.1,1,1.0,True,False,USD/MT,mean,Daily,4,1,Monthly,GLOBAL_BENZENE_CRUDE_OIL_PRICE_EIA,World Bank Commodity Markets (Pink Sheet),https://www.worldbank.org/en/research/commodity-markets,True,False,Low,"Backup source, tried after the primary FRED series (per senior review)",2026-09-15T05:03:14+00:00
GLOBAL_BENZENE_CRUDE_OIL_PRICE_EIA,Benzene,Global,Crude oil price (EIA fallback),2018-09-01,75.4,1,1.0,True,False,USD/MT,mean,Daily,4,1,Monthly,GLOBAL_BENZENE_CRUDE_OIL_PRICE_EIA,World Bank Commodity Markets (Pink Sheet),https://www.worldbank.org/en/research/commodity-markets,True,False,Low,"Backup source, tried after the primary FRED series (per senior review)",2026-09-15T05:03:14+00:00
GLOBAL_BENZENE_CRUDE_OIL_PRICE_EIA,Benzene,Global,Crude oil price (EIA fallback),2018-10-01,76.7,1,1.0,True,False,USD/MT,mean,Daily,4,1,Monthly,GLOBAL_BENZENE_CRUDE_OIL_PRICE_EIA,World Bank Commodity Markets (Pink Sheet),https://www.worldbank.org/en/research/commodity-markets,True,False,Low,"Backup source, tried after the primary FRED series (per senior review)",2026-09-15T05:03:14+00:00
GLOBAL_BENZENE_CRUDE_OIL_PRICE_EIA,Benzene,Global,Crude oil price (EIA fallback),2018-11-01,62.3,1,1.0,True,False,USD/MT,mean,Daily,4,1,Monthly,GLOBAL_BENZENE_CRUDE_OIL_PRICE_EIA,World Bank Commodity Markets (Pink Sheet),https://www.worldbank.org/en/research/commodity-markets,True,False,Low,"Backup source, tried after the primary FRED series (per senior review)",2026-09-15T05:03:14+00:00
GLOBAL_BENZENE_CRUDE_OIL_PRICE_EIA,Benzene,Global,Crude oil price (EIA fallback),2018-12-01,54.0,1,1.0,True,False,USD/MT,mean,Daily,4,1,Monthly,GLOBAL_BENZENE_CRUDE_OIL_PRICE_EIA,World Bank Commodity Markets (Pink Sheet),https://www.worldbank.org/en/research/commodity-markets,True,False,Low,"Backup source, tried after the primary FRED series (per senior review)",2026-09-15T05:03:14+00:00
GLOBAL_BENZENE_CRUDE_OIL_PRICE_EIA,Benzene,Global,Crude oil price (EIA fallback),2019-01-01,56.6,1,1.0,True,False,USD/MT,mean,Daily,4,1,Monthly,GLOBAL_BENZENE_CRUDE_OIL_PRICE_EIA,World Bank Commodity Markets (Pink Sheet),https://www.worldbank.org/en/research/commodity-markets,True,False,Low,"Backup source, tried after the primary FRED series (per senior review)",2026-09-15T05:03:14+00:00
GLOBAL_BENZENE_CRUDE_OIL_PRICE_EIA,Benzene,Global,Crude oil price (EIA fallback),2019-02-01,61.1,1,1.0,True,False,USD/MT,mean,Daily,4,1,Monthly,GLOBAL_BENZENE_CRUDE_OIL_PRICE_EIA,World Bank Commodity Markets (Pink Sheet),https://www.worldbank.org/en/research/commodity-markets,True,False,Low,"Backup source, tried after the primary FRED series (per senior review)",2026-09-15T05:03:14+00:00
GLOBAL_BENZENE_CRUDE_OIL_PRICE_EIA,Benzene,Global,Crude oil price (EIA fallback),2019-03-01,63.8,1,1.0,True,False,USD/MT,mean,Daily,4,1,Monthly,GLOBAL_BENZENE_CRUDE_OIL_PRICE_EIA,World Bank Commodity Markets (Pink Sheet),https://www.worldbank.org/en/research/commodity-markets,True,False,Low,"Backup source, tried after the primary FRED series (per senior review)",2026-09-15T05:03:14+00:00
GLOBAL_BENZENE_CRUDE_OIL_PRICE_EIA,Benzene,Global,Crude oil price (EIA fallback),2019-04-01,68.6,1,1.0,True,False,USD/MT,mean,Daily,4,1,Monthly,GLOBAL_BENZENE_CRUDE_OIL_PRICE_EIA,World Bank Commodity Markets (Pink Sheet),https://www.worldbank.org/en/research/commodity-markets,True,False,Low,"Backup source, tried after the primary FRED series (per senior review)",2026-09-15T05:03:14+00:00
GLOBAL_BENZENE_CRUDE_OIL_PRICE_EIA,Benzene,Global,Crude oil price (EIA fallback),2019-05-01,66.8,1,1.0,True,False,USD/MT,mean,Daily,4,1,Monthly,GLOBAL_BENZENE_CRUDE_OIL_PRICE_EIA,World Bank Commodity Markets (Pink Sheet),https://www.worldbank.org/en/research/commodity-markets,True,False,Low,"Backup source, tried after the primary FRED series (per senior review)",2026-09-15T05:03:14+00:00
GLOBAL_BENZENE_CRUDE_OIL_PRICE_EIA,Benzene,Global,Crude oil price (EIA fallback),2019-06-01,59.8,1,1.0,True,False,USD/MT,mean,Daily,4,1,Monthly,GLOBAL_BENZENE_CRUDE_OIL_PRICE_EIA,World Bank Commodity Markets (Pink Sheet),https://www.worldbank.org/en/research/commodity-markets,True,False,Low,"Backup source, tried after the primary FRED series (per senior review)",2026-09-15T05:03:14+00:00
GLOBAL_BENZENE_CRUDE_OIL_PRICE_EIA,Benzene,Global,Crude oil price (EIA fallback),2019-07-01,61.5,1,1.0,True,False,USD/MT,mean,Daily,4,1,Monthly,GLOBAL_BENZENE_CRUDE_OIL_PRICE_EIA,World Bank Commodity Markets (Pink Sheet),https://www.worldbank.org/en/research/commodity-markets,True,False,Low,"Backup source, tried after the primary FRED series (per senior review)",2026-09-15T05:03:14+00:00
GLOBAL_BENZENE_CRUDE_OIL_PRICE_EIA,Benzene,Global,Crude oil price (EIA fallback),2019-08-01,57.7,1,1.0,True,False,USD/MT,mean,Daily,4,1,Monthly,GLOBAL_BENZENE_CRUDE_OIL_PRICE_EIA,World Bank Commodity Markets (Pink Sheet),https://www.worldbank.org/en/research/commodity-markets,True,False,Low,"Backup source, tried after the primary FRED series (per senior review)",2026-09-15T05:03:14+00:00
GLOBAL_BENZENE_CRUDE_OIL_PRICE_EIA,Benzene,Global,Crude oil price (EIA fallback),2019-09-01,60.0,1,1.0,True,False,USD/MT,mean,Daily,4,1,Monthly,GLOBAL_BENZENE_CRUDE_OIL_PRICE_EIA,World Bank Commodity Markets (Pink Sheet),https://www.worldbank.org/en/research/commodity-markets,True,False,Low,"Backup source, tried after the primary FRED series (per senior review)",2026-09-15T05:03:14+00:00
GLOBAL_BENZENE_CRUDE_OIL_PRICE_EIA,Benzene,Global,Crude oil price (EIA fallback),2019-10-01,57.3,1,1.0,True,False,USD/MT,mean,Daily,4,1,Monthly,GLOBAL_BENZENE_CRUDE_OIL_PRICE_EIA,World Bank Commodity Markets (Pink Sheet),https://www.worldbank.org/en/research/commodity-markets,True,False,Low,"Backup source, tried after the primary FRED series (per senior review)",2026-09-15T05:03:14+00:00
GLOBAL_BENZENE_CRUDE_OIL_PRICE_EIA,Benzene,Global,Crude oil price (EIA fallback),2019-11-01,60.4,1,1.0,True,False,USD/MT,mean,Daily,4,1,Monthly,GLOBAL_BENZENE_CRUDE_OIL_PRICE_EIA,World Bank Commodity Markets (Pink Sheet),https://www.worldbank.org/en/research/commodity-markets,True,False,Low,"Backup source, tried after the primary FRED series (per senior review)",2026-09-15T05:03:14+00:00
GLOBAL_BENZENE_CRUDE_OIL_PRICE_EIA,Benzene,Global,Crude oil price (EIA fallback),2019-12-01,63.4,1,1.0,True,False,USD/MT,mean,Daily,4,1,Monthly,GLOBAL_BENZENE_CRUDE_OIL_PRICE_EIA,World Bank Commodity Markets (Pink Sheet),https://www.worldbank.org/en/research/commodity-markets,True,False,Low,"Backup source, tried after the primary FRED series (per senior review)",2026-09-15T05:03:14+00:00
GLOBAL_BENZENE_CRUDE_OIL_PRICE_EIA,Benzene,Global,Crude oil price (EIA fallback),2020-01-01,61.6,1,1.0,True,False,USD/MT,mean,Daily,4,1,Monthly,GLOBAL_BENZENE_CRUDE_OIL_PRICE_EIA,World Bank Commodity Markets (Pink Sheet),https://www.worldbank.org/en/research/commodity-markets,True,False,Low,"Backup source, tried after the primary FRED series (per senior review)",2026-09-15T05:03:14+00:00
GLOBAL_BENZENE_CRUDE_OIL_PRICE_EIA,Benzene,Global,Crude oil price (EIA fallback),2020-02-01,53.3,1,1.0,True,False,USD/MT,mean,Daily,4,1,Monthly,GLOBAL_BENZENE_CRUDE_OIL_PRICE_EIA,World Bank Commodity Markets (Pink Sheet),https://www.worldbank.org/en/research/commodity-markets,True,False,Low,"Backup source, tried after the primary FRED series (per senior review)",2026-09-15T05:03:14+00:00
GLOBAL_BENZENE_CRUDE_OIL_PRICE_EIA,Benzene,Global,Crude oil price (EIA fallback),2020-03-01,32.2,1,1.0,True,False,USD/MT,mean,Daily,4,1,Monthly,GLOBAL_BENZENE_CRUDE_OIL_PRICE_EIA,World Bank Commodity Markets (Pink Sheet),https://www.worldbank.org/en/research/commodity-markets,True,False,Low,"Backup source, tried after the primary FRED series (per senior review)",2026-09-15T05:03:14+00:00
GLOBAL_BENZENE_CRUDE_OIL_PRICE_EIA,Benzene,Global,Crude oil price (EIA fallback),2020-04-01,21.0,1,1.0,True,False,USD/MT,mean,Daily,4,1,Monthly,GLOBAL_BENZENE_CRUDE_OIL_PRICE_EIA,World Bank Commodity Markets (Pink Sheet),https://www.worldbank.org/en/research/commodity-markets,True,False,Low,"Backup source, tried after the primary FRED series (per senior review)",2026-09-15T05:03:14+00:00
GLOBAL_BENZENE_CRUDE_OIL_PRICE_EIA,Benzene,Global,Crude oil price (EIA fallback),2020-05-01,30.4,1,1.0,True,False,USD/MT,mean,Daily,4,1,Monthly,GLOBAL_BENZENE_CRUDE_OIL_PRICE_EIA,World Bank Commodity Markets (Pink Sheet),https://www.worldbank.org/en/research/commodity-markets,True,False,Low,"Backup source, tried after the primary FRED series (per senior review)",2026-09-15T05:03:14+00:00
GLOBAL_BENZENE_CRUDE_OIL_PRICE_EIA,Benzene,Global,Crude oil price (EIA fallback),2020-06-01,39.5,1,1.0,True,False,USD/MT,mean,Daily,4,1,Monthly,GLOBAL_BENZENE_CRUDE_OIL_PRICE_EIA,World Bank Commodity Markets (Pink Sheet),https://www.worldbank.org/en/research/commodity-markets,True,False,Low,"Backup source, tried after the primary FRED series (per senior review)",2026-09-15T05:03:14+00:00
GLOBAL_BENZENE_CRUDE_OIL_PRICE_EIA,Benzene,Global,Crude oil price (EIA fallback),2020-07-01,42.1,1,1.0,True,False,USD/MT,mean,Daily,4,1,Monthly,GLOBAL_BENZENE_CRUDE_OIL_PRICE_EIA,World Bank Commodity Markets (Pink Sheet),https://www.worldbank.org/en/research/commodity-markets,True,False,Low,"Backup source, tried after the primary FRED series (per senior review)",2026-09-15T05:03:14+00:00
GLOBAL_BENZENE_CRUDE_OIL_PRICE_EIA,Benzene,Global,Crude oil price (EIA fallback),2020-08-01,43.4,1,1.0,True,False,USD/MT,mean,Daily,4,1,Monthly,GLOBAL_BENZENE_CRUDE_OIL_PRICE_EIA,World Bank Commodity Markets (Pink Sheet),https://www.worldbank.org/en/research/commodity-markets,True,False,Low,"Backup source, tried after the primary FRED series (per senior review)",2026-09-15T05:03:14+00:00
GLOBAL_BENZENE_CRUDE_OIL_PRICE_EIA,Benzene,Global,Crude oil price (EIA fallback),2020-09-01,40.6,1,1.0,True,False,USD/MT,mean,Daily,4,1,Monthly,GLOBAL_BENZENE_CRUDE_OIL_PRICE_EIA,World Bank Commodity Markets (Pink Sheet),https://www.worldbank.org/en/research/commodity-markets,True,False,Low,"Backup source, tried after the primary FRED series (per senior review)",2026-09-15T05:03:14+00:00
GLOBAL_BENZENE_CRUDE_OIL_PRICE_EIA,Benzene,Global,Crude oil price (EIA fallback),2020-10-01,39.9,1,1.0,True,False,USD/MT,mean,Daily,4,1,Monthly,GLOBAL_BENZENE_CRUDE_OIL_PRICE_EIA,World Bank Commodity Markets (Pink Sheet),https://www.worldbank.org/en/research/commodity-markets,True,False,Low,"Backup source, tried after the primary FRED series (per senior review)",2026-09-15T05:03:14+00:00
GLOBAL_BENZENE_CRUDE_OIL_PRICE_EIA,Benzene,Global,Crude oil price (EIA fallback),2020-11-01,42.3,1,1.0,True,False,USD/MT,mean,Daily,4,1,Monthly,GLOBAL_BENZENE_CRUDE_OIL_PRICE_EIA,World Bank Commodity Markets (Pink Sheet),https://www.worldbank.org/en/research/commodity-markets,True,False,Low,"Backup source, tried after the primary FRED series (per senior review)",2026-09-15T05:03:14+00:00
GLOBAL_BENZENE_CRUDE_OIL_PRICE_EIA,Benzene,Global,Crude oil price (EIA fallback),2020-12-01,48.7,1,1.0,True,False,USD/MT,mean,Daily,4,1,Monthly,GLOBAL_BENZENE_CRUDE_OIL_PRICE_EIA,World Bank Commodity Markets (Pink Sheet),https://www.worldbank.org/en/research/commodity-markets,True,False,Low,"Backup source, tried after the primary FRED series (per senior review)",2026-09-15T05:03:14+00:00
GLOBAL_BENZENE_CRUDE_OIL_PRICE_EIA,Benzene,Global,Crude oil price (EIA fallback),2021-01-01,53.6,1,1.0,True,False,USD/MT,mean,Daily,4,1,Monthly,GLOBAL_BENZENE_CRUDE_OIL_PRICE_EIA,World Bank Commodity Markets (Pink Sheet),https://www.worldbank.org/en/research/commodity-markets,True,False,Low,"Backup source, tried after the primary FRED series (per senior review)",2026-09-15T05:03:14+00:00
GLOBAL_BENZENE_CRUDE_OIL_PRICE_EIA,Benzene,Global,Crude oil price (EIA fallback),2021-02-01,60.5,1,1.0,True,False,USD/MT,mean,Daily,4,1,Monthly,GLOBAL_BENZENE_CRUDE_OIL_PRICE_EIA,World Bank Commodity Markets (Pink Sheet),https://www.worldbank.org/en/research/commodity-markets,True,False,Low,"Backup source, tried after the primary FRED series (per senior review)",2026-09-15T05:03:14+00:00
GLOBAL_BENZENE_CRUDE_OIL_PRICE_EIA,Benzene,Global,Crude oil price (EIA fallback),2021-03-01,63.8,1,1.0,True,False,USD/MT,mean,Daily,4,1,Monthly,GLOBAL_BENZENE_CRUDE_OIL_PRICE_EIA,World Bank Commodity Markets (Pink Sheet),https://www.worldbank.org/en/research/commodity-markets,True,False,Low,"Backup source, tried after the primary FRED series (per senior review)",2026-09-15T05:03:14+00:00
GLOBAL_BENZENE_CRUDE_OIL_PRICE_EIA,Benzene,Global,Crude oil price (EIA fallback),2021-04-01,63.0,1,1.0,True,False,USD/MT,mean,Daily,4,1,Monthly,GLOBAL_BENZENE_CRUDE_OIL_PRICE_EIA,World Bank Commodity Markets (Pink Sheet),https://www.worldbank.org/en/research/commodity-markets,True,False,Low,"Backup source, tried after the primary FRED series (per senior review)",2026-09-15T05:03:14+00:00
GLOBAL_BENZENE_CRUDE_OIL_PRICE_EIA,Benzene,Global,Crude oil price (EIA fallback),2021-05-01,66.4,1,1.0,True,False,USD/MT,mean,Daily,4,1,Monthly,GLOBAL_BENZENE_CRUDE_OIL_PRICE_EIA,World Bank Commodity Markets (Pink Sheet),https://www.worldbank.org/en/research/commodity-markets,True,False,Low,"Backup source, tried after the primary FRED series (per senior review)",2026-09-15T05:03:14+00:00
GLOBAL_BENZENE_CRUDE_OIL_PRICE_EIA,Benzene,Global,Crude oil price (EIA fallback),2021-06-01,71.8,1,1.0,True,False,USD/MT,mean,Daily,4,1,Monthly,GLOBAL_BENZENE_CRUDE_OIL_PRICE_EIA,World Bank Commodity Markets (Pink Sheet),https://www.worldbank.org/en/research/commodity-markets,True,False,Low,"Backup source, tried after the primary FRED series (per senior review)",2026-09-15T05:03:14+00:00
GLOBAL_BENZENE_CRUDE_OIL_PRICE_EIA,Benzene,Global,Crude oil price (EIA fallback),2021-07-01,73.3,1,1.0,True,False,USD/MT,mean,Daily,4,1,Monthly,GLOBAL_BENZENE_CRUDE_OIL_PRICE_EIA,World Bank Commodity Markets (Pink Sheet),https://www.worldbank.org/en/research/commodity-markets,True,False,Low,"Backup source, tried after the primary FRED series (per senior review)",2026-09-15T05:03:14+00:00
GLOBAL_BENZENE_CRUDE_OIL_PRICE_EIA,Benzene,Global,Crude oil price (EIA fallback),2021-08-01,68.9,1,1.0,True,False,USD/MT,mean,Daily,4,1,Monthly,GLOBAL_BENZENE_CRUDE_OIL_PRICE_EIA,World Bank Commodity Markets (Pink Sheet),https://www.worldbank.org/en/research/commodity-markets,True,False,Low,"Backup source, tried after the primary FRED series (per senior review)",2026-09-15T05:03:14+00:00
GLOBAL_BENZENE_CRUDE_OIL_PRICE_EIA,Benzene,Global,Crude oil price (EIA fallback),2021-09-01,72.8,1,1.0,True,False,USD/MT,mean,Daily,4,1,Monthly,GLOBAL_BENZENE_CRUDE_OIL_PRICE_EIA,World Bank Commodity Markets (Pink Sheet),https://www.worldbank.org/en/research/commodity-markets,True,False,Low,"Backup source, tried after the primary FRED series (per senior review)",2026-09-15T05:03:14+00:00
GLOBAL_BENZENE_CRUDE_OIL_PRICE_EIA,Benzene,Global,Crude oil price (EIA fallback),2021-10-01,82.1,1,1.0,True,False,USD/MT,mean,Daily,4,1,Monthly,GLOBAL_BENZENE_CRUDE_OIL_PRICE_EIA,World Bank Commodity Markets (Pink Sheet),https://www.worldbank.org/en/research/commodity-markets,True,False,Low,"Backup source, tried after the primary FRED series (per senior review)",2026-09-15T05:03:14+00:00
GLOBAL_BENZENE_CRUDE_OIL_PRICE_EIA,Benzene,Global,Crude oil price (EIA fallback),2021-11-01,79.9,1,1.0,True,False,USD/MT,mean,Daily,4,1,Monthly,GLOBAL_BENZENE_CRUDE_OIL_PRICE_EIA,World Bank Commodity Markets (Pink Sheet),https://www.worldbank.org/en/research/commodity-markets,True,False,Low,"Backup source, tried after the primary FRED series (per senior review)",2026-09-15T05:03:14+00:00
GLOBAL_BENZENE_CRUDE_OIL_PRICE_EIA,Benzene,Global,Crude oil price (EIA fallback),2021-12-01,72.9,1,1.0,True,False,USD/MT,mean,Daily,4,1,Monthly,GLOBAL_BENZENE_CRUDE_OIL_PRICE_EIA,World Bank Commodity Markets (Pink Sheet),https://www.worldbank.org/en/research/commodity-markets,True,False,Low,"Backup source, tried after the primary FRED series (per senior review)",2026-09-15T05:03:14+00:00
GLOBAL_BENZENE_CRUDE_OIL_PRICE_EIA,Benzene,Global,Crude oil price (EIA fallback),2022-01-01,83.9,1,1.0,True,False,USD/MT,mean,Daily,4,1,Monthly,GLOBAL_BENZENE_CRUDE_OIL_PRICE_EIA,World Bank Commodity Markets (Pink Sheet),https://www.worldbank.org/en/research/commodity-markets,True,False,Low,"Backup source, tried after the primary FRED series (per senior review)",2026-09-15T05:03:14+00:00
GLOBAL_BENZENE_CRUDE_OIL_PRICE_EIA,Benzene,Global,Crude oil price (EIA fallback),2022-02-01,93.5,1,1.0,True,False,USD/MT,mean,Daily,4,1,Monthly,GLOBAL_BENZENE_CRUDE_OIL_PRICE_EIA,World Bank Commodity Markets (Pink Sheet),https://www.worldbank.org/en/research/commodity-markets,True,False,Low,"Backup source, tried after the primary FRED series (per senior review)",2026-09-15T05:03:14+00:00
GLOBAL_BENZENE_CRUDE_OIL_PRICE_EIA,Benzene,Global,Crude oil price (EIA fallback),2022-03-01,112.4,1,1.0,True,False,USD/MT,mean,Daily,4,1,Monthly,GLOBAL_BENZENE_CRUDE_OIL_PRICE_EIA,World Bank Commodity Markets (Pink Sheet),https://www.worldbank.org/en/research/commodity-markets,True,False,Low,"Backup source, tried after the primary FRED series (per senior review)",2026-09-15T05:03:14+00:00
GLOBAL_BENZENE_CRUDE_OIL_PRICE_EIA,Benzene,Global,Crude oil price (EIA fallback),2022-04-01,103.4,1,1.0,True,False,USD/MT,mean,Daily,4,1,Monthly,GLOBAL_BENZENE_CRUDE_OIL_PRICE_EIA,World Bank Commodity Markets (Pink Sheet),https://www.worldbank.org/en/research/commodity-markets,True,False,Low,"Backup source, tried after the primary FRED series (per senior review)",2026-09-15T05:03:14+00:00
GLOBAL_BENZENE_CRUDE_OIL_PRICE_EIA,Benzene,Global,Crude oil price (EIA fallback),2022-05-01,110.1,1,1.0,True,False,USD/MT,mean,Daily,4,1,Monthly,GLOBAL_BENZENE_CRUDE_OIL_PRICE_EIA,World Bank Commodity Markets (Pink Sheet),https://www.worldbank.org/en/research/commodity-markets,True,False,Low,"Backup source, tried after the primary FRED series (per senior review)",2026-09-15T05:03:14+00:00
GLOBAL_BENZENE_CRUDE_OIL_PRICE_EIA,Benzene,Global,Crude oil price (EIA fallback),2022-06-01,116.8,1,1.0,True,False,USD/MT,mean,Daily,4,1,Monthly,GLOBAL_BENZENE_CRUDE_OIL_PRICE_EIA,World Bank Commodity Markets (Pink Sheet),https://www.worldbank.org/en/research/commodity-markets,True,False,Low,"Backup source, tried after the primary FRED series (per senior review)",2026-09-15T05:03:14+00:00
GLOBAL_BENZENE_CRUDE_OIL_PRICE_EIA,Benzene,Global,Crude oil price (EIA fallback),2022-07-01,105.1,1,1.0,True,False,USD/MT,mean,Daily,4,1,Monthly,GLOBAL_BENZENE_CRUDE_OIL_PRICE_EIA,World Bank Commodity Markets (Pink Sheet),https://www.worldbank.org/en/research/commodity-markets,True,False,Low,"Backup source, tried after the primary FRED series (per senior review)",2026-09-15T05:03:14+00:00
GLOBAL_BENZENE_CRUDE_OIL_PRICE_EIA,Benzene,Global,Crude oil price (EIA fallback),2022-08-01,96.0,1,1.0,True,False,USD/MT,mean,Daily,4,1,Monthly,GLOBAL_BENZENE_CRUDE_OIL_PRICE_EIA,World Bank Commodity Markets (Pink Sheet),https://www.worldbank.org/en/research/commodity-markets,True,False,Low,"Backup source, tried after the primary FRED series (per senior review)",2026-09-15T05:03:14+00:00
GLOBAL_BENZENE_CRUDE_OIL_PRICE_EIA,Benzene,Global,Crude oil price (EIA fallback),2022-09-01,88.2,1,1.0,True,False,USD/MT,mean,Daily,4,1,Monthly,GLOBAL_BENZENE_CRUDE_OIL_PRICE_EIA,World Bank Commodity Markets (Pink Sheet),https://www.worldbank.org/en/research/commodity-markets,True,False,Low,"Backup source, tried after the primary FRED series (per senior review)",2026-09-15T05:03:14+00:00
GLOBAL_BENZENE_CRUDE_OIL_PRICE_EIA,Benzene,Global,Crude oil price (EIA fallback),2022-10-01,90.3,1,1.0,True,False,USD/MT,mean,Daily,4,1,Monthly,GLOBAL_BENZENE_CRUDE_OIL_PRICE_EIA,World Bank Commodity Markets (Pink Sheet),https://www.worldbank.org/en/research/commodity-markets,True,False,Low,"Backup source, tried after the primary FRED series (per senior review)",2026-09-15T05:03:14+00:00
GLOBAL_BENZENE_CRUDE_OIL_PRICE_EIA,Benzene,Global,Crude oil price (EIA fallback),2022-11-01,87.4,1,1.0,True,False,USD/MT,mean,Daily,4,1,Monthly,GLOBAL_BENZENE_CRUDE_OIL_PRICE_EIA,World Bank Commodity Markets (Pink Sheet),https://www.worldbank.org/en/research/commodity-markets,True,False,Low,"Backup source, tried after the primary FRED series (per senior review)",2026-09-15T05:03:14+00:00
GLOBAL_BENZENE_CRUDE_OIL_PRICE_EIA,Benzene,Global,Crude oil price (EIA fallback),2022-12-01,78.1,1,1.0,True,False,USD/MT,mean,Daily,4,1,Monthly,GLOBAL_BENZENE_CRUDE_OIL_PRICE_EIA,World Bank Commodity Markets (Pink Sheet),https://www.worldbank.org/en/research/commodity-markets,True,False,Low,"Backup source, tried after the primary FRED series (per senior review)",2026-09-15T05:03:14+00:00
GLOBAL_BENZENE_CRUDE_OIL_PRICE_EIA,Benzene,Global,Crude oil price (EIA fallback),2023-01-01,80.4,1,1.0,True,False,USD/MT,mean,Daily,4,1,Monthly,GLOBAL_BENZENE_CRUDE_OIL_PRICE_EIA,World Bank Commodity Markets (Pink Sheet),https://www.worldbank.org/en/research/commodity-markets,True,False,Low,"Backup source, tried after the primary FRED series (per senior review)",2026-09-15T05:03:14+00:00
GLOBAL_BENZENE_CRUDE_OIL_PRICE_EIA,Benzene,Global,Crude oil price (EIA fallback),2023-02-01,80.3,1,1.0,True,False,USD/MT,mean,Daily,4,1,Monthly,GLOBAL_BENZENE_CRUDE_OIL_PRICE_EIA,World Bank Commodity Markets (Pink Sheet),https://www.worldbank.org/en/research/commodity-markets,True,False,Low,"Backup source, tried after the primary FRED series (per senior review)",2026-09-15T05:03:14+00:00
GLOBAL_BENZENE_CRUDE_OIL_PRICE_EIA,Benzene,Global,Crude oil price (EIA fallback),2023-03-01,76.5,1,1.0,True,False,USD/MT,mean,Daily,4,1,Monthly,GLOBAL_BENZENE_CRUDE_OIL_PRICE_EIA,World Bank Commodity Markets (Pink Sheet),https://www.worldbank.org/en/research/commodity-markets,True,False,Low,"Backup source, tried after the primary FRED series (per senior review)",2026-09-15T05:03:14+00:00
GLOBAL_BENZENE_CRUDE_OIL_PRICE_EIA,Benzene,Global,Crude oil price (EIA fallback),2023-04-01,82.5,1,1.0,True,False,USD/MT,mean,Daily,4,1,Monthly,GLOBAL_BENZENE_CRUDE_OIL_PRICE_EIA,World Bank Commodity Markets (Pink Sheet),https://www.worldbank.org/en/research/commodity-markets,True,False,Low,"Backup source, tried after the primary FRED series (per senior review)",2026-09-15T05:03:14+00:00
GLOBAL_BENZENE_CRUDE_OIL_PRICE_EIA,Benzene,Global,Crude oil price (EIA fallback),2023-05-01,74.1,1,1.0,True,False,USD/MT,mean,Daily,4,1,Monthly,GLOBAL_BENZENE_CRUDE_OIL_PRICE_EIA,World Bank Commodity Markets (Pink Sheet),https://www.worldbank.org/en/research/commodity-markets,True,False,Low,"Backup source, tried after the primary FRED series (per senior review)",2026-09-15T05:03:14+00:00
GLOBAL_BENZENE_CRUDE_OIL_PRICE_EIA,Benzene,Global,Crude oil price (EIA fallback),2023-06-01,73.3,1,1.0,True,False,USD/MT,mean,Daily,4,1,Monthly,GLOBAL_BENZENE_CRUDE_OIL_PRICE_EIA,World Bank Commodity Markets (Pink Sheet),https://www.worldbank.org/en/research/commodity-markets,True,False,Low,"Backup source, tried after the primary FRED series (per senior review)",2026-09-15T05:03:14+00:00
GLOBAL_BENZENE_CRUDE_OIL_PRICE_EIA,Benzene,Global,Crude oil price (EIA fallback),2023-07-01,79.0,1,1.0,True,False,USD/MT,mean,Daily,4,1,Monthly,GLOBAL_BENZENE_CRUDE_OIL_PRICE_EIA,World Bank Commodity Markets (Pink Sheet),https://www.worldbank.org/en/research/commodity-markets,True,False,Low,"Backup source, tried after the primary FRED series (per senior review)",2026-09-15T05:03:14+00:00
GLOBAL_BENZENE_CRUDE_OIL_PRICE_EIA,Benzene,Global,Crude oil price (EIA fallback),2023-08-01,84.7,1,1.0,True,False,USD/MT,mean,Daily,4,1,Monthly,GLOBAL_BENZENE_CRUDE_OIL_PRICE_EIA,World Bank Commodity Markets (Pink Sheet),https://www.worldbank.org/en/research/commodity-markets,True,False,Low,"Backup source, tried after the primary FRED series (per senior review)",2026-09-15T05:03:14+00:00
GLOBAL_BENZENE_CRUDE_OIL_PRICE_EIA,Benzene,Global,Crude oil price (EIA fallback),2023-09-01,92.2,1,1.0,True,False,USD/MT,mean,Daily,4,1,Monthly,GLOBAL_BENZENE_CRUDE_OIL_PRICE_EIA,World Bank Commodity Markets (Pink Sheet),https://www.worldbank.org/en/research/commodity-markets,True,False,Low,"Backup source, tried after the primary FRED series (per senior review)",2026-09-15T05:03:14+00:00
GLOBAL_BENZENE_CRUDE_OIL_PRICE_EIA,Benzene,Global,Crude oil price (EIA fallback),2023-10-01,89.1,1,1.0,True,False,USD/MT,mean,Daily,4,1,Monthly,GLOBAL_BENZENE_CRUDE_OIL_PRICE_EIA,World Bank Commodity Markets (Pink Sheet),https://www.worldbank.org/en/research/commodity-markets,True,False,Low,"Backup source, tried after the primary FRED series (per senior review)",2026-09-15T05:03:14+00:00
GLOBAL_BENZENE_CRUDE_OIL_PRICE_EIA,Benzene,Global,Crude oil price (EIA fallback),2023-11-01,81.4,1,1.0,True,False,USD/MT,mean,Daily,4,1,Monthly,GLOBAL_BENZENE_CRUDE_OIL_PRICE_EIA,World Bank Commodity Markets (Pink Sheet),https://www.worldbank.org/en/research/commodity-markets,True,False,Low,"Backup source, tried after the primary FRED series (per senior review)",2026-09-15T05:03:14+00:00
GLOBAL_BENZENE_CRUDE_OIL_PRICE_EIA,Benzene,Global,Crude oil price (EIA fallback),2023-12-01,75.7,1,1.0,True,False,USD/MT,mean,Daily,4,1,Monthly,GLOBAL_BENZENE_CRUDE_OIL_PRICE_EIA,World Bank Commodity Markets (Pink Sheet),https://www.worldbank.org/en/research/commodity-markets,True,False,Low,"Backup source, tried after the primary FRED series (per senior review)",2026-09-15T05:03:14+00:00
GLOBAL_BENZENE_CRUDE_OIL_PRICE_EIA,Benzene,Global,Crude oil price (EIA fallback),2024-01-01,77.7,1,1.0,True,False,USD/MT,mean,Daily,4,1,Monthly,GLOBAL_BENZENE_CRUDE_OIL_PRICE_EIA,World Bank Commodity Markets (Pink Sheet),https://www.worldbank.org/en/research/commodity-markets,True,False,Low,"Backup source, tried after the primary FRED series (per senior review)",2026-09-15T05:03:14+00:00
GLOBAL_BENZENE_CRUDE_OIL_PRICE_EIA,Benzene,Global,Crude oil price (EIA fallback),2024-02-01,80.5,1,1.0,True,False,USD/MT,mean,Daily,4,1,Monthly,GLOBAL_BENZENE_CRUDE_OIL_PRICE_EIA,World Bank Commodity Markets (Pink Sheet),https://www.worldbank.org/en/research/commodity-markets,True,False,Low,"Backup source, tried after the primary FRED series (per senior review)",2026-09-15T05:03:14+00:00
GLOBAL_BENZENE_CRUDE_OIL_PRICE_EIA,Benzene,Global,Crude oil price (EIA fallback),2024-03-01,83.5,1,1.0,True,False,USD/MT,mean,Daily,4,1,Monthly,GLOBAL_BENZENE_CRUDE_OIL_PRICE_EIA,World Bank Commodity Markets (Pink Sheet),https://www.worldbank.org/en/research/commodity-markets,True,False,Low,"Backup source, tried after the primary FRED series (per senior review)",2026-09-15T05:03:14+00:00
GLOBAL_BENZENE_CRUDE_OIL_PRICE_EIA,Benzene,Global,Crude oil price (EIA fallback),2024-04-01,88.0,1,1.0,True,False,USD/MT,mean,Daily,4,1,Monthly,GLOBAL_BENZENE_CRUDE_OIL_PRICE_EIA,World Bank Commodity Markets (Pink Sheet),https://www.worldbank.org/en/research/commodity-markets,True,False,Low,"Backup source, tried after the primary FRED series (per senior review)",2026-09-15T05:03:14+00:00
GLOBAL_BENZENE_CRUDE_OIL_PRICE_EIA,Benzene,Global,Crude oil price (EIA fallback),2024-05-01,81.4,1,1.0,True,False,USD/MT,mean,Daily,4,1,Monthly,GLOBAL_BENZENE_CRUDE_OIL_PRICE_EIA,World Bank Commodity Markets (Pink Sheet),https://www.worldbank.org/en/research/commodity-markets,True,False,Low,"Backup source, tried after the primary FRED series (per senior review)",2026-09-15T05:03:14+00:00
GLOBAL_BENZENE_CRUDE_OIL_PRICE_EIA,Benzene,Global,Crude oil price (EIA fallback),2024-06-01,81.2,1,1.0,True,False,USD/MT,mean,Daily,4,1,Monthly,GLOBAL_BENZENE_CRUDE_OIL_PRICE_EIA,World Bank Commodity Markets (Pink Sheet),https://www.worldbank.org/en/research/commodity-markets,True,False,Low,"Backup source, tried after the primary FRED series (per senior review)",2026-09-15T05:03:14+00:00
GLOBAL_BENZENE_CRUDE_OIL_PRICE_EIA,Benzene,Global,Crude oil price (EIA fallback),2024-07-01,83.3,1,1.0,True,False,USD/MT,mean,Daily,4,1,Monthly,GLOBAL_BENZENE_CRUDE_OIL_PRICE_EIA,World Bank Commodity Markets (Pink Sheet),https://www.worldbank.org/en/research/commodity-markets,True,False,Low,"Backup source, tried after the primary FRED series (per senior review)",2026-09-15T05:03:14+00:00
GLOBAL_BENZENE_CRUDE_OIL_PRICE_EIA,Benzene,Global,Crude oil price (EIA fallback),2024-08-01,78.1,1,1.0,True,False,USD/MT,mean,Daily,4,1,Monthly,GLOBAL_BENZENE_CRUDE_OIL_PRICE_EIA,World Bank Commodity Markets (Pink Sheet),https://www.worldbank.org/en/research/commodity-markets,True,False,Low,"Backup source, tried after the primary FRED series (per senior review)",2026-09-15T05:03:14+00:00
GLOBAL_BENZENE_CRUDE_OIL_PRICE_EIA,Benzene,Global,Crude oil price (EIA fallback),2024-09-01,72.4,1,1.0,True,False,USD/MT,mean,Daily,4,1,Monthly,GLOBAL_BENZENE_CRUDE_OIL_PRICE_EIA,World Bank Commodity Markets (Pink Sheet),https://www.worldbank.org/en/research/commodity-markets,True,False,Low,"Backup source, tried after the primary FRED series (per senior review)",2026-09-15T05:03:14+00:00
GLOBAL_BENZENE_CRUDE_OIL_PRICE_EIA,Benzene,Global,Crude oil price (EIA fallback),2024-10-01,74.0,1,1.0,True,False,USD/MT,mean,Daily,4,1,Monthly,GLOBAL_BENZENE_CRUDE_OIL_PRICE_EIA,World Bank Commodity Markets (Pink Sheet),https://www.worldbank.org/en/research/commodity-markets,True,False,Low,"Backup source, tried after the primary FRED series (per senior review)",2026-09-15T05:03:14+00:00
GLOBAL_BENZENE_CRUDE_OIL_PRICE_EIA,Benzene,Global,Crude oil price (EIA fallback),2024-11-01,72.3,1,1.0,True,False,USD/MT,mean,Daily,4,1,Monthly,GLOBAL_BENZENE_CRUDE_OIL_PRICE_EIA,World Bank Commodity Markets (Pink Sheet),https://www.worldbank.org/en/research/commodity-markets,True,False,Low,"Backup source, tried after the primary FRED series (per senior review)",2026-09-15T05:03:14+00:00
GLOBAL_BENZENE_CRUDE_OIL_PRICE_EIA,Benzene,Global,Crude oil price (EIA fallback),2024-12-01,72.3,1,1.0,True,False,USD/MT,mean,Daily,4,1,Monthly,GLOBAL_BENZENE_CRUDE_OIL_PRICE_EIA,World Bank Commodity Markets (Pink Sheet),https://www.worldbank.org/en/research/commodity-markets,True,False,Low,"Backup source, tried after the primary FRED series (per senior review)",2026-09-15T05:03:14+00:00
GLOBAL_BENZENE_CRUDE_OIL_PRICE_EIA,Benzene,Global,Crude oil price (EIA fallback),2025-01-01,78.2,1,1.0,True,False,USD/MT,mean,Daily,4,1,Monthly,GLOBAL_BENZENE_CRUDE_OIL_PRICE_EIA,World Bank Commodity Markets (Pink Sheet),https://www.worldbank.org/en/research/commodity-markets,True,False,Low,"Backup source, tried after the primary FRED series (per senior review)",2026-09-15T05:03:14+00:00
GLOBAL_BENZENE_CRUDE_OIL_PRICE_EIA,Benzene,Global,Crude oil price (EIA fallback),2025-02-01,73.8,1,1.0,True,False,USD/MT,mean,Daily,4,1,Monthly,GLOBAL_BENZENE_CRUDE_OIL_PRICE_EIA,World Bank Commodity Markets (Pink Sheet),https://www.worldbank.org/en/research/commodity-markets,True,False,Low,"Backup source, tried after the primary FRED series (per senior review)",2026-09-15T05:03:14+00:00
GLOBAL_BENZENE_CRUDE_OIL_PRICE_EIA,Benzene,Global,Crude oil price (EIA fallback),2025-03-01,70.7,1,1.0,True,False,USD/MT,mean,Daily,4,1,Monthly,GLOBAL_BENZENE_CRUDE_OIL_PRICE_EIA,World Bank Commodity Markets (Pink Sheet),https://www.worldbank.org/en/research/commodity-markets,True,False,Low,"Backup source, tried after the primary FRED series (per senior review)",2026-09-15T05:03:14+00:00
GLOBAL_BENZENE_CRUDE_OIL_PRICE_EIA,Benzene,Global,Crude oil price (EIA fallback),2025-04-01,65.9,1,1.0,True,False,USD/MT,mean,Daily,4,1,Monthly,GLOBAL_BENZENE_CRUDE_OIL_PRICE_EIA,World Bank Commodity Markets (Pink Sheet),https://www.worldbank.org/en/research/commodity-markets,True,False,Low,"Backup source, tried after the primary FRED series (per senior review)",2026-09-15T05:03:14+00:00
GLOBAL_BENZENE_CRUDE_OIL_PRICE_EIA,Benzene,Global,Crude oil price (EIA fallback),2025-05-01,62.7,1,1.0,True,False,USD/MT,mean,Daily,4,1,Monthly,GLOBAL_BENZENE_CRUDE_OIL_PRICE_EIA,World Bank Commodity Markets (Pink Sheet),https://www.worldbank.org/en/research/commodity-markets,True,False,Low,"Backup source, tried after the primary FRED series (per senior review)",2026-09-15T05:03:14+00:00
GLOBAL_BENZENE_CRUDE_OIL_PRICE_EIA,Benzene,Global,Crude oil price (EIA fallback),2025-06-01,69.1,1,1.0,True,False,USD/MT,mean,Daily,4,1,Monthly,GLOBAL_BENZENE_CRUDE_OIL_PRICE_EIA,World Bank Commodity Markets (Pink Sheet),https://www.worldbank.org/en/research/commodity-markets,True,False,Low,"Backup source, tried after the primary FRED series (per senior review)",2026-09-15T05:03:14+00:00
GLOBAL_BENZENE_CRUDE_OIL_PRICE_EIA,Benzene,Global,Crude oil price (EIA fallback),2025-07-01,69.2,1,1.0,True,False,USD/MT,mean,Daily,4,1,Monthly,GLOBAL_BENZENE_CRUDE_OIL_PRICE_EIA,World Bank Commodity Markets (Pink Sheet),https://www.worldbank.org/en/research/commodity-markets,True,False,Low,"Backup source, tried after the primary FRED series (per senior review)",2026-09-15T05:03:14+00:00
GLOBAL_BENZENE_CRUDE_OIL_PRICE_EIA,Benzene,Global,Crude oil price (EIA fallback),2025-08-01,66.7,1,1.0,True,False,USD/MT,mean,Daily,4,1,Monthly,GLOBAL_BENZENE_CRUDE_OIL_PRICE_EIA,World Bank Commodity Markets (Pink Sheet),https://www.worldbank.org/en/research/commodity-markets,True,False,Low,"Backup source, tried after the primary FRED series (per senior review)",2026-09-15T05:03:14+00:00
GLOBAL_BENZENE_CRUDE_OIL_PRICE_EIA,Benzene,Global,Crude oil price (EIA fallback),2025-09-01,66.5,1,1.0,True,False,USD/MT,mean,Daily,4,1,Monthly,GLOBAL_BENZENE_CRUDE_OIL_PRICE_EIA,World Bank Commodity Markets (Pink Sheet),https://www.worldbank.org/en/research/commodity-markets,True,False,Low,"Backup source, tried after the primary FRED series (per senior review)",2026-09-15T05:03:14+00:00
GLOBAL_BENZENE_CRUDE_OIL_PRICE_EIA,Benzene,Global,Crude oil price (EIA fallback),2025-10-01,63.0,1,1.0,True,False,USD/MT,mean,Daily,4,1,Monthly,GLOBAL_BENZENE_CRUDE_OIL_PRICE_EIA,World Bank Commodity Markets (Pink Sheet),https://www.worldbank.org/en/research/commodity-markets,True,False,Low,"Backup source, tried after the primary FRED series (per senior review)",2026-09-15T05:03:14+00:00
GLOBAL_BENZENE_CRUDE_OIL_PRICE_EIA,Benzene,Global,Crude oil price (EIA fallback),2025-11-01,62.3,1,1.0,True,False,USD/MT,mean,Daily,4,1,Monthly,GLOBAL_BENZENE_CRUDE_OIL_PRICE_EIA,World Bank Commodity Markets (Pink Sheet),https://www.worldbank.org/en/research/commodity-markets,True,False,Low,"Backup source, tried after the primary FRED series (per senior review)",2026-09-15T05:03:14+00:00
GLOBAL_BENZENE_CRUDE_OIL_PRICE_EIA,Benzene,Global,Crude oil price (EIA fallback),2025-12-01,60.9,1,1.0,True,False,USD/MT,mean,Daily,4,1,Monthly,GLOBAL_BENZENE_CRUDE_OIL_PRICE_EIA,World Bank Commodity Markets (Pink Sheet),https://www.worldbank.org/en/research/commodity-markets,True,False,Low,"Backup source, tried after the primary FRED series (per senior review)",2026-09-15T05:03:14+00:00
GLOBAL_BENZENE_CRUDE_OIL_PRICE_EIA,Benzene,Global,Crude oil price (EIA fallback),2026-01-01,63.7,1,1.0,True,False,USD/MT,mean,Daily,4,1,Monthly,GLOBAL_BENZENE_CRUDE_OIL_PRICE_EIA,World Bank Commodity Markets (Pink Sheet),https://www.worldbank.org/en/research/commodity-markets,True,False,Low,"Backup source, tried after the primary FRED series (per senior review)",2026-09-15T05:03:14+00:00
GLOBAL_BENZENE_CRUDE_OIL_PRICE_EIA,Benzene,Global,Crude oil price (EIA fallback),2026-02-01,68.0,1,1.0,True,False,USD/MT,mean,Daily,4,1,Monthly,GLOBAL_BENZENE_CRUDE_OIL_PRICE_EIA,World Bank Commodity Markets (Pink Sheet),https://www.worldbank.org/en/research/commodity-markets,True,False,Low,"Backup source, tried after the primary FRED series (per senior review)",2026-09-15T05:03:14+00:00
GLOBAL_BENZENE_CRUDE_OIL_PRICE_EIA,Benzene,Global,Crude oil price (EIA fallback),2026-03-01,95.6,1,1.0,True,False,USD/MT,mean,Daily,4,1,Monthly,GLOBAL_BENZENE_CRUDE_OIL_PRICE_EIA,World Bank Commodity Markets (Pink Sheet),https://www.worldbank.org/en/research/commodity-markets,True,False,Low,"Backup source, tried after the primary FRED series (per senior review)",2026-09-15T05:03:14+00:00
GLOBAL_BENZENE_CRUDE_OIL_PRICE_EIA,Benzene,Global,Crude oil price (EIA fallback),2026-04-01,103.9,1,1.0,True,False,USD/MT,mean,Daily,4,1,Monthly,GLOBAL_BENZENE_CRUDE_OIL_PRICE_EIA,World Bank Commodity Markets (Pink Sheet),https://www.worldbank.org/en/research/commodity-markets,True,False,Low,"Backup source, tried after the primary FRED series (per senior review)",2026-09-15T05:03:14+00:00
GLOBAL_BENZENE_CRUDE_OIL_PRICE_EIA,Benzene,Global,Crude oil price (EIA fallback),2026-05-01,100.4,1,1.0,True,False,USD/MT,mean,Daily,4,1,Monthly,GLOBAL_BENZENE_CRUDE_OIL_PRICE_EIA,World Bank Commodity Markets (Pink Sheet),https://www.worldbank.org/en/research/commodity-markets,True,False,Low,"Backup source, tried after the primary FRED series (per senior review)",2026-09-15T05:03:14+00:00
GLOBAL_BENZENE_CRUDE_OIL_PRICE_EIA,Benzene,Global,Crude oil price (EIA fallback),2026-06-01,81.7,1,1.0,True,False,USD/MT,mean,Daily,4,1,Monthly,GLOBAL_BENZENE_CRUDE_OIL_PRICE_EIA,World Bank Commodity Markets (Pink Sheet),https://www.worldbank.org/en/research/commodity-markets,True,False,Low,"Backup source, tried after the primary FRED series (per senior review)",2026-09-15T05:03:14+00:00
GLOBAL_BENZENE_CRUDE_OIL_PRICE_EIA,Benzene,Global,Crude oil price (EIA fallback),2026-07-01,79.8,1,1.0,True,False,USD/MT,mean,Daily,4,1,Monthly,GLOBAL_BENZENE_CRUDE_OIL_PRICE_EIA,World Bank Commodity Markets (Pink Sheet),https://www.worldbank.org/en/research/commodity-markets,True,False,Low,"Backup source, tried after the primary FRED series (per senior review)",2026-09-15T05:03:14+00:00
GLOBAL_BENZENE_CRUDE_OIL_PRICE_EIA,Benzene,Global,Crude oil price (EIA fallback),2026-08-01,84.4,1,1.0,True,False,USD/MT,mean,Daily,4,1,Monthly,GLOBAL_BENZENE_CRUDE_OIL_PRICE_EIA,World Bank Commodity Markets (Pink Sheet),https://www.worldbank.org/en/research/commodity-markets,True,False,Low,"Backup source, tried after the primary FRED series (per senior review)",2026-09-15T05:03:14+00:00
AU_PLT_SUBST,Poultry,Australia,Substitute meat prices (beef and pork),2014-01-01,4.18,1,1.0,True,False,USD/kg,mean,Weekly,4,2,Monthly,AU_PLT_SUBST_FB,World Bank Pink Sheet,https://www.worldbank.org/en/research/commodity-markets,True,True,Medium,mean + ratio to poultry price,2026-09-15T05:03:07+00:00
AU_PLT_SUBST,Poultry,Australia,Substitute meat prices (beef and pork),2014-02-01,4.28,1,1.0,True,False,USD/kg,mean,Weekly,4,2,Monthly,AU_PLT_SUBST_FB,World Bank Pink Sheet,https://www.worldbank.org/en/research/commodity-markets,True,True,Medium,mean + ratio to poultry price,2026-09-15T05:03:07+00:00
AU_PLT_SUBST,Poultry,Australia,Substitute meat prices (beef and pork),2014-03-01,4.47,1,1.0,True,False,USD/kg,mean,Weekly,4,2,Monthly,AU_PLT_SUBST_FB,World Bank Pink Sheet,https://www.worldbank.org/en/research/commodity-markets,True,True,Medium,mean + ratio to poultry price,2026-09-15T05:03:07+00:00
AU_PLT_SUBST,Poultry,Australia,Substitute meat prices (beef and pork),2014-04-01,4.35,1,1.0,True,False,USD/kg,mean,Weekly,4,2,Monthly,AU_PLT_SUBST_FB,World Bank Pink Sheet,https://www.worldbank.org/en/research/commodity-markets,True,True,Medium,mean + ratio to poultry price,2026-09-15T05:03:07+00:00
AU_PLT_SUBST,Poultry,Australia,Substitute meat prices (beef and pork),2014-05-01,4.38,1,1.0,True,False,USD/kg,mean,Weekly,4,2,Monthly,AU_PLT_SUBST_FB,World Bank Pink Sheet,https://www.worldbank.org/en/research/commodity-markets,True,True,Medium,mean + ratio to poultry price,2026-09-15T05:03:07+00:00
AU_PLT_SUBST,Poultry,Australia,Substitute meat prices (beef and pork),2014-06-01,4.54,1,1.0,True,False,USD/kg,mean,Weekly,4,2,Monthly,AU_PLT_SUBST_FB,World Bank Pink Sheet,https://www.worldbank.org/en/research/commodity-markets,True,True,Medium,mean + ratio to poultry price,2026-09-15T05:03:07+00:00
AU_PLT_SUBST,Poultry,Australia,Substitute meat prices (beef and pork),2014-07-01,5.17,1,1.0,True,False,USD/kg,mean,Weekly,4,2,Monthly,AU_PLT_SUBST_FB,World Bank Pink Sheet,https://www.worldbank.org/en/research/commodity-markets,True,True,Medium,mean + ratio to poultry price,2026-09-15T05:03:07+00:00
AU_PLT_SUBST,Poultry,Australia,Substitute meat prices (beef and pork),2014-08-01,5.79,1,1.0,True,False,USD/kg,mean,Weekly,4,2,Monthly,AU_PLT_SUBST_FB,World Bank Pink Sheet,https://www.worldbank.org/en/research/commodity-markets,True,True,Medium,mean + ratio to poultry price,2026-09-15T05:03:07+00:00
AU_PLT_SUBST,Poultry,Australia,Substitute meat prices (beef and pork),2014-09-01,6.17,1,1.0,True,False,USD/kg,mean,Weekly,4,2,Monthly,AU_PLT_SUBST_FB,World Bank Pink Sheet,https://www.worldbank.org/en/research/commodity-markets,True,True,Medium,mean + ratio to poultry price,2026-09-15T05:03:07+00:00
AU_PLT_SUBST,Poultry,Australia,Substitute meat prices (beef and pork),2014-10-01,5.95,1,1.0,True,False,USD/kg,mean,Weekly,4,2,Monthly,AU_PLT_SUBST_FB,World Bank Pink Sheet,https://www.worldbank.org/en/research/commodity-markets,True,True,Medium,mean + ratio to poultry price,2026-09-15T05:03:07+00:00
AU_PLT_SUBST,Poultry,Australia,Substitute meat prices (beef and pork),2014-11-01,5.84,1,1.0,True,False,USD/kg,mean,Weekly,4,2,Monthly,AU_PLT_SUBST_FB,World Bank Pink Sheet,https://www.worldbank.org/en/research/commodity-markets,True,True,Medium,mean + ratio to poultry price,2026-09-15T05:03:07+00:00
AU_PLT_SUBST,Poultry,Australia,Substitute meat prices (beef and pork),2014-12-01,5.46,1,1.0,True,False,USD/kg,mean,Weekly,4,2,Monthly,AU_PLT_SUBST_FB,World Bank Pink Sheet,https://www.worldbank.org/en/research/commodity-markets,True,True,Medium,mean + ratio to poultry price,2026-09-15T05:03:07+00:00
AU_PLT_SUBST,Poultry,Australia,Substitute meat prices (beef and pork),2015-01-01,5.3,1,1.0,True,False,USD/kg,mean,Weekly,4,2,Monthly,AU_PLT_SUBST_FB,World Bank Pink Sheet,https://www.worldbank.org/en/research/commodity-markets,True,True,Medium,mean + ratio to poultry price,2026-09-15T05:03:07+00:00
AU_PLT_SUBST,Poultry,Australia,Substitute meat prices (beef and pork),2015-02-01,4.88,1,1.0,True,False,USD/kg,mean,Weekly,4,2,Monthly,AU_PLT_SUBST_FB,World Bank Pink Sheet,https://www.worldbank.org/en/research/commodity-markets,True,True,Medium,mean + ratio to poultry price,2026-09-15T05:03:07+00:00
AU_PLT_SUBST,Poultry,Australia,Substitute meat prices (beef and pork),2015-03-01,4.72,1,1.0,True,False,USD/kg,mean,Weekly,4,2,Monthly,AU_PLT_SUBST_FB,World Bank Pink Sheet,https://www.worldbank.org/en/research/commodity-markets,True,True,Medium,mean + ratio to poultry price,2026-09-15T05:03:07+00:00
AU_PLT_SUBST,Poultry,Australia,Substitute meat prices (beef and pork),2015-04-01,4.82,1,1.0,True,False,USD/kg,mean,Weekly,4,2,Monthly,AU_PLT_SUBST_FB,World Bank Pink Sheet,https://www.worldbank.org/en/research/commodity-markets,True,True,Medium,mean + ratio to poultry price,2026-09-15T05:03:07+00:00
AU_PLT_SUBST,Poultry,Australia,Substitute meat prices (beef and pork),2015-05-01,4.5,1,1.0,True,False,USD/kg,mean,Weekly,4,2,Monthly,AU_PLT_SUBST_FB,World Bank Pink Sheet,https://www.worldbank.org/en/research/commodity-markets,True,True,Medium,mean + ratio to poultry price,2026-09-15T05:03:07+00:00
AU_PLT_SUBST,Poultry,Australia,Substitute meat prices (beef and pork),2015-06-01,4.44,1,1.0,True,False,USD/kg,mean,Weekly,4,2,Monthly,AU_PLT_SUBST_FB,World Bank Pink Sheet,https://www.worldbank.org/en/research/commodity-markets,True,True,Medium,mean + ratio to poultry price,2026-09-15T05:03:07+00:00
AU_PLT_SUBST,Poultry,Australia,Substitute meat prices (beef and pork),2015-07-01,4.65,1,1.0,True,False,USD/kg,mean,Weekly,4,2,Monthly,AU_PLT_SUBST_FB,World Bank Pink Sheet,https://www.worldbank.org/en/research/commodity-markets,True,True,Medium,mean + ratio to poultry price,2026-09-15T05:03:07+00:00
AU_PLT_SUBST,Poultry,Australia,Substitute meat prices (beef and pork),2015-08-01,4.77,1,1.0,True,False,USD/kg,mean,Weekly,4,2,Monthly,AU_PLT_SUBST_FB,World Bank Pink Sheet,https://www.worldbank.org/en/research/commodity-markets,True,True,Medium,mean + ratio to poultry price,2026-09-15T05:03:07+00:00
AU_PLT_SUBST,Poultry,Australia,Substitute meat prices (beef and pork),2015-09-01,4.58,1,1.0,True,False,USD/kg,mean,Weekly,4,2,Monthly,AU_PLT_SUBST_FB,World Bank Pink Sheet,https://www.worldbank.org/en/research/commodity-markets,True,True,Medium,mean + ratio to poultry price,2026-09-15T05:03:07+00:00
AU_PLT_SUBST,Poultry,Australia,Substitute meat prices (beef and pork),2015-10-01,4.24,1,1.0,True,False,USD/kg,mean,Weekly,4,2,Monthly,AU_PLT_SUBST_FB,World Bank Pink Sheet,https://www.worldbank.org/en/research/commodity-markets,True,True,Medium,mean + ratio to poultry price,2026-09-15T05:03:07+00:00
AU_PLT_SUBST,Poultry,Australia,Substitute meat prices (beef and pork),2015-11-01,4.03,1,1.0,True,False,USD/kg,mean,Weekly,4,2,Monthly,AU_PLT_SUBST_FB,World Bank Pink Sheet,https://www.worldbank.org/en/research/commodity-markets,True,True,Medium,mean + ratio to poultry price,2026-09-15T05:03:07+00:00
AU_PLT_SUBST,Poultry,Australia,Substitute meat prices (beef and pork),2015-12-01,3.8,1,1.0,True,False,USD/kg,mean,Weekly,4,2,Monthly,AU_PLT_SUBST_FB,World Bank Pink Sheet,https://www.worldbank.org/en/research/commodity-markets,True,True,Medium,mean + ratio to poultry price,2026-09-15T05:03:07+00:00
AU_PLT_SUBST,Poultry,Australia,Substitute meat prices (beef and pork),2016-01-01,3.63,1,1.0,True,False,USD/kg,mean,Weekly,4,2,Monthly,AU_PLT_SUBST_FB,World Bank Pink Sheet,https://www.worldbank.org/en/research/commodity-markets,True,True,Medium,mean + ratio to poultry price,2026-09-15T05:03:07+00:00
AU_PLT_SUBST,Poultry,Australia,Substitute meat prices (beef and pork),2016-02-01,3.86,1,1.0,True,False,USD/kg,mean,Weekly,4,2,Monthly,AU_PLT_SUBST_FB,World Bank Pink Sheet,https://www.worldbank.org/en/research/commodity-markets,True,True,Medium,mean + ratio to poultry price,2026-09-15T05:03:07+00:00
AU_PLT_SUBST,Poultry,Australia,Substitute meat prices (beef and pork),2016-03-01,4.03,1,1.0,True,False,USD/kg,mean,Weekly,4,2,Monthly,AU_PLT_SUBST_FB,World Bank Pink Sheet,https://www.worldbank.org/en/research/commodity-markets,True,True,Medium,mean + ratio to poultry price,2026-09-15T05:03:07+00:00
AU_PLT_SUBST,Poultry,Australia,Substitute meat prices (beef and pork),2016-04-01,3.96,1,1.0,True,False,USD/kg,mean,Weekly,4,2,Monthly,AU_PLT_SUBST_FB,World Bank Pink Sheet,https://www.worldbank.org/en/research/commodity-markets,True,True,Medium,mean + ratio to poultry price,2026-09-15T05:03:07+00:00
AU_PLT_SUBST,Poultry,Australia,Substitute meat prices (beef and pork),2016-05-01,4.04,1,1.0,True,False,USD/kg,mean,Weekly,4,2,Monthly,AU_PLT_SUBST_FB,World Bank Pink Sheet,https://www.worldbank.org/en/research/commodity-markets,True,True,Medium,mean + ratio to poultry price,2026-09-15T05:03:07+00:00
AU_PLT_SUBST,Poultry,Australia,Substitute meat prices (beef and pork),2016-06-01,4.11,1,1.0,True,False,USD/kg,mean,Weekly,4,2,Monthly,AU_PLT_SUBST_FB,World Bank Pink Sheet,https://www.worldbank.org/en/research/commodity-markets,True,True,Medium,mean + ratio to poultry price,2026-09-15T05:03:07+00:00
AU_PLT_SUBST,Poultry,Australia,Substitute meat prices (beef and pork),2016-07-01,4.26,1,1.0,True,False,USD/kg,mean,Weekly,4,2,Monthly,AU_PLT_SUBST_FB,World Bank Pink Sheet,https://www.worldbank.org/en/research/commodity-markets,True,True,Medium,mean + ratio to poultry price,2026-09-15T05:03:07+00:00
AU_PLT_SUBST,Poultry,Australia,Substitute meat prices (beef and pork),2016-08-01,4.24,1,1.0,True,False,USD/kg,mean,Weekly,4,2,Monthly,AU_PLT_SUBST_FB,World Bank Pink Sheet,https://www.worldbank.org/en/research/commodity-markets,True,True,Medium,mean + ratio to poultry price,2026-09-15T05:03:07+00:00
AU_PLT_SUBST,Poultry,Australia,Substitute meat prices (beef and pork),2016-09-01,4.12,1,1.0,True,False,USD/kg,mean,Weekly,4,2,Monthly,AU_PLT_SUBST_FB,World Bank Pink Sheet,https://www.worldbank.org/en/research/commodity-markets,True,True,Medium,mean + ratio to poultry price,2026-09-15T05:03:07+00:00
AU_PLT_SUBST,Poultry,Australia,Substitute meat prices (beef and pork),2016-10-01,4.04,1,1.0,True,False,USD/kg,mean,Weekly,4,2,Monthly,AU_PLT_SUBST_FB,World Bank Pink Sheet,https://www.worldbank.org/en/research/commodity-markets,True,True,Medium,mean + ratio to poultry price,2026-09-15T05:03:07+00:00
AU_PLT_SUBST,Poultry,Australia,Substitute meat prices (beef and pork),2016-11-01,4.3,1,1.0,True,False,USD/kg,mean,Weekly,4,2,Monthly,AU_PLT_SUBST_FB,World Bank Pink Sheet,https://www.worldbank.org/en/research/commodity-markets,True,True,Medium,mean + ratio to poultry price,2026-09-15T05:03:07+00:00
AU_PLT_SUBST,Poultry,Australia,Substitute meat prices (beef and pork),2016-12-01,4.14,1,1.0,True,False,USD/kg,mean,Weekly,4,2,Monthly,AU_PLT_SUBST_FB,World Bank Pink Sheet,https://www.worldbank.org/en/research/commodity-markets,True,True,Medium,mean + ratio to poultry price,2026-09-15T05:03:07+00:00
AU_PLT_SUBST,Poultry,Australia,Substitute meat prices (beef and pork),2017-01-01,4.07,1,1.0,True,False,USD/kg,mean,Weekly,4,2,Monthly,AU_PLT_SUBST_FB,World Bank Pink Sheet,https://www.worldbank.org/en/research/commodity-markets,True,True,Medium,mean + ratio to poultry price,2026-09-15T05:03:07+00:00
AU_PLT_SUBST,Poultry,Australia,Substitute meat prices (beef and pork),2017-02-01,4.23,1,1.0,True,False,USD/kg,mean,Weekly,4,2,Monthly,AU_PLT_SUBST_FB,World Bank Pink Sheet,https://www.worldbank.org/en/research/commodity-markets,True,True,Medium,mean + ratio to poultry price,2026-09-15T05:03:07+00:00
AU_PLT_SUBST,Poultry,Australia,Substitute meat prices (beef and pork),2017-03-01,4.35,1,1.0,True,False,USD/kg,mean,Weekly,4,2,Monthly,AU_PLT_SUBST_FB,World Bank Pink Sheet,https://www.worldbank.org/en/research/commodity-markets,True,True,Medium,mean + ratio to poultry price,2026-09-15T05:03:07+00:00
AU_PLT_SUBST,Poultry,Australia,Substitute meat prices (beef and pork),2017-04-01,4.41,1,1.0,True,False,USD/kg,mean,Weekly,4,2,Monthly,AU_PLT_SUBST_FB,World Bank Pink Sheet,https://www.worldbank.org/en/research/commodity-markets,True,True,Medium,mean + ratio to poultry price,2026-09-15T05:03:07+00:00
AU_PLT_SUBST,Poultry,Australia,Substitute meat prices (beef and pork),2017-05-01,4.6,1,1.0,True,False,USD/kg,mean,Weekly,4,2,Monthly,AU_PLT_SUBST_FB,World Bank Pink Sheet,https://www.worldbank.org/en/research/commodity-markets,True,True,Medium,mean + ratio to poultry price,2026-09-15T05:03:07+00:00
AU_PLT_SUBST,Poultry,Australia,Substitute meat prices (beef and pork),2017-06-01,4.68,1,1.0,True,False,USD/kg,mean,Weekly,4,2,Monthly,AU_PLT_SUBST_FB,World Bank Pink Sheet,https://www.worldbank.org/en/research/commodity-markets,True,True,Medium,mean + ratio to poultry price,2026-09-15T05:03:07+00:00
AU_PLT_SUBST,Poultry,Australia,Substitute meat prices (beef and pork),2017-07-01,4.67,1,1.0,True,False,USD/kg,mean,Weekly,4,2,Monthly,AU_PLT_SUBST_FB,World Bank Pink Sheet,https://www.worldbank.org/en/research/commodity-markets,True,True,Medium,mean + ratio to poultry price,2026-09-15T05:03:07+00:00
AU_PLT_SUBST,Poultry,Australia,Substitute meat prices (beef and pork),2017-08-01,4.47,1,1.0,True,False,USD/kg,mean,Weekly,4,2,Monthly,AU_PLT_SUBST_FB,World Bank Pink Sheet,https://www.worldbank.org/en/research/commodity-markets,True,True,Medium,mean + ratio to poultry price,2026-09-15T05:03:07+00:00
AU_PLT_SUBST,Poultry,Australia,Substitute meat prices (beef and pork),2017-09-01,4.3,1,1.0,True,False,USD/kg,mean,Weekly,4,2,Monthly,AU_PLT_SUBST_FB,World Bank Pink Sheet,https://www.worldbank.org/en/research/commodity-markets,True,True,Medium,mean + ratio to poultry price,2026-09-15T05:03:07+00:00
AU_PLT_SUBST,Poultry,Australia,Substitute meat prices (beef and pork),2017-10-01,4.25,1,1.0,True,False,USD/kg,mean,Weekly,4,2,Monthly,AU_PLT_SUBST_FB,World Bank Pink Sheet,https://www.worldbank.org/en/research/commodity-markets,True,True,Medium,mean + ratio to poultry price,2026-09-15T05:03:07+00:00
AU_PLT_SUBST,Poultry,Australia,Substitute meat prices (beef and pork),2017-11-01,4.33,1,1.0,True,False,USD/kg,mean,Weekly,4,2,Monthly,AU_PLT_SUBST_FB,World Bank Pink Sheet,https://www.worldbank.org/en/research/commodity-markets,True,True,Medium,mean + ratio to poultry price,2026-09-15T05:03:07+00:00
AU_PLT_SUBST,Poultry,Australia,Substitute meat prices (beef and pork),2017-12-01,4.28,1,1.0,True,False,USD/kg,mean,Weekly,4,2,Monthly,AU_PLT_SUBST_FB,World Bank Pink Sheet,https://www.worldbank.org/en/research/commodity-markets,True,True,Medium,mean + ratio to poultry price,2026-09-15T05:03:07+00:00
AU_PLT_SUBST,Poultry,Australia,Substitute meat prices (beef and pork),2018-01-01,4.3,1,1.0,True,False,USD/kg,mean,Weekly,4,2,Monthly,AU_PLT_SUBST_FB,World Bank Pink Sheet,https://www.worldbank.org/en/research/commodity-markets,True,True,Medium,mean + ratio to poultry price,2026-09-15T05:03:07+00:00
AU_PLT_SUBST,Poultry,Australia,Substitute meat prices (beef and pork),2018-02-01,4.35,1,1.0,True,False,USD/kg,mean,Weekly,4,2,Monthly,AU_PLT_SUBST_FB,World Bank Pink Sheet,https://www.worldbank.org/en/research/commodity-markets,True,True,Medium,mean + ratio to poultry price,2026-09-15T05:03:07+00:00
AU_PLT_SUBST,Poultry,Australia,Substitute meat prices (beef and pork),2018-03-01,4.44,1,1.0,True,False,USD/kg,mean,Weekly,4,2,Monthly,AU_PLT_SUBST_FB,World Bank Pink Sheet,https://www.worldbank.org/en/research/commodity-markets,True,True,Medium,mean + ratio to poultry price,2026-09-15T05:03:07+00:00
AU_PLT_SUBST,Poultry,Australia,Substitute meat prices (beef and pork),2018-04-01,4.38,1,1.0,True,False,USD/kg,mean,Weekly,4,2,Monthly,AU_PLT_SUBST_FB,World Bank Pink Sheet,https://www.worldbank.org/en/research/commodity-markets,True,True,Medium,mean + ratio to poultry price,2026-09-15T05:03:07+00:00
AU_PLT_SUBST,Poultry,Australia,Substitute meat prices (beef and pork),2018-05-01,4.32,1,1.0,True,False,USD/kg,mean,Weekly,4,2,Monthly,AU_PLT_SUBST_FB,World Bank Pink Sheet,https://www.worldbank.org/en/research/commodity-markets,True,True,Medium,mean + ratio to poultry price,2026-09-15T05:03:07+00:00
AU_PLT_SUBST,Poultry,Australia,Substitute meat prices (beef and pork),2018-06-01,4.24,1,1.0,True,False,USD/kg,mean,Weekly,4,2,Monthly,AU_PLT_SUBST_FB,World Bank Pink Sheet,https://www.worldbank.org/en/research/commodity-markets,True,True,Medium,mean + ratio to poultry price,2026-09-15T05:03:07+00:00
AU_PLT_SUBST,Poultry,Australia,Substitute meat prices (beef and pork),2018-07-01,4.19,1,1.0,True,False,USD/kg,mean,Weekly,4,2,Monthly,AU_PLT_SUBST_FB,World Bank Pink Sheet,https://www.worldbank.org/en/research/commodity-markets,True,True,Medium,mean + ratio to poultry price,2026-09-15T05:03:07+00:00
AU_PLT_SUBST,Poultry,Australia,Substitute meat prices (beef and pork),2018-08-01,4.11,1,1.0,True,False,USD/kg,mean,Weekly,4,2,Monthly,AU_PLT_SUBST_FB,World Bank Pink Sheet,https://www.worldbank.org/en/research/commodity-markets,True,True,Medium,mean + ratio to poultry price,2026-09-15T05:03:07+00:00
AU_PLT_SUBST,Poultry,Australia,Substitute meat prices (beef and pork),2018-09-01,4.01,1,1.0,True,False,USD/kg,mean,Weekly,4,2,Monthly,AU_PLT_SUBST_FB,World Bank Pink Sheet,https://www.worldbank.org/en/research/commodity-markets,True,True,Medium,mean + ratio to poultry price,2026-09-15T05:03:07+00:00
AU_PLT_SUBST,Poultry,Australia,Substitute meat prices (beef and pork),2018-10-01,3.86,1,1.0,True,False,USD/kg,mean,Weekly,4,2,Monthly,AU_PLT_SUBST_FB,World Bank Pink Sheet,https://www.worldbank.org/en/research/commodity-markets,True,True,Medium,mean + ratio to poultry price,2026-09-15T05:03:07+00:00
AU_PLT_SUBST,Poultry,Australia,Substitute meat prices (beef and pork),2018-11-01,3.95,1,1.0,True,False,USD/kg,mean,Weekly,4,2,Monthly,AU_PLT_SUBST_FB,World Bank Pink Sheet,https://www.worldbank.org/en/research/commodity-markets,True,True,Medium,mean + ratio to poultry price,2026-09-15T05:03:07+00:00
AU_PLT_SUBST,Poultry,Australia,Substitute meat prices (beef and pork),2018-12-01,4.19,1,1.0,True,False,USD/kg,mean,Weekly,4,2,Monthly,AU_PLT_SUBST_FB,World Bank Pink Sheet,https://www.worldbank.org/en/research/commodity-markets,True,True,Medium,mean + ratio to poultry price,2026-09-15T05:03:07+00:00
AU_PLT_SUBST,Poultry,Australia,Substitute meat prices (beef and pork),2019-01-01,4.24,1,1.0,True,False,USD/kg,mean,Weekly,4,2,Monthly,AU_PLT_SUBST_FB,World Bank Pink Sheet,https://www.worldbank.org/en/research/commodity-markets,True,True,Medium,mean + ratio to poultry price,2026-09-15T05:03:07+00:00
AU_PLT_SUBST,Poultry,Australia,Substitute meat prices (beef and pork),2019-02-01,4.28,1,1.0,True,False,USD/kg,mean,Weekly,4,2,Monthly,AU_PLT_SUBST_FB,World Bank Pink Sheet,https://www.worldbank.org/en/research/commodity-markets,True,True,Medium,mean + ratio to poultry price,2026-09-15T05:03:07+00:00
AU_PLT_SUBST,Poultry,Australia,Substitute meat prices (beef and pork),2019-03-01,4.48,1,1.0,True,False,USD/kg,mean,Weekly,4,2,Monthly,AU_PLT_SUBST_FB,World Bank Pink Sheet,https://www.worldbank.org/en/research/commodity-markets,True,True,Medium,mean + ratio to poultry price,2026-09-15T05:03:07+00:00
AU_PLT_SUBST,Poultry,Australia,Substitute meat prices (beef and pork),2019-04-01,4.7,1,1.0,True,False,USD/kg,mean,Weekly,4,2,Monthly,AU_PLT_SUBST_FB,World Bank Pink Sheet,https://www.worldbank.org/en/research/commodity-markets,True,True,Medium,mean + ratio to poultry price,2026-09-15T05:03:07+00:00
AU_PLT_SUBST,Poultry,Australia,Substitute meat prices (beef and pork),2019-05-01,4.6,1,1.0,True,False,USD/kg,mean,Weekly,4,2,Monthly,AU_PLT_SUBST_FB,World Bank Pink Sheet,https://www.worldbank.org/en/research/commodity-markets,True,True,Medium,mean + ratio to poultry price,2026-09-15T05:03:07+00:00
AU_PLT_SUBST,Poultry,Australia,Substitute meat prices (beef and pork),2019-06-01,4.63,1,1.0,True,False,USD/kg,mean,Weekly,4,2,Monthly,AU_PLT_SUBST_FB,World Bank Pink Sheet,https://www.worldbank.org/en/research/commodity-markets,True,True,Medium,mean + ratio to poultry price,2026-09-15T05:03:07+00:00
AU_PLT_SUBST,Poultry,Australia,Substitute meat prices (beef and pork),2019-07-01,4.63,1,1.0,True,False,USD/kg,mean,Weekly,4,2,Monthly,AU_PLT_SUBST_FB,World Bank Pink Sheet,https://www.worldbank.org/en/research/commodity-markets,True,True,Medium,mean + ratio to poultry price,2026-09-15T05:03:07+00:00
AU_PLT_SUBST,Poultry,Australia,Substitute meat prices (beef and pork),2019-08-01,4.6,1,1.0,True,False,USD/kg,mean,Weekly,4,2,Monthly,AU_PLT_SUBST_FB,World Bank Pink Sheet,https://www.worldbank.org/en/research/commodity-markets,True,True,Medium,mean + ratio to poultry price,2026-09-15T05:03:07+00:00
AU_PLT_SUBST,Poultry,Australia,Substitute meat prices (beef and pork),2019-09-01,4.65,1,1.0,True,False,USD/kg,mean,Weekly,4,2,Monthly,AU_PLT_SUBST_FB,World Bank Pink Sheet,https://www.worldbank.org/en/research/commodity-markets,True,True,Medium,mean + ratio to poultry price,2026-09-15T05:03:07+00:00
AU_PLT_SUBST,Poultry,Australia,Substitute meat prices (beef and pork),2019-10-01,4.86,1,1.0,True,False,USD/kg,mean,Weekly,4,2,Monthly,AU_PLT_SUBST_FB,World Bank Pink Sheet,https://www.worldbank.org/en/research/commodity-markets,True,True,Medium,mean + ratio to poultry price,2026-09-15T05:03:07+00:00
AU_PLT_SUBST,Poultry,Australia,Substitute meat prices (beef and pork),2019-11-01,5.94,1,1.0,True,False,USD/kg,mean,Weekly,4,2,Monthly,AU_PLT_SUBST_FB,World Bank Pink Sheet,https://www.worldbank.org/en/research/commodity-markets,True,True,Medium,mean + ratio to poultry price,2026-09-15T05:03:07+00:00
AU_PLT_SUBST,Poultry,Australia,Substitute meat prices (beef and pork),2019-12-01,5.56,1,1.0,True,False,USD/kg,mean,Weekly,4,2,Monthly,AU_PLT_SUBST_FB,World Bank Pink Sheet,https://www.worldbank.org/en/research/commodity-markets,True,True,Medium,mean + ratio to poultry price,2026-09-15T05:03:07+00:00
AU_PLT_SUBST,Poultry,Australia,Substitute meat prices (beef and pork),2020-01-01,5.04,1,1.0,True,False,USD/kg,mean,Weekly,4,2,Monthly,AU_PLT_SUBST_FB,World Bank Pink Sheet,https://www.worldbank.org/en/research/commodity-markets,True,True,Medium,mean + ratio to poultry price,2026-09-15T05:03:07+00:00
AU_PLT_SUBST,Poultry,Australia,Substitute meat prices (beef and pork),2020-02-01,4.72,1,1.0,True,False,USD/kg,mean,Weekly,4,2,Monthly,AU_PLT_SUBST_FB,World Bank Pink Sheet,https://www.worldbank.org/en/research/commodity-markets,True,True,Medium,mean + ratio to poultry price,2026-09-15T05:03:07+00:00
AU_PLT_SUBST,Poultry,Australia,Substitute meat prices (beef and pork),2020-03-01,4.47,1,1.0,True,False,USD/kg,mean,Weekly,4,2,Monthly,AU_PLT_SUBST_FB,World Bank Pink Sheet,https://www.worldbank.org/en/research/commodity-markets,True,True,Medium,mean + ratio to poultry price,2026-09-15T05:03:07+00:00
AU_PLT_SUBST,Poultry,Australia,Substitute meat prices (beef and pork),2020-04-01,4.45,1,1.0,True,False,USD/kg,mean,Weekly,4,2,Monthly,AU_PLT_SUBST_FB,World Bank Pink Sheet,https://www.worldbank.org/en/research/commodity-markets,True,True,Medium,mean + ratio to poultry price,2026-09-15T05:03:07+00:00
AU_PLT_SUBST,Poultry,Australia,Substitute meat prices (beef and pork),2020-05-01,5.08,1,1.0,True,False,USD/kg,mean,Weekly,4,2,Monthly,AU_PLT_SUBST_FB,World Bank Pink Sheet,https://www.worldbank.org/en/research/commodity-markets,True,True,Medium,mean + ratio to poultry price,2026-09-15T05:03:07+00:00
AU_PLT_SUBST,Poultry,Australia,Substitute meat prices (beef and pork),2020-06-01,5.1,1,1.0,True,False,USD/kg,mean,Weekly,4,2,Monthly,AU_PLT_SUBST_FB,World Bank Pink Sheet,https://www.worldbank.org/en/research/commodity-markets,True,True,Medium,mean + ratio to poultry price,2026-09-15T05:03:07+00:00
AU_PLT_SUBST,Poultry,Australia,Substitute meat prices (beef and pork),2020-07-01,4.7,1,1.0,True,False,USD/kg,mean,Weekly,4,2,Monthly,AU_PLT_SUBST_FB,World Bank Pink Sheet,https://www.worldbank.org/en/research/commodity-markets,True,True,Medium,mean + ratio to poultry price,2026-09-15T05:03:07+00:00
AU_PLT_SUBST,Poultry,Australia,Substitute meat prices (beef and pork),2020-08-01,4.63,1,1.0,True,False,USD/kg,mean,Weekly,4,2,Monthly,AU_PLT_SUBST_FB,World Bank Pink Sheet,https://www.worldbank.org/en/research/commodity-markets,True,True,Medium,mean + ratio to poultry price,2026-09-15T05:03:07+00:00
AU_PLT_SUBST,Poultry,Australia,Substitute meat prices (beef and pork),2020-09-01,4.6,1,1.0,True,False,USD/kg,mean,Weekly,4,2,Monthly,AU_PLT_SUBST_FB,World Bank Pink Sheet,https://www.worldbank.org/en/research/commodity-markets,True,True,Medium,mean + ratio to poultry price,2026-09-15T05:03:07+00:00
AU_PLT_SUBST,Poultry,Australia,Substitute meat prices (beef and pork),2020-10-01,4.42,1,1.0,True,False,USD/kg,mean,Weekly,4,2,Monthly,AU_PLT_SUBST_FB,World Bank Pink Sheet,https://www.worldbank.org/en/research/commodity-markets,True,True,Medium,mean + ratio to poultry price,2026-09-15T05:03:07+00:00
AU_PLT_SUBST,Poultry,Australia,Substitute meat prices (beef and pork),2020-11-01,4.4,1,1.0,True,False,USD/kg,mean,Weekly,4,2,Monthly,AU_PLT_SUBST_FB,World Bank Pink Sheet,https://www.worldbank.org/en/research/commodity-markets,True,True,Medium,mean + ratio to poultry price,2026-09-15T05:03:07+00:00
AU_PLT_SUBST,Poultry,Australia,Substitute meat prices (beef and pork),2020-12-01,4.4,1,1.0,True,False,USD/kg,mean,Weekly,4,2,Monthly,AU_PLT_SUBST_FB,World Bank Pink Sheet,https://www.worldbank.org/en/research/commodity-markets,True,True,Medium,mean + ratio to poultry price,2026-09-15T05:03:07+00:00
AU_PLT_SUBST,Poultry,Australia,Substitute meat prices (beef and pork),2021-01-01,4.46,1,1.0,True,False,USD/kg,mean,Weekly,4,2,Monthly,AU_PLT_SUBST_FB,World Bank Pink Sheet,https://www.worldbank.org/en/research/commodity-markets,True,True,Medium,mean + ratio to poultry price,2026-09-15T05:03:07+00:00
AU_PLT_SUBST,Poultry,Australia,Substitute meat prices (beef and pork),2021-02-01,4.66,1,1.0,True,False,USD/kg,mean,Weekly,4,2,Monthly,AU_PLT_SUBST_FB,World Bank Pink Sheet,https://www.worldbank.org/en/research/commodity-markets,True,True,Medium,mean + ratio to poultry price,2026-09-15T05:03:07+00:00
AU_PLT_SUBST,Poultry,Australia,Substitute meat prices (beef and pork),2021-03-01,4.72,1,1.0,True,False,USD/kg,mean,Weekly,4,2,Monthly,AU_PLT_SUBST_FB,World Bank Pink Sheet,https://www.worldbank.org/en/research/commodity-markets,True,True,Medium,mean + ratio to poultry price,2026-09-15T05:03:07+00:00
AU_PLT_SUBST,Poultry,Australia,Substitute meat prices (beef and pork),2021-04-01,5.17,1,1.0,True,False,USD/kg,mean,Weekly,4,2,Monthly,AU_PLT_SUBST_FB,World Bank Pink Sheet,https://www.worldbank.org/en/research/commodity-markets,True,True,Medium,mean + ratio to poultry price,2026-09-15T05:03:07+00:00
AU_PLT_SUBST,Poultry,Australia,Substitute meat prices (beef and pork),2021-05-01,5.48,1,1.0,True,False,USD/kg,mean,Weekly,4,2,Monthly,AU_PLT_SUBST_FB,World Bank Pink Sheet,https://www.worldbank.org/en/research/commodity-markets,True,True,Medium,mean + ratio to poultry price,2026-09-15T05:03:07+00:00
AU_PLT_SUBST,Poultry,Australia,Substitute meat prices (beef and pork),2021-06-01,5.68,1,1.0,True,False,USD/kg,mean,Weekly,4,2,Monthly,AU_PLT_SUBST_FB,World Bank Pink Sheet,https://www.worldbank.org/en/research/commodity-markets,True,True,Medium,mean + ratio to poultry price,2026-09-15T05:03:07+00:00
AU_PLT_SUBST,Poultry,Australia,Substitute meat prices (beef and pork),2021-07-01,5.59,1,1.0,True,False,USD/kg,mean,Weekly,4,2,Monthly,AU_PLT_SUBST_FB,World Bank Pink Sheet,https://www.worldbank.org/en/research/commodity-markets,True,True,Medium,mean + ratio to poultry price,2026-09-15T05:03:07+00:00
AU_PLT_SUBST,Poultry,Australia,Substitute meat prices (beef and pork),2021-08-01,5.61,1,1.0,True,False,USD/kg,mean,Weekly,4,2,Monthly,AU_PLT_SUBST_FB,World Bank Pink Sheet,https://www.worldbank.org/en/research/commodity-markets,True,True,Medium,mean + ratio to poultry price,2026-09-15T05:03:07+00:00
AU_PLT_SUBST,Poultry,Australia,Substitute meat prices (beef and pork),2021-09-01,5.77,1,1.0,True,False,USD/kg,mean,Weekly,4,2,Monthly,AU_PLT_SUBST_FB,World Bank Pink Sheet,https://www.worldbank.org/en/research/commodity-markets,True,True,Medium,mean + ratio to poultry price,2026-09-15T05:03:07+00:00
AU_PLT_SUBST,Poultry,Australia,Substitute meat prices (beef and pork),2021-10-01,5.53,1,1.0,True,False,USD/kg,mean,Weekly,4,2,Monthly,AU_PLT_SUBST_FB,World Bank Pink Sheet,https://www.worldbank.org/en/research/commodity-markets,True,True,Medium,mean + ratio to poultry price,2026-09-15T05:03:07+00:00
AU_PLT_SUBST,Poultry,Australia,Substitute meat prices (beef and pork),2021-11-01,5.69,1,1.0,True,False,USD/kg,mean,Weekly,4,2,Monthly,AU_PLT_SUBST_FB,World Bank Pink Sheet,https://www.worldbank.org/en/research/commodity-markets,True,True,Medium,mean + ratio to poultry price,2026-09-15T05:03:07+00:00
AU_PLT_SUBST,Poultry,Australia,Substitute meat prices (beef and pork),2021-12-01,5.75,1,1.0,True,False,USD/kg,mean,Weekly,4,2,Monthly,AU_PLT_SUBST_FB,World Bank Pink Sheet,https://www.worldbank.org/en/research/commodity-markets,True,True,Medium,mean + ratio to poultry price,2026-09-15T05:03:07+00:00
AU_PLT_SUBST,Poultry,Australia,Substitute meat prices (beef and pork),2022-01-01,5.81,1,1.0,True,False,USD/kg,mean,Weekly,4,2,Monthly,AU_PLT_SUBST_FB,World Bank Pink Sheet,https://www.worldbank.org/en/research/commodity-markets,True,True,Medium,mean + ratio to poultry price,2026-09-15T05:03:07+00:00
AU_PLT_SUBST,Poultry,Australia,Substitute meat prices (beef and pork),2022-02-01,5.99,1,1.0,True,False,USD/kg,mean,Weekly,4,2,Monthly,AU_PLT_SUBST_FB,World Bank Pink Sheet,https://www.worldbank.org/en/research/commodity-markets,True,True,Medium,mean + ratio to poultry price,2026-09-15T05:03:07+00:00
AU_PLT_SUBST,Poultry,Australia,Substitute meat prices (beef and pork),2022-03-01,6.07,1,1.0,True,False,USD/kg,mean,Weekly,4,2,Monthly,AU_PLT_SUBST_FB,World Bank Pink Sheet,https://www.worldbank.org/en/research/commodity-markets,True,True,Medium,mean + ratio to poultry price,2026-09-15T05:03:07+00:00
AU_PLT_SUBST,Poultry,Australia,Substitute meat prices (beef and pork),2022-04-01,5.97,1,1.0,True,False,USD/kg,mean,Weekly,4,2,Monthly,AU_PLT_SUBST_FB,World Bank Pink Sheet,https://www.worldbank.org/en/research/commodity-markets,True,True,Medium,mean + ratio to poultry price,2026-09-15T05:03:07+00:00
AU_PLT_SUBST,Poultry,Australia,Substitute meat prices (beef and pork),2022-05-01,5.94,1,1.0,True,False,USD/kg,mean,Weekly,4,2,Monthly,AU_PLT_SUBST_FB,World Bank Pink Sheet,https://www.worldbank.org/en/research/commodity-markets,True,True,Medium,mean + ratio to poultry price,2026-09-15T05:03:07+00:00
AU_PLT_SUBST,Poultry,Australia,Substitute meat prices (beef and pork),2022-06-01,5.81,1,1.0,True,False,USD/kg,mean,Weekly,4,2,Monthly,AU_PLT_SUBST_FB,World Bank Pink Sheet,https://www.worldbank.org/en/research/commodity-markets,True,True,Medium,mean + ratio to poultry price,2026-09-15T05:03:07+00:00
AU_PLT_SUBST,Poultry,Australia,Substitute meat prices (beef and pork),2022-07-01,5.73,1,1.0,True,False,USD/kg,mean,Weekly,4,2,Monthly,AU_PLT_SUBST_FB,World Bank Pink Sheet,https://www.worldbank.org/en/research/commodity-markets,True,True,Medium,mean + ratio to poultry price,2026-09-15T05:03:07+00:00
AU_PLT_SUBST,Poultry,Australia,Substitute meat prices (beef and pork),2022-08-01,5.57,1,1.0,True,False,USD/kg,mean,Weekly,4,2,Monthly,AU_PLT_SUBST_FB,World Bank Pink Sheet,https://www.worldbank.org/en/research/commodity-markets,True,True,Medium,mean + ratio to poultry price,2026-09-15T05:03:07+00:00
AU_PLT_SUBST,Poultry,Australia,Substitute meat prices (beef and pork),2022-09-01,5.44,1,1.0,True,False,USD/kg,mean,Weekly,4,2,Monthly,AU_PLT_SUBST_FB,World Bank Pink Sheet,https://www.worldbank.org/en/research/commodity-markets,True,True,Medium,mean + ratio to poultry price,2026-09-15T05:03:07+00:00
AU_PLT_SUBST,Poultry,Australia,Substitute meat prices (beef and pork),2022-10-01,5.33,1,1.0,True,False,USD/kg,mean,Weekly,4,2,Monthly,AU_PLT_SUBST_FB,World Bank Pink Sheet,https://www.worldbank.org/en/research/commodity-markets,True,True,Medium,mean + ratio to poultry price,2026-09-15T05:03:07+00:00
AU_PLT_SUBST,Poultry,Australia,Substitute meat prices (beef and pork),2022-11-01,5.07,1,1.0,True,False,USD/kg,mean,Weekly,4,2,Monthly,AU_PLT_SUBST_FB,World Bank Pink Sheet,https://www.worldbank.org/en/research/commodity-markets,True,True,Medium,mean + ratio to poultry price,2026-09-15T05:03:07+00:00
AU_PLT_SUBST,Poultry,Australia,Substitute meat prices (beef and pork),2022-12-01,4.71,1,1.0,True,False,USD/kg,mean,Weekly,4,2,Monthly,AU_PLT_SUBST_FB,World Bank Pink Sheet,https://www.worldbank.org/en/research/commodity-markets,True,True,Medium,mean + ratio to poultry price,2026-09-15T05:03:07+00:00
AU_PLT_SUBST,Poultry,Australia,Substitute meat prices (beef and pork),2023-01-01,4.65,1,1.0,True,False,USD/kg,mean,Weekly,4,2,Monthly,AU_PLT_SUBST_FB,World Bank Pink Sheet,https://www.worldbank.org/en/research/commodity-markets,True,True,Medium,mean + ratio to poultry price,2026-09-15T05:03:07+00:00
AU_PLT_SUBST,Poultry,Australia,Substitute meat prices (beef and pork),2023-02-01,4.65,1,1.0,True,False,USD/kg,mean,Weekly,4,2,Monthly,AU_PLT_SUBST_FB,World Bank Pink Sheet,https://www.worldbank.org/en/research/commodity-markets,True,True,Medium,mean + ratio to poultry price,2026-09-15T05:03:07+00:00
AU_PLT_SUBST,Poultry,Australia,Substitute meat prices (beef and pork),2023-03-01,4.84,1,1.0,True,False,USD/kg,mean,Weekly,4,2,Monthly,AU_PLT_SUBST_FB,World Bank Pink Sheet,https://www.worldbank.org/en/research/commodity-markets,True,True,Medium,mean + ratio to poultry price,2026-09-15T05:03:07+00:00
AU_PLT_SUBST,Poultry,Australia,Substitute meat prices (beef and pork),2023-04-01,5.3,1,1.0,True,False,USD/kg,mean,Weekly,4,2,Monthly,AU_PLT_SUBST_FB,World Bank Pink Sheet,https://www.worldbank.org/en/research/commodity-markets,True,True,Medium,mean + ratio to poultry price,2026-09-15T05:03:07+00:00
AU_PLT_SUBST,Poultry,Australia,Substitute meat prices (beef and pork),2023-05-01,5.31,1,1.0,True,False,USD/kg,mean,Weekly,4,2,Monthly,AU_PLT_SUBST_FB,World Bank Pink Sheet,https://www.worldbank.org/en/research/commodity-markets,True,True,Medium,mean + ratio to poultry price,2026-09-15T05:03:07+00:00
AU_PLT_SUBST,Poultry,Australia,Substitute meat prices (beef and pork),2023-06-01,5.01,1,1.0,True,False,USD/kg,mean,Weekly,4,2,Monthly,AU_PLT_SUBST_FB,World Bank Pink Sheet,https://www.worldbank.org/en/research/commodity-markets,True,True,Medium,mean + ratio to poultry price,2026-09-15T05:03:07+00:00
AU_PLT_SUBST,Poultry,Australia,Substitute meat prices (beef and pork),2023-07-01,4.78,1,1.0,True,False,USD/kg,mean,Weekly,4,2,Monthly,AU_PLT_SUBST_FB,World Bank Pink Sheet,https://www.worldbank.org/en/research/commodity-markets,True,True,Medium,mean + ratio to poultry price,2026-09-15T05:03:07+00:00
AU_PLT_SUBST,Poultry,Australia,Substitute meat prices (beef and pork),2023-08-01,4.73,1,1.0,True,False,USD/kg,mean,Weekly,4,2,Monthly,AU_PLT_SUBST_FB,World Bank Pink Sheet,https://www.worldbank.org/en/research/commodity-markets,True,True,Medium,mean + ratio to poultry price,2026-09-15T05:03:07+00:00
AU_PLT_SUBST,Poultry,Australia,Substitute meat prices (beef and pork),2023-09-01,4.9,1,1.0,True,False,USD/kg,mean,Weekly,4,2,Monthly,AU_PLT_SUBST_FB,World Bank Pink Sheet,https://www.worldbank.org/en/research/commodity-markets,True,True,Medium,mean + ratio to poultry price,2026-09-15T05:03:07+00:00
AU_PLT_SUBST,Poultry,Australia,Substitute meat prices (beef and pork),2023-10-01,4.98,1,1.0,True,False,USD/kg,mean,Weekly,4,2,Monthly,AU_PLT_SUBST_FB,World Bank Pink Sheet,https://www.worldbank.org/en/research/commodity-markets,True,True,Medium,mean + ratio to poultry price,2026-09-15T05:03:07+00:00
AU_PLT_SUBST,Poultry,Australia,Substitute meat prices (beef and pork),2023-11-01,4.88,1,1.0,True,False,USD/kg,mean,Weekly,4,2,Monthly,AU_PLT_SUBST_FB,World Bank Pink Sheet,https://www.worldbank.org/en/research/commodity-markets,True,True,Medium,mean + ratio to poultry price,2026-09-15T05:03:07+00:00
AU_PLT_SUBST,Poultry,Australia,Substitute meat prices (beef and pork),2023-12-01,4.79,1,1.0,True,False,USD/kg,mean,Weekly,4,2,Monthly,AU_PLT_SUBST_FB,World Bank Pink Sheet,https://www.worldbank.org/en/research/commodity-markets,True,True,Medium,mean + ratio to poultry price,2026-09-15T05:03:07+00:00
AU_PLT_SUBST,Poultry,Australia,Substitute meat prices (beef and pork),2024-01-01,5.0,1,1.0,True,False,USD/kg,mean,Weekly,4,2,Monthly,AU_PLT_SUBST_FB,World Bank Pink Sheet,https://www.worldbank.org/en/research/commodity-markets,True,True,Medium,mean + ratio to poultry price,2026-09-15T05:03:07+00:00
AU_PLT_SUBST,Poultry,Australia,Substitute meat prices (beef and pork),2024-02-01,5.38,1,1.0,True,False,USD/kg,mean,Weekly,4,2,Monthly,AU_PLT_SUBST_FB,World Bank Pink Sheet,https://www.worldbank.org/en/research/commodity-markets,True,True,Medium,mean + ratio to poultry price,2026-09-15T05:03:07+00:00
AU_PLT_SUBST,Poultry,Australia,Substitute meat prices (beef and pork),2024-03-01,5.73,1,1.0,True,False,USD/kg,mean,Weekly,4,2,Monthly,AU_PLT_SUBST_FB,World Bank Pink Sheet,https://www.worldbank.org/en/research/commodity-markets,True,True,Medium,mean + ratio to poultry price,2026-09-15T05:03:07+00:00
AU_PLT_SUBST,Poultry,Australia,Substitute meat prices (beef and pork),2024-04-01,6.05,1,1.0,True,False,USD/kg,mean,Weekly,4,2,Monthly,AU_PLT_SUBST_FB,World Bank Pink Sheet,https://www.worldbank.org/en/research/commodity-markets,True,True,Medium,mean + ratio to poultry price,2026-09-15T05:03:07+00:00
AU_PLT_SUBST,Poultry,Australia,Substitute meat prices (beef and pork),2024-05-01,5.88,1,1.0,True,False,USD/kg,mean,Weekly,4,2,Monthly,AU_PLT_SUBST_FB,World Bank Pink Sheet,https://www.worldbank.org/en/research/commodity-markets,True,True,Medium,mean + ratio to poultry price,2026-09-15T05:03:07+00:00
AU_PLT_SUBST,Poultry,Australia,Substitute meat prices (beef and pork),2024-06-01,5.85,1,1.0,True,False,USD/kg,mean,Weekly,4,2,Monthly,AU_PLT_SUBST_FB,World Bank Pink Sheet,https://www.worldbank.org/en/research/commodity-markets,True,True,Medium,mean + ratio to poultry price,2026-09-15T05:03:07+00:00
AU_PLT_SUBST,Poultry,Australia,Substitute meat prices (beef and pork),2024-07-01,6.19,1,1.0,True,False,USD/kg,mean,Weekly,4,2,Monthly,AU_PLT_SUBST_FB,World Bank Pink Sheet,https://www.worldbank.org/en/research/commodity-markets,True,True,Medium,mean + ratio to poultry price,2026-09-15T05:03:07+00:00
AU_PLT_SUBST,Poultry,Australia,Substitute meat prices (beef and pork),2024-08-01,6.34,1,1.0,True,False,USD/kg,mean,Weekly,4,2,Monthly,AU_PLT_SUBST_FB,World Bank Pink Sheet,https://www.worldbank.org/en/research/commodity-markets,True,True,Medium,mean + ratio to poultry price,2026-09-15T05:03:07+00:00
AU_PLT_SUBST,Poultry,Australia,Substitute meat prices (beef and pork),2024-09-01,6.3,1,1.0,True,False,USD/kg,mean,Weekly,4,2,Monthly,AU_PLT_SUBST_FB,World Bank Pink Sheet,https://www.worldbank.org/en/research/commodity-markets,True,True,Medium,mean + ratio to poultry price,2026-09-15T05:03:07+00:00
AU_PLT_SUBST,Poultry,Australia,Substitute meat prices (beef and pork),2024-10-01,6.06,1,1.0,True,False,USD/kg,mean,Weekly,4,2,Monthly,AU_PLT_SUBST_FB,World Bank Pink Sheet,https://www.worldbank.org/en/research/commodity-markets,True,True,Medium,mean + ratio to poultry price,2026-09-15T05:03:07+00:00
AU_PLT_SUBST,Poultry,Australia,Substitute meat prices (beef and pork),2024-11-01,6.18,1,1.0,True,False,USD/kg,mean,Weekly,4,2,Monthly,AU_PLT_SUBST_FB,World Bank Pink Sheet,https://www.worldbank.org/en/research/commodity-markets,True,True,Medium,mean + ratio to poultry price,2026-09-15T05:03:07+00:00
AU_PLT_SUBST,Poultry,Australia,Substitute meat prices (beef and pork),2024-12-01,6.23,1,1.0,True,False,USD/kg,mean,Weekly,4,2,Monthly,AU_PLT_SUBST_FB,World Bank Pink Sheet,https://www.worldbank.org/en/research/commodity-markets,True,True,Medium,mean + ratio to poultry price,2026-09-15T05:03:07+00:00
AU_PLT_SUBST,Poultry,Australia,Substitute meat prices (beef and pork),2025-01-01,6.46,1,1.0,True,False,USD/kg,mean,Weekly,4,2,Monthly,AU_PLT_SUBST_FB,World Bank Pink Sheet,https://www.worldbank.org/en/research/commodity-markets,True,True,Medium,mean + ratio to poultry price,2026-09-15T05:03:07+00:00
AU_PLT_SUBST,Poultry,Australia,Substitute meat prices (beef and pork),2025-02-01,6.62,1,1.0,True,False,USD/kg,mean,Weekly,4,2,Monthly,AU_PLT_SUBST_FB,World Bank Pink Sheet,https://www.worldbank.org/en/research/commodity-markets,True,True,Medium,mean + ratio to poultry price,2026-09-15T05:03:07+00:00
AU_PLT_SUBST,Poultry,Australia,Substitute meat prices (beef and pork),2025-03-01,6.77,1,1.0,True,False,USD/kg,mean,Weekly,4,2,Monthly,AU_PLT_SUBST_FB,World Bank Pink Sheet,https://www.worldbank.org/en/research/commodity-markets,True,True,Medium,mean + ratio to poultry price,2026-09-15T05:03:07+00:00
AU_PLT_SUBST,Poultry,Australia,Substitute meat prices (beef and pork),2025-04-01,6.71,1,1.0,True,False,USD/kg,mean,Weekly,4,2,Monthly,AU_PLT_SUBST_FB,World Bank Pink Sheet,https://www.worldbank.org/en/research/commodity-markets,True,True,Medium,mean + ratio to poultry price,2026-09-15T05:03:07+00:00
AU_PLT_SUBST,Poultry,Australia,Substitute meat prices (beef and pork),2025-05-01,6.62,1,1.0,True,False,USD/kg,mean,Weekly,4,2,Monthly,AU_PLT_SUBST_FB,World Bank Pink Sheet,https://www.worldbank.org/en/research/commodity-markets,True,True,Medium,mean + ratio to poultry price,2026-09-15T05:03:07+00:00
AU_PLT_SUBST,Poultry,Australia,Substitute meat prices (beef and pork),2025-06-01,6.67,1,1.0,True,False,USD/kg,mean,Weekly,4,2,Monthly,AU_PLT_SUBST_FB,World Bank Pink Sheet,https://www.worldbank.org/en/research/commodity-markets,True,True,Medium,mean + ratio to poultry price,2026-09-15T05:03:07+00:00
AU_PLT_SUBST,Poultry,Australia,Substitute meat prices (beef and pork),2025-07-01,6.72,1,1.0,True,False,USD/kg,mean,Weekly,4,2,Monthly,AU_PLT_SUBST_FB,World Bank Pink Sheet,https://www.worldbank.org/en/research/commodity-markets,True,True,Medium,mean + ratio to poultry price,2026-09-15T05:03:07+00:00
AU_PLT_SUBST,Poultry,Australia,Substitute meat prices (beef and pork),2025-08-01,6.86,1,1.0,True,False,USD/kg,mean,Weekly,4,2,Monthly,AU_PLT_SUBST_FB,World Bank Pink Sheet,https://www.worldbank.org/en/research/commodity-markets,True,True,Medium,mean + ratio to poultry price,2026-09-15T05:03:07+00:00
AU_PLT_SUBST,Poultry,Australia,Substitute meat prices (beef and pork),2025-09-01,6.9,1,1.0,True,False,USD/kg,mean,Weekly,4,2,Monthly,AU_PLT_SUBST_FB,World Bank Pink Sheet,https://www.worldbank.org/en/research/commodity-markets,True,True,Medium,mean + ratio to poultry price,2026-09-15T05:03:07+00:00
AU_PLT_SUBST,Poultry,Australia,Substitute meat prices (beef and pork),2025-10-01,7.09,1,1.0,True,False,USD/kg,mean,Weekly,4,2,Monthly,AU_PLT_SUBST_FB,World Bank Pink Sheet,https://www.worldbank.org/en/research/commodity-markets,True,True,Medium,mean + ratio to poultry price,2026-09-15T05:03:07+00:00
AU_PLT_SUBST,Poultry,Australia,Substitute meat prices (beef and pork),2025-11-01,7.51,1,1.0,True,False,USD/kg,mean,Weekly,4,2,Monthly,AU_PLT_SUBST_FB,World Bank Pink Sheet,https://www.worldbank.org/en/research/commodity-markets,True,True,Medium,mean + ratio to poultry price,2026-09-15T05:03:07+00:00
AU_PLT_SUBST,Poultry,Australia,Substitute meat prices (beef and pork),2025-12-01,7.38,1,1.0,True,False,USD/kg,mean,Weekly,4,2,Monthly,AU_PLT_SUBST_FB,World Bank Pink Sheet,https://www.worldbank.org/en/research/commodity-markets,True,True,Medium,mean + ratio to poultry price,2026-09-15T05:03:07+00:00
AU_PLT_SUBST,Poultry,Australia,Substitute meat prices (beef and pork),2026-01-01,7.97,1,1.0,True,False,USD/kg,mean,Weekly,4,2,Monthly,AU_PLT_SUBST_FB,World Bank Pink Sheet,https://www.worldbank.org/en/research/commodity-markets,True,True,Medium,mean + ratio to poultry price,2026-09-15T05:03:07+00:00
AU_PLT_SUBST,Poultry,Australia,Substitute meat prices (beef and pork),2026-02-01,8.12,1,1.0,True,False,USD/kg,mean,Weekly,4,2,Monthly,AU_PLT_SUBST_FB,World Bank Pink Sheet,https://www.worldbank.org/en/research/commodity-markets,True,True,Medium,mean + ratio to poultry price,2026-09-15T05:03:07+00:00
AU_PLT_SUBST,Poultry,Australia,Substitute meat prices (beef and pork),2026-03-01,8.21,1,1.0,True,False,USD/kg,mean,Weekly,4,2,Monthly,AU_PLT_SUBST_FB,World Bank Pink Sheet,https://www.worldbank.org/en/research/commodity-markets,True,True,Medium,mean + ratio to poultry price,2026-09-15T05:03:07+00:00
AU_PLT_SUBST,Poultry,Australia,Substitute meat prices (beef and pork),2026-04-01,8.21,1,1.0,True,False,USD/kg,mean,Weekly,4,2,Monthly,AU_PLT_SUBST_FB,World Bank Pink Sheet,https://www.worldbank.org/en/research/commodity-markets,True,True,Medium,mean + ratio to poultry price,2026-09-15T05:03:07+00:00
AU_PLT_SUBST,Poultry,Australia,Substitute meat prices (beef and pork),2026-05-01,7.95,1,1.0,True,False,USD/kg,mean,Weekly,4,2,Monthly,AU_PLT_SUBST_FB,World Bank Pink Sheet,https://www.worldbank.org/en/research/commodity-markets,True,True,Medium,mean + ratio to poultry price,2026-09-15T05:03:07+00:00
AU_PLT_SUBST,Poultry,Australia,Substitute meat prices (beef and pork),2026-06-01,7.46,1,1.0,True,False,USD/kg,mean,Weekly,4,2,Monthly,AU_PLT_SUBST_FB,World Bank Pink Sheet,https://www.worldbank.org/en/research/commodity-markets,True,True,Medium,mean + ratio to poultry price,2026-09-15T05:03:07+00:00
AU_PLT_SUBST,Poultry,Australia,Substitute meat prices (beef and pork),2026-07-01,7.31,1,1.0,True,False,USD/kg,mean,Weekly,4,2,Monthly,AU_PLT_SUBST_FB,World Bank Pink Sheet,https://www.worldbank.org/en/research/commodity-markets,True,True,Medium,mean + ratio to poultry price,2026-09-15T05:03:07+00:00
AU_PLT_SUBST,Poultry,Australia,Substitute meat prices (beef and pork),2026-08-01,7.28,1,1.0,True,False,USD/kg,mean,Weekly,4,2,Monthly,AU_PLT_SUBST_FB,World Bank Pink Sheet,https://www.worldbank.org/en/research/commodity-markets,True,True,Medium,mean + ratio to poultry price,2026-09-15T05:03:07+00:00
LA_PLP_FX,Pulp,Latin America,USD/BRL exchange rate,2014-01-01,2.382209090909091,22,1.0,True,False,BRL per USD,mean,Daily,1,1,Daily,LA_PLP_FX,Banco Central do Brasil SGS,https://api.bcb.gov.br,False,False,Low,mean + MoM% + contemporaneous,2026-09-15T05:03:03+00:00
LA_PLP_FX,Pulp,Latin America,USD/BRL exchange rate,2014-02-01,2.38368,20,0.9523809523809523,True,False,BRL per USD,mean,Daily,1,1,Daily,LA_PLP_FX,Banco Central do Brasil SGS,https://api.bcb.gov.br,False,False,Low,mean + MoM% + contemporaneous,2026-09-15T05:03:03+00:00
LA_PLP_FX,Pulp,Latin America,USD/BRL exchange rate,2014-03-01,2.3260894736842106,19,0.9047619047619048,True,False,BRL per USD,mean,Daily,1,1,Daily,LA_PLP_FX,Banco Central do Brasil SGS,https://api.bcb.gov.br,False,False,Low,mean + MoM% + contemporaneous,2026-09-15T05:03:03+00:00
LA_PLP_FX,Pulp,Latin America,USD/BRL exchange rate,2014-04-01,2.23277,20,0.9523809523809523,True,False,BRL per USD,mean,Daily,1,1,Daily,LA_PLP_FX,Banco Central do Brasil SGS,https://api.bcb.gov.br,False,False,Low,mean + MoM% + contemporaneous,2026-09-15T05:03:03+00:00
LA_PLP_FX,Pulp,Latin America,USD/BRL exchange rate,2014-05-01,2.2208809523809525,21,1.0,True,False,BRL per USD,mean,Daily,1,1,Daily,LA_PLP_FX,Banco Central do Brasil SGS,https://api.bcb.gov.br,False,False,Low,mean + MoM% + contemporaneous,2026-09-15T05:03:03+00:00
LA_PLP_FX,Pulp,Latin America,USD/BRL exchange rate,2014-06-01,2.2354700000000003,20,0.9523809523809523,True,False,BRL per USD,mean,Daily,1,1,Daily,LA_PLP_FX,Banco Central do Brasil SGS,https://api.bcb.gov.br,False,False,Low,mean + MoM% + contemporaneous,2026-09-15T05:03:03+00:00
LA_PLP_FX,Pulp,Latin America,USD/BRL exchange rate,2014-07-01,2.2246478260869567,23,1.0,True,False,BRL per USD,mean,Daily,1,1,Daily,LA_PLP_FX,Banco Central do Brasil SGS,https://api.bcb.gov.br,False,False,Low,mean + MoM% + contemporaneous,2026-09-15T05:03:03+00:00
LA_PLP_FX,Pulp,Latin America,USD/BRL exchange rate,2014-08-01,2.2680285714285713,21,1.0,True,False,BRL per USD,mean,Daily,1,1,Daily,LA_PLP_FX,Banco Central do Brasil SGS,https://api.bcb.gov.br,False,False,Low,mean + MoM% + contemporaneous,2026-09-15T05:03:03+00:00
LA_PLP_FX,Pulp,Latin America,USD/BRL exchange rate,2014-09-01,2.332868181818182,22,1.0,True,False,BRL per USD,mean,Daily,1,1,Daily,LA_PLP_FX,Banco Central do Brasil SGS,https://api.bcb.gov.br,False,False,Low,mean + MoM% + contemporaneous,2026-09-15T05:03:03+00:00
LA_PLP_FX,Pulp,Latin America,USD/BRL exchange rate,2014-10-01,2.4482608695652175,23,1.0,True,False,BRL per USD,mean,Daily,1,1,Daily,LA_PLP_FX,Banco Central do Brasil SGS,https://api.bcb.gov.br,False,False,Low,mean + MoM% + contemporaneous,2026-09-15T05:03:03+00:00
LA_PLP_FX,Pulp,Latin America,USD/BRL exchange rate,2014-11-01,2.548365,20,0.9523809523809523,True,False,BRL per USD,mean,Daily,1,1,Daily,LA_PLP_FX,Banco Central do Brasil SGS,https://api.bcb.gov.br,False,False,Low,mean + MoM% + contemporaneous,2026-09-15T05:03:03+00:00
LA_PLP_FX,Pulp,Latin America,USD/BRL exchange rate,2014-12-01,2.6393636363636364,22,1.0,True,False,BRL per USD,mean,Daily,1,1,Daily,LA_PLP_FX,Banco Central do Brasil SGS,https://api.bcb.gov.br,False,False,Low,mean + MoM% + contemporaneous,2026-09-15T05:03:03+00:00
LA_PLP_FX,Pulp,Latin America,USD/BRL exchange rate,2015-01-01,2.6342285714285714,21,1.0,True,False,BRL per USD,mean,Daily,1,1,Daily,LA_PLP_FX,Banco Central do Brasil SGS,https://api.bcb.gov.br,False,False,Low,mean + MoM% + contemporaneous,2026-09-15T05:03:03+00:00
LA_PLP_FX,Pulp,Latin America,USD/BRL exchange rate,2015-02-01,2.81645,18,0.8571428571428571,True,False,BRL per USD,mean,Daily,1,1,Daily,LA_PLP_FX,Banco Central do Brasil SGS,https://api.bcb.gov.br,False,False,Low,mean + MoM% + contemporaneous,2026-09-15T05:03:03+00:00
LA_PLP_FX,Pulp,Latin America,USD/BRL exchange rate,2015-03-01,3.1394772727272726,22,1.0,True,False,BRL per USD,mean,Daily,1,1,Daily,LA_PLP_FX,Banco Central do Brasil SGS,https://api.bcb.gov.br,False,False,Low,mean + MoM% + contemporaneous,2026-09-15T05:03:03+00:00
LA_PLP_FX,Pulp,Latin America,USD/BRL exchange rate,2015-04-01,3.0432200000000003,20,0.9523809523809523,True,False,BRL per USD,mean,Daily,1,1,Daily,LA_PLP_FX,Banco Central do Brasil SGS,https://api.bcb.gov.br,False,False,Low,mean + MoM% + contemporaneous,2026-09-15T05:03:03+00:00
LA_PLP_FX,Pulp,Latin America,USD/BRL exchange rate,2015-05-01,3.061715,20,0.9523809523809523,True,False,BRL per USD,mean,Daily,1,1,Daily,LA_PLP_FX,Banco Central do Brasil SGS,https://api.bcb.gov.br,False,False,Low,mean + MoM% + contemporaneous,2026-09-15T05:03:03+00:00
LA_PLP_FX,Pulp,Latin America,USD/BRL exchange rate,2015-06-01,3.1117380952380955,21,1.0,True,False,BRL per USD,mean,Daily,1,1,Daily,LA_PLP_FX,Banco Central do Brasil SGS,https://api.bcb.gov.br,False,False,Low,mean + MoM% + contemporaneous,2026-09-15T05:03:03+00:00
LA_PLP_FX,Pulp,Latin America,USD/BRL exchange rate,2015-07-01,3.2231434782608694,23,1.0,True,False,BRL per USD,mean,Daily,1,1,Daily,LA_PLP_FX,Banco Central do Brasil SGS,https://api.bcb.gov.br,False,False,Low,mean + MoM% + contemporaneous,2026-09-15T05:03:03+00:00
LA_PLP_FX,Pulp,Latin America,USD/BRL exchange rate,2015-08-01,3.5143047619047616,21,1.0,True,False,BRL per USD,mean,Daily,1,1,Daily,LA_PLP_FX,Banco Central do Brasil SGS,https://api.bcb.gov.br,False,False,Low,mean + MoM% + contemporaneous,2026-09-15T05:03:03+00:00
LA_PLP_FX,Pulp,Latin America,USD/BRL exchange rate,2015-09-01,3.906457142857143,21,1.0,True,False,BRL per USD,mean,Daily,1,1,Daily,LA_PLP_FX,Banco Central do Brasil SGS,https://api.bcb.gov.br,False,False,Low,mean + MoM% + contemporaneous,2026-09-15T05:03:03+00:00
LA_PLP_FX,Pulp,Latin America,USD/BRL exchange rate,2015-10-01,3.8801380952380953,21,1.0,True,False,BRL per USD,mean,Daily,1,1,Daily,LA_PLP_FX,Banco Central do Brasil SGS,https://api.bcb.gov.br,False,False,Low,mean + MoM% + contemporaneous,2026-09-15T05:03:03+00:00
LA_PLP_FX,Pulp,Latin America,USD/BRL exchange rate,2015-11-01,3.77646,20,0.9523809523809523,True,False,BRL per USD,mean,Daily,1,1,Daily,LA_PLP_FX,Banco Central do Brasil SGS,https://api.bcb.gov.br,False,False,Low,mean + MoM% + contemporaneous,2026-09-15T05:03:03+00:00
LA_PLP_FX,Pulp,Latin America,USD/BRL exchange rate,2015-12-01,3.871136363636363,22,1.0,True,False,BRL per USD,mean,Daily,1,1,Daily,LA_PLP_FX,Banco Central do Brasil SGS,https://api.bcb.gov.br,False,False,Low,mean + MoM% + contemporaneous,2026-09-15T05:03:03+00:00
LA_PLP_FX,Pulp,Latin America,USD/BRL exchange rate,2016-01-01,4.05235,20,0.9523809523809523,True,False,BRL per USD,mean,Daily,1,1,Daily,LA_PLP_FX,Banco Central do Brasil SGS,https://api.bcb.gov.br,False,False,Low,mean + MoM% + contemporaneous,2026-09-15T05:03:03+00:00
LA_PLP_FX,Pulp,Latin America,USD/BRL exchange rate,2016-02-01,3.9737421052631574,19,0.9047619047619048,True,False,BRL per USD,mean,Daily,1,1,Daily,LA_PLP_FX,Banco Central do Brasil SGS,https://api.bcb.gov.br,False,False,Low,mean + MoM% + contemporaneous,2026-09-15T05:03:03+00:00
LA_PLP_FX,Pulp,Latin America,USD/BRL exchange rate,2016-03-01,3.7039181818181817,22,1.0,True,False,BRL per USD,mean,Daily,1,1,Daily,LA_PLP_FX,Banco Central do Brasil SGS,https://api.bcb.gov.br,False,False,Low,mean + MoM% + contemporaneous,2026-09-15T05:03:03+00:00
LA_PLP_FX,Pulp,Latin America,USD/BRL exchange rate,2016-04-01,3.5658450000000004,20,0.9523809523809523,True,False,BRL per USD,mean,Daily,1,1,Daily,LA_PLP_FX,Banco Central do Brasil SGS,https://api.bcb.gov.br,False,False,Low,mean + MoM% + contemporaneous,2026-09-15T05:03:03+00:00
LA_PLP_FX,Pulp,Latin America,USD/BRL exchange rate,2016-05-01,3.5392904761904758,21,1.0,True,False,BRL per USD,mean,Daily,1,1,Daily,LA_PLP_FX,Banco Central do Brasil SGS,https://api.bcb.gov.br,False,False,Low,mean + MoM% + contemporaneous,2026-09-15T05:03:03+00:00
LA_PLP_FX,Pulp,Latin America,USD/BRL exchange rate,2016-06-01,3.4244772727272728,22,1.0,True,False,BRL per USD,mean,Daily,1,1,Daily,LA_PLP_FX,Banco Central do Brasil SGS,https://api.bcb.gov.br,False,False,Low,mean + MoM% + contemporaneous,2026-09-15T05:03:03+00:00
LA_PLP_FX,Pulp,Latin America,USD/BRL exchange rate,2016-07-01,3.2755666666666667,21,1.0,True,False,BRL per USD,mean,Daily,1,1,Daily,LA_PLP_FX,Banco Central do Brasil SGS,https://api.bcb.gov.br,False,False,Low,mean + MoM% + contemporaneous,2026-09-15T05:03:03+00:00
LA_PLP_FX,Pulp,Latin America,USD/BRL exchange rate,2016-08-01,3.209660869565217,23,1.0,True,False,BRL per USD,mean,Daily,1,1,Daily,LA_PLP_FX,Banco Central do Brasil SGS,https://api.bcb.gov.br,False,False,Low,mean + MoM% + contemporaneous,2026-09-15T05:03:03+00:00
LA_PLP_FX,Pulp,Latin America,USD/BRL exchange rate,2016-09-01,3.2563714285714283,21,1.0,True,False,BRL per USD,mean,Daily,1,1,Daily,LA_PLP_FX,Banco Central do Brasil SGS,https://api.bcb.gov.br,False,False,Low,mean + MoM% + contemporaneous,2026-09-15T05:03:03+00:00
LA_PLP_FX,Pulp,Latin America,USD/BRL exchange rate,2016-10-01,3.185845,20,0.9523809523809523,True,False,BRL per USD,mean,Daily,1,1,Daily,LA_PLP_FX,Banco Central do Brasil SGS,https://api.bcb.gov.br,False,False,Low,mean + MoM% + contemporaneous,2026-09-15T05:03:03+00:00
LA_PLP_FX,Pulp,Latin America,USD/BRL exchange rate,2016-11-01,3.34203,20,0.9523809523809523,True,False,BRL per USD,mean,Daily,1,1,Daily,LA_PLP_FX,Banco Central do Brasil SGS,https://api.bcb.gov.br,False,False,Low,mean + MoM% + contemporaneous,2026-09-15T05:03:03+00:00
LA_PLP_FX,Pulp,Latin America,USD/BRL exchange rate,2016-12-01,3.352268181818182,22,1.0,True,False,BRL per USD,mean,Daily,1,1,Daily,LA_PLP_FX,Banco Central do Brasil SGS,https://api.bcb.gov.br,False,False,Low,mean + MoM% + contemporaneous,2026-09-15T05:03:03+00:00
LA_PLP_FX,Pulp,Latin America,USD/BRL exchange rate,2017-01-01,3.196609090909091,22,1.0,True,False,BRL per USD,mean,Daily,1,1,Daily,LA_PLP_FX,Banco Central do Brasil SGS,https://api.bcb.gov.br,False,False,Low,mean + MoM% + contemporaneous,2026-09-15T05:03:03+00:00
LA_PLP_FX,Pulp,Latin America,USD/BRL exchange rate,2017-02-01,3.1041944444444445,18,0.8571428571428571,True,False,BRL per USD,mean,Daily,1,1,Daily,LA_PLP_FX,Banco Central do Brasil SGS,https://api.bcb.gov.br,False,False,Low,mean + MoM% + contemporaneous,2026-09-15T05:03:03+00:00
LA_PLP_FX,Pulp,Latin America,USD/BRL exchange rate,2017-03-01,3.127930434782609,23,1.0,True,False,BRL per USD,mean,Daily,1,1,Daily,LA_PLP_FX,Banco Central do Brasil SGS,https://api.bcb.gov.br,False,False,Low,mean + MoM% + contemporaneous,2026-09-15T05:03:03+00:00
LA_PLP_FX,Pulp,Latin America,USD/BRL exchange rate,2017-04-01,3.136172222222222,18,0.8571428571428571,True,False,BRL per USD,mean,Daily,1,1,Daily,LA_PLP_FX,Banco Central do Brasil SGS,https://api.bcb.gov.br,False,False,Low,mean + MoM% + contemporaneous,2026-09-15T05:03:03+00:00
LA_PLP_FX,Pulp,Latin America,USD/BRL exchange rate,2017-05-01,3.209509090909091,22,1.0,True,False,BRL per USD,mean,Daily,1,1,Daily,LA_PLP_FX,Banco Central do Brasil SGS,https://api.bcb.gov.br,False,False,Low,mean + MoM% + contemporaneous,2026-09-15T05:03:03+00:00
LA_PLP_FX,Pulp,Latin America,USD/BRL exchange rate,2017-06-01,3.2953666666666663,21,1.0,True,False,BRL per USD,mean,Daily,1,1,Daily,LA_PLP_FX,Banco Central do Brasil SGS,https://api.bcb.gov.br,False,False,Low,mean + MoM% + contemporaneous,2026-09-15T05:03:03+00:00
LA_PLP_FX,Pulp,Latin America,USD/BRL exchange rate,2017-07-01,3.2061380952380953,21,1.0,True,False,BRL per USD,mean,Daily,1,1,Daily,LA_PLP_FX,Banco Central do Brasil SGS,https://api.bcb.gov.br,False,False,Low,mean + MoM% + contemporaneous,2026-09-15T05:03:03+00:00
LA_PLP_FX,Pulp,Latin America,USD/BRL exchange rate,2017-08-01,3.1509173913043482,23,1.0,True,False,BRL per USD,mean,Daily,1,1,Daily,LA_PLP_FX,Banco Central do Brasil SGS,https://api.bcb.gov.br,False,False,Low,mean + MoM% + contemporaneous,2026-09-15T05:03:03+00:00
LA_PLP_FX,Pulp,Latin America,USD/BRL exchange rate,2017-09-01,3.1347899999999997,20,0.9523809523809523,True,False,BRL per USD,mean,Daily,1,1,Daily,LA_PLP_FX,Banco Central do Brasil SGS,https://api.bcb.gov.br,False,False,Low,mean + MoM% + contemporaneous,2026-09-15T05:03:03+00:00
LA_PLP_FX,Pulp,Latin America,USD/BRL exchange rate,2017-10-01,3.1912285714285713,21,1.0,True,False,BRL per USD,mean,Daily,1,1,Daily,LA_PLP_FX,Banco Central do Brasil SGS,https://api.bcb.gov.br,False,False,Low,mean + MoM% + contemporaneous,2026-09-15T05:03:03+00:00
LA_PLP_FX,Pulp,Latin America,USD/BRL exchange rate,2017-11-01,3.25938,20,0.9523809523809523,True,False,BRL per USD,mean,Daily,1,1,Daily,LA_PLP_FX,Banco Central do Brasil SGS,https://api.bcb.gov.br,False,False,Low,mean + MoM% + contemporaneous,2026-09-15T05:03:03+00:00
LA_PLP_FX,Pulp,Latin America,USD/BRL exchange rate,2017-12-01,3.2919150000000004,20,0.9523809523809523,True,False,BRL per USD,mean,Daily,1,1,Daily,LA_PLP_FX,Banco Central do Brasil SGS,https://api.bcb.gov.br,False,False,Low,mean + MoM% + contemporaneous,2026-09-15T05:03:03+00:00
LA_PLP_FX,Pulp,Latin America,USD/BRL exchange rate,2018-01-01,3.2106090909090907,22,1.0,True,False,BRL per USD,mean,Daily,1,1,Daily,LA_PLP_FX,Banco Central do Brasil SGS,https://api.bcb.gov.br,False,False,Low,mean + MoM% + contemporaneous,2026-09-15T05:03:03+00:00
LA_PLP_FX,Pulp,Latin America,USD/BRL exchange rate,2018-02-01,3.2415000000000003,18,0.8571428571428571,True,False,BRL per USD,mean,Daily,1,1,Daily,LA_PLP_FX,Banco Central do Brasil SGS,https://api.bcb.gov.br,False,False,Low,mean + MoM% + contemporaneous,2026-09-15T05:03:03+00:00
LA_PLP_FX,Pulp,Latin America,USD/BRL exchange rate,2018-03-01,3.2792142857142856,21,1.0,True,False,BRL per USD,mean,Daily,1,1,Daily,LA_PLP_FX,Banco Central do Brasil SGS,https://api.bcb.gov.br,False,False,Low,mean + MoM% + contemporaneous,2026-09-15T05:03:03+00:00
LA_PLP_FX,Pulp,Latin America,USD/BRL exchange rate,2018-04-01,3.407495238095238,21,1.0,True,False,BRL per USD,mean,Daily,1,1,Daily,LA_PLP_FX,Banco Central do Brasil SGS,https://api.bcb.gov.br,False,False,Low,mean + MoM% + contemporaneous,2026-09-15T05:03:03+00:00
LA_PLP_FX,Pulp,Latin America,USD/BRL exchange rate,2018-05-01,3.636057142857143,21,1.0,True,False,BRL per USD,mean,Daily,1,1,Daily,LA_PLP_FX,Banco Central do Brasil SGS,https://api.bcb.gov.br,False,False,Low,mean + MoM% + contemporaneous,2026-09-15T05:03:03+00:00
LA_PLP_FX,Pulp,Latin America,USD/BRL exchange rate,2018-06-01,3.773171428571428,21,1.0,True,False,BRL per USD,mean,Daily,1,1,Daily,LA_PLP_FX,Banco Central do Brasil SGS,https://api.bcb.gov.br,False,False,Low,mean + MoM% + contemporaneous,2026-09-15T05:03:03+00:00
LA_PLP_FX,Pulp,Latin America,USD/BRL exchange rate,2018-07-01,3.8287636363636364,22,1.0,True,False,BRL per USD,mean,Daily,1,1,Daily,LA_PLP_FX,Banco Central do Brasil SGS,https://api.bcb.gov.br,False,False,Low,mean + MoM% + contemporaneous,2026-09-15T05:03:03+00:00
LA_PLP_FX,Pulp,Latin America,USD/BRL exchange rate,2018-08-01,3.9297565217391304,23,1.0,True,False,BRL per USD,mean,Daily,1,1,Daily,LA_PLP_FX,Banco Central do Brasil SGS,https://api.bcb.gov.br,False,False,Low,mean + MoM% + contemporaneous,2026-09-15T05:03:03+00:00
LA_PLP_FX,Pulp,Latin America,USD/BRL exchange rate,2018-09-01,4.1165473684210525,19,0.9047619047619048,True,False,BRL per USD,mean,Daily,1,1,Daily,LA_PLP_FX,Banco Central do Brasil SGS,https://api.bcb.gov.br,False,False,Low,mean + MoM% + contemporaneous,2026-09-15T05:03:03+00:00
LA_PLP_FX,Pulp,Latin America,USD/BRL exchange rate,2018-10-01,3.758409090909091,22,1.0,True,False,BRL per USD,mean,Daily,1,1,Daily,LA_PLP_FX,Banco Central do Brasil SGS,https://api.bcb.gov.br,False,False,Low,mean + MoM% + contemporaneous,2026-09-15T05:03:03+00:00
LA_PLP_FX,Pulp,Latin America,USD/BRL exchange rate,2018-11-01,3.786665,20,0.9523809523809523,True,False,BRL per USD,mean,Daily,1,1,Daily,LA_PLP_FX,Banco Central do Brasil SGS,https://api.bcb.gov.br,False,False,Low,mean + MoM% + contemporaneous,2026-09-15T05:03:03+00:00
LA_PLP_FX,Pulp,Latin America,USD/BRL exchange rate,2018-12-01,3.885055,20,0.9523809523809523,True,False,BRL per USD,mean,Daily,1,1,Daily,LA_PLP_FX,Banco Central do Brasil SGS,https://api.bcb.gov.br,False,False,Low,mean + MoM% + contemporaneous,2026-09-15T05:03:03+00:00
LA_PLP_FX,Pulp,Latin America,USD/BRL exchange rate,2019-01-01,3.7416818181818186,22,1.0,True,False,BRL per USD,mean,Daily,1,1,Daily,LA_PLP_FX,Banco Central do Brasil SGS,https://api.bcb.gov.br,False,False,Low,mean + MoM% + contemporaneous,2026-09-15T05:03:03+00:00
LA_PLP_FX,Pulp,Latin America,USD/BRL exchange rate,2019-02-01,3.7236249999999997,20,0.9523809523809523,True,False,BRL per USD,mean,Daily,1,1,Daily,LA_PLP_FX,Banco Central do Brasil SGS,https://api.bcb.gov.br,False,False,Low,mean + MoM% + contemporaneous,2026-09-15T05:03:03+00:00
LA_PLP_FX,Pulp,Latin America,USD/BRL exchange rate,2019-03-01,3.846484210526316,19,0.9047619047619048,True,False,BRL per USD,mean,Daily,1,1,Daily,LA_PLP_FX,Banco Central do Brasil SGS,https://api.bcb.gov.br,False,False,Low,mean + MoM% + contemporaneous,2026-09-15T05:03:03+00:00
LA_PLP_FX,Pulp,Latin America,USD/BRL exchange rate,2019-04-01,3.8961571428571427,21,1.0,True,False,BRL per USD,mean,Daily,1,1,Daily,LA_PLP_FX,Banco Central do Brasil SGS,https://api.bcb.gov.br,False,False,Low,mean + MoM% + contemporaneous,2026-09-15T05:03:03+00:00
LA_PLP_FX,Pulp,Latin America,USD/BRL exchange rate,2019-05-01,4.001518181818182,22,1.0,True,False,BRL per USD,mean,Daily,1,1,Daily,LA_PLP_FX,Banco Central do Brasil SGS,https://api.bcb.gov.br,False,False,Low,mean + MoM% + contemporaneous,2026-09-15T05:03:03+00:00
LA_PLP_FX,Pulp,Latin America,USD/BRL exchange rate,2019-06-01,3.8588263157894738,19,0.9047619047619048,True,False,BRL per USD,mean,Daily,1,1,Daily,LA_PLP_FX,Banco Central do Brasil SGS,https://api.bcb.gov.br,False,False,Low,mean + MoM% + contemporaneous,2026-09-15T05:03:03+00:00
LA_PLP_FX,Pulp,Latin America,USD/BRL exchange rate,2019-07-01,3.7793391304347828,23,1.0,True,False,BRL per USD,mean,Daily,1,1,Daily,LA_PLP_FX,Banco Central do Brasil SGS,https://api.bcb.gov.br,False,False,Low,mean + MoM% + contemporaneous,2026-09-15T05:03:03+00:00
LA_PLP_FX,Pulp,Latin America,USD/BRL exchange rate,2019-08-01,4.019981818181818,22,1.0,True,False,BRL per USD,mean,Daily,1,1,Daily,LA_PLP_FX,Banco Central do Brasil SGS,https://api.bcb.gov.br,False,False,Low,mean + MoM% + contemporaneous,2026-09-15T05:03:03+00:00
LA_PLP_FX,Pulp,Latin America,USD/BRL exchange rate,2019-09-01,4.1215,21,1.0,True,False,BRL per USD,mean,Daily,1,1,Daily,LA_PLP_FX,Banco Central do Brasil SGS,https://api.bcb.gov.br,False,False,Low,mean + MoM% + contemporaneous,2026-09-15T05:03:03+00:00
LA_PLP_FX,Pulp,Latin America,USD/BRL exchange rate,2019-10-01,4.086986956521739,23,1.0,True,False,BRL per USD,mean,Daily,1,1,Daily,LA_PLP_FX,Banco Central do Brasil SGS,https://api.bcb.gov.br,False,False,Low,mean + MoM% + contemporaneous,2026-09-15T05:03:03+00:00
LA_PLP_FX,Pulp,Latin America,USD/BRL exchange rate,2019-11-01,4.155345,20,0.9523809523809523,True,False,BRL per USD,mean,Daily,1,1,Daily,LA_PLP_FX,Banco Central do Brasil SGS,https://api.bcb.gov.br,False,False,Low,mean + MoM% + contemporaneous,2026-09-15T05:03:03+00:00
LA_PLP_FX,Pulp,Latin America,USD/BRL exchange rate,2019-12-01,4.109590476190476,21,1.0,True,False,BRL per USD,mean,Daily,1,1,Daily,LA_PLP_FX,Banco Central do Brasil SGS,https://api.bcb.gov.br,False,False,Low,mean + MoM% + contemporaneous,2026-09-15T05:03:03+00:00
LA_PLP_FX,Pulp,Latin America,USD/BRL exchange rate,2020-01-01,4.149463636363636,22,1.0,True,False,BRL per USD,mean,Daily,1,1,Daily,LA_PLP_FX,Banco Central do Brasil SGS,https://api.bcb.gov.br,False,False,Low,mean + MoM% + contemporaneous,2026-09-15T05:03:03+00:00
LA_PLP_FX,Pulp,Latin America,USD/BRL exchange rate,2020-02-01,4.341011111111111,18,0.8571428571428571,True,False,BRL per USD,mean,Daily,1,1,Daily,LA_PLP_FX,Banco Central do Brasil SGS,https://api.bcb.gov.br,False,False,Low,mean + MoM% + contemporaneous,2026-09-15T05:03:03+00:00
LA_PLP_FX,Pulp,Latin America,USD/BRL exchange rate,2020-03-01,4.883854545454546,22,1.0,True,False,BRL per USD,mean,Daily,1,1,Daily,LA_PLP_FX,Banco Central do Brasil SGS,https://api.bcb.gov.br,False,False,Low,mean + MoM% + contemporaneous,2026-09-15T05:03:03+00:00
LA_PLP_FX,Pulp,Latin America,USD/BRL exchange rate,2020-04-01,5.32558,20,0.9523809523809523,True,False,BRL per USD,mean,Daily,1,1,Daily,LA_PLP_FX,Banco Central do Brasil SGS,https://api.bcb.gov.br,False,False,Low,mean + MoM% + contemporaneous,2026-09-15T05:03:03+00:00
LA_PLP_FX,Pulp,Latin America,USD/BRL exchange rate,2020-05-01,5.643445,20,0.9523809523809523,True,False,BRL per USD,mean,Daily,1,1,Daily,LA_PLP_FX,Banco Central do Brasil SGS,https://api.bcb.gov.br,False,False,Low,mean + MoM% + contemporaneous,2026-09-15T05:03:03+00:00
LA_PLP_FX,Pulp,Latin America,USD/BRL exchange rate,2020-06-01,5.1966,21,1.0,True,False,BRL per USD,mean,Daily,1,1,Daily,LA_PLP_FX,Banco Central do Brasil SGS,https://api.bcb.gov.br,False,False,Low,mean + MoM% + contemporaneous,2026-09-15T05:03:03+00:00
LA_PLP_FX,Pulp,Latin America,USD/BRL exchange rate,2020-07-01,5.280191304347826,23,1.0,True,False,BRL per USD,mean,Daily,1,1,Daily,LA_PLP_FX,Banco Central do Brasil SGS,https://api.bcb.gov.br,False,False,Low,mean + MoM% + contemporaneous,2026-09-15T05:03:03+00:00
LA_PLP_FX,Pulp,Latin America,USD/BRL exchange rate,2020-08-01,5.461233333333333,21,1.0,True,False,BRL per USD,mean,Daily,1,1,Daily,LA_PLP_FX,Banco Central do Brasil SGS,https://api.bcb.gov.br,False,False,Low,mean + MoM% + contemporaneous,2026-09-15T05:03:03+00:00
LA_PLP_FX,Pulp,Latin America,USD/BRL exchange rate,2020-09-01,5.399485714285714,21,1.0,True,False,BRL per USD,mean,Daily,1,1,Daily,LA_PLP_FX,Banco Central do Brasil SGS,https://api.bcb.gov.br,False,False,Low,mean + MoM% + contemporaneous,2026-09-15T05:03:03+00:00
LA_PLP_FX,Pulp,Latin America,USD/BRL exchange rate,2020-10-01,5.625790476190476,21,1.0,True,False,BRL per USD,mean,Daily,1,1,Daily,LA_PLP_FX,Banco Central do Brasil SGS,https://api.bcb.gov.br,False,False,Low,mean + MoM% + contemporaneous,2026-09-15T05:03:03+00:00
LA_PLP_FX,Pulp,Latin America,USD/BRL exchange rate,2020-11-01,5.417835,20,0.9523809523809523,True,False,BRL per USD,mean,Daily,1,1,Daily,LA_PLP_FX,Banco Central do Brasil SGS,https://api.bcb.gov.br,False,False,Low,mean + MoM% + contemporaneous,2026-09-15T05:03:03+00:00
LA_PLP_FX,Pulp,Latin America,USD/BRL exchange rate,2020-12-01,5.1455863636363635,22,1.0,True,False,BRL per USD,mean,Daily,1,1,Daily,LA_PLP_FX,Banco Central do Brasil SGS,https://api.bcb.gov.br,False,False,Low,mean + MoM% + contemporaneous,2026-09-15T05:03:03+00:00
LA_PLP_FX,Pulp,Latin America,USD/BRL exchange rate,2021-01-01,5.3562449999999995,20,0.9523809523809523,True,False,BRL per USD,mean,Daily,1,1,Daily,LA_PLP_FX,Banco Central do Brasil SGS,https://api.bcb.gov.br,False,False,Low,mean + MoM% + contemporaneous,2026-09-15T05:03:03+00:00
LA_PLP_FX,Pulp,Latin America,USD/BRL exchange rate,2021-02-01,5.416494444444444,18,0.8571428571428571,True,False,BRL per USD,mean,Daily,1,1,Daily,LA_PLP_FX,Banco Central do Brasil SGS,https://api.bcb.gov.br,False,False,Low,mean + MoM% + contemporaneous,2026-09-15T05:03:03+00:00
LA_PLP_FX,Pulp,Latin America,USD/BRL exchange rate,2021-03-01,5.646147826086957,23,1.0,True,False,BRL per USD,mean,Daily,1,1,Daily,LA_PLP_FX,Banco Central do Brasil SGS,https://api.bcb.gov.br,False,False,Low,mean + MoM% + contemporaneous,2026-09-15T05:03:03+00:00
LA_PLP_FX,Pulp,Latin America,USD/BRL exchange rate,2021-04-01,5.562135,20,0.9523809523809523,True,False,BRL per USD,mean,Daily,1,1,Daily,LA_PLP_FX,Banco Central do Brasil SGS,https://api.bcb.gov.br,False,False,Low,mean + MoM% + contemporaneous,2026-09-15T05:03:03+00:00
LA_PLP_FX,Pulp,Latin America,USD/BRL exchange rate,2021-05-01,5.291057142857143,21,1.0,True,False,BRL per USD,mean,Daily,1,1,Daily,LA_PLP_FX,Banco Central do Brasil SGS,https://api.bcb.gov.br,False,False,Low,mean + MoM% + contemporaneous,2026-09-15T05:03:03+00:00
LA_PLP_FX,Pulp,Latin America,USD/BRL exchange rate,2021-06-01,5.031904761904762,21,1.0,True,False,BRL per USD,mean,Daily,1,1,Daily,LA_PLP_FX,Banco Central do Brasil SGS,https://api.bcb.gov.br,False,False,Low,mean + MoM% + contemporaneous,2026-09-15T05:03:03+00:00
LA_PLP_FX,Pulp,Latin America,USD/BRL exchange rate,2021-07-01,5.156704545454546,22,1.0,True,False,BRL per USD,mean,Daily,1,1,Daily,LA_PLP_FX,Banco Central do Brasil SGS,https://api.bcb.gov.br,False,False,Low,mean + MoM% + contemporaneous,2026-09-15T05:03:03+00:00
LA_PLP_FX,Pulp,Latin America,USD/BRL exchange rate,2021-08-01,5.251718181818182,22,1.0,True,False,BRL per USD,mean,Daily,1,1,Daily,LA_PLP_FX,Banco Central do Brasil SGS,https://api.bcb.gov.br,False,False,Low,mean + MoM% + contemporaneous,2026-09-15T05:03:03+00:00
LA_PLP_FX,Pulp,Latin America,USD/BRL exchange rate,2021-09-01,5.279690476190477,21,1.0,True,False,BRL per USD,mean,Daily,1,1,Daily,LA_PLP_FX,Banco Central do Brasil SGS,https://api.bcb.gov.br,False,False,Low,mean + MoM% + contemporaneous,2026-09-15T05:03:03+00:00
LA_PLP_FX,Pulp,Latin America,USD/BRL exchange rate,2021-10-01,5.53998,20,0.9523809523809523,True,False,BRL per USD,mean,Daily,1,1,Daily,LA_PLP_FX,Banco Central do Brasil SGS,https://api.bcb.gov.br,False,False,Low,mean + MoM% + contemporaneous,2026-09-15T05:03:03+00:00
LA_PLP_FX,Pulp,Latin America,USD/BRL exchange rate,2021-11-01,5.5568599999999995,20,0.9523809523809523,True,False,BRL per USD,mean,Daily,1,1,Daily,LA_PLP_FX,Banco Central do Brasil SGS,https://api.bcb.gov.br,False,False,Low,mean + MoM% + contemporaneous,2026-09-15T05:03:03+00:00
LA_PLP_FX,Pulp,Latin America,USD/BRL exchange rate,2021-12-01,5.651391304347826,23,1.0,True,False,BRL per USD,mean,Daily,1,1,Daily,LA_PLP_FX,Banco Central do Brasil SGS,https://api.bcb.gov.br,False,False,Low,mean + MoM% + contemporaneous,2026-09-15T05:03:03+00:00
LA_PLP_FX,Pulp,Latin America,USD/BRL exchange rate,2022-01-01,5.534104761904762,21,1.0,True,False,BRL per USD,mean,Daily,1,1,Daily,LA_PLP_FX,Banco Central do Brasil SGS,https://api.bcb.gov.br,False,False,Low,mean + MoM% + contemporaneous,2026-09-15T05:03:03+00:00
LA_PLP_FX,Pulp,Latin America,USD/BRL exchange rate,2022-02-01,5.196578947368421,19,0.9047619047619048,True,False,BRL per USD,mean,Daily,1,1,Daily,LA_PLP_FX,Banco Central do Brasil SGS,https://api.bcb.gov.br,False,False,Low,mean + MoM% + contemporaneous,2026-09-15T05:03:03+00:00
LA_PLP_FX,Pulp,Latin America,USD/BRL exchange rate,2022-03-01,4.968381818181818,22,1.0,True,False,BRL per USD,mean,Daily,1,1,Daily,LA_PLP_FX,Banco Central do Brasil SGS,https://api.bcb.gov.br,False,False,Low,mean + MoM% + contemporaneous,2026-09-15T05:03:03+00:00
LA_PLP_FX,Pulp,Latin America,USD/BRL exchange rate,2022-04-01,4.758015789473684,19,0.9047619047619048,True,False,BRL per USD,mean,Daily,1,1,Daily,LA_PLP_FX,Banco Central do Brasil SGS,https://api.bcb.gov.br,False,False,Low,mean + MoM% + contemporaneous,2026-09-15T05:03:03+00:00
LA_PLP_FX,Pulp,Latin America,USD/BRL exchange rate,2022-05-01,4.95505,22,1.0,True,False,BRL per USD,mean,Daily,1,1,Daily,LA_PLP_FX,Banco Central do Brasil SGS,https://api.bcb.gov.br,False,False,Low,mean + MoM% + contemporaneous,2026-09-15T05:03:03+00:00
LA_PLP_FX,Pulp,Latin America,USD/BRL exchange rate,2022-06-01,5.049209523809524,21,1.0,True,False,BRL per USD,mean,Daily,1,1,Daily,LA_PLP_FX,Banco Central do Brasil SGS,https://api.bcb.gov.br,False,False,Low,mean + MoM% + contemporaneous,2026-09-15T05:03:03+00:00
LA_PLP_FX,Pulp,Latin America,USD/BRL exchange rate,2022-07-01,5.368071428571429,21,1.0,True,False,BRL per USD,mean,Daily,1,1,Daily,LA_PLP_FX,Banco Central do Brasil SGS,https://api.bcb.gov.br,False,False,Low,mean + MoM% + contemporaneous,2026-09-15T05:03:03+00:00
LA_PLP_FX,Pulp,Latin America,USD/BRL exchange rate,2022-08-01,5.143286956521739,23,1.0,True,False,BRL per USD,mean,Daily,1,1,Daily,LA_PLP_FX,Banco Central do Brasil SGS,https://api.bcb.gov.br,False,False,Low,mean + MoM% + contemporaneous,2026-09-15T05:03:03+00:00
LA_PLP_FX,Pulp,Latin America,USD/BRL exchange rate,2022-09-01,5.236957142857143,21,1.0,True,False,BRL per USD,mean,Daily,1,1,Daily,LA_PLP_FX,Banco Central do Brasil SGS,https://api.bcb.gov.br,False,False,Low,mean + MoM% + contemporaneous,2026-09-15T05:03:03+00:00
LA_PLP_FX,Pulp,Latin America,USD/BRL exchange rate,2022-10-01,5.2503,20,0.9523809523809523,True,False,BRL per USD,mean,Daily,1,1,Daily,LA_PLP_FX,Banco Central do Brasil SGS,https://api.bcb.gov.br,False,False,Low,mean + MoM% + contemporaneous,2026-09-15T05:03:03+00:00
LA_PLP_FX,Pulp,Latin America,USD/BRL exchange rate,2022-11-01,5.274649999999999,20,0.9523809523809523,True,False,BRL per USD,mean,Daily,1,1,Daily,LA_PLP_FX,Banco Central do Brasil SGS,https://api.bcb.gov.br,False,False,Low,mean + MoM% + contemporaneous,2026-09-15T05:03:03+00:00
LA_PLP_FX,Pulp,Latin America,USD/BRL exchange rate,2022-12-01,5.242431818181818,22,1.0,True,False,BRL per USD,mean,Daily,1,1,Daily,LA_PLP_FX,Banco Central do Brasil SGS,https://api.bcb.gov.br,False,False,Low,mean + MoM% + contemporaneous,2026-09-15T05:03:03+00:00
LA_PLP_FX,Pulp,Latin America,USD/BRL exchange rate,2023-01-01,5.200681818181819,22,1.0,True,False,BRL per USD,mean,Daily,1,1,Daily,LA_PLP_FX,Banco Central do Brasil SGS,https://api.bcb.gov.br,False,False,Low,mean + MoM% + contemporaneous,2026-09-15T05:03:03+00:00
LA_PLP_FX,Pulp,Latin America,USD/BRL exchange rate,2023-02-01,5.171688888888889,18,0.8571428571428571,True,False,BRL per USD,mean,Daily,1,1,Daily,LA_PLP_FX,Banco Central do Brasil SGS,https://api.bcb.gov.br,False,False,Low,mean + MoM% + contemporaneous,2026-09-15T05:03:03+00:00
LA_PLP_FX,Pulp,Latin America,USD/BRL exchange rate,2023-03-01,5.211460869565218,23,1.0,True,False,BRL per USD,mean,Daily,1,1,Daily,LA_PLP_FX,Banco Central do Brasil SGS,https://api.bcb.gov.br,False,False,Low,mean + MoM% + contemporaneous,2026-09-15T05:03:03+00:00
LA_PLP_FX,Pulp,Latin America,USD/BRL exchange rate,2023-04-01,5.019733333333333,18,0.8571428571428571,True,False,BRL per USD,mean,Daily,1,1,Daily,LA_PLP_FX,Banco Central do Brasil SGS,https://api.bcb.gov.br,False,False,Low,mean + MoM% + contemporaneous,2026-09-15T05:03:03+00:00
LA_PLP_FX,Pulp,Latin America,USD/BRL exchange rate,2023-05-01,4.9828363636363635,22,1.0,True,False,BRL per USD,mean,Daily,1,1,Daily,LA_PLP_FX,Banco Central do Brasil SGS,https://api.bcb.gov.br,False,False,Low,mean + MoM% + contemporaneous,2026-09-15T05:03:03+00:00
LA_PLP_FX,Pulp,Latin America,USD/BRL exchange rate,2023-06-01,4.851566666666667,21,1.0,True,False,BRL per USD,mean,Daily,1,1,Daily,LA_PLP_FX,Banco Central do Brasil SGS,https://api.bcb.gov.br,False,False,Low,mean + MoM% + contemporaneous,2026-09-15T05:03:03+00:00
LA_PLP_FX,Pulp,Latin America,USD/BRL exchange rate,2023-07-01,4.800833333333333,21,1.0,True,False,BRL per USD,mean,Daily,1,1,Daily,LA_PLP_FX,Banco Central do Brasil SGS,https://api.bcb.gov.br,False,False,Low,mean + MoM% + contemporaneous,2026-09-15T05:03:03+00:00
LA_PLP_FX,Pulp,Latin America,USD/BRL exchange rate,2023-08-01,4.903543478260869,23,1.0,True,False,BRL per USD,mean,Daily,1,1,Daily,LA_PLP_FX,Banco Central do Brasil SGS,https://api.bcb.gov.br,False,False,Low,mean + MoM% + contemporaneous,2026-09-15T05:03:03+00:00
LA_PLP_FX,Pulp,Latin America,USD/BRL exchange rate,2023-09-01,4.93699,20,0.9523809523809523,True,False,BRL per USD,mean,Daily,1,1,Daily,LA_PLP_FX,Banco Central do Brasil SGS,https://api.bcb.gov.br,False,False,Low,mean + MoM% + contemporaneous,2026-09-15T05:03:03+00:00
LA_PLP_FX,Pulp,Latin America,USD/BRL exchange rate,2023-10-01,5.064842857142857,21,1.0,True,False,BRL per USD,mean,Daily,1,1,Daily,LA_PLP_FX,Banco Central do Brasil SGS,https://api.bcb.gov.br,False,False,Low,mean + MoM% + contemporaneous,2026-09-15T05:03:03+00:00
LA_PLP_FX,Pulp,Latin America,USD/BRL exchange rate,2023-11-01,4.89834,20,0.9523809523809523,True,False,BRL per USD,mean,Daily,1,1,Daily,LA_PLP_FX,Banco Central do Brasil SGS,https://api.bcb.gov.br,False,False,Low,mean + MoM% + contemporaneous,2026-09-15T05:03:03+00:00
LA_PLP_FX,Pulp,Latin America,USD/BRL exchange rate,2023-12-01,4.897245,20,0.9523809523809523,True,False,BRL per USD,mean,Daily,1,1,Daily,LA_PLP_FX,Banco Central do Brasil SGS,https://api.bcb.gov.br,False,False,Low,mean + MoM% + contemporaneous,2026-09-15T05:03:03+00:00
LA_PLP_FX,Pulp,Latin America,USD/BRL exchange rate,2024-01-01,4.9143954545454545,22,1.0,True,False,BRL per USD,mean,Daily,1,1,Daily,LA_PLP_FX,Banco Central do Brasil SGS,https://api.bcb.gov.br,False,False,Low,mean + MoM% + contemporaneous,2026-09-15T05:03:03+00:00
LA_PLP_FX,Pulp,Latin America,USD/BRL exchange rate,2024-02-01,4.964389473684211,19,0.9047619047619048,True,False,BRL per USD,mean,Daily,1,1,Daily,LA_PLP_FX,Banco Central do Brasil SGS,https://api.bcb.gov.br,False,False,Low,mean + MoM% + contemporaneous,2026-09-15T05:03:03+00:00
LA_PLP_FX,Pulp,Latin America,USD/BRL exchange rate,2024-03-01,4.980135,20,0.9523809523809523,True,False,BRL per USD,mean,Daily,1,1,Daily,LA_PLP_FX,Banco Central do Brasil SGS,https://api.bcb.gov.br,False,False,Low,mean + MoM% + contemporaneous,2026-09-15T05:03:03+00:00
LA_PLP_FX,Pulp,Latin America,USD/BRL exchange rate,2024-04-01,5.129095454545455,22,1.0,True,False,BRL per USD,mean,Daily,1,1,Daily,LA_PLP_FX,Banco Central do Brasil SGS,https://api.bcb.gov.br,False,False,Low,mean + MoM% + contemporaneous,2026-09-15T05:03:03+00:00
LA_PLP_FX,Pulp,Latin America,USD/BRL exchange rate,2024-05-01,5.133047619047619,21,1.0,True,False,BRL per USD,mean,Daily,1,1,Daily,LA_PLP_FX,Banco Central do Brasil SGS,https://api.bcb.gov.br,False,False,Low,mean + MoM% + contemporaneous,2026-09-15T05:03:03+00:00
LA_PLP_FX,Pulp,Latin America,USD/BRL exchange rate,2024-06-01,5.388975,20,0.9523809523809523,True,False,BRL per USD,mean,Daily,1,1,Daily,LA_PLP_FX,Banco Central do Brasil SGS,https://api.bcb.gov.br,False,False,Low,mean + MoM% + contemporaneous,2026-09-15T05:03:03+00:00
LA_PLP_FX,Pulp,Latin America,USD/BRL exchange rate,2024-07-01,5.542047826086956,23,1.0,True,False,BRL per USD,mean,Daily,1,1,Daily,LA_PLP_FX,Banco Central do Brasil SGS,https://api.bcb.gov.br,False,False,Low,mean + MoM% + contemporaneous,2026-09-15T05:03:03+00:00
LA_PLP_FX,Pulp,Latin America,USD/BRL exchange rate,2024-08-01,5.5526136363636365,22,1.0,True,False,BRL per USD,mean,Daily,1,1,Daily,LA_PLP_FX,Banco Central do Brasil SGS,https://api.bcb.gov.br,False,False,Low,mean + MoM% + contemporaneous,2026-09-15T05:03:03+00:00
LA_PLP_FX,Pulp,Latin America,USD/BRL exchange rate,2024-09-01,5.541566666666666,21,1.0,True,False,BRL per USD,mean,Daily,1,1,Daily,LA_PLP_FX,Banco Central do Brasil SGS,https://api.bcb.gov.br,False,False,Low,mean + MoM% + contemporaneous,2026-09-15T05:03:03+00:00
LA_PLP_FX,Pulp,Latin America,USD/BRL exchange rate,2024-10-01,5.624108695652174,23,1.0,True,False,BRL per USD,mean,Daily,1,1,Daily,LA_PLP_FX,Banco Central do Brasil SGS,https://api.bcb.gov.br,False,False,Low,mean + MoM% + contemporaneous,2026-09-15T05:03:03+00:00
LA_PLP_FX,Pulp,Latin America,USD/BRL exchange rate,2024-11-01,5.807057894736842,19,0.9047619047619048,True,False,BRL per USD,mean,Daily,1,1,Daily,LA_PLP_FX,Banco Central do Brasil SGS,https://api.bcb.gov.br,False,False,Low,mean + MoM% + contemporaneous,2026-09-15T05:03:03+00:00
LA_PLP_FX,Pulp,Latin America,USD/BRL exchange rate,2024-12-01,6.097028571428571,21,1.0,True,False,BRL per USD,mean,Daily,1,1,Daily,LA_PLP_FX,Banco Central do Brasil SGS,https://api.bcb.gov.br,False,False,Low,mean + MoM% + contemporaneous,2026-09-15T05:03:03+00:00
LA_PLP_FX,Pulp,Latin America,USD/BRL exchange rate,2025-01-01,6.021772727272727,22,1.0,True,False,BRL per USD,mean,Daily,1,1,Daily,LA_PLP_FX,Banco Central do Brasil SGS,https://api.bcb.gov.br,False,False,Low,mean + MoM% + contemporaneous,2026-09-15T05:03:03+00:00
LA_PLP_FX,Pulp,Latin America,USD/BRL exchange rate,2025-02-01,5.765645,20,0.9523809523809523,True,False,BRL per USD,mean,Daily,1,1,Daily,LA_PLP_FX,Banco Central do Brasil SGS,https://api.bcb.gov.br,False,False,Low,mean + MoM% + contemporaneous,2026-09-15T05:03:03+00:00
LA_PLP_FX,Pulp,Latin America,USD/BRL exchange rate,2025-03-01,5.74681052631579,19,0.9047619047619048,True,False,BRL per USD,mean,Daily,1,1,Daily,LA_PLP_FX,Banco Central do Brasil SGS,https://api.bcb.gov.br,False,False,Low,mean + MoM% + contemporaneous,2026-09-15T05:03:03+00:00
LA_PLP_FX,Pulp,Latin America,USD/BRL exchange rate,2025-04-01,5.783675000000001,20,0.9523809523809523,True,False,BRL per USD,mean,Daily,1,1,Daily,LA_PLP_FX,Banco Central do Brasil SGS,https://api.bcb.gov.br,False,False,Low,mean + MoM% + contemporaneous,2026-09-15T05:03:03+00:00
LA_PLP_FX,Pulp,Latin America,USD/BRL exchange rate,2025-05-01,5.6673857142857145,21,1.0,True,False,BRL per USD,mean,Daily,1,1,Daily,LA_PLP_FX,Banco Central do Brasil SGS,https://api.bcb.gov.br,False,False,Low,mean + MoM% + contemporaneous,2026-09-15T05:03:03+00:00
LA_PLP_FX,Pulp,Latin America,USD/BRL exchange rate,2025-06-01,5.547055,20,0.9523809523809523,True,False,BRL per USD,mean,Daily,1,1,Daily,LA_PLP_FX,Banco Central do Brasil SGS,https://api.bcb.gov.br,False,False,Low,mean + MoM% + contemporaneous,2026-09-15T05:03:03+00:00
LA_PLP_FX,Pulp,Latin America,USD/BRL exchange rate,2025-07-01,5.528491304347826,23,1.0,True,False,BRL per USD,mean,Daily,1,1,Daily,LA_PLP_FX,Banco Central do Brasil SGS,https://api.bcb.gov.br,False,False,Low,mean + MoM% + contemporaneous,2026-09-15T05:03:03+00:00
LA_PLP_FX,Pulp,Latin America,USD/BRL exchange rate,2025-08-01,5.44692380952381,21,1.0,True,False,BRL per USD,mean,Daily,1,1,Daily,LA_PLP_FX,Banco Central do Brasil SGS,https://api.bcb.gov.br,False,False,Low,mean + MoM% + contemporaneous,2026-09-15T05:03:03+00:00
LA_PLP_FX,Pulp,Latin America,USD/BRL exchange rate,2025-09-01,5.367409090909091,22,1.0,True,False,BRL per USD,mean,Daily,1,1,Daily,LA_PLP_FX,Banco Central do Brasil SGS,https://api.bcb.gov.br,False,False,Low,mean + MoM% + contemporaneous,2026-09-15T05:03:03+00:00
LA_PLP_FX,Pulp,Latin America,USD/BRL exchange rate,2025-10-01,5.385526086956522,23,1.0,True,False,BRL per USD,mean,Daily,1,1,Daily,LA_PLP_FX,Banco Central do Brasil SGS,https://api.bcb.gov.br,False,False,Low,mean + MoM% + contemporaneous,2026-09-15T05:03:03+00:00
LA_PLP_FX,Pulp,Latin America,USD/BRL exchange rate,2025-11-01,5.340852631578947,19,0.9047619047619048,True,False,BRL per USD,mean,Daily,1,1,Daily,LA_PLP_FX,Banco Central do Brasil SGS,https://api.bcb.gov.br,False,False,Low,mean + MoM% + contemporaneous,2026-09-15T05:03:03+00:00
LA_PLP_FX,Pulp,Latin America,USD/BRL exchange rate,2025-12-01,5.45309090909091,22,1.0,True,False,BRL per USD,mean,Daily,1,1,Daily,LA_PLP_FX,Banco Central do Brasil SGS,https://api.bcb.gov.br,False,False,Low,mean + MoM% + contemporaneous,2026-09-15T05:03:03+00:00
LA_PLP_FX,Pulp,Latin America,USD/BRL exchange rate,2026-01-01,5.3380238095238095,21,1.0,True,False,BRL per USD,mean,Daily,1,1,Daily,LA_PLP_FX,Banco Central do Brasil SGS,https://api.bcb.gov.br,False,False,Low,mean + MoM% + contemporaneous,2026-09-15T05:03:03+00:00
LA_PLP_FX,Pulp,Latin America,USD/BRL exchange rate,2026-02-01,5.200616666666666,18,0.8571428571428571,True,False,BRL per USD,mean,Daily,1,1,Daily,LA_PLP_FX,Banco Central do Brasil SGS,https://api.bcb.gov.br,False,False,Low,mean + MoM% + contemporaneous,2026-09-15T05:03:03+00:00
LA_PLP_FX,Pulp,Latin America,USD/BRL exchange rate,2026-03-01,5.231586363636364,22,1.0,True,False,BRL per USD,mean,Daily,1,1,Daily,LA_PLP_FX,Banco Central do Brasil SGS,https://api.bcb.gov.br,False,False,Low,mean + MoM% + contemporaneous,2026-09-15T05:03:03+00:00
LA_PLP_FX,Pulp,Latin America,USD/BRL exchange rate,2026-04-01,5.033075,20,0.9523809523809523,True,False,BRL per USD,mean,Daily,1,1,Daily,LA_PLP_FX,Banco Central do Brasil SGS,https://api.bcb.gov.br,False,False,Low,mean + MoM% + contemporaneous,2026-09-15T05:03:03+00:00
LA_PLP_FX,Pulp,Latin America,USD/BRL exchange rate,2026-05-01,4.983700000000001,20,0.9523809523809523,True,False,BRL per USD,mean,Daily,1,1,Daily,LA_PLP_FX,Banco Central do Brasil SGS,https://api.bcb.gov.br,False,False,Low,mean + MoM% + contemporaneous,2026-09-15T05:03:03+00:00
LA_PLP_FX,Pulp,Latin America,USD/BRL exchange rate,2026-06-01,5.127571428571429,21,1.0,True,False,BRL per USD,mean,Daily,1,1,Daily,LA_PLP_FX,Banco Central do Brasil SGS,https://api.bcb.gov.br,False,False,Low,mean + MoM% + contemporaneous,2026-09-15T05:03:03+00:00
LA_PLP_FX,Pulp,Latin America,USD/BRL exchange rate,2026-07-01,5.113947826086957,23,1.0,True,False,BRL per USD,mean,Daily,1,1,Daily,LA_PLP_FX,Banco Central do Brasil SGS,https://api.bcb.gov.br,False,False,Low,mean + MoM% + contemporaneous,2026-09-15T05:03:03+00:00
LA_PLP_FX,Pulp,Latin America,USD/BRL exchange rate,2026-08-01,5.153161904761905,21,1.0,True,False,BRL per USD,mean,Daily,1,1,Daily,LA_PLP_FX,Banco Central do Brasil SGS,https://api.bcb.gov.br,False,False,Low,mean + MoM% + contemporaneous,2026-09-15T05:03:03+00:00
LA_PLP_FX,Pulp,Latin America,USD/BRL exchange rate,2026-09-01,5.1184,9,0.42857142857142855,False,False,BRL per USD,mean,Daily,1,1,Daily,LA_PLP_FX,Banco Central do Brasil SGS,https://api.bcb.gov.br,False,False,Low,mean + MoM% + contemporaneous,2026-09-15T05:03:03+00:00
